algo,world_size,nbytes,alpha_ns,beta_ns_per_byte,jitter_q,jitter_k,jitter_seed,trial,iter,duration_ns,injected_ns,messages,ranks_observed,spread_ns
recursive,4,44695848,0.0,0.4,0.0,1.0,53,0,0,69033917,26817512,4,4,60375
recursive,4,44695848,0.0,0.4,0.0,1.0,53,0,1,67320834,26817512,4,4,1322834
recursive,4,44695848,0.0,0.4,0.0,1.0,53,0,2,63779959,26817512,4,4,1500334
recursive,4,44695848,0.0,0.4,0.0,1.0,53,0,3,58556333,26817512,4,4,2120667
recursive,4,44695848,0.0,0.4,0.0,1.0,53,0,4,63174583,26817512,4,4,1329583
recursive,4,44695848,0.0,0.4,0.0,1.0,53,0,5,73147708,26817512,4,4,2033624
recursive,4,44695848,0.0,0.4,0.0,1.0,53,0,6,59630292,26817512,4,4,1614584
recursive,4,44695848,0.0,0.4,0.0,1.0,53,0,7,60000667,26817512,4,4,893876
recursive,4,44695848,0.0,0.4,0.0,1.0,53,0,8,60611250,26817512,4,4,2097958
recursive,4,44695848,0.0,0.4,0.0,1.0,53,0,9,59127042,26817512,4,4,1170750
recursive,4,44695848,0.0,0.4,0.0,1.0,53,0,10,58438541,26817512,4,4,1639124
recursive,4,44695848,0.0,0.4,0.0,1.0,53,0,11,57293000,26817512,4,4,1367750
recursive,4,44695848,0.0,0.4,0.0,1.0,53,0,12,67960834,26817512,4,4,1693751
recursive,4,44695848,0.0,0.4,0.0,1.0,53,0,13,61702666,26817512,4,4,1586291
recursive,4,44695848,0.0,0.4,0.0,1.0,53,0,14,61343250,26817512,4,4,1484125
recursive,4,44695848,0.0,0.4,0.0,1.0,53,0,15,59618750,26817512,4,4,74666
recursive,4,44695848,0.0,0.4,0.0,1.0,53,0,16,59180709,26817512,4,4,1590167
recursive,4,44695848,0.0,0.4,0.0,1.0,53,0,17,69777167,26817512,4,4,1300792
recursive,4,44695848,0.0,0.4,0.0,1.0,53,0,18,56490500,26817512,4,4,207041
recursive,4,44695848,0.0,0.4,0.0,1.0,53,0,19,59850917,26817512,4,4,54584
recursive,4,44695848,0.0,0.05,0.0,1.0,53,0,0,39880000,3352188,4,4,1050333
recursive,4,44695848,0.0,0.05,0.0,1.0,53,0,1,39754250,3352188,4,4,1422625
recursive,4,44695848,0.0,0.05,0.0,1.0,53,0,2,37726458,3352188,4,4,1623499
recursive,4,44695848,0.0,0.05,0.0,1.0,53,0,3,42009625,3352188,4,4,892833
recursive,4,44695848,0.0,0.05,0.0,1.0,53,0,4,41388500,3352188,4,4,622209
recursive,4,44695848,0.0,0.05,0.0,1.0,53,0,5,37427416,3352188,4,4,589249
recursive,4,44695848,0.0,0.05,0.0,1.0,53,0,6,40566333,3352188,4,4,707666
recursive,4,44695848,0.0,0.05,0.0,1.0,53,0,7,39269334,3352188,4,4,2327209
recursive,4,44695848,0.0,0.05,0.0,1.0,53,0,8,39742625,3352188,4,4,155125
recursive,4,44695848,0.0,0.05,0.0,1.0,53,0,9,35339834,3352188,4,4,1607001
recursive,4,44695848,0.0,0.05,0.0,1.0,53,0,10,41895292,3352188,4,4,1442042
recursive,4,44695848,0.0,0.05,0.0,1.0,53,0,11,39209166,3352188,4,4,2370250
recursive,4,44695848,0.0,0.05,0.0,1.0,53,0,12,36881708,3352188,4,4,2425166
recursive,4,44695848,0.0,0.05,0.0,1.0,53,0,13,36818041,3352188,4,4,1735874
recursive,4,44695848,0.0,0.05,0.0,1.0,53,0,14,37208625,3352188,4,4,23375
recursive,4,44695848,0.0,0.05,0.0,1.0,53,0,15,38688958,3352188,4,4,2331958
recursive,4,44695848,0.0,0.05,0.0,1.0,53,0,16,37775750,3352188,4,4,1035792
recursive,4,44695848,0.0,0.05,0.0,1.0,53,0,17,41944417,3352188,4,4,999501
recursive,4,44695848,0.0,0.05,0.0,1.0,53,0,18,38133791,3352188,4,4,1215208
recursive,4,44695848,0.0,0.05,0.0,1.0,53,0,19,36487334,3352188,4,4,1254334
recursive_fresh,4,44695848,0.0,0.4,0.0,1.0,53,0,0,63952417,26817512,4,4,1748959
recursive_fresh,4,44695848,0.0,0.4,0.0,1.0,53,0,1,64503709,26817512,4,4,536834
recursive_fresh,4,44695848,0.0,0.4,0.0,1.0,53,0,2,62375875,26817512,4,4,1570625
recursive_fresh,4,44695848,0.0,0.4,0.0,1.0,53,0,3,58245458,26817512,4,4,2280499
recursive_fresh,4,44695848,0.0,0.4,0.0,1.0,53,0,4,61989083,26817512,4,4,1700333
recursive_fresh,4,44695848,0.0,0.4,0.0,1.0,53,0,5,62921791,26817512,4,4,1154707
recursive_fresh,4,44695848,0.0,0.4,0.0,1.0,53,0,6,66098208,26817512,4,4,1063625
recursive_fresh,4,44695848,0.0,0.4,0.0,1.0,53,0,7,60412084,26817512,4,4,1550959
recursive_fresh,4,44695848,0.0,0.4,0.0,1.0,53,0,8,57885084,26817512,4,4,1206459
recursive_fresh,4,44695848,0.0,0.4,0.0,1.0,53,0,9,65138125,26817512,4,4,1337791
recursive_fresh,4,44695848,0.0,0.4,0.0,1.0,53,0,10,60175500,26817512,4,4,1446250
recursive_fresh,4,44695848,0.0,0.4,0.0,1.0,53,0,11,63391375,26817512,4,4,1524500
recursive_fresh,4,44695848,0.0,0.4,0.0,1.0,53,0,12,61845375,26817512,4,4,1497917
recursive_fresh,4,44695848,0.0,0.4,0.0,1.0,53,0,13,64387917,26817512,4,4,1151250
recursive_fresh,4,44695848,0.0,0.4,0.0,1.0,53,0,14,63032750,26817512,4,4,59958
recursive_fresh,4,44695848,0.0,0.4,0.0,1.0,53,0,15,60083000,26817512,4,4,1061041
recursive_fresh,4,44695848,0.0,0.4,0.0,1.0,53,0,16,62370000,26817512,4,4,1454709
recursive_fresh,4,44695848,0.0,0.4,0.0,1.0,53,0,17,59941000,26817512,4,4,19917
recursive_fresh,4,44695848,0.0,0.4,0.0,1.0,53,0,18,60183542,26817512,4,4,1520875
recursive_fresh,4,44695848,0.0,0.4,0.0,1.0,53,0,19,63884333,26817512,4,4,542625
recursive_fresh,4,44695848,0.0,0.05,0.0,1.0,53,0,0,38010833,3352188,4,4,2476124
recursive_fresh,4,44695848,0.0,0.05,0.0,1.0,53,0,1,41362917,3352188,4,4,882209
recursive_fresh,4,44695848,0.0,0.05,0.0,1.0,53,0,2,39419416,3352188,4,4,1536291
recursive_fresh,4,44695848,0.0,0.05,0.0,1.0,53,0,3,42363916,3352188,4,4,1255500
recursive_fresh,4,44695848,0.0,0.05,0.0,1.0,53,0,4,40271625,3352188,4,4,68875
recursive_fresh,4,44695848,0.0,0.05,0.0,1.0,53,0,5,38801958,3352188,4,4,1784791
recursive_fresh,4,44695848,0.0,0.05,0.0,1.0,53,0,6,42074125,3352188,4,4,463875
recursive_fresh,4,44695848,0.0,0.05,0.0,1.0,53,0,7,38878250,3352188,4,4,1228333
recursive_fresh,4,44695848,0.0,0.05,0.0,1.0,53,0,8,38655625,3352188,4,4,1117334
recursive_fresh,4,44695848,0.0,0.05,0.0,1.0,53,0,9,42785333,3352188,4,4,2126542
recursive_fresh,4,44695848,0.0,0.05,0.0,1.0,53,0,10,39510834,3352188,4,4,1954043
recursive_fresh,4,44695848,0.0,0.05,0.0,1.0,53,0,11,40004625,3352188,4,4,337458
recursive_fresh,4,44695848,0.0,0.05,0.0,1.0,53,0,12,39612541,3352188,4,4,1289124
recursive_fresh,4,44695848,0.0,0.05,0.0,1.0,53,0,13,39843458,3352188,4,4,599041
recursive_fresh,4,44695848,0.0,0.05,0.0,1.0,53,0,14,37199750,3352188,4,4,560666
recursive_fresh,4,44695848,0.0,0.05,0.0,1.0,53,0,15,40498292,3352188,4,4,933500
recursive_fresh,4,44695848,0.0,0.05,0.0,1.0,53,0,16,43008250,3352188,4,4,760708
recursive_fresh,4,44695848,0.0,0.05,0.0,1.0,53,0,17,37870500,3352188,4,4,1579875
recursive_fresh,4,44695848,0.0,0.05,0.0,1.0,53,0,18,43129708,3352188,4,4,1033750
recursive_fresh,4,44695848,0.0,0.05,0.0,1.0,53,0,19,37147583,3352188,4,4,680250
recursive_fresh,4,44695848,0.0,0.05,0.0,1.0,53,1,0,36530125,3352188,4,4,10667
recursive_fresh,4,44695848,0.0,0.05,0.0,1.0,53,1,1,37604000,3352188,4,4,1509958
recursive_fresh,4,44695848,0.0,0.05,0.0,1.0,53,1,2,40062292,3352188,4,4,1192208
recursive_fresh,4,44695848,0.0,0.05,0.0,1.0,53,1,3,38234000,3352188,4,4,1822708
recursive_fresh,4,44695848,0.0,0.05,0.0,1.0,53,1,4,36567458,3352188,4,4,1473291
recursive_fresh,4,44695848,0.0,0.05,0.0,1.0,53,1,5,37010208,3352188,4,4,1237708
recursive_fresh,4,44695848,0.0,0.05,0.0,1.0,53,1,6,37305000,3352188,4,4,2005750
recursive_fresh,4,44695848,0.0,0.05,0.0,1.0,53,1,7,36976458,3352188,4,4,62999
recursive_fresh,4,44695848,0.0,0.05,0.0,1.0,53,1,8,37129791,3352188,4,4,334500
recursive_fresh,4,44695848,0.0,0.05,0.0,1.0,53,1,9,36058750,3352188,4,4,1582750
recursive_fresh,4,44695848,0.0,0.05,0.0,1.0,53,1,10,36001458,3352188,4,4,1233374
recursive_fresh,4,44695848,0.0,0.05,0.0,1.0,53,1,11,41753375,3352188,4,4,1570666
recursive_fresh,4,44695848,0.0,0.05,0.0,1.0,53,1,12,37319083,3352188,4,4,1557500
recursive_fresh,4,44695848,0.0,0.05,0.0,1.0,53,1,13,36405083,3352188,4,4,1740875
recursive_fresh,4,44695848,0.0,0.05,0.0,1.0,53,1,14,37993000,3352188,4,4,1164042
recursive_fresh,4,44695848,0.0,0.05,0.0,1.0,53,1,15,45374625,3352188,4,4,1512209
recursive_fresh,4,44695848,0.0,0.05,0.0,1.0,53,1,16,38799875,3352188,4,4,851583
recursive_fresh,4,44695848,0.0,0.05,0.0,1.0,53,1,17,42574375,3352188,4,4,1335583
recursive_fresh,4,44695848,0.0,0.05,0.0,1.0,53,1,18,41391583,3352188,4,4,1204167
recursive_fresh,4,44695848,0.0,0.05,0.0,1.0,53,1,19,35660917,3352188,4,4,1496876
recursive_fresh,4,44695848,0.0,0.4,0.0,1.0,53,1,0,57968167,26817512,4,4,1602167
recursive_fresh,4,44695848,0.0,0.4,0.0,1.0,53,1,1,61172834,26817512,4,4,199334
recursive_fresh,4,44695848,0.0,0.4,0.0,1.0,53,1,2,62595000,26817512,4,4,148292
recursive_fresh,4,44695848,0.0,0.4,0.0,1.0,53,1,3,60437667,26817512,4,4,1176750
recursive_fresh,4,44695848,0.0,0.4,0.0,1.0,53,1,4,61751708,26817512,4,4,75749
recursive_fresh,4,44695848,0.0,0.4,0.0,1.0,53,1,5,63927042,26817512,4,4,1070209
recursive_fresh,4,44695848,0.0,0.4,0.0,1.0,53,1,6,57219750,26817512,4,4,1700500
recursive_fresh,4,44695848,0.0,0.4,0.0,1.0,53,1,7,64389833,26817512,4,4,1196042
recursive_fresh,4,44695848,0.0,0.4,0.0,1.0,53,1,8,61241583,26817512,4,4,1693500
recursive_fresh,4,44695848,0.0,0.4,0.0,1.0,53,1,9,59847417,26817512,4,4,80167
recursive_fresh,4,44695848,0.0,0.4,0.0,1.0,53,1,10,57402458,26817512,4,4,1854458
recursive_fresh,4,44695848,0.0,0.4,0.0,1.0,53,1,11,57498458,26817512,4,4,1506458
recursive_fresh,4,44695848,0.0,0.4,0.0,1.0,53,1,12,64110334,26817512,4,4,893751
recursive_fresh,4,44695848,0.0,0.4,0.0,1.0,53,1,13,62256250,26817512,4,4,1637375
recursive_fresh,4,44695848,0.0,0.4,0.0,1.0,53,1,14,63559959,26817512,4,4,1133918
recursive_fresh,4,44695848,0.0,0.4,0.0,1.0,53,1,15,59606709,26817512,4,4,1421417
recursive_fresh,4,44695848,0.0,0.4,0.0,1.0,53,1,16,63481583,26817512,4,4,2302374
recursive_fresh,4,44695848,0.0,0.4,0.0,1.0,53,1,17,64265292,26817512,4,4,1241417
recursive_fresh,4,44695848,0.0,0.4,0.0,1.0,53,1,18,59834416,26817512,4,4,1674083
recursive_fresh,4,44695848,0.0,0.4,0.0,1.0,53,1,19,62998583,26817512,4,4,517167
recursive,4,44695848,0.0,0.4,0.0,1.0,53,1,0,63954417,26817512,4,4,1709583
recursive,4,44695848,0.0,0.4,0.0,1.0,53,1,1,60995333,26817512,4,4,1218792
recursive,4,44695848,0.0,0.4,0.0,1.0,53,1,2,68643458,26817512,4,4,582125
recursive,4,44695848,0.0,0.4,0.0,1.0,53,1,3,63189584,26817512,4,4,1066709
recursive,4,44695848,0.0,0.4,0.0,1.0,53,1,4,64208792,26817512,4,4,1652501
recursive,4,44695848,0.0,0.4,0.0,1.0,53,1,5,60945542,26817512,4,4,2371209
recursive,4,44695848,0.0,0.4,0.0,1.0,53,1,6,60414375,26817512,4,4,2284625
recursive,4,44695848,0.0,0.4,0.0,1.0,53,1,7,64437375,26817512,4,4,1562500
recursive,4,44695848,0.0,0.4,0.0,1.0,53,1,8,61379709,26817512,4,4,1129334
recursive,4,44695848,0.0,0.4,0.0,1.0,53,1,9,63971167,26817512,4,4,2179251
recursive,4,44695848,0.0,0.4,0.0,1.0,53,1,10,75027375,26817512,4,4,1406542
recursive,4,44695848,0.0,0.4,0.0,1.0,53,1,11,65381375,26817512,4,4,1002917
recursive,4,44695848,0.0,0.4,0.0,1.0,53,1,12,67692667,26817512,4,4,1241458
recursive,4,44695848,0.0,0.4,0.0,1.0,53,1,13,61312541,26817512,4,4,1206333
recursive,4,44695848,0.0,0.4,0.0,1.0,53,1,14,61948500,26817512,4,4,1573917
recursive,4,44695848,0.0,0.4,0.0,1.0,53,1,15,65394375,26817512,4,4,1572416
recursive,4,44695848,0.0,0.4,0.0,1.0,53,1,16,62768208,26817512,4,4,1275874
recursive,4,44695848,0.0,0.4,0.0,1.0,53,1,17,64314250,26817512,4,4,556458
recursive,4,44695848,0.0,0.4,0.0,1.0,53,1,18,66937000,26817512,4,4,1057375
recursive,4,44695848,0.0,0.4,0.0,1.0,53,1,19,66629459,26817512,4,4,866167
recursive,4,44695848,0.0,0.05,0.0,1.0,53,1,0,42278958,3352188,4,4,585750
recursive,4,44695848,0.0,0.05,0.0,1.0,53,1,1,37500417,3352188,4,4,1723875
recursive,4,44695848,0.0,0.05,0.0,1.0,53,1,2,37639708,3352188,4,4,1621916
recursive,4,44695848,0.0,0.05,0.0,1.0,53,1,3,40809750,3352188,4,4,831291
recursive,4,44695848,0.0,0.05,0.0,1.0,53,1,4,39322917,3352188,4,4,589667
recursive,4,44695848,0.0,0.05,0.0,1.0,53,1,5,39748500,3352188,4,4,1174208
recursive,4,44695848,0.0,0.05,0.0,1.0,53,1,6,36770375,3352188,4,4,1991458
recursive,4,44695848,0.0,0.05,0.0,1.0,53,1,7,38543083,3352188,4,4,601708
recursive,4,44695848,0.0,0.05,0.0,1.0,53,1,8,42022167,3352188,4,4,725750
recursive,4,44695848,0.0,0.05,0.0,1.0,53,1,9,34665792,3352188,4,4,1730042
recursive,4,44695848,0.0,0.05,0.0,1.0,53,1,10,39307208,3352188,4,4,1518333
recursive,4,44695848,0.0,0.05,0.0,1.0,53,1,11,40292416,3352188,4,4,1109999
recursive,4,44695848,0.0,0.05,0.0,1.0,53,1,12,37644833,3352188,4,4,1306999
recursive,4,44695848,0.0,0.05,0.0,1.0,53,1,13,37136000,3352188,4,4,1184666
recursive,4,44695848,0.0,0.05,0.0,1.0,53,1,14,38421959,3352188,4,4,582626
recursive,4,44695848,0.0,0.05,0.0,1.0,53,1,15,38657250,3352188,4,4,1649292
recursive,4,44695848,0.0,0.05,0.0,1.0,53,1,16,38286000,3352188,4,4,1070292
recursive,4,44695848,0.0,0.05,0.0,1.0,53,1,17,41196250,3352188,4,4,2288292
recursive,4,44695848,0.0,0.05,0.0,1.0,53,1,18,37203042,3352188,4,4,880917
recursive,4,44695848,0.0,0.05,0.0,1.0,53,1,19,37569792,3352188,4,4,402917
recursive_fresh,4,44695848,0.0,0.4,0.0,1.0,53,2,0,70659209,26817512,4,4,2853375
recursive_fresh,4,44695848,0.0,0.4,0.0,1.0,53,2,1,70187916,26817512,4,4,2153708
recursive_fresh,4,44695848,0.0,0.4,0.0,1.0,53,2,2,62513792,26817512,4,4,917333
recursive_fresh,4,44695848,0.0,0.4,0.0,1.0,53,2,3,62982125,26817512,4,4,1014500
recursive_fresh,4,44695848,0.0,0.4,0.0,1.0,53,2,4,64294208,26817512,4,4,1366292
recursive_fresh,4,44695848,0.0,0.4,0.0,1.0,53,2,5,65348834,26817512,4,4,1037417
recursive_fresh,4,44695848,0.0,0.4,0.0,1.0,53,2,6,67150834,26817512,4,4,1051750
recursive_fresh,4,44695848,0.0,0.4,0.0,1.0,53,2,7,68365708,26817512,4,4,1262208
recursive_fresh,4,44695848,0.0,0.4,0.0,1.0,53,2,8,61409917,26817512,4,4,2176542
recursive_fresh,4,44695848,0.0,0.4,0.0,1.0,53,2,9,58378542,26817512,4,4,1849167
recursive_fresh,4,44695848,0.0,0.4,0.0,1.0,53,2,10,68804750,26817512,4,4,1193875
recursive_fresh,4,44695848,0.0,0.4,0.0,1.0,53,2,11,61887167,26817512,4,4,1634750
recursive_fresh,4,44695848,0.0,0.4,0.0,1.0,53,2,12,65986625,26817512,4,4,1221125
recursive_fresh,4,44695848,0.0,0.4,0.0,1.0,53,2,13,61655417,26817512,4,4,1234751
recursive_fresh,4,44695848,0.0,0.4,0.0,1.0,53,2,14,61799750,26817512,4,4,1630250
recursive_fresh,4,44695848,0.0,0.4,0.0,1.0,53,2,15,62591542,26817512,4,4,1678167
recursive_fresh,4,44695848,0.0,0.4,0.0,1.0,53,2,16,63296417,26817512,4,4,1219292
recursive_fresh,4,44695848,0.0,0.4,0.0,1.0,53,2,17,64001042,26817512,4,4,29334
recursive_fresh,4,44695848,0.0,0.4,0.0,1.0,53,2,18,64513833,26817512,4,4,1380541
recursive_fresh,4,44695848,0.0,0.4,0.0,1.0,53,2,19,60302875,26817512,4,4,1343542
recursive_fresh,4,44695848,0.0,0.05,0.0,1.0,53,2,0,42888334,3352188,4,4,635542
recursive_fresh,4,44695848,0.0,0.05,0.0,1.0,53,2,1,41470375,3352188,4,4,1013375
recursive_fresh,4,44695848,0.0,0.05,0.0,1.0,53,2,2,39974917,3352188,4,4,1332583
recursive_fresh,4,44695848,0.0,0.05,0.0,1.0,53,2,3,37385709,3352188,4,4,1491293
recursive_fresh,4,44695848,0.0,0.05,0.0,1.0,53,2,4,38386250,3352188,4,4,903042
recursive_fresh,4,44695848,0.0,0.05,0.0,1.0,53,2,5,41692125,3352188,4,4,1137542
recursive_fresh,4,44695848,0.0,0.05,0.0,1.0,53,2,6,41387833,3352188,4,4,1609583
recursive_fresh,4,44695848,0.0,0.05,0.0,1.0,53,2,7,42370500,3352188,4,4,1865542
recursive_fresh,4,44695848,0.0,0.05,0.0,1.0,53,2,8,39629375,3352188,4,4,151792
recursive_fresh,4,44695848,0.0,0.05,0.0,1.0,53,2,9,39377500,3352188,4,4,821958
recursive_fresh,4,44695848,0.0,0.05,0.0,1.0,53,2,10,38946500,3352188,4,4,1966292
recursive_fresh,4,44695848,0.0,0.05,0.0,1.0,53,2,11,40136333,3352188,4,4,1286958
recursive_fresh,4,44695848,0.0,0.05,0.0,1.0,53,2,12,39215791,3352188,4,4,1103291
recursive_fresh,4,44695848,0.0,0.05,0.0,1.0,53,2,13,37011625,3352188,4,4,840750
recursive_fresh,4,44695848,0.0,0.05,0.0,1.0,53,2,14,39912000,3352188,4,4,565750
recursive_fresh,4,44695848,0.0,0.05,0.0,1.0,53,2,15,35554583,3352188,4,4,1534749
recursive_fresh,4,44695848,0.0,0.05,0.0,1.0,53,2,16,39531666,3352188,4,4,1652416
recursive_fresh,4,44695848,0.0,0.05,0.0,1.0,53,2,17,39313417,3352188,4,4,42875
recursive_fresh,4,44695848,0.0,0.05,0.0,1.0,53,2,18,39112459,3352188,4,4,1083959
recursive_fresh,4,44695848,0.0,0.05,0.0,1.0,53,2,19,37275208,3352188,4,4,85749
recursive,4,44695848,0.0,0.05,0.0,1.0,53,2,0,38669708,3352188,4,4,2345333
recursive,4,44695848,0.0,0.05,0.0,1.0,53,2,1,43672709,3352188,4,4,590084
recursive,4,44695848,0.0,0.05,0.0,1.0,53,2,2,39176667,3352188,4,4,443626
recursive,4,44695848,0.0,0.05,0.0,1.0,53,2,3,40885958,3352188,4,4,1460333
recursive,4,44695848,0.0,0.05,0.0,1.0,53,2,4,41805417,3352188,4,4,1165875
recursive,4,44695848,0.0,0.05,0.0,1.0,53,2,5,34610708,3352188,4,4,1536750
recursive,4,44695848,0.0,0.05,0.0,1.0,53,2,6,41086625,3352188,4,4,1264750
recursive,4,44695848,0.0,0.05,0.0,1.0,53,2,7,38388750,3352188,4,4,1755291
recursive,4,44695848,0.0,0.05,0.0,1.0,53,2,8,36063250,3352188,4,4,1407958
recursive,4,44695848,0.0,0.05,0.0,1.0,53,2,9,37857250,3352188,4,4,1965458
recursive,4,44695848,0.0,0.05,0.0,1.0,53,2,10,39135917,3352188,4,4,1610667
recursive,4,44695848,0.0,0.05,0.0,1.0,53,2,11,36877458,3352188,4,4,2215208
recursive,4,44695848,0.0,0.05,0.0,1.0,53,2,12,37766209,3352188,4,4,1636834
recursive,4,44695848,0.0,0.05,0.0,1.0,53,2,13,40921042,3352188,4,4,1376667
recursive,4,44695848,0.0,0.05,0.0,1.0,53,2,14,40763792,3352188,4,4,71875
recursive,4,44695848,0.0,0.05,0.0,1.0,53,2,15,38855667,3352188,4,4,804417
recursive,4,44695848,0.0,0.05,0.0,1.0,53,2,16,36208375,3352188,4,4,1566333
recursive,4,44695848,0.0,0.05,0.0,1.0,53,2,17,40224167,3352188,4,4,654042
recursive,4,44695848,0.0,0.05,0.0,1.0,53,2,18,40982666,3352188,4,4,2086249
recursive,4,44695848,0.0,0.05,0.0,1.0,53,2,19,42511708,3352188,4,4,1416999
recursive,4,44695848,0.0,0.4,0.0,1.0,53,2,0,63334583,26817512,4,4,1569874
recursive,4,44695848,0.0,0.4,0.0,1.0,53,2,1,60759542,26817512,4,4,1870459
recursive,4,44695848,0.0,0.4,0.0,1.0,53,2,2,62308042,26817512,4,4,571417
recursive,4,44695848,0.0,0.4,0.0,1.0,53,2,3,63722375,26817512,4,4,1528625
recursive,4,44695848,0.0,0.4,0.0,1.0,53,2,4,63735917,26817512,4,4,1219501
recursive,4,44695848,0.0,0.4,0.0,1.0,53,2,5,62111666,26817512,4,4,2198166
recursive,4,44695848,0.0,0.4,0.0,1.0,53,2,6,65635667,26817512,4,4,1236584
recursive,4,44695848,0.0,0.4,0.0,1.0,53,2,7,62519750,26817512,4,4,1171291
recursive,4,44695848,0.0,0.4,0.0,1.0,53,2,8,63443209,26817512,4,4,156959
recursive,4,44695848,0.0,0.4,0.0,1.0,53,2,9,58742667,26817512,4,4,1223875
recursive,4,44695848,0.0,0.4,0.0,1.0,53,2,10,65250958,26817512,4,4,1263833
recursive,4,44695848,0.0,0.4,0.0,1.0,53,2,11,59042209,26817512,4,4,1427584
recursive,4,44695848,0.0,0.4,0.0,1.0,53,2,12,64744583,26817512,4,4,119000
recursive,4,44695848,0.0,0.4,0.0,1.0,53,2,13,63429167,26817512,4,4,1700292
recursive,4,44695848,0.0,0.4,0.0,1.0,53,2,14,64547875,26817512,4,4,699917
recursive,4,44695848,0.0,0.4,0.0,1.0,53,2,15,65447666,26817512,4,4,1252207
recursive,4,44695848,0.0,0.4,0.0,1.0,53,2,16,70105959,26817512,4,4,1247000
recursive,4,44695848,0.0,0.4,0.0,1.0,53,2,17,65963791,26817512,4,4,3435375
recursive,4,44695848,0.0,0.4,0.0,1.0,53,2,18,61703167,26817512,4,4,223917
recursive,4,44695848,0.0,0.4,0.0,1.0,53,2,19,65588291,26817512,4,4,451374
recursive_fresh,4,44695848,0.0,0.4,0.0,1.0,53,3,0,72578458,26817512,4,4,1520208
recursive_fresh,4,44695848,0.0,0.4,0.0,1.0,53,3,1,64893500,26817512,4,4,1186916
recursive_fresh,4,44695848,0.0,0.4,0.0,1.0,53,3,2,67181083,26817512,4,4,2768708
recursive_fresh,4,44695848,0.0,0.4,0.0,1.0,53,3,3,67335583,26817512,4,4,1036875
recursive_fresh,4,44695848,0.0,0.4,0.0,1.0,53,3,4,72964458,26817512,4,4,105708
recursive_fresh,4,44695848,0.0,0.4,0.0,1.0,53,3,5,65349084,26817512,4,4,108543
recursive_fresh,4,44695848,0.0,0.4,0.0,1.0,53,3,6,59365250,26817512,4,4,2090167
recursive_fresh,4,44695848,0.0,0.4,0.0,1.0,53,3,7,72474916,26817512,4,4,1041666
recursive_fresh,4,44695848,0.0,0.4,0.0,1.0,53,3,8,60568375,26817512,4,4,1156334
recursive_fresh,4,44695848,0.0,0.4,0.0,1.0,53,3,9,68948667,26817512,4,4,138542
recursive_fresh,4,44695848,0.0,0.4,0.0,1.0,53,3,10,58544875,26817512,4,4,1870916
recursive_fresh,4,44695848,0.0,0.4,0.0,1.0,53,3,11,61676667,26817512,4,4,2116833
recursive_fresh,4,44695848,0.0,0.4,0.0,1.0,53,3,12,67806375,26817512,4,4,359959
recursive_fresh,4,44695848,0.0,0.4,0.0,1.0,53,3,13,63411209,26817512,4,4,1178751
recursive_fresh,4,44695848,0.0,0.4,0.0,1.0,53,3,14,64782417,26817512,4,4,1116417
recursive_fresh,4,44695848,0.0,0.4,0.0,1.0,53,3,15,65133958,26817512,4,4,1235374
recursive_fresh,4,44695848,0.0,0.4,0.0,1.0,53,3,16,67246834,26817512,4,4,613542
recursive_fresh,4,44695848,0.0,0.4,0.0,1.0,53,3,17,63522708,26817512,4,4,1934333
recursive_fresh,4,44695848,0.0,0.4,0.0,1.0,53,3,18,63016708,26817512,4,4,991291
recursive_fresh,4,44695848,0.0,0.4,0.0,1.0,53,3,19,63834667,26817512,4,4,4403042
recursive_fresh,4,44695848,0.0,0.05,0.0,1.0,53,3,0,40486708,3352188,4,4,1105583
recursive_fresh,4,44695848,0.0,0.05,0.0,1.0,53,3,1,37842459,3352188,4,4,2179209
recursive_fresh,4,44695848,0.0,0.05,0.0,1.0,53,3,2,42192167,3352188,4,4,369917
recursive_fresh,4,44695848,0.0,0.05,0.0,1.0,53,3,3,39568292,3352188,4,4,2242333
recursive_fresh,4,44695848,0.0,0.05,0.0,1.0,53,3,4,42281917,3352188,4,4,1168667
recursive_fresh,4,44695848,0.0,0.05,0.0,1.0,53,3,5,39689167,3352188,4,4,1314751
recursive_fresh,4,44695848,0.0,0.05,0.0,1.0,53,3,6,35865000,3352188,4,4,1091208
recursive_fresh,4,44695848,0.0,0.05,0.0,1.0,53,3,7,41921750,3352188,4,4,1641625
recursive_fresh,4,44695848,0.0,0.05,0.0,1.0,53,3,8,39023666,3352188,4,4,1758207
recursive_fresh,4,44695848,0.0,0.05,0.0,1.0,53,3,9,39349500,3352188,4,4,768166
recursive_fresh,4,44695848,0.0,0.05,0.0,1.0,53,3,10,39030583,3352188,4,4,1223499
recursive_fresh,4,44695848,0.0,0.05,0.0,1.0,53,3,11,39607459,3352188,4,4,95000
recursive_fresh,4,44695848,0.0,0.05,0.0,1.0,53,3,12,37481167,3352188,4,4,1214542
recursive_fresh,4,44695848,0.0,0.05,0.0,1.0,53,3,13,38197292,3352188,4,4,20834
recursive_fresh,4,44695848,0.0,0.05,0.0,1.0,53,3,14,41660458,3352188,4,4,1592666
recursive_fresh,4,44695848,0.0,0.05,0.0,1.0,53,3,15,36504041,3352188,4,4,2104291
recursive_fresh,4,44695848,0.0,0.05,0.0,1.0,53,3,16,38463709,3352188,4,4,1517459
recursive_fresh,4,44695848,0.0,0.05,0.0,1.0,53,3,17,39392083,3352188,4,4,1873458
recursive_fresh,4,44695848,0.0,0.05,0.0,1.0,53,3,18,38167917,3352188,4,4,1519042
recursive_fresh,4,44695848,0.0,0.05,0.0,1.0,53,3,19,38309500,3352188,4,4,2210292
recursive,4,44695848,0.0,0.4,0.0,1.0,53,3,0,63546042,26817512,4,4,1446000
recursive,4,44695848,0.0,0.4,0.0,1.0,53,3,1,59990708,26817512,4,4,1967667
recursive,4,44695848,0.0,0.4,0.0,1.0,53,3,2,62856833,26817512,4,4,2303166
recursive,4,44695848,0.0,0.4,0.0,1.0,53,3,3,61302708,26817512,4,4,1519833
recursive,4,44695848,0.0,0.4,0.0,1.0,53,3,4,67575458,26817512,4,4,1370167
recursive,4,44695848,0.0,0.4,0.0,1.0,53,3,5,60283000,26817512,4,4,1192583
recursive,4,44695848,0.0,0.4,0.0,1.0,53,3,6,62014041,26817512,4,4,476707
recursive,4,44695848,0.0,0.4,0.0,1.0,53,3,7,62983375,26817512,4,4,570125
recursive,4,44695848,0.0,0.4,0.0,1.0,53,3,8,63528000,26817512,4,4,1218542
recursive,4,44695848,0.0,0.4,0.0,1.0,53,3,9,60306333,26817512,4,4,1914666
recursive,4,44695848,0.0,0.4,0.0,1.0,53,3,10,66036708,26817512,4,4,47375
recursive,4,44695848,0.0,0.4,0.0,1.0,53,3,11,65969584,26817512,4,4,2033792
recursive,4,44695848,0.0,0.4,0.0,1.0,53,3,12,59011958,26817512,4,4,625000
recursive,4,44695848,0.0,0.4,0.0,1.0,53,3,13,63153792,26817512,4,4,1061917
recursive,4,44695848,0.0,0.4,0.0,1.0,53,3,14,63507625,26817512,4,4,1539625
recursive,4,44695848,0.0,0.4,0.0,1.0,53,3,15,65635292,26817512,4,4,85626
recursive,4,44695848,0.0,0.4,0.0,1.0,53,3,16,63756500,26817512,4,4,1622250
recursive,4,44695848,0.0,0.4,0.0,1.0,53,3,17,63696041,26817512,4,4,106707
recursive,4,44695848,0.0,0.4,0.0,1.0,53,3,18,62955291,26817512,4,4,1814916
recursive,4,44695848,0.0,0.4,0.0,1.0,53,3,19,65919333,26817512,4,4,123958
recursive,4,44695848,0.0,0.05,0.0,1.0,53,3,0,40397416,3352188,4,4,1370874
recursive,4,44695848,0.0,0.05,0.0,1.0,53,3,1,39454708,3352188,4,4,1086500
recursive,4,44695848,0.0,0.05,0.0,1.0,53,3,2,40818084,3352188,4,4,778501
recursive,4,44695848,0.0,0.05,0.0,1.0,53,3,3,42650958,3352188,4,4,92792
recursive,4,44695848,0.0,0.05,0.0,1.0,53,3,4,42736583,3352188,4,4,1143167
recursive,4,44695848,0.0,0.05,0.0,1.0,53,3,5,40235083,3352188,4,4,1211750
recursive,4,44695848,0.0,0.05,0.0,1.0,53,3,6,35549416,3352188,4,4,1270833
recursive,4,44695848,0.0,0.05,0.0,1.0,53,3,7,39137459,3352188,4,4,1192126
recursive,4,44695848,0.0,0.05,0.0,1.0,53,3,8,37873542,3352188,4,4,1137834
recursive,4,44695848,0.0,0.05,0.0,1.0,53,3,9,40624541,3352188,4,4,1015999
recursive,4,44695848,0.0,0.05,0.0,1.0,53,3,10,40240042,3352188,4,4,93333
recursive,4,44695848,0.0,0.05,0.0,1.0,53,3,11,37308958,3352188,4,4,1060916
recursive,4,44695848,0.0,0.05,0.0,1.0,53,3,12,38452625,3352188,4,4,118625
recursive,4,44695848,0.0,0.05,0.0,1.0,53,3,13,36815958,3352188,4,4,1469958
recursive,4,44695848,0.0,0.05,0.0,1.0,53,3,14,39608500,3352188,4,4,750000
recursive,4,44695848,0.0,0.05,0.0,1.0,53,3,15,34931000,3352188,4,4,2065833
recursive,4,44695848,0.0,0.05,0.0,1.0,53,3,16,39581416,3352188,4,4,1074499
recursive,4,44695848,0.0,0.05,0.0,1.0,53,3,17,40418958,3352188,4,4,1797875
recursive,4,44695848,0.0,0.05,0.0,1.0,53,3,18,38126791,3352188,4,4,1750249
recursive,4,44695848,0.0,0.05,0.0,1.0,53,3,19,36467042,3352188,4,4,999750
recursive,4,44695848,0.0,0.05,0.0,1.0,53,4,0,42207458,3352188,4,4,2318624
recursive,4,44695848,0.0,0.05,0.0,1.0,53,4,1,37709583,3352188,4,4,914125
recursive,4,44695848,0.0,0.05,0.0,1.0,53,4,2,39196542,3352188,4,4,1792917
recursive,4,44695848,0.0,0.05,0.0,1.0,53,4,3,40789083,3352188,4,4,666666
recursive,4,44695848,0.0,0.05,0.0,1.0,53,4,4,40045958,3352188,4,4,388708
recursive,4,44695848,0.0,0.05,0.0,1.0,53,4,5,40597167,3352188,4,4,1101250
recursive,4,44695848,0.0,0.05,0.0,1.0,53,4,6,40875709,3352188,4,4,1575625
recursive,4,44695848,0.0,0.05,0.0,1.0,53,4,7,39559458,3352188,4,4,1038833
recursive,4,44695848,0.0,0.05,0.0,1.0,53,4,8,37766042,3352188,4,4,35501
recursive,4,44695848,0.0,0.05,0.0,1.0,53,4,9,37695667,3352188,4,4,1240042
recursive,4,44695848,0.0,0.05,0.0,1.0,53,4,10,43577875,3352188,4,4,520208
recursive,4,44695848,0.0,0.05,0.0,1.0,53,4,11,38022292,3352188,4,4,826126
recursive,4,44695848,0.0,0.05,0.0,1.0,53,4,12,45390959,3352188,4,4,1444334
recursive,4,44695848,0.0,0.05,0.0,1.0,53,4,13,45263208,3352188,4,4,1693958
recursive,4,44695848,0.0,0.05,0.0,1.0,53,4,14,41142167,3352188,4,4,1032584
recursive,4,44695848,0.0,0.05,0.0,1.0,53,4,15,47992708,3352188,4,4,3845999
recursive,4,44695848,0.0,0.05,0.0,1.0,53,4,16,42432334,3352188,4,4,3926334
recursive,4,44695848,0.0,0.05,0.0,1.0,53,4,17,41447833,3352188,4,4,2288625
recursive,4,44695848,0.0,0.05,0.0,1.0,53,4,18,40876208,3352188,4,4,25792
recursive,4,44695848,0.0,0.05,0.0,1.0,53,4,19,40990416,3352188,4,4,22500
recursive_fresh,4,44695848,0.0,0.4,0.0,1.0,53,4,0,63711625,26817512,4,4,1180583
recursive_fresh,4,44695848,0.0,0.4,0.0,1.0,53,4,1,63962917,26817512,4,4,1912208
recursive_fresh,4,44695848,0.0,0.4,0.0,1.0,53,4,2,67603125,26817512,4,4,1519125
recursive_fresh,4,44695848,0.0,0.4,0.0,1.0,53,4,3,61163083,26817512,4,4,841125
recursive_fresh,4,44695848,0.0,0.4,0.0,1.0,53,4,4,60877125,26817512,4,4,1049791
recursive_fresh,4,44695848,0.0,0.4,0.0,1.0,53,4,5,63947666,26817512,4,4,1167291
recursive_fresh,4,44695848,0.0,0.4,0.0,1.0,53,4,6,60826166,26817512,4,4,2324166
recursive_fresh,4,44695848,0.0,0.4,0.0,1.0,53,4,7,68837333,26817512,4,4,1077250
recursive_fresh,4,44695848,0.0,0.4,0.0,1.0,53,4,8,66722500,26817512,4,4,1453667
recursive_fresh,4,44695848,0.0,0.4,0.0,1.0,53,4,9,63454458,26817512,4,4,163166
recursive_fresh,4,44695848,0.0,0.4,0.0,1.0,53,4,10,64908833,26817512,4,4,836083
recursive_fresh,4,44695848,0.0,0.4,0.0,1.0,53,4,11,63904834,26817512,4,4,55334
recursive_fresh,4,44695848,0.0,0.4,0.0,1.0,53,4,12,66520375,26817512,4,4,2809583
recursive_fresh,4,44695848,0.0,0.4,0.0,1.0,53,4,13,62637625,26817512,4,4,1580333
recursive_fresh,4,44695848,0.0,0.4,0.0,1.0,53,4,14,61994417,26817512,4,4,51959
recursive_fresh,4,44695848,0.0,0.4,0.0,1.0,53,4,15,61562333,26817512,4,4,1255416
recursive_fresh,4,44695848,0.0,0.4,0.0,1.0,53,4,16,64904208,26817512,4,4,2056125
recursive_fresh,4,44695848,0.0,0.4,0.0,1.0,53,4,17,65837458,26817512,4,4,928458
recursive_fresh,4,44695848,0.0,0.4,0.0,1.0,53,4,18,66810250,26817512,4,4,1190917
recursive_fresh,4,44695848,0.0,0.4,0.0,1.0,53,4,19,67218542,26817512,4,4,831126
recursive_fresh,4,44695848,0.0,0.05,0.0,1.0,53,4,0,42153500,3352188,4,4,244834
recursive_fresh,4,44695848,0.0,0.05,0.0,1.0,53,4,1,41883583,3352188,4,4,1333458
recursive_fresh,4,44695848,0.0,0.05,0.0,1.0,53,4,2,41577292,3352188,4,4,69958
recursive_fresh,4,44695848,0.0,0.05,0.0,1.0,53,4,3,41706959,3352188,4,4,1539792
recursive_fresh,4,44695848,0.0,0.05,0.0,1.0,53,4,4,43434458,3352188,4,4,1006333
recursive_fresh,4,44695848,0.0,0.05,0.0,1.0,53,4,5,42522000,3352188,4,4,1224416
recursive_fresh,4,44695848,0.0,0.05,0.0,1.0,53,4,6,39987666,3352188,4,4,1465499
recursive_fresh,4,44695848,0.0,0.05,0.0,1.0,53,4,7,39851291,3352188,4,4,1043083
recursive_fresh,4,44695848,0.0,0.05,0.0,1.0,53,4,8,40738500,3352188,4,4,104208
recursive_fresh,4,44695848,0.0,0.05,0.0,1.0,53,4,9,43756000,3352188,4,4,1376042
recursive_fresh,4,44695848,0.0,0.05,0.0,1.0,53,4,10,44293083,3352188,4,4,1659875
recursive_fresh,4,44695848,0.0,0.05,0.0,1.0,53,4,11,41823791,3352188,4,4,1446749
recursive_fresh,4,44695848,0.0,0.05,0.0,1.0,53,4,12,39505792,3352188,4,4,1892625
recursive_fresh,4,44695848,0.0,0.05,0.0,1.0,53,4,13,41486500,3352188,4,4,647417
recursive_fresh,4,44695848,0.0,0.05,0.0,1.0,53,4,14,40088875,3352188,4,4,1126959
recursive_fresh,4,44695848,0.0,0.05,0.0,1.0,53,4,15,41655833,3352188,4,4,1293583
recursive_fresh,4,44695848,0.0,0.05,0.0,1.0,53,4,16,42830583,3352188,4,4,1562417
recursive_fresh,4,44695848,0.0,0.05,0.0,1.0,53,4,17,37484666,3352188,4,4,1620374
recursive_fresh,4,44695848,0.0,0.05,0.0,1.0,53,4,18,42714458,3352188,4,4,1743333
recursive_fresh,4,44695848,0.0,0.05,0.0,1.0,53,4,19,40267750,3352188,4,4,2118666
recursive,4,44695848,0.0,0.4,0.0,1.0,53,4,0,62055291,26817512,4,4,1832958
recursive,4,44695848,0.0,0.4,0.0,1.0,53,4,1,63426084,26817512,4,4,2217001
recursive,4,44695848,0.0,0.4,0.0,1.0,53,4,2,62609500,26817512,4,4,1471625
recursive,4,44695848,0.0,0.4,0.0,1.0,53,4,3,63267084,26817512,4,4,2062625
recursive,4,44695848,0.0,0.4,0.0,1.0,53,4,4,67877542,26817512,4,4,1080042
recursive,4,44695848,0.0,0.4,0.0,1.0,53,4,5,66092209,26817512,4,4,1290042
recursive,4,44695848,0.0,0.4,0.0,1.0,53,4,6,66898292,26817512,4,4,2439417
recursive,4,44695848,0.0,0.4,0.0,1.0,53,4,7,66391834,26817512,4,4,1454459
recursive,4,44695848,0.0,0.4,0.0,1.0,53,4,8,64236625,26817512,4,4,1447583
recursive,4,44695848,0.0,0.4,0.0,1.0,53,4,9,65248208,26817512,4,4,1572208
recursive,4,44695848,0.0,0.4,0.0,1.0,53,4,10,67222292,26817512,4,4,1476084
recursive,4,44695848,0.0,0.4,0.0,1.0,53,4,11,62259167,26817512,4,4,853792
recursive,4,44695848,0.0,0.4,0.0,1.0,53,4,12,64419334,26817512,4,4,2691417
recursive,4,44695848,0.0,0.4,0.0,1.0,53,4,13,63894208,26817512,4,4,85208
recursive,4,44695848,0.0,0.4,0.0,1.0,53,4,14,64723959,26817512,4,4,1283834
recursive,4,44695848,0.0,0.4,0.0,1.0,53,4,15,68924292,26817512,4,4,1378583
recursive,4,44695848,0.0,0.4,0.0,1.0,53,4,16,61913459,26817512,4,4,1674459
recursive,4,44695848,0.0,0.4,0.0,1.0,53,4,17,66478459,26817512,4,4,1940667
recursive,4,44695848,0.0,0.4,0.0,1.0,53,4,18,65424625,26817512,4,4,2808375
recursive,4,44695848,0.0,0.4,0.0,1.0,53,4,19,60793250,26817512,4,4,758875
recursive_fresh,4,44695848,0.0,0.05,0.0,1.0,53,5,0,39895083,3352188,4,4,98083
recursive_fresh,4,44695848,0.0,0.05,0.0,1.0,53,5,1,42968458,3352188,4,4,1108583
recursive_fresh,4,44695848,0.0,0.05,0.0,1.0,53,5,2,38008166,3352188,4,4,1965583
recursive_fresh,4,44695848,0.0,0.05,0.0,1.0,53,5,3,39608667,3352188,4,4,894001
recursive_fresh,4,44695848,0.0,0.05,0.0,1.0,53,5,4,39651750,3352188,4,4,50333
recursive_fresh,4,44695848,0.0,0.05,0.0,1.0,53,5,5,38870042,3352188,4,4,2153792
recursive_fresh,4,44695848,0.0,0.05,0.0,1.0,53,5,6,37308167,3352188,4,4,262750
recursive_fresh,4,44695848,0.0,0.05,0.0,1.0,53,5,7,39176292,3352188,4,4,2246209
recursive_fresh,4,44695848,0.0,0.05,0.0,1.0,53,5,8,36291083,3352188,4,4,1112875
recursive_fresh,4,44695848,0.0,0.05,0.0,1.0,53,5,9,38638250,3352188,4,4,1178667
recursive_fresh,4,44695848,0.0,0.05,0.0,1.0,53,5,10,39287792,3352188,4,4,78459
recursive_fresh,4,44695848,0.0,0.05,0.0,1.0,53,5,11,40874208,3352188,4,4,1565791
recursive_fresh,4,44695848,0.0,0.05,0.0,1.0,53,5,12,39012959,3352188,4,4,1580500
recursive_fresh,4,44695848,0.0,0.05,0.0,1.0,53,5,13,36755167,3352188,4,4,1840208
recursive_fresh,4,44695848,0.0,0.05,0.0,1.0,53,5,14,39211250,3352188,4,4,2215917
recursive_fresh,4,44695848,0.0,0.05,0.0,1.0,53,5,15,42823875,3352188,4,4,83292
recursive_fresh,4,44695848,0.0,0.05,0.0,1.0,53,5,16,43681417,3352188,4,4,621334
recursive_fresh,4,44695848,0.0,0.05,0.0,1.0,53,5,17,41971458,3352188,4,4,1873333
recursive_fresh,4,44695848,0.0,0.05,0.0,1.0,53,5,18,39724667,3352188,4,4,753333
recursive_fresh,4,44695848,0.0,0.05,0.0,1.0,53,5,19,40710292,3352188,4,4,566834
recursive_fresh,4,44695848,0.0,0.4,0.0,1.0,53,5,0,63605042,26817512,4,4,130042
recursive_fresh,4,44695848,0.0,0.4,0.0,1.0,53,5,1,61057000,26817512,4,4,1741375
recursive_fresh,4,44695848,0.0,0.4,0.0,1.0,53,5,2,62551459,26817512,4,4,2075334
recursive_fresh,4,44695848,0.0,0.4,0.0,1.0,53,5,3,61609042,26817512,4,4,1038417
recursive_fresh,4,44695848,0.0,0.4,0.0,1.0,53,5,4,64017375,26817512,4,4,1680125
recursive_fresh,4,44695848,0.0,0.4,0.0,1.0,53,5,5,63550708,26817512,4,4,1244291
recursive_fresh,4,44695848,0.0,0.4,0.0,1.0,53,5,6,63172625,26817512,4,4,1872958
recursive_fresh,4,44695848,0.0,0.4,0.0,1.0,53,5,7,59394709,26817512,4,4,1218959
recursive_fresh,4,44695848,0.0,0.4,0.0,1.0,53,5,8,63997333,26817512,4,4,1729667
recursive_fresh,4,44695848,0.0,0.4,0.0,1.0,53,5,9,64078417,26817512,4,4,527250
recursive_fresh,4,44695848,0.0,0.4,0.0,1.0,53,5,10,63755917,26817512,4,4,1065001
recursive_fresh,4,44695848,0.0,0.4,0.0,1.0,53,5,11,65025709,26817512,4,4,340126
recursive_fresh,4,44695848,0.0,0.4,0.0,1.0,53,5,12,66037833,26817512,4,4,1036208
recursive_fresh,4,44695848,0.0,0.4,0.0,1.0,53,5,13,66397875,26817512,4,4,1217917
recursive_fresh,4,44695848,0.0,0.4,0.0,1.0,53,5,14,65156250,26817512,4,4,2500416
recursive_fresh,4,44695848,0.0,0.4,0.0,1.0,53,5,15,64887292,26817512,4,4,1206792
recursive_fresh,4,44695848,0.0,0.4,0.0,1.0,53,5,16,66866833,26817512,4,4,528333
recursive_fresh,4,44695848,0.0,0.4,0.0,1.0,53,5,17,65567959,26817512,4,4,1652751
recursive_fresh,4,44695848,0.0,0.4,0.0,1.0,53,5,18,65146958,26817512,4,4,1516125
recursive_fresh,4,44695848,0.0,0.4,0.0,1.0,53,5,19,66266959,26817512,4,4,1462376
recursive,4,44695848,0.0,0.05,0.0,1.0,53,5,0,43913333,3352188,4,4,602958
recursive,4,44695848,0.0,0.05,0.0,1.0,53,5,1,44104417,3352188,4,4,1344542
recursive,4,44695848,0.0,0.05,0.0,1.0,53,5,2,43212250,3352188,4,4,1321334
recursive,4,44695848,0.0,0.05,0.0,1.0,53,5,3,40792542,3352188,4,4,1217958
recursive,4,44695848,0.0,0.05,0.0,1.0,53,5,4,39347166,3352188,4,4,1166166
recursive,4,44695848,0.0,0.05,0.0,1.0,53,5,5,40311542,3352188,4,4,2207834
recursive,4,44695848,0.0,0.05,0.0,1.0,53,5,6,39665250,3352188,4,4,1494917
recursive,4,44695848,0.0,0.05,0.0,1.0,53,5,7,44497583,3352188,4,4,1140791
recursive,4,44695848,0.0,0.05,0.0,1.0,53,5,8,43354000,3352188,4,4,1157708
recursive,4,44695848,0.0,0.05,0.0,1.0,53,5,9,45235083,3352188,4,4,1553791
recursive,4,44695848,0.0,0.05,0.0,1.0,53,5,10,38389333,3352188,4,4,81166
recursive,4,44695848,0.0,0.05,0.0,1.0,53,5,11,41112125,3352188,4,4,2933333
recursive,4,44695848,0.0,0.05,0.0,1.0,53,5,12,42354459,3352188,4,4,1082626
recursive,4,44695848,0.0,0.05,0.0,1.0,53,5,13,42614750,3352188,4,4,1271125
recursive,4,44695848,0.0,0.05,0.0,1.0,53,5,14,41852959,3352188,4,4,949001
recursive,4,44695848,0.0,0.05,0.0,1.0,53,5,15,36995291,3352188,4,4,2709666
recursive,4,44695848,0.0,0.05,0.0,1.0,53,5,16,38301583,3352188,4,4,1194041
recursive,4,44695848,0.0,0.05,0.0,1.0,53,5,17,41190291,3352188,4,4,1441666
recursive,4,44695848,0.0,0.05,0.0,1.0,53,5,18,41819375,3352188,4,4,1305708
recursive,4,44695848,0.0,0.05,0.0,1.0,53,5,19,38693416,3352188,4,4,1165457
recursive,4,44695848,0.0,0.4,0.0,1.0,53,5,0,63364209,26817512,4,4,82459
recursive,4,44695848,0.0,0.4,0.0,1.0,53,5,1,63022208,26817512,4,4,1902125
recursive,4,44695848,0.0,0.4,0.0,1.0,53,5,2,65607208,26817512,4,4,99749
recursive,4,44695848,0.0,0.4,0.0,1.0,53,5,3,66250500,26817512,4,4,103541
recursive,4,44695848,0.0,0.4,0.0,1.0,53,5,4,65710917,26817512,4,4,1208334
recursive,4,44695848,0.0,0.4,0.0,1.0,53,5,5,64793917,26817512,4,4,1474792
recursive,4,44695848,0.0,0.4,0.0,1.0,53,5,6,63186459,26817512,4,4,2099584
recursive,4,44695848,0.0,0.4,0.0,1.0,53,5,7,62392958,26817512,4,4,278083
recursive,4,44695848,0.0,0.4,0.0,1.0,53,5,8,68065250,26817512,4,4,1486916
recursive,4,44695848,0.0,0.4,0.0,1.0,53,5,9,65386834,26817512,4,4,413042
recursive,4,44695848,0.0,0.4,0.0,1.0,53,5,10,64131667,26817512,4,4,1559501
recursive,4,44695848,0.0,0.4,0.0,1.0,53,5,11,61786667,26817512,4,4,1177501
recursive,4,44695848,0.0,0.4,0.0,1.0,53,5,12,64184208,26817512,4,4,1466083
recursive,4,44695848,0.0,0.4,0.0,1.0,53,5,13,67822208,26817512,4,4,2309666
recursive,4,44695848,0.0,0.4,0.0,1.0,53,5,14,61605292,26817512,4,4,1607917
recursive,4,44695848,0.0,0.4,0.0,1.0,53,5,15,61322333,26817512,4,4,785042
recursive,4,44695848,0.0,0.4,0.0,1.0,53,5,16,66444833,26817512,4,4,752292
recursive,4,44695848,0.0,0.4,0.0,1.0,53,5,17,65264333,26817512,4,4,1176416
recursive,4,44695848,0.0,0.4,0.0,1.0,53,5,18,64517167,26817512,4,4,1462167
recursive,4,44695848,0.0,0.4,0.0,1.0,53,5,19,62603750,26817512,4,4,1343417
recursive_fresh,4,44695848,0.0,0.4,0.0,1.0,53,6,0,61314833,26817512,4,4,1535666
recursive_fresh,4,44695848,0.0,0.4,0.0,1.0,53,6,1,68686791,26817512,4,4,1457999
recursive_fresh,4,44695848,0.0,0.4,0.0,1.0,53,6,2,67058583,26817512,4,4,453333
recursive_fresh,4,44695848,0.0,0.4,0.0,1.0,53,6,3,63384125,26817512,4,4,1117792
recursive_fresh,4,44695848,0.0,0.4,0.0,1.0,53,6,4,62862958,26817512,4,4,1753625
recursive_fresh,4,44695848,0.0,0.4,0.0,1.0,53,6,5,62038958,26817512,4,4,109500
recursive_fresh,4,44695848,0.0,0.4,0.0,1.0,53,6,6,62558792,26817512,4,4,1676084
recursive_fresh,4,44695848,0.0,0.4,0.0,1.0,53,6,7,62528791,26817512,4,4,1946833
recursive_fresh,4,44695848,0.0,0.4,0.0,1.0,53,6,8,64701167,26817512,4,4,79626
recursive_fresh,4,44695848,0.0,0.4,0.0,1.0,53,6,9,61861208,26817512,4,4,1206458
recursive_fresh,4,44695848,0.0,0.4,0.0,1.0,53,6,10,63234167,26817512,4,4,1287917
recursive_fresh,4,44695848,0.0,0.4,0.0,1.0,53,6,11,62051708,26817512,4,4,1536667
recursive_fresh,4,44695848,0.0,0.4,0.0,1.0,53,6,12,61517084,26817512,4,4,64209
recursive_fresh,4,44695848,0.0,0.4,0.0,1.0,53,6,13,62462667,26817512,4,4,1533167
recursive_fresh,4,44695848,0.0,0.4,0.0,1.0,53,6,14,65946417,26817512,4,4,1288626
recursive_fresh,4,44695848,0.0,0.4,0.0,1.0,53,6,15,62337500,26817512,4,4,30583
recursive_fresh,4,44695848,0.0,0.4,0.0,1.0,53,6,16,64279791,26817512,4,4,74541
recursive_fresh,4,44695848,0.0,0.4,0.0,1.0,53,6,17,65541375,26817512,4,4,1479334
recursive_fresh,4,44695848,0.0,0.4,0.0,1.0,53,6,18,68264542,26817512,4,4,1046584
recursive_fresh,4,44695848,0.0,0.4,0.0,1.0,53,6,19,66086833,26817512,4,4,1633667
recursive_fresh,4,44695848,0.0,0.05,0.0,1.0,53,6,0,37428166,3352188,4,4,2197041
recursive_fresh,4,44695848,0.0,0.05,0.0,1.0,53,6,1,38634209,3352188,4,4,1652709
recursive_fresh,4,44695848,0.0,0.05,0.0,1.0,53,6,2,44230750,3352188,4,4,759583
recursive_fresh,4,44695848,0.0,0.05,0.0,1.0,53,6,3,41881500,3352188,4,4,1122708
recursive_fresh,4,44695848,0.0,0.05,0.0,1.0,53,6,4,39320500,3352188,4,4,1801000
recursive_fresh,4,44695848,0.0,0.05,0.0,1.0,53,6,5,40688375,3352188,4,4,1165875
recursive_fresh,4,44695848,0.0,0.05,0.0,1.0,53,6,6,43310875,3352188,4,4,1500708
recursive_fresh,4,44695848,0.0,0.05,0.0,1.0,53,6,7,38573541,3352188,4,4,49457
recursive_fresh,4,44695848,0.0,0.05,0.0,1.0,53,6,8,38951000,3352188,4,4,684041
recursive_fresh,4,44695848,0.0,0.05,0.0,1.0,53,6,9,44394375,3352188,4,4,996250
recursive_fresh,4,44695848,0.0,0.05,0.0,1.0,53,6,10,42654166,3352188,4,4,1150541
recursive_fresh,4,44695848,0.0,0.05,0.0,1.0,53,6,11,39669792,3352188,4,4,1898750
recursive_fresh,4,44695848,0.0,0.05,0.0,1.0,53,6,12,43849416,3352188,4,4,1054916
recursive_fresh,4,44695848,0.0,0.05,0.0,1.0,53,6,13,43532875,3352188,4,4,605000
recursive_fresh,4,44695848,0.0,0.05,0.0,1.0,53,6,14,41553750,3352188,4,4,1448042
recursive_fresh,4,44695848,0.0,0.05,0.0,1.0,53,6,15,40872541,3352188,4,4,563250
recursive_fresh,4,44695848,0.0,0.05,0.0,1.0,53,6,16,40093916,3352188,4,4,984082
recursive_fresh,4,44695848,0.0,0.05,0.0,1.0,53,6,17,41612458,3352188,4,4,1451417
recursive_fresh,4,44695848,0.0,0.05,0.0,1.0,53,6,18,43046458,3352188,4,4,1068958
recursive_fresh,4,44695848,0.0,0.05,0.0,1.0,53,6,19,36840584,3352188,4,4,524584
recursive,4,44695848,0.0,0.4,0.0,1.0,53,6,0,62043667,26817512,4,4,46917
recursive,4,44695848,0.0,0.4,0.0,1.0,53,6,1,63452250,26817512,4,4,1284375
recursive,4,44695848,0.0,0.4,0.0,1.0,53,6,2,62375500,26817512,4,4,1519875
recursive,4,44695848,0.0,0.4,0.0,1.0,53,6,3,63043666,26817512,4,4,2306999
recursive,4,44695848,0.0,0.4,0.0,1.0,53,6,4,66287500,26817512,4,4,2298458
recursive,4,44695848,0.0,0.4,0.0,1.0,53,6,5,63863750,26817512,4,4,673500
recursive,4,44695848,0.0,0.4,0.0,1.0,53,6,6,65708375,26817512,4,4,90750
recursive,4,44695848,0.0,0.4,0.0,1.0,53,6,7,63130667,26817512,4,4,1692084
recursive,4,44695848,0.0,0.4,0.0,1.0,53,6,8,63717500,26817512,4,4,1184958
recursive,4,44695848,0.0,0.4,0.0,1.0,53,6,9,68268250,26817512,4,4,1108084
recursive,4,44695848,0.0,0.4,0.0,1.0,53,6,10,62800666,26817512,4,4,984541
recursive,4,44695848,0.0,0.4,0.0,1.0,53,6,11,65834625,26817512,4,4,1343000
recursive,4,44695848,0.0,0.4,0.0,1.0,53,6,12,65394334,26817512,4,4,1299375
recursive,4,44695848,0.0,0.4,0.0,1.0,53,6,13,63709750,26817512,4,4,1648791
recursive,4,44695848,0.0,0.4,0.0,1.0,53,6,14,65685791,26817512,4,4,998166
recursive,4,44695848,0.0,0.4,0.0,1.0,53,6,15,65824000,26817512,4,4,640500
recursive,4,44695848,0.0,0.4,0.0,1.0,53,6,16,66638292,26817512,4,4,1337251
recursive,4,44695848,0.0,0.4,0.0,1.0,53,6,17,62569500,26817512,4,4,1175584
recursive,4,44695848,0.0,0.4,0.0,1.0,53,6,18,69305125,26817512,4,4,1151417
recursive,4,44695848,0.0,0.4,0.0,1.0,53,6,19,69298333,26817512,4,4,1240792
recursive,4,44695848,0.0,0.05,0.0,1.0,53,6,0,43023750,3352188,4,4,1089167
recursive,4,44695848,0.0,0.05,0.0,1.0,53,6,1,37429375,3352188,4,4,1969291
recursive,4,44695848,0.0,0.05,0.0,1.0,53,6,2,46532000,3352188,4,4,1239292
recursive,4,44695848,0.0,0.05,0.0,1.0,53,6,3,39873208,3352188,4,4,1756833
recursive,4,44695848,0.0,0.05,0.0,1.0,53,6,4,42997875,3352188,4,4,2309042
recursive,4,44695848,0.0,0.05,0.0,1.0,53,6,5,41279708,3352188,4,4,1150916
recursive,4,44695848,0.0,0.05,0.0,1.0,53,6,6,42006500,3352188,4,4,1793875
recursive,4,44695848,0.0,0.05,0.0,1.0,53,6,7,42062334,3352188,4,4,1017584
recursive,4,44695848,0.0,0.05,0.0,1.0,53,6,8,44135125,3352188,4,4,2170500
recursive,4,44695848,0.0,0.05,0.0,1.0,53,6,9,44022875,3352188,4,4,1217708
recursive,4,44695848,0.0,0.05,0.0,1.0,53,6,10,42108541,3352188,4,4,1238166
recursive,4,44695848,0.0,0.05,0.0,1.0,53,6,11,38693208,3352188,4,4,3014792
recursive,4,44695848,0.0,0.05,0.0,1.0,53,6,12,39552292,3352188,4,4,1487376
recursive,4,44695848,0.0,0.05,0.0,1.0,53,6,13,44399334,3352188,4,4,1899459
recursive,4,44695848,0.0,0.05,0.0,1.0,53,6,14,42545375,3352188,4,4,1682375
recursive,4,44695848,0.0,0.05,0.0,1.0,53,6,15,41690042,3352188,4,4,55251
recursive,4,44695848,0.0,0.05,0.0,1.0,53,6,16,39968834,3352188,4,4,1651250
recursive,4,44695848,0.0,0.05,0.0,1.0,53,6,17,40526084,3352188,4,4,1514418
recursive,4,44695848,0.0,0.05,0.0,1.0,53,6,18,44024375,3352188,4,4,808750
recursive,4,44695848,0.0,0.05,0.0,1.0,53,6,19,42461292,3352188,4,4,120376
recursive,4,44695848,0.0,0.4,0.0,1.0,53,7,0,62279042,26817512,4,4,2291709
recursive,4,44695848,0.0,0.4,0.0,1.0,53,7,1,62354083,26817512,4,4,46749
recursive,4,44695848,0.0,0.4,0.0,1.0,53,7,2,65769125,26817512,4,4,1801500
recursive,4,44695848,0.0,0.4,0.0,1.0,53,7,3,59203875,26817512,4,4,79834
recursive,4,44695848,0.0,0.4,0.0,1.0,53,7,4,65964917,26817512,4,4,1055751
recursive,4,44695848,0.0,0.4,0.0,1.0,53,7,5,62138458,26817512,4,4,1235167
recursive,4,44695848,0.0,0.4,0.0,1.0,53,7,6,62499125,26817512,4,4,1973125
recursive,4,44695848,0.0,0.4,0.0,1.0,53,7,7,65345875,26817512,4,4,1203750
recursive,4,44695848,0.0,0.4,0.0,1.0,53,7,8,65293041,26817512,4,4,708166
recursive,4,44695848,0.0,0.4,0.0,1.0,53,7,9,64727125,26817512,4,4,2071375
recursive,4,44695848,0.0,0.4,0.0,1.0,53,7,10,64588250,26817512,4,4,2383375
recursive,4,44695848,0.0,0.4,0.0,1.0,53,7,11,62023542,26817512,4,4,1199792
recursive,4,44695848,0.0,0.4,0.0,1.0,53,7,12,61602916,26817512,4,4,2259791
recursive,4,44695848,0.0,0.4,0.0,1.0,53,7,13,74718541,26817512,4,4,1647416
recursive,4,44695848,0.0,0.4,0.0,1.0,53,7,14,66372041,26817512,4,4,1047999
recursive,4,44695848,0.0,0.4,0.0,1.0,53,7,15,65084542,26817512,4,4,1568042
recursive,4,44695848,0.0,0.4,0.0,1.0,53,7,16,69517333,26817512,4,4,1494458
recursive,4,44695848,0.0,0.4,0.0,1.0,53,7,17,63149583,26817512,4,4,1685208
recursive,4,44695848,0.0,0.4,0.0,1.0,53,7,18,65299416,26817512,4,4,1279707
recursive,4,44695848,0.0,0.4,0.0,1.0,53,7,19,64363583,26817512,4,4,1647374
recursive_fresh,4,44695848,0.0,0.4,0.0,1.0,53,7,0,65044083,26817512,4,4,2157749
recursive_fresh,4,44695848,0.0,0.4,0.0,1.0,53,7,1,63964959,26817512,4,4,717167
recursive_fresh,4,44695848,0.0,0.4,0.0,1.0,53,7,2,61384708,26817512,4,4,2120999
recursive_fresh,4,44695848,0.0,0.4,0.0,1.0,53,7,3,66901125,26817512,4,4,1180750
recursive_fresh,4,44695848,0.0,0.4,0.0,1.0,53,7,4,68659417,26817512,4,4,898708
recursive_fresh,4,44695848,0.0,0.4,0.0,1.0,53,7,5,62847625,26817512,4,4,1313750
recursive_fresh,4,44695848,0.0,0.4,0.0,1.0,53,7,6,65707084,26817512,4,4,2647417
recursive_fresh,4,44695848,0.0,0.4,0.0,1.0,53,7,7,62560250,26817512,4,4,2107958
recursive_fresh,4,44695848,0.0,0.4,0.0,1.0,53,7,8,66780209,26817512,4,4,1029293
recursive_fresh,4,44695848,0.0,0.4,0.0,1.0,53,7,9,66286625,26817512,4,4,1118750
recursive_fresh,4,44695848,0.0,0.4,0.0,1.0,53,7,10,66476250,26817512,4,4,2736208
recursive_fresh,4,44695848,0.0,0.4,0.0,1.0,53,7,11,64150666,26817512,4,4,682541
recursive_fresh,4,44695848,0.0,0.4,0.0,1.0,53,7,12,66514000,26817512,4,4,1573708
recursive_fresh,4,44695848,0.0,0.4,0.0,1.0,53,7,13,64756542,26817512,4,4,46334
recursive_fresh,4,44695848,0.0,0.4,0.0,1.0,53,7,14,66163584,26817512,4,4,21709
recursive_fresh,4,44695848,0.0,0.4,0.0,1.0,53,7,15,62225708,26817512,4,4,1252000
recursive_fresh,4,44695848,0.0,0.4,0.0,1.0,53,7,16,65183083,26817512,4,4,135749
recursive_fresh,4,44695848,0.0,0.4,0.0,1.0,53,7,17,63925083,26817512,4,4,2284583
recursive_fresh,4,44695848,0.0,0.4,0.0,1.0,53,7,18,64581917,26817512,4,4,1605376
recursive_fresh,4,44695848,0.0,0.4,0.0,1.0,53,7,19,66861208,26817512,4,4,2681208
recursive,4,44695848,0.0,0.05,0.0,1.0,53,7,0,42780917,3352188,4,4,1074875
recursive,4,44695848,0.0,0.05,0.0,1.0,53,7,1,43868292,3352188,4,4,95417
recursive,4,44695848,0.0,0.05,0.0,1.0,53,7,2,41675458,3352188,4,4,973042
recursive,4,44695848,0.0,0.05,0.0,1.0,53,7,3,43018833,3352188,4,4,578875
recursive,4,44695848,0.0,0.05,0.0,1.0,53,7,4,41208875,3352188,4,4,1253250
recursive,4,44695848,0.0,0.05,0.0,1.0,53,7,5,43540166,3352188,4,4,769707
recursive,4,44695848,0.0,0.05,0.0,1.0,53,7,6,40727166,3352188,4,4,985124
recursive,4,44695848,0.0,0.05,0.0,1.0,53,7,7,40785250,3352188,4,4,1203084
recursive,4,44695848,0.0,0.05,0.0,1.0,53,7,8,44796416,3352188,4,4,1050875
recursive,4,44695848,0.0,0.05,0.0,1.0,53,7,9,41695750,3352188,4,4,2455625
recursive,4,44695848,0.0,0.05,0.0,1.0,53,7,10,38918250,3352188,4,4,677417
recursive,4,44695848,0.0,0.05,0.0,1.0,53,7,11,41514125,3352188,4,4,1848208
recursive,4,44695848,0.0,0.05,0.0,1.0,53,7,12,42373458,3352188,4,4,1740250
recursive,4,44695848,0.0,0.05,0.0,1.0,53,7,13,44301250,3352188,4,4,1064000
recursive,4,44695848,0.0,0.05,0.0,1.0,53,7,14,41194958,3352188,4,4,2092541
recursive,4,44695848,0.0,0.05,0.0,1.0,53,7,15,44654959,3352188,4,4,2624793
recursive,4,44695848,0.0,0.05,0.0,1.0,53,7,16,45429083,3352188,4,4,2682625
recursive,4,44695848,0.0,0.05,0.0,1.0,53,7,17,42844500,3352188,4,4,911208
recursive,4,44695848,0.0,0.05,0.0,1.0,53,7,18,41020333,3352188,4,4,1598041
recursive,4,44695848,0.0,0.05,0.0,1.0,53,7,19,42538417,3352188,4,4,2307334
recursive_fresh,4,44695848,0.0,0.05,0.0,1.0,53,7,0,42019458,3352188,4,4,35624
recursive_fresh,4,44695848,0.0,0.05,0.0,1.0,53,7,1,41370083,3352188,4,4,128416
recursive_fresh,4,44695848,0.0,0.05,0.0,1.0,53,7,2,42419000,3352188,4,4,546292
recursive_fresh,4,44695848,0.0,0.05,0.0,1.0,53,7,3,38479334,3352188,4,4,1232084
recursive_fresh,4,44695848,0.0,0.05,0.0,1.0,53,7,4,38746250,3352188,4,4,961750
recursive_fresh,4,44695848,0.0,0.05,0.0,1.0,53,7,5,46026083,3352188,4,4,601833
recursive_fresh,4,44695848,0.0,0.05,0.0,1.0,53,7,6,42019291,3352188,4,4,1549958
recursive_fresh,4,44695848,0.0,0.05,0.0,1.0,53,7,7,42362333,3352188,4,4,1179583
recursive_fresh,4,44695848,0.0,0.05,0.0,1.0,53,7,8,43276167,3352188,4,4,594209
recursive_fresh,4,44695848,0.0,0.05,0.0,1.0,53,7,9,42812916,3352188,4,4,2253500
recursive_fresh,4,44695848,0.0,0.05,0.0,1.0,53,7,10,38249583,3352188,4,4,2656499
recursive_fresh,4,44695848,0.0,0.05,0.0,1.0,53,7,11,39166292,3352188,4,4,63625
recursive_fresh,4,44695848,0.0,0.05,0.0,1.0,53,7,12,38767416,3352188,4,4,1112416
recursive_fresh,4,44695848,0.0,0.05,0.0,1.0,53,7,13,39002000,3352188,4,4,1559834
recursive_fresh,4,44695848,0.0,0.05,0.0,1.0,53,7,14,42237583,3352188,4,4,1544791
recursive_fresh,4,44695848,0.0,0.05,0.0,1.0,53,7,15,40374458,3352188,4,4,256124
recursive_fresh,4,44695848,0.0,0.05,0.0,1.0,53,7,16,41336084,3352188,4,4,1870876
recursive_fresh,4,44695848,0.0,0.05,0.0,1.0,53,7,17,42976334,3352188,4,4,347792
recursive_fresh,4,44695848,0.0,0.05,0.0,1.0,53,7,18,43294375,3352188,4,4,1429416
recursive_fresh,4,44695848,0.0,0.05,0.0,1.0,53,7,19,38319000,3352188,4,4,2183334
recursive,8,44695848,0.0,0.4,0.0,1.0,53,0,0,154472625,31287108,6,8,4269625
recursive,8,44695848,0.0,0.4,0.0,1.0,53,0,1,126496208,31287108,6,8,4642249
recursive,8,44695848,0.0,0.4,0.0,1.0,53,0,2,132580666,31287108,6,8,7330666
recursive,8,44695848,0.0,0.4,0.0,1.0,53,0,3,142599500,31287108,6,8,4356709
recursive,8,44695848,0.0,0.4,0.0,1.0,53,0,4,139343458,31287108,6,8,4483625
recursive,8,44695848,0.0,0.4,0.0,1.0,53,0,5,136200542,31287108,6,8,5980292
recursive,8,44695848,0.0,0.4,0.0,1.0,53,0,6,153244041,31287108,6,8,11285208
recursive,8,44695848,0.0,0.4,0.0,1.0,53,0,7,153614541,31287108,6,8,4436958
recursive,8,44695848,0.0,0.4,0.0,1.0,53,0,8,143456750,31287108,6,8,6511875
recursive,8,44695848,0.0,0.4,0.0,1.0,53,0,9,148947000,31287108,6,8,9498375
recursive,8,44695848,0.0,0.4,0.0,1.0,53,0,10,151310417,31287108,6,8,6843959
recursive,8,44695848,0.0,0.4,0.0,1.0,53,0,11,140860166,31287108,6,8,7906916
recursive,8,44695848,0.0,0.4,0.0,1.0,53,0,12,142314167,31287108,6,8,7390667
recursive,8,44695848,0.0,0.4,0.0,1.0,53,0,13,145288000,31287108,6,8,6113625
recursive,8,44695848,0.0,0.4,0.0,1.0,53,0,14,135902250,31287108,6,8,8879042
recursive,8,44695848,0.0,0.4,0.0,1.0,53,0,15,148688250,31287108,6,8,10909500
recursive,8,44695848,0.0,0.4,0.0,1.0,53,0,16,141526583,31287108,6,8,5326458
recursive,8,44695848,0.0,0.4,0.0,1.0,53,0,17,135778084,31287108,6,8,7293500
recursive,8,44695848,0.0,0.4,0.0,1.0,53,0,18,147825541,31287108,6,8,7504958
recursive,8,44695848,0.0,0.4,0.0,1.0,53,0,19,141080209,31287108,6,8,12065918
recursive,8,44695848,0.0,0.05,0.0,1.0,53,0,0,129333708,3910886,6,8,11231666
recursive,8,44695848,0.0,0.05,0.0,1.0,53,0,1,115366417,3910886,6,8,6617875
recursive,8,44695848,0.0,0.05,0.0,1.0,53,0,2,111563916,3910886,6,8,8244708
recursive,8,44695848,0.0,0.05,0.0,1.0,53,0,3,124342042,3910886,6,8,6937959
recursive,8,44695848,0.0,0.05,0.0,1.0,53,0,4,121564625,3910886,6,8,4583583
recursive,8,44695848,0.0,0.05,0.0,1.0,53,0,5,117642083,3910886,6,8,4021375
recursive,8,44695848,0.0,0.05,0.0,1.0,53,0,6,124546000,3910886,6,8,4266917
recursive,8,44695848,0.0,0.05,0.0,1.0,53,0,7,112067917,3910886,6,8,7897584
recursive,8,44695848,0.0,0.05,0.0,1.0,53,0,8,112455334,3910886,6,8,6829500
recursive,8,44695848,0.0,0.05,0.0,1.0,53,0,9,108287041,3910886,6,8,7555124
recursive,8,44695848,0.0,0.05,0.0,1.0,53,0,10,113673458,3910886,6,8,10884583
recursive,8,44695848,0.0,0.05,0.0,1.0,53,0,11,118519750,3910886,6,8,5031833
recursive,8,44695848,0.0,0.05,0.0,1.0,53,0,12,111279875,3910886,6,8,7920500
recursive,8,44695848,0.0,0.05,0.0,1.0,53,0,13,122284167,3910886,6,8,7282500
recursive,8,44695848,0.0,0.05,0.0,1.0,53,0,14,111532584,3910886,6,8,7099042
recursive,8,44695848,0.0,0.05,0.0,1.0,53,0,15,119710459,3910886,6,8,6547168
recursive,8,44695848,0.0,0.05,0.0,1.0,53,0,16,113246083,3910886,6,8,5661916
recursive,8,44695848,0.0,0.05,0.0,1.0,53,0,17,120557583,3910886,6,8,6675083
recursive,8,44695848,0.0,0.05,0.0,1.0,53,0,18,113654167,3910886,6,8,5537959
recursive,8,44695848,0.0,0.05,0.0,1.0,53,0,19,102983375,3910886,6,8,4813583
recursive_fresh,8,44695848,0.0,0.4,0.0,1.0,53,0,0,130492541,31287108,6,8,7639416
recursive_fresh,8,44695848,0.0,0.4,0.0,1.0,53,0,1,129435125,31287108,6,8,4183541
recursive_fresh,8,44695848,0.0,0.4,0.0,1.0,53,0,2,152455875,31287108,6,8,5080708
recursive_fresh,8,44695848,0.0,0.4,0.0,1.0,53,0,3,139117209,31287108,6,8,4873334
recursive_fresh,8,44695848,0.0,0.4,0.0,1.0,53,0,4,154015583,31287108,6,8,11502041
recursive_fresh,8,44695848,0.0,0.4,0.0,1.0,53,0,5,154578042,31287108,6,8,6238209
recursive_fresh,8,44695848,0.0,0.4,0.0,1.0,53,0,6,135364250,31287108,6,8,7835334
recursive_fresh,8,44695848,0.0,0.4,0.0,1.0,53,0,7,144603417,31287108,6,8,4770625
recursive_fresh,8,44695848,0.0,0.4,0.0,1.0,53,0,8,136499209,31287108,6,8,7840709
recursive_fresh,8,44695848,0.0,0.4,0.0,1.0,53,0,9,141303791,31287108,6,8,6033708
recursive_fresh,8,44695848,0.0,0.4,0.0,1.0,53,0,10,147998125,31287108,6,8,7888208
recursive_fresh,8,44695848,0.0,0.4,0.0,1.0,53,0,11,135272542,31287108,6,8,8223000
recursive_fresh,8,44695848,0.0,0.4,0.0,1.0,53,0,12,148412750,31287108,6,8,7364667
recursive_fresh,8,44695848,0.0,0.4,0.0,1.0,53,0,13,148196375,31287108,6,8,12726625
recursive_fresh,8,44695848,0.0,0.4,0.0,1.0,53,0,14,151224292,31287108,6,8,6375792
recursive_fresh,8,44695848,0.0,0.4,0.0,1.0,53,0,15,127704292,31287108,6,8,5587167
recursive_fresh,8,44695848,0.0,0.4,0.0,1.0,53,0,16,158890208,31287108,6,8,6375542
recursive_fresh,8,44695848,0.0,0.4,0.0,1.0,53,0,17,146657375,31287108,6,8,6771750
recursive_fresh,8,44695848,0.0,0.4,0.0,1.0,53,0,18,141029375,31287108,6,8,6123709
recursive_fresh,8,44695848,0.0,0.4,0.0,1.0,53,0,19,141803291,31287108,6,8,8892124
recursive_fresh,8,44695848,0.0,0.05,0.0,1.0,53,0,0,118562000,3910886,6,8,5247167
recursive_fresh,8,44695848,0.0,0.05,0.0,1.0,53,0,1,113313541,3910886,6,8,6585874
recursive_fresh,8,44695848,0.0,0.05,0.0,1.0,53,0,2,125628083,3910886,6,8,6767083
recursive_fresh,8,44695848,0.0,0.05,0.0,1.0,53,0,3,118544250,3910886,6,8,5491667
recursive_fresh,8,44695848,0.0,0.05,0.0,1.0,53,0,4,111750916,3910886,6,8,4412833
recursive_fresh,8,44695848,0.0,0.05,0.0,1.0,53,0,5,122819708,3910886,6,8,4970541
recursive_fresh,8,44695848,0.0,0.05,0.0,1.0,53,0,6,114831625,3910886,6,8,4169833
recursive_fresh,8,44695848,0.0,0.05,0.0,1.0,53,0,7,115568833,3910886,6,8,10061333
recursive_fresh,8,44695848,0.0,0.05,0.0,1.0,53,0,8,112282291,3910886,6,8,5321499
recursive_fresh,8,44695848,0.0,0.05,0.0,1.0,53,0,9,107159292,3910886,6,8,9653876
recursive_fresh,8,44695848,0.0,0.05,0.0,1.0,53,0,10,117005208,3910886,6,8,5423916
recursive_fresh,8,44695848,0.0,0.05,0.0,1.0,53,0,11,111456833,3910886,6,8,5373375
recursive_fresh,8,44695848,0.0,0.05,0.0,1.0,53,0,12,113296875,3910886,6,8,6188458
recursive_fresh,8,44695848,0.0,0.05,0.0,1.0,53,0,13,101751167,3910886,6,8,7436542
recursive_fresh,8,44695848,0.0,0.05,0.0,1.0,53,0,14,113975000,3910886,6,8,6325041
recursive_fresh,8,44695848,0.0,0.05,0.0,1.0,53,0,15,112754708,3910886,6,8,6359875
recursive_fresh,8,44695848,0.0,0.05,0.0,1.0,53,0,16,117725083,3910886,6,8,4533583
recursive_fresh,8,44695848,0.0,0.05,0.0,1.0,53,0,17,117518709,3910886,6,8,6743376
recursive_fresh,8,44695848,0.0,0.05,0.0,1.0,53,0,18,117555208,3910886,6,8,10733875
recursive_fresh,8,44695848,0.0,0.05,0.0,1.0,53,0,19,114543417,3910886,6,8,1998042
recursive_fresh,8,44695848,0.0,0.05,0.0,1.0,53,1,0,130157167,3910886,6,8,6893375
recursive_fresh,8,44695848,0.0,0.05,0.0,1.0,53,1,1,127602458,3910886,6,8,6691374
recursive_fresh,8,44695848,0.0,0.05,0.0,1.0,53,1,2,143722750,3910886,6,8,5826250
recursive_fresh,8,44695848,0.0,0.05,0.0,1.0,53,1,3,119833541,3910886,6,8,4274999
recursive_fresh,8,44695848,0.0,0.05,0.0,1.0,53,1,4,119086167,3910886,6,8,7061792
recursive_fresh,8,44695848,0.0,0.05,0.0,1.0,53,1,5,124185167,3910886,6,8,5050792
recursive_fresh,8,44695848,0.0,0.05,0.0,1.0,53,1,6,114503666,3910886,6,8,5166458
recursive_fresh,8,44695848,0.0,0.05,0.0,1.0,53,1,7,119318417,3910886,6,8,5799334
recursive_fresh,8,44695848,0.0,0.05,0.0,1.0,53,1,8,113984042,3910886,6,8,6287458
recursive_fresh,8,44695848,0.0,0.05,0.0,1.0,53,1,9,120047208,3910886,6,8,6477583
recursive_fresh,8,44695848,0.0,0.05,0.0,1.0,53,1,10,117988917,3910886,6,8,4653792
recursive_fresh,8,44695848,0.0,0.05,0.0,1.0,53,1,11,107184625,3910886,6,8,8920833
recursive_fresh,8,44695848,0.0,0.05,0.0,1.0,53,1,12,119232708,3910886,6,8,5465416
recursive_fresh,8,44695848,0.0,0.05,0.0,1.0,53,1,13,119027709,3910886,6,8,5705459
recursive_fresh,8,44695848,0.0,0.05,0.0,1.0,53,1,14,120157625,3910886,6,8,6668291
recursive_fresh,8,44695848,0.0,0.05,0.0,1.0,53,1,15,113720708,3910886,6,8,5315750
recursive_fresh,8,44695848,0.0,0.05,0.0,1.0,53,1,16,107005459,3910886,6,8,6304459
recursive_fresh,8,44695848,0.0,0.05,0.0,1.0,53,1,17,107417833,3910886,6,8,5040750
recursive_fresh,8,44695848,0.0,0.05,0.0,1.0,53,1,18,114262625,3910886,6,8,4079958
recursive_fresh,8,44695848,0.0,0.05,0.0,1.0,53,1,19,109137834,3910886,6,8,7064500
recursive_fresh,8,44695848,0.0,0.4,0.0,1.0,53,1,0,122432542,31287108,6,8,2697334
recursive_fresh,8,44695848,0.0,0.4,0.0,1.0,53,1,1,137751084,31287108,6,8,7451417
recursive_fresh,8,44695848,0.0,0.4,0.0,1.0,53,1,2,135730750,31287108,6,8,4695791
recursive_fresh,8,44695848,0.0,0.4,0.0,1.0,53,1,3,149896833,31287108,6,8,3651874
recursive_fresh,8,44695848,0.0,0.4,0.0,1.0,53,1,4,148116042,31287108,6,8,2879708
recursive_fresh,8,44695848,0.0,0.4,0.0,1.0,53,1,5,136714667,31287108,6,8,7866667
recursive_fresh,8,44695848,0.0,0.4,0.0,1.0,53,1,6,145934250,31287108,6,8,6914542
recursive_fresh,8,44695848,0.0,0.4,0.0,1.0,53,1,7,153141500,31287108,6,8,8371834
recursive_fresh,8,44695848,0.0,0.4,0.0,1.0,53,1,8,152702125,31287108,6,8,8591166
recursive_fresh,8,44695848,0.0,0.4,0.0,1.0,53,1,9,142630250,31287108,6,8,8293541
recursive_fresh,8,44695848,0.0,0.4,0.0,1.0,53,1,10,153073792,31287108,6,8,5129375
recursive_fresh,8,44695848,0.0,0.4,0.0,1.0,53,1,11,146383292,31287108,6,8,6590417
recursive_fresh,8,44695848,0.0,0.4,0.0,1.0,53,1,12,159033708,31287108,6,8,5008708
recursive_fresh,8,44695848,0.0,0.4,0.0,1.0,53,1,13,147195541,31287108,6,8,7814708
recursive_fresh,8,44695848,0.0,0.4,0.0,1.0,53,1,14,142605291,31287108,6,8,5098083
recursive_fresh,8,44695848,0.0,0.4,0.0,1.0,53,1,15,145837959,31287108,6,8,5802584
recursive_fresh,8,44695848,0.0,0.4,0.0,1.0,53,1,16,151281542,31287108,6,8,6255084
recursive_fresh,8,44695848,0.0,0.4,0.0,1.0,53,1,17,131729875,31287108,6,8,7047250
recursive_fresh,8,44695848,0.0,0.4,0.0,1.0,53,1,18,150123875,31287108,6,8,8351250
recursive_fresh,8,44695848,0.0,0.4,0.0,1.0,53,1,19,146122166,31287108,6,8,8256791
recursive,8,44695848,0.0,0.4,0.0,1.0,53,1,0,147152292,31287108,6,8,7035959
recursive,8,44695848,0.0,0.4,0.0,1.0,53,1,1,132213042,31287108,6,8,4078667
recursive,8,44695848,0.0,0.4,0.0,1.0,53,1,2,149875334,31287108,6,8,4924501
recursive,8,44695848,0.0,0.4,0.0,1.0,53,1,3,138677166,31287108,6,8,6508541
recursive,8,44695848,0.0,0.4,0.0,1.0,53,1,4,124978625,31287108,6,8,4933042
recursive,8,44695848,0.0,0.4,0.0,1.0,53,1,5,153583583,31287108,6,8,11676417
recursive,8,44695848,0.0,0.4,0.0,1.0,53,1,6,143303375,31287108,6,8,5378791
recursive,8,44695848,0.0,0.4,0.0,1.0,53,1,7,146075542,31287108,6,8,5823125
recursive,8,44695848,0.0,0.4,0.0,1.0,53,1,8,159719958,31287108,6,8,4517249
recursive,8,44695848,0.0,0.4,0.0,1.0,53,1,9,153263667,31287108,6,8,3882667
recursive,8,44695848,0.0,0.4,0.0,1.0,53,1,10,144396959,31287108,6,8,6652834
recursive,8,44695848,0.0,0.4,0.0,1.0,53,1,11,131611625,31287108,6,8,7542167
recursive,8,44695848,0.0,0.4,0.0,1.0,53,1,12,150190333,31287108,6,8,7803249
recursive,8,44695848,0.0,0.4,0.0,1.0,53,1,13,139767458,31287108,6,8,6787750
recursive,8,44695848,0.0,0.4,0.0,1.0,53,1,14,140487625,31287108,6,8,8285333
recursive,8,44695848,0.0,0.4,0.0,1.0,53,1,15,135340000,31287108,6,8,7857000
recursive,8,44695848,0.0,0.4,0.0,1.0,53,1,16,154235584,31287108,6,8,5068459
recursive,8,44695848,0.0,0.4,0.0,1.0,53,1,17,141871416,31287108,6,8,4771041
recursive,8,44695848,0.0,0.4,0.0,1.0,53,1,18,135420959,31287108,6,8,7944959
recursive,8,44695848,0.0,0.4,0.0,1.0,53,1,19,145381000,31287108,6,8,4327125
recursive,8,44695848,0.0,0.05,0.0,1.0,53,1,0,135586583,3910886,6,8,5165083
recursive,8,44695848,0.0,0.05,0.0,1.0,53,1,1,130951083,3910886,6,8,8447708
recursive,8,44695848,0.0,0.05,0.0,1.0,53,1,2,136896250,3910886,6,8,3950667
recursive,8,44695848,0.0,0.05,0.0,1.0,53,1,3,131146708,3910886,6,8,6669792
recursive,8,44695848,0.0,0.05,0.0,1.0,53,1,4,117896292,3910886,6,8,6576709
recursive,8,44695848,0.0,0.05,0.0,1.0,53,1,5,122412292,3910886,6,8,7122083
recursive,8,44695848,0.0,0.05,0.0,1.0,53,1,6,125062750,3910886,6,8,5380250
recursive,8,44695848,0.0,0.05,0.0,1.0,53,1,7,119684167,3910886,6,8,5834209
recursive,8,44695848,0.0,0.05,0.0,1.0,53,1,8,116298250,3910886,6,8,4305167
recursive,8,44695848,0.0,0.05,0.0,1.0,53,1,9,116095333,3910886,6,8,6333458
recursive,8,44695848,0.0,0.05,0.0,1.0,53,1,10,107255750,3910886,6,8,5839875
recursive,8,44695848,0.0,0.05,0.0,1.0,53,1,11,110261042,3910886,6,8,3373667
recursive,8,44695848,0.0,0.05,0.0,1.0,53,1,12,108081500,3910886,6,8,5203792
recursive,8,44695848,0.0,0.05,0.0,1.0,53,1,13,99212958,3910886,6,8,6741125
recursive,8,44695848,0.0,0.05,0.0,1.0,53,1,14,116650250,3910886,6,8,6743333
recursive,8,44695848,0.0,0.05,0.0,1.0,53,1,15,120881625,3910886,6,8,4531000
recursive,8,44695848,0.0,0.05,0.0,1.0,53,1,16,114805750,3910886,6,8,7522625
recursive,8,44695848,0.0,0.05,0.0,1.0,53,1,17,106257250,3910886,6,8,7428375
recursive,8,44695848,0.0,0.05,0.0,1.0,53,1,18,106277458,3910886,6,8,7522541
recursive,8,44695848,0.0,0.05,0.0,1.0,53,1,19,118396875,3910886,6,8,1747333
recursive_fresh,8,44695848,0.0,0.4,0.0,1.0,53,2,0,139094542,31287108,6,8,7731417
recursive_fresh,8,44695848,0.0,0.4,0.0,1.0,53,2,1,181175875,31287108,6,8,12200875
recursive_fresh,8,44695848,0.0,0.4,0.0,1.0,53,2,2,150111208,31287108,6,8,5298333
recursive_fresh,8,44695848,0.0,0.4,0.0,1.0,53,2,3,144961792,31287108,6,8,7071333
recursive_fresh,8,44695848,0.0,0.4,0.0,1.0,53,2,4,149472958,31287108,6,8,6714417
recursive_fresh,8,44695848,0.0,0.4,0.0,1.0,53,2,5,151660041,31287108,6,8,7321624
recursive_fresh,8,44695848,0.0,0.4,0.0,1.0,53,2,6,156060000,31287108,6,8,7529875
recursive_fresh,8,44695848,0.0,0.4,0.0,1.0,53,2,7,144293333,31287108,6,8,3309458
recursive_fresh,8,44695848,0.0,0.4,0.0,1.0,53,2,8,139763791,31287108,6,8,8012916
recursive_fresh,8,44695848,0.0,0.4,0.0,1.0,53,2,9,146223750,31287108,6,8,6723000
recursive_fresh,8,44695848,0.0,0.4,0.0,1.0,53,2,10,142542917,31287108,6,8,7298001
recursive_fresh,8,44695848,0.0,0.4,0.0,1.0,53,2,11,149318459,31287108,6,8,6068834
recursive_fresh,8,44695848,0.0,0.4,0.0,1.0,53,2,12,158776917,31287108,6,8,7810667
recursive_fresh,8,44695848,0.0,0.4,0.0,1.0,53,2,13,158368042,31287108,6,8,10056875
recursive_fresh,8,44695848,0.0,0.4,0.0,1.0,53,2,14,146316417,31287108,6,8,6703833
recursive_fresh,8,44695848,0.0,0.4,0.0,1.0,53,2,15,136922208,31287108,6,8,8855041
recursive_fresh,8,44695848,0.0,0.4,0.0,1.0,53,2,16,134107958,31287108,6,8,7075250
recursive_fresh,8,44695848,0.0,0.4,0.0,1.0,53,2,17,137714625,31287108,6,8,5384208
recursive_fresh,8,44695848,0.0,0.4,0.0,1.0,53,2,18,140401750,31287108,6,8,7235083
recursive_fresh,8,44695848,0.0,0.4,0.0,1.0,53,2,19,137582500,31287108,6,8,6238750
recursive_fresh,8,44695848,0.0,0.05,0.0,1.0,53,2,0,117571875,3910886,6,8,7332958
recursive_fresh,8,44695848,0.0,0.05,0.0,1.0,53,2,1,112204167,3910886,6,8,5802083
recursive_fresh,8,44695848,0.0,0.05,0.0,1.0,53,2,2,121552208,3910886,6,8,4755416
recursive_fresh,8,44695848,0.0,0.05,0.0,1.0,53,2,3,122731000,3910886,6,8,6558125
recursive_fresh,8,44695848,0.0,0.05,0.0,1.0,53,2,4,118705208,3910886,6,8,3901083
recursive_fresh,8,44695848,0.0,0.05,0.0,1.0,53,2,5,112288667,3910886,6,8,7459083
recursive_fresh,8,44695848,0.0,0.05,0.0,1.0,53,2,6,110853583,3910886,6,8,7997500
recursive_fresh,8,44695848,0.0,0.05,0.0,1.0,53,2,7,111457500,3910886,6,8,6379042
recursive_fresh,8,44695848,0.0,0.05,0.0,1.0,53,2,8,107835667,3910886,6,8,6996084
recursive_fresh,8,44695848,0.0,0.05,0.0,1.0,53,2,9,109449125,3910886,6,8,8118500
recursive_fresh,8,44695848,0.0,0.05,0.0,1.0,53,2,10,107252958,3910886,6,8,9195208
recursive_fresh,8,44695848,0.0,0.05,0.0,1.0,53,2,11,117197708,3910886,6,8,12143042
recursive_fresh,8,44695848,0.0,0.05,0.0,1.0,53,2,12,117477500,3910886,6,8,7314292
recursive_fresh,8,44695848,0.0,0.05,0.0,1.0,53,2,13,116002958,3910886,6,8,10397249
recursive_fresh,8,44695848,0.0,0.05,0.0,1.0,53,2,14,116387417,3910886,6,8,7166084
recursive_fresh,8,44695848,0.0,0.05,0.0,1.0,53,2,15,110052375,3910886,6,8,4921000
recursive_fresh,8,44695848,0.0,0.05,0.0,1.0,53,2,16,119681375,3910886,6,8,6346875
recursive_fresh,8,44695848,0.0,0.05,0.0,1.0,53,2,17,117720666,3910886,6,8,5753916
recursive_fresh,8,44695848,0.0,0.05,0.0,1.0,53,2,18,114332250,3910886,6,8,7237708
recursive_fresh,8,44695848,0.0,0.05,0.0,1.0,53,2,19,112755709,3910886,6,8,4940667
recursive,8,44695848,0.0,0.05,0.0,1.0,53,2,0,114651625,3910886,6,8,2854458
recursive,8,44695848,0.0,0.05,0.0,1.0,53,2,1,115767708,3910886,6,8,7381792
recursive,8,44695848,0.0,0.05,0.0,1.0,53,2,2,104792916,3910886,6,8,6149624
recursive,8,44695848,0.0,0.05,0.0,1.0,53,2,3,116816291,3910886,6,8,6928582
recursive,8,44695848,0.0,0.05,0.0,1.0,53,2,4,125492708,3910886,6,8,8839958
recursive,8,44695848,0.0,0.05,0.0,1.0,53,2,5,117054750,3910886,6,8,5096833
recursive,8,44695848,0.0,0.05,0.0,1.0,53,2,6,118854584,3910886,6,8,7138376
recursive,8,44695848,0.0,0.05,0.0,1.0,53,2,7,114142917,3910886,6,8,6113458
recursive,8,44695848,0.0,0.05,0.0,1.0,53,2,8,106759334,3910886,6,8,6676043
recursive,8,44695848,0.0,0.05,0.0,1.0,53,2,9,108737250,3910886,6,8,5493667
recursive,8,44695848,0.0,0.05,0.0,1.0,53,2,10,114304041,3910886,6,8,7562666
recursive,8,44695848,0.0,0.05,0.0,1.0,53,2,11,130612042,3910886,6,8,6582167
recursive,8,44695848,0.0,0.05,0.0,1.0,53,2,12,115451333,3910886,6,8,5098125
recursive,8,44695848,0.0,0.05,0.0,1.0,53,2,13,115782417,3910886,6,8,4682417
recursive,8,44695848,0.0,0.05,0.0,1.0,53,2,14,100622958,3910886,6,8,6428583
recursive,8,44695848,0.0,0.05,0.0,1.0,53,2,15,115943000,3910886,6,8,5278459
recursive,8,44695848,0.0,0.05,0.0,1.0,53,2,16,108330750,3910886,6,8,8521250
recursive,8,44695848,0.0,0.05,0.0,1.0,53,2,17,122070417,3910886,6,8,6356876
recursive,8,44695848,0.0,0.05,0.0,1.0,53,2,18,111358542,3910886,6,8,2340708
recursive,8,44695848,0.0,0.05,0.0,1.0,53,2,19,107601667,3910886,6,8,9493959
recursive,8,44695848,0.0,0.4,0.0,1.0,53,2,0,122198917,31287108,6,8,6215417
recursive,8,44695848,0.0,0.4,0.0,1.0,53,2,1,149203709,31287108,6,8,7663584
recursive,8,44695848,0.0,0.4,0.0,1.0,53,2,2,139925792,31287108,6,8,9937209
recursive,8,44695848,0.0,0.4,0.0,1.0,53,2,3,136815375,31287108,6,8,8325250
recursive,8,44695848,0.0,0.4,0.0,1.0,53,2,4,128821417,31287108,6,8,3903459
recursive,8,44695848,0.0,0.4,0.0,1.0,53,2,5,144712958,31287108,6,8,5843083
recursive,8,44695848,0.0,0.4,0.0,1.0,53,2,6,136238334,31287108,6,8,6065542
recursive,8,44695848,0.0,0.4,0.0,1.0,53,2,7,138731083,31287108,6,8,9668625
recursive,8,44695848,0.0,0.4,0.0,1.0,53,2,8,145806500,31287108,6,8,7393500
recursive,8,44695848,0.0,0.4,0.0,1.0,53,2,9,145724458,31287108,6,8,5140333
recursive,8,44695848,0.0,0.4,0.0,1.0,53,2,10,146056959,31287108,6,8,6492084
recursive,8,44695848,0.0,0.4,0.0,1.0,53,2,11,133886792,31287108,6,8,8499917
recursive,8,44695848,0.0,0.4,0.0,1.0,53,2,12,154161541,31287108,6,8,5143458
recursive,8,44695848,0.0,0.4,0.0,1.0,53,2,13,147069000,31287108,6,8,5469750
recursive,8,44695848,0.0,0.4,0.0,1.0,53,2,14,141849625,31287108,6,8,9499375
recursive,8,44695848,0.0,0.4,0.0,1.0,53,2,15,129489583,31287108,6,8,5167916
recursive,8,44695848,0.0,0.4,0.0,1.0,53,2,16,119738750,31287108,6,8,7763750
recursive,8,44695848,0.0,0.4,0.0,1.0,53,2,17,137286583,31287108,6,8,8852041
recursive,8,44695848,0.0,0.4,0.0,1.0,53,2,18,141178541,31287108,6,8,5905624
recursive,8,44695848,0.0,0.4,0.0,1.0,53,2,19,137057541,31287108,6,8,3084374
recursive_fresh,8,44695848,0.0,0.4,0.0,1.0,53,3,0,150812584,31287108,6,8,7105625
recursive_fresh,8,44695848,0.0,0.4,0.0,1.0,53,3,1,134925459,31287108,6,8,7142042
recursive_fresh,8,44695848,0.0,0.4,0.0,1.0,53,3,2,152478292,31287108,6,8,6683667
recursive_fresh,8,44695848,0.0,0.4,0.0,1.0,53,3,3,136663667,31287108,6,8,4144875
recursive_fresh,8,44695848,0.0,0.4,0.0,1.0,53,3,4,136685042,31287108,6,8,7754750
recursive_fresh,8,44695848,0.0,0.4,0.0,1.0,53,3,5,134058417,31287108,6,8,8722500
recursive_fresh,8,44695848,0.0,0.4,0.0,1.0,53,3,6,137501583,31287108,6,8,8406791
recursive_fresh,8,44695848,0.0,0.4,0.0,1.0,53,3,7,158304584,31287108,6,8,8419125
recursive_fresh,8,44695848,0.0,0.4,0.0,1.0,53,3,8,150880333,31287108,6,8,7711166
recursive_fresh,8,44695848,0.0,0.4,0.0,1.0,53,3,9,147515667,31287108,6,8,5030000
recursive_fresh,8,44695848,0.0,0.4,0.0,1.0,53,3,10,151962583,31287108,6,8,8388958
recursive_fresh,8,44695848,0.0,0.4,0.0,1.0,53,3,11,143373750,31287108,6,8,5403250
recursive_fresh,8,44695848,0.0,0.4,0.0,1.0,53,3,12,146228541,31287108,6,8,6960708
recursive_fresh,8,44695848,0.0,0.4,0.0,1.0,53,3,13,148387625,31287108,6,8,5481333
recursive_fresh,8,44695848,0.0,0.4,0.0,1.0,53,3,14,123056750,31287108,6,8,7114667
recursive_fresh,8,44695848,0.0,0.4,0.0,1.0,53,3,15,147637708,31287108,6,8,11318417
recursive_fresh,8,44695848,0.0,0.4,0.0,1.0,53,3,16,153774084,31287108,6,8,6635543
recursive_fresh,8,44695848,0.0,0.4,0.0,1.0,53,3,17,141548333,31287108,6,8,5106083
recursive_fresh,8,44695848,0.0,0.4,0.0,1.0,53,3,18,138695834,31287108,6,8,7179334
recursive_fresh,8,44695848,0.0,0.4,0.0,1.0,53,3,19,156092334,31287108,6,8,5436834
recursive_fresh,8,44695848,0.0,0.05,0.0,1.0,53,3,0,135457959,3910886,6,8,6248293
recursive_fresh,8,44695848,0.0,0.05,0.0,1.0,53,3,1,127360167,3910886,6,8,4933084
recursive_fresh,8,44695848,0.0,0.05,0.0,1.0,53,3,2,116800709,3910886,6,8,3920084
recursive_fresh,8,44695848,0.0,0.05,0.0,1.0,53,3,3,124069875,3910886,6,8,6699375
recursive_fresh,8,44695848,0.0,0.05,0.0,1.0,53,3,4,121661083,3910886,6,8,4942583
recursive_fresh,8,44695848,0.0,0.05,0.0,1.0,53,3,5,107643459,3910886,6,8,8836584
recursive_fresh,8,44695848,0.0,0.05,0.0,1.0,53,3,6,119857542,3910886,6,8,5620001
recursive_fresh,8,44695848,0.0,0.05,0.0,1.0,53,3,7,123618125,3910886,6,8,4606625
recursive_fresh,8,44695848,0.0,0.05,0.0,1.0,53,3,8,115302708,3910886,6,8,4549667
recursive_fresh,8,44695848,0.0,0.05,0.0,1.0,53,3,9,107801625,3910886,6,8,6284875
recursive_fresh,8,44695848,0.0,0.05,0.0,1.0,53,3,10,114106625,3910886,6,8,4872250
recursive_fresh,8,44695848,0.0,0.05,0.0,1.0,53,3,11,113395542,3910886,6,8,3947542
recursive_fresh,8,44695848,0.0,0.05,0.0,1.0,53,3,12,113243000,3910886,6,8,5438792
recursive_fresh,8,44695848,0.0,0.05,0.0,1.0,53,3,13,118276667,3910886,6,8,5319250
recursive_fresh,8,44695848,0.0,0.05,0.0,1.0,53,3,14,112965416,3910886,6,8,10250749
recursive_fresh,8,44695848,0.0,0.05,0.0,1.0,53,3,15,122707875,3910886,6,8,6605541
recursive_fresh,8,44695848,0.0,0.05,0.0,1.0,53,3,16,122868375,3910886,6,8,5250084
recursive_fresh,8,44695848,0.0,0.05,0.0,1.0,53,3,17,115593416,3910886,6,8,6793707
recursive_fresh,8,44695848,0.0,0.05,0.0,1.0,53,3,18,113946416,3910886,6,8,7237708
recursive_fresh,8,44695848,0.0,0.05,0.0,1.0,53,3,19,122651875,3910886,6,8,9687041
recursive,8,44695848,0.0,0.4,0.0,1.0,53,3,0,127597666,31287108,6,8,7684916
recursive,8,44695848,0.0,0.4,0.0,1.0,53,3,1,145864834,31287108,6,8,7189376
recursive,8,44695848,0.0,0.4,0.0,1.0,53,3,2,148010875,31287108,6,8,5329042
recursive,8,44695848,0.0,0.4,0.0,1.0,53,3,3,142566500,31287108,6,8,7692500
recursive,8,44695848,0.0,0.4,0.0,1.0,53,3,4,165391958,31287108,6,8,7495499
recursive,8,44695848,0.0,0.4,0.0,1.0,53,3,5,153138041,31287108,6,8,7773832
recursive,8,44695848,0.0,0.4,0.0,1.0,53,3,6,148762125,31287108,6,8,10321666
recursive,8,44695848,0.0,0.4,0.0,1.0,53,3,7,156932584,31287108,6,8,2498792
recursive,8,44695848,0.0,0.4,0.0,1.0,53,3,8,146166833,31287108,6,8,7871333
recursive,8,44695848,0.0,0.4,0.0,1.0,53,3,9,153570083,31287108,6,8,4298541
recursive,8,44695848,0.0,0.4,0.0,1.0,53,3,10,140577625,31287108,6,8,4802667
recursive,8,44695848,0.0,0.4,0.0,1.0,53,3,11,152173791,31287108,6,8,6885499
recursive,8,44695848,0.0,0.4,0.0,1.0,53,3,12,165845417,31287108,6,8,4438959
recursive,8,44695848,0.0,0.4,0.0,1.0,53,3,13,137745250,31287108,6,8,8016709
recursive,8,44695848,0.0,0.4,0.0,1.0,53,3,14,138623292,31287108,6,8,7957458
recursive,8,44695848,0.0,0.4,0.0,1.0,53,3,15,140038667,31287108,6,8,10360417
recursive,8,44695848,0.0,0.4,0.0,1.0,53,3,16,145326958,31287108,6,8,5048666
recursive,8,44695848,0.0,0.4,0.0,1.0,53,3,17,159116875,31287108,6,8,8676250
recursive,8,44695848,0.0,0.4,0.0,1.0,53,3,18,150051333,31287108,6,8,7311249
recursive,8,44695848,0.0,0.4,0.0,1.0,53,3,19,137204500,31287108,6,8,10275458
recursive,8,44695848,0.0,0.05,0.0,1.0,53,3,0,126464083,3910886,6,8,6734750
recursive,8,44695848,0.0,0.05,0.0,1.0,53,3,1,127884167,3910886,6,8,5021500
recursive,8,44695848,0.0,0.05,0.0,1.0,53,3,2,115263625,3910886,6,8,6381709
recursive,8,44695848,0.0,0.05,0.0,1.0,53,3,3,124545750,3910886,6,8,4926291
recursive,8,44695848,0.0,0.05,0.0,1.0,53,3,4,117820792,3910886,6,8,5736917
recursive,8,44695848,0.0,0.05,0.0,1.0,53,3,5,126116667,3910886,6,8,4585542
recursive,8,44695848,0.0,0.05,0.0,1.0,53,3,6,122255250,3910886,6,8,4035375
recursive,8,44695848,0.0,0.05,0.0,1.0,53,3,7,123362042,3910886,6,8,7212250
recursive,8,44695848,0.0,0.05,0.0,1.0,53,3,8,130193917,3910886,6,8,5676333
recursive,8,44695848,0.0,0.05,0.0,1.0,53,3,9,122872167,3910886,6,8,7097292
recursive,8,44695848,0.0,0.05,0.0,1.0,53,3,10,123491333,3910886,6,8,5667374
recursive,8,44695848,0.0,0.05,0.0,1.0,53,3,11,113153750,3910886,6,8,12620084
recursive,8,44695848,0.0,0.05,0.0,1.0,53,3,12,108470125,3910886,6,8,5025625
recursive,8,44695848,0.0,0.05,0.0,1.0,53,3,13,117859250,3910886,6,8,5049667
recursive,8,44695848,0.0,0.05,0.0,1.0,53,3,14,123099041,3910886,6,8,4434832
recursive,8,44695848,0.0,0.05,0.0,1.0,53,3,15,125038417,3910886,6,8,6044167
recursive,8,44695848,0.0,0.05,0.0,1.0,53,3,16,123404250,3910886,6,8,7161625
recursive,8,44695848,0.0,0.05,0.0,1.0,53,3,17,119178083,3910886,6,8,4305541
recursive,8,44695848,0.0,0.05,0.0,1.0,53,3,18,118571041,3910886,6,8,7429583
recursive,8,44695848,0.0,0.05,0.0,1.0,53,3,19,117781541,3910886,6,8,4773833
recursive,8,44695848,0.0,0.05,0.0,1.0,53,4,0,127597875,3910886,6,8,3924375
recursive,8,44695848,0.0,0.05,0.0,1.0,53,4,1,128788333,3910886,6,8,8022625
recursive,8,44695848,0.0,0.05,0.0,1.0,53,4,2,126094250,3910886,6,8,7322167
recursive,8,44695848,0.0,0.05,0.0,1.0,53,4,3,136725917,3910886,6,8,5442625
recursive,8,44695848,0.0,0.05,0.0,1.0,53,4,4,126167125,3910886,6,8,7107916
recursive,8,44695848,0.0,0.05,0.0,1.0,53,4,5,122106334,3910886,6,8,5142126
recursive,8,44695848,0.0,0.05,0.0,1.0,53,4,6,120601542,3910886,6,8,7771334
recursive,8,44695848,0.0,0.05,0.0,1.0,53,4,7,127046708,3910886,6,8,5026792
recursive,8,44695848,0.0,0.05,0.0,1.0,53,4,8,119721500,3910886,6,8,4607959
recursive,8,44695848,0.0,0.05,0.0,1.0,53,4,9,112310500,3910886,6,8,10683958
recursive,8,44695848,0.0,0.05,0.0,1.0,53,4,10,114785000,3910886,6,8,5134834
recursive,8,44695848,0.0,0.05,0.0,1.0,53,4,11,114812334,3910886,6,8,8142417
recursive,8,44695848,0.0,0.05,0.0,1.0,53,4,12,107477833,3910886,6,8,4499791
recursive,8,44695848,0.0,0.05,0.0,1.0,53,4,13,117235291,3910886,6,8,5922333
recursive,8,44695848,0.0,0.05,0.0,1.0,53,4,14,112853208,3910886,6,8,7510375
recursive,8,44695848,0.0,0.05,0.0,1.0,53,4,15,117279708,3910886,6,8,3310083
recursive,8,44695848,0.0,0.05,0.0,1.0,53,4,16,131566917,3910886,6,8,14123958
recursive,8,44695848,0.0,0.05,0.0,1.0,53,4,17,125498416,3910886,6,8,7511499
recursive,8,44695848,0.0,0.05,0.0,1.0,53,4,18,113284458,3910886,6,8,11015625
recursive,8,44695848,0.0,0.05,0.0,1.0,53,4,19,110263292,3910886,6,8,12236917
recursive_fresh,8,44695848,0.0,0.4,0.0,1.0,53,4,0,133711792,31287108,6,8,6516792
recursive_fresh,8,44695848,0.0,0.4,0.0,1.0,53,4,1,137949375,31287108,6,8,9854833
recursive_fresh,8,44695848,0.0,0.4,0.0,1.0,53,4,2,136841917,31287108,6,8,7443292
recursive_fresh,8,44695848,0.0,0.4,0.0,1.0,53,4,3,150651542,31287108,6,8,7899126
recursive_fresh,8,44695848,0.0,0.4,0.0,1.0,53,4,4,143112459,31287108,6,8,8498167
recursive_fresh,8,44695848,0.0,0.4,0.0,1.0,53,4,5,143372250,31287108,6,8,4153000
recursive_fresh,8,44695848,0.0,0.4,0.0,1.0,53,4,6,135941125,31287108,6,8,5891042
recursive_fresh,8,44695848,0.0,0.4,0.0,1.0,53,4,7,151595250,31287108,6,8,7906541
recursive_fresh,8,44695848,0.0,0.4,0.0,1.0,53,4,8,149588542,31287108,6,8,7091417
recursive_fresh,8,44695848,0.0,0.4,0.0,1.0,53,4,9,136683500,31287108,6,8,6787375
recursive_fresh,8,44695848,0.0,0.4,0.0,1.0,53,4,10,133007375,31287108,6,8,3557208
recursive_fresh,8,44695848,0.0,0.4,0.0,1.0,53,4,11,152923792,31287108,6,8,8064750
recursive_fresh,8,44695848,0.0,0.4,0.0,1.0,53,4,12,154515708,31287108,6,8,7463458
recursive_fresh,8,44695848,0.0,0.4,0.0,1.0,53,4,13,147813958,31287108,6,8,4875458
recursive_fresh,8,44695848,0.0,0.4,0.0,1.0,53,4,14,146118375,31287108,6,8,7473750
recursive_fresh,8,44695848,0.0,0.4,0.0,1.0,53,4,15,138923000,31287108,6,8,5686417
recursive_fresh,8,44695848,0.0,0.4,0.0,1.0,53,4,16,144753125,31287108,6,8,7713458
recursive_fresh,8,44695848,0.0,0.4,0.0,1.0,53,4,17,137129792,31287108,6,8,9201667
recursive_fresh,8,44695848,0.0,0.4,0.0,1.0,53,4,18,149242541,31287108,6,8,7259208
recursive_fresh,8,44695848,0.0,0.4,0.0,1.0,53,4,19,142351583,31287108,6,8,7555374
recursive_fresh,8,44695848,0.0,0.05,0.0,1.0,53,4,0,126964292,3910886,6,8,6765833
recursive_fresh,8,44695848,0.0,0.05,0.0,1.0,53,4,1,134458250,3910886,6,8,6658834
recursive_fresh,8,44695848,0.0,0.05,0.0,1.0,53,4,2,116366167,3910886,6,8,7403208
recursive_fresh,8,44695848,0.0,0.05,0.0,1.0,53,4,3,110411500,3910886,6,8,4078292
recursive_fresh,8,44695848,0.0,0.05,0.0,1.0,53,4,4,117954000,3910886,6,8,4998500
recursive_fresh,8,44695848,0.0,0.05,0.0,1.0,53,4,5,123961667,3910886,6,8,8671917
recursive_fresh,8,44695848,0.0,0.05,0.0,1.0,53,4,6,115098792,3910886,6,8,5807000
recursive_fresh,8,44695848,0.0,0.05,0.0,1.0,53,4,7,129095542,3910886,6,8,6203584
recursive_fresh,8,44695848,0.0,0.05,0.0,1.0,53,4,8,130906959,3910886,6,8,6986668
recursive_fresh,8,44695848,0.0,0.05,0.0,1.0,53,4,9,115550667,3910886,6,8,5262501
recursive_fresh,8,44695848,0.0,0.05,0.0,1.0,53,4,10,120343500,3910886,6,8,5383583
recursive_fresh,8,44695848,0.0,0.05,0.0,1.0,53,4,11,105463375,3910886,6,8,9983167
recursive_fresh,8,44695848,0.0,0.05,0.0,1.0,53,4,12,119646833,3910886,6,8,6786208
recursive_fresh,8,44695848,0.0,0.05,0.0,1.0,53,4,13,113095875,3910886,6,8,4561916
recursive_fresh,8,44695848,0.0,0.05,0.0,1.0,53,4,14,120442125,3910886,6,8,7523833
recursive_fresh,8,44695848,0.0,0.05,0.0,1.0,53,4,15,109719416,3910886,6,8,5074624
recursive_fresh,8,44695848,0.0,0.05,0.0,1.0,53,4,16,110020000,3910886,6,8,5697791
recursive_fresh,8,44695848,0.0,0.05,0.0,1.0,53,4,17,112904625,3910886,6,8,7508041
recursive_fresh,8,44695848,0.0,0.05,0.0,1.0,53,4,18,110182125,3910886,6,8,5088625
recursive_fresh,8,44695848,0.0,0.05,0.0,1.0,53,4,19,121347791,3910886,6,8,8011791
recursive,8,44695848,0.0,0.4,0.0,1.0,53,4,0,130659125,31287108,6,8,5097750
recursive,8,44695848,0.0,0.4,0.0,1.0,53,4,1,127815041,31287108,6,8,10318582
recursive,8,44695848,0.0,0.4,0.0,1.0,53,4,2,148393209,31287108,6,8,3192751
recursive,8,44695848,0.0,0.4,0.0,1.0,53,4,3,146482584,31287108,6,8,8396584
recursive,8,44695848,0.0,0.4,0.0,1.0,53,4,4,141919083,31287108,6,8,8750624
recursive,8,44695848,0.0,0.4,0.0,1.0,53,4,5,117376583,31287108,6,8,7035458
recursive,8,44695848,0.0,0.4,0.0,1.0,53,4,6,146407750,31287108,6,8,4301125
recursive,8,44695848,0.0,0.4,0.0,1.0,53,4,7,148778458,31287108,6,8,6979667
recursive,8,44695848,0.0,0.4,0.0,1.0,53,4,8,125019167,31287108,6,8,5070167
recursive,8,44695848,0.0,0.4,0.0,1.0,53,4,9,137518542,31287108,6,8,5646542
recursive,8,44695848,0.0,0.4,0.0,1.0,53,4,10,142613584,31287108,6,8,8200709
recursive,8,44695848,0.0,0.4,0.0,1.0,53,4,11,152577958,31287108,6,8,6250250
recursive,8,44695848,0.0,0.4,0.0,1.0,53,4,12,131849375,31287108,6,8,7353500
recursive,8,44695848,0.0,0.4,0.0,1.0,53,4,13,155483000,31287108,6,8,6773167
recursive,8,44695848,0.0,0.4,0.0,1.0,53,4,14,144262834,31287108,6,8,8794126
recursive,8,44695848,0.0,0.4,0.0,1.0,53,4,15,149733000,31287108,6,8,7665041
recursive,8,44695848,0.0,0.4,0.0,1.0,53,4,16,143366792,31287108,6,8,3701334
recursive,8,44695848,0.0,0.4,0.0,1.0,53,4,17,140415792,31287108,6,8,4806876
recursive,8,44695848,0.0,0.4,0.0,1.0,53,4,18,145598791,31287108,6,8,5410416
recursive,8,44695848,0.0,0.4,0.0,1.0,53,4,19,132814250,31287108,6,8,8177334
recursive_fresh,8,44695848,0.0,0.05,0.0,1.0,53,5,0,138205583,3910886,6,8,6994458
recursive_fresh,8,44695848,0.0,0.05,0.0,1.0,53,5,1,129722958,3910886,6,8,4634249
recursive_fresh,8,44695848,0.0,0.05,0.0,1.0,53,5,2,140046167,3910886,6,8,8481917
recursive_fresh,8,44695848,0.0,0.05,0.0,1.0,53,5,3,125672125,3910886,6,8,8410792
recursive_fresh,8,44695848,0.0,0.05,0.0,1.0,53,5,4,117380625,3910886,6,8,3666333
recursive_fresh,8,44695848,0.0,0.05,0.0,1.0,53,5,5,119946333,3910886,6,8,7769124
recursive_fresh,8,44695848,0.0,0.05,0.0,1.0,53,5,6,117471375,3910886,6,8,4693584
recursive_fresh,8,44695848,0.0,0.05,0.0,1.0,53,5,7,127225667,3910886,6,8,5682000
recursive_fresh,8,44695848,0.0,0.05,0.0,1.0,53,5,8,120203625,3910886,6,8,8514584
recursive_fresh,8,44695848,0.0,0.05,0.0,1.0,53,5,9,115630500,3910886,6,8,4755667
recursive_fresh,8,44695848,0.0,0.05,0.0,1.0,53,5,10,116548625,3910886,6,8,6981458
recursive_fresh,8,44695848,0.0,0.05,0.0,1.0,53,5,11,125386416,3910886,6,8,5601916
recursive_fresh,8,44695848,0.0,0.05,0.0,1.0,53,5,12,113934708,3910886,6,8,5973042
recursive_fresh,8,44695848,0.0,0.05,0.0,1.0,53,5,13,114437584,3910886,6,8,7281500
recursive_fresh,8,44695848,0.0,0.05,0.0,1.0,53,5,14,127303875,3910886,6,8,6985000
recursive_fresh,8,44695848,0.0,0.05,0.0,1.0,53,5,15,127502834,3910886,6,8,7974084
recursive_fresh,8,44695848,0.0,0.05,0.0,1.0,53,5,16,117171375,3910886,6,8,4000458
recursive_fresh,8,44695848,0.0,0.05,0.0,1.0,53,5,17,120842625,3910886,6,8,4965583
recursive_fresh,8,44695848,0.0,0.05,0.0,1.0,53,5,18,115070084,3910886,6,8,7338417
recursive_fresh,8,44695848,0.0,0.05,0.0,1.0,53,5,19,118537500,3910886,6,8,8717833
recursive_fresh,8,44695848,0.0,0.4,0.0,1.0,53,5,0,132151791,31287108,6,8,7439291
recursive_fresh,8,44695848,0.0,0.4,0.0,1.0,53,5,1,138345625,31287108,6,8,8264084
recursive_fresh,8,44695848,0.0,0.4,0.0,1.0,53,5,2,127693084,31287108,6,8,4454084
recursive_fresh,8,44695848,0.0,0.4,0.0,1.0,53,5,3,134051708,31287108,6,8,5913541
recursive_fresh,8,44695848,0.0,0.4,0.0,1.0,53,5,4,145359208,31287108,6,8,6324083
recursive_fresh,8,44695848,0.0,0.4,0.0,1.0,53,5,5,144464333,31287108,6,8,8027958
recursive_fresh,8,44695848,0.0,0.4,0.0,1.0,53,5,6,141147292,31287108,6,8,4800917
recursive_fresh,8,44695848,0.0,0.4,0.0,1.0,53,5,7,143115667,31287108,6,8,8438250
recursive_fresh,8,44695848,0.0,0.4,0.0,1.0,53,5,8,156452417,31287108,6,8,4962792
recursive_fresh,8,44695848,0.0,0.4,0.0,1.0,53,5,9,145971208,31287108,6,8,8893292
recursive_fresh,8,44695848,0.0,0.4,0.0,1.0,53,5,10,135842250,31287108,6,8,7096417
recursive_fresh,8,44695848,0.0,0.4,0.0,1.0,53,5,11,141017292,31287108,6,8,8069876
recursive_fresh,8,44695848,0.0,0.4,0.0,1.0,53,5,12,132679625,31287108,6,8,9125834
recursive_fresh,8,44695848,0.0,0.4,0.0,1.0,53,5,13,169096041,31287108,6,8,7386708
recursive_fresh,8,44695848,0.0,0.4,0.0,1.0,53,5,14,141825166,31287108,6,8,7997875
recursive_fresh,8,44695848,0.0,0.4,0.0,1.0,53,5,15,146022917,31287108,6,8,8034042
recursive_fresh,8,44695848,0.0,0.4,0.0,1.0,53,5,16,157961334,31287108,6,8,7218709
recursive_fresh,8,44695848,0.0,0.4,0.0,1.0,53,5,17,143979959,31287108,6,8,6832292
recursive_fresh,8,44695848,0.0,0.4,0.0,1.0,53,5,18,156032209,31287108,6,8,5325834
recursive_fresh,8,44695848,0.0,0.4,0.0,1.0,53,5,19,153791833,31287108,6,8,9012916
recursive,8,44695848,0.0,0.05,0.0,1.0,53,5,0,132501958,3910886,6,8,7529791
recursive,8,44695848,0.0,0.05,0.0,1.0,53,5,1,122538125,3910886,6,8,5178417
recursive,8,44695848,0.0,0.05,0.0,1.0,53,5,2,132357541,3910886,6,8,5149041
recursive,8,44695848,0.0,0.05,0.0,1.0,53,5,3,119592708,3910886,6,8,7353791
recursive,8,44695848,0.0,0.05,0.0,1.0,53,5,4,122152166,3910886,6,8,3993958
recursive,8,44695848,0.0,0.05,0.0,1.0,53,5,5,119184917,3910886,6,8,6330459
recursive,8,44695848,0.0,0.05,0.0,1.0,53,5,6,112801042,3910886,6,8,5357458
recursive,8,44695848,0.0,0.05,0.0,1.0,53,5,7,131628500,3910886,6,8,6112750
recursive,8,44695848,0.0,0.05,0.0,1.0,53,5,8,116089542,3910886,6,8,4865459
recursive,8,44695848,0.0,0.05,0.0,1.0,53,5,9,120157833,3910886,6,8,9483792
recursive,8,44695848,0.0,0.05,0.0,1.0,53,5,10,124921791,3910886,6,8,6683749
recursive,8,44695848,0.0,0.05,0.0,1.0,53,5,11,125906833,3910886,6,8,7031166
recursive,8,44695848,0.0,0.05,0.0,1.0,53,5,12,122826458,3910886,6,8,6398750
recursive,8,44695848,0.0,0.05,0.0,1.0,53,5,13,105422500,3910886,6,8,4911625
recursive,8,44695848,0.0,0.05,0.0,1.0,53,5,14,110382250,3910886,6,8,5753167
recursive,8,44695848,0.0,0.05,0.0,1.0,53,5,15,111368375,3910886,6,8,6896083
recursive,8,44695848,0.0,0.05,0.0,1.0,53,5,16,112777250,3910886,6,8,8195209
recursive,8,44695848,0.0,0.05,0.0,1.0,53,5,17,117395167,3910886,6,8,6954126
recursive,8,44695848,0.0,0.05,0.0,1.0,53,5,18,118787166,3910886,6,8,3831833
recursive,8,44695848,0.0,0.05,0.0,1.0,53,5,19,114006583,3910886,6,8,4978249
recursive,8,44695848,0.0,0.4,0.0,1.0,53,5,0,138316625,31287108,6,8,6635459
recursive,8,44695848,0.0,0.4,0.0,1.0,53,5,1,153967375,31287108,6,8,9800958
recursive,8,44695848,0.0,0.4,0.0,1.0,53,5,2,151386750,31287108,6,8,6021625
recursive,8,44695848,0.0,0.4,0.0,1.0,53,5,3,144399208,31287108,6,8,5238666
recursive,8,44695848,0.0,0.4,0.0,1.0,53,5,4,145218083,31287108,6,8,4610333
recursive,8,44695848,0.0,0.4,0.0,1.0,53,5,5,126618000,31287108,6,8,2941500
recursive,8,44695848,0.0,0.4,0.0,1.0,53,5,6,156890750,31287108,6,8,3639167
recursive,8,44695848,0.0,0.4,0.0,1.0,53,5,7,140276667,31287108,6,8,7588417
recursive,8,44695848,0.0,0.4,0.0,1.0,53,5,8,133929625,31287108,6,8,5150833
recursive,8,44695848,0.0,0.4,0.0,1.0,53,5,9,145246666,31287108,6,8,6905999
recursive,8,44695848,0.0,0.4,0.0,1.0,53,5,10,136538083,31287108,6,8,7534458
recursive,8,44695848,0.0,0.4,0.0,1.0,53,5,11,136705084,31287108,6,8,5943376
recursive,8,44695848,0.0,0.4,0.0,1.0,53,5,12,136982958,31287108,6,8,9813291
recursive,8,44695848,0.0,0.4,0.0,1.0,53,5,13,137812166,31287108,6,8,7296041
recursive,8,44695848,0.0,0.4,0.0,1.0,53,5,14,157515959,31287108,6,8,6461626
recursive,8,44695848,0.0,0.4,0.0,1.0,53,5,15,138353334,31287108,6,8,5816626
recursive,8,44695848,0.0,0.4,0.0,1.0,53,5,16,133835167,31287108,6,8,7754334
recursive,8,44695848,0.0,0.4,0.0,1.0,53,5,17,135159667,31287108,6,8,7859834
recursive,8,44695848,0.0,0.4,0.0,1.0,53,5,18,147903042,31287108,6,8,6902209
recursive,8,44695848,0.0,0.4,0.0,1.0,53,5,19,142663291,31287108,6,8,6631874
recursive_fresh,8,44695848,0.0,0.4,0.0,1.0,53,6,0,155050084,31287108,6,8,5341542
recursive_fresh,8,44695848,0.0,0.4,0.0,1.0,53,6,1,143599917,31287108,6,8,5205500
recursive_fresh,8,44695848,0.0,0.4,0.0,1.0,53,6,2,138985583,31287108,6,8,7809416
recursive_fresh,8,44695848,0.0,0.4,0.0,1.0,53,6,3,124995666,31287108,6,8,5521207
recursive_fresh,8,44695848,0.0,0.4,0.0,1.0,53,6,4,153984292,31287108,6,8,6065501
recursive_fresh,8,44695848,0.0,0.4,0.0,1.0,53,6,5,145333791,31287108,6,8,5394916
recursive_fresh,8,44695848,0.0,0.4,0.0,1.0,53,6,6,151568375,31287108,6,8,6581292
recursive_fresh,8,44695848,0.0,0.4,0.0,1.0,53,6,7,132496958,31287108,6,8,4327124
recursive_fresh,8,44695848,0.0,0.4,0.0,1.0,53,6,8,141178458,31287108,6,8,7856541
recursive_fresh,8,44695848,0.0,0.4,0.0,1.0,53,6,9,148044500,31287108,6,8,8488667
recursive_fresh,8,44695848,0.0,0.4,0.0,1.0,53,6,10,142266375,31287108,6,8,6648250
recursive_fresh,8,44695848,0.0,0.4,0.0,1.0,53,6,11,139319375,31287108,6,8,6934625
recursive_fresh,8,44695848,0.0,0.4,0.0,1.0,53,6,12,144791625,31287108,6,8,6346250
recursive_fresh,8,44695848,0.0,0.4,0.0,1.0,53,6,13,151758583,31287108,6,8,6225917
recursive_fresh,8,44695848,0.0,0.4,0.0,1.0,53,6,14,162415625,31287108,6,8,7674709
recursive_fresh,8,44695848,0.0,0.4,0.0,1.0,53,6,15,135089917,31287108,6,8,7141500
recursive_fresh,8,44695848,0.0,0.4,0.0,1.0,53,6,16,135992958,31287108,6,8,4672542
recursive_fresh,8,44695848,0.0,0.4,0.0,1.0,53,6,17,148666875,31287108,6,8,5428958
recursive_fresh,8,44695848,0.0,0.4,0.0,1.0,53,6,18,137612667,31287108,6,8,7276709
recursive_fresh,8,44695848,0.0,0.4,0.0,1.0,53,6,19,140269666,31287108,6,8,5714207
recursive_fresh,8,44695848,0.0,0.05,0.0,1.0,53,6,0,125608250,3910886,6,8,6149750
recursive_fresh,8,44695848,0.0,0.05,0.0,1.0,53,6,1,119564875,3910886,6,8,7471959
recursive_fresh,8,44695848,0.0,0.05,0.0,1.0,53,6,2,111151667,3910886,6,8,5494959
recursive_fresh,8,44695848,0.0,0.05,0.0,1.0,53,6,3,116966208,3910886,6,8,4958708
recursive_fresh,8,44695848,0.0,0.05,0.0,1.0,53,6,4,128890083,3910886,6,8,5350333
recursive_fresh,8,44695848,0.0,0.05,0.0,1.0,53,6,5,120952958,3910886,6,8,7032249
recursive_fresh,8,44695848,0.0,0.05,0.0,1.0,53,6,6,130417041,3910886,6,8,4468249
recursive_fresh,8,44695848,0.0,0.05,0.0,1.0,53,6,7,116541375,3910886,6,8,4676750
recursive_fresh,8,44695848,0.0,0.05,0.0,1.0,53,6,8,110662958,3910886,6,8,5014083
recursive_fresh,8,44695848,0.0,0.05,0.0,1.0,53,6,9,111811584,3910886,6,8,11127667
recursive_fresh,8,44695848,0.0,0.05,0.0,1.0,53,6,10,111652417,3910886,6,8,6872084
recursive_fresh,8,44695848,0.0,0.05,0.0,1.0,53,6,11,115436708,3910886,6,8,4430417
recursive_fresh,8,44695848,0.0,0.05,0.0,1.0,53,6,12,112824250,3910886,6,8,5465125
recursive_fresh,8,44695848,0.0,0.05,0.0,1.0,53,6,13,115072375,3910886,6,8,4644584
recursive_fresh,8,44695848,0.0,0.05,0.0,1.0,53,6,14,111456250,3910886,6,8,5068125
recursive_fresh,8,44695848,0.0,0.05,0.0,1.0,53,6,15,121778208,3910886,6,8,8107333
recursive_fresh,8,44695848,0.0,0.05,0.0,1.0,53,6,16,122067667,3910886,6,8,6312792
recursive_fresh,8,44695848,0.0,0.05,0.0,1.0,53,6,17,117699375,3910886,6,8,3987500
recursive_fresh,8,44695848,0.0,0.05,0.0,1.0,53,6,18,114783333,3910886,6,8,7412500
recursive_fresh,8,44695848,0.0,0.05,0.0,1.0,53,6,19,122051666,3910886,6,8,6037374
recursive,8,44695848,0.0,0.4,0.0,1.0,53,6,0,140572625,31287108,6,8,9434625
recursive,8,44695848,0.0,0.4,0.0,1.0,53,6,1,143295458,31287108,6,8,8692958
recursive,8,44695848,0.0,0.4,0.0,1.0,53,6,2,142277250,31287108,6,8,10200959
recursive,8,44695848,0.0,0.4,0.0,1.0,53,6,3,140701625,31287108,6,8,6836417
recursive,8,44695848,0.0,0.4,0.0,1.0,53,6,4,139406459,31287108,6,8,7490251
recursive,8,44695848,0.0,0.4,0.0,1.0,53,6,5,139806875,31287108,6,8,7534209
recursive,8,44695848,0.0,0.4,0.0,1.0,53,6,6,151806125,31287108,6,8,5135000
recursive,8,44695848,0.0,0.4,0.0,1.0,53,6,7,148465833,31287108,6,8,8357708
recursive,8,44695848,0.0,0.4,0.0,1.0,53,6,8,147696916,31287108,6,8,7649125
recursive,8,44695848,0.0,0.4,0.0,1.0,53,6,9,154347250,31287108,6,8,8252458
recursive,8,44695848,0.0,0.4,0.0,1.0,53,6,10,142932375,31287108,6,8,7222125
recursive,8,44695848,0.0,0.4,0.0,1.0,53,6,11,143026333,31287108,6,8,3884125
recursive,8,44695848,0.0,0.4,0.0,1.0,53,6,12,151813166,31287108,6,8,5442791
recursive,8,44695848,0.0,0.4,0.0,1.0,53,6,13,138763792,31287108,6,8,2836376
recursive,8,44695848,0.0,0.4,0.0,1.0,53,6,14,141150666,31287108,6,8,8547708
recursive,8,44695848,0.0,0.4,0.0,1.0,53,6,15,147333208,31287108,6,8,8080083
recursive,8,44695848,0.0,0.4,0.0,1.0,53,6,16,143691791,31287108,6,8,4858458
recursive,8,44695848,0.0,0.4,0.0,1.0,53,6,17,142150041,31287108,6,8,5031916
recursive,8,44695848,0.0,0.4,0.0,1.0,53,6,18,151394041,31287108,6,8,7337958
recursive,8,44695848,0.0,0.4,0.0,1.0,53,6,19,132189958,31287108,6,8,11294041
recursive,8,44695848,0.0,0.05,0.0,1.0,53,6,0,127188708,3910886,6,8,5320874
recursive,8,44695848,0.0,0.05,0.0,1.0,53,6,1,133851167,3910886,6,8,3842792
recursive,8,44695848,0.0,0.05,0.0,1.0,53,6,2,125861208,3910886,6,8,5241625
recursive,8,44695848,0.0,0.05,0.0,1.0,53,6,3,127266375,3910886,6,8,6060208
recursive,8,44695848,0.0,0.05,0.0,1.0,53,6,4,121889625,3910886,6,8,7082458
recursive,8,44695848,0.0,0.05,0.0,1.0,53,6,5,118638542,3910886,6,8,5881750
recursive,8,44695848,0.0,0.05,0.0,1.0,53,6,6,129520125,3910886,6,8,6656833
recursive,8,44695848,0.0,0.05,0.0,1.0,53,6,7,121033750,3910886,6,8,4865625
recursive,8,44695848,0.0,0.05,0.0,1.0,53,6,8,115622625,3910886,6,8,7210416
recursive,8,44695848,0.0,0.05,0.0,1.0,53,6,9,117915166,3910886,6,8,6990041
recursive,8,44695848,0.0,0.05,0.0,1.0,53,6,10,117338458,3910886,6,8,3796833
recursive,8,44695848,0.0,0.05,0.0,1.0,53,6,11,119277625,3910886,6,8,7008750
recursive,8,44695848,0.0,0.05,0.0,1.0,53,6,12,111913042,3910886,6,8,12043083
recursive,8,44695848,0.0,0.05,0.0,1.0,53,6,13,116062916,3910886,6,8,6326500
recursive,8,44695848,0.0,0.05,0.0,1.0,53,6,14,107752083,3910886,6,8,5032499
recursive,8,44695848,0.0,0.05,0.0,1.0,53,6,15,102807583,3910886,6,8,6766750
recursive,8,44695848,0.0,0.05,0.0,1.0,53,6,16,114837709,3910886,6,8,4539334
recursive,8,44695848,0.0,0.05,0.0,1.0,53,6,17,112322041,3910886,6,8,6185000
recursive,8,44695848,0.0,0.05,0.0,1.0,53,6,18,110716125,3910886,6,8,5082416
recursive,8,44695848,0.0,0.05,0.0,1.0,53,6,19,114939500,3910886,6,8,2504291
recursive,8,44695848,0.0,0.4,0.0,1.0,53,7,0,155229583,31287108,6,8,4955000
recursive,8,44695848,0.0,0.4,0.0,1.0,53,7,1,174937375,31287108,6,8,7303083
recursive,8,44695848,0.0,0.4,0.0,1.0,53,7,2,160274917,31287108,6,8,12182334
recursive,8,44695848,0.0,0.4,0.0,1.0,53,7,3,147985125,31287108,6,8,7249875
recursive,8,44695848,0.0,0.4,0.0,1.0,53,7,4,125186041,31287108,6,8,7164999
recursive,8,44695848,0.0,0.4,0.0,1.0,53,7,5,149044708,31287108,6,8,7563833
recursive,8,44695848,0.0,0.4,0.0,1.0,53,7,6,144622375,31287108,6,8,7996583
recursive,8,44695848,0.0,0.4,0.0,1.0,53,7,7,142131542,31287108,6,8,6991667
recursive,8,44695848,0.0,0.4,0.0,1.0,53,7,8,150368542,31287108,6,8,10924584
recursive,8,44695848,0.0,0.4,0.0,1.0,53,7,9,166563667,31287108,6,8,8362917
recursive,8,44695848,0.0,0.4,0.0,1.0,53,7,10,159550625,31287108,6,8,7787709
recursive,8,44695848,0.0,0.4,0.0,1.0,53,7,11,144251000,31287108,6,8,10177292
recursive,8,44695848,0.0,0.4,0.0,1.0,53,7,12,141314584,31287108,6,8,7058292
recursive,8,44695848,0.0,0.4,0.0,1.0,53,7,13,143773459,31287108,6,8,6145917
recursive,8,44695848,0.0,0.4,0.0,1.0,53,7,14,147027167,31287108,6,8,5461083
recursive,8,44695848,0.0,0.4,0.0,1.0,53,7,15,160581208,31287108,6,8,6476625
recursive,8,44695848,0.0,0.4,0.0,1.0,53,7,16,131079916,31287108,6,8,6985999
recursive,8,44695848,0.0,0.4,0.0,1.0,53,7,17,135468792,31287108,6,8,7776625
recursive,8,44695848,0.0,0.4,0.0,1.0,53,7,18,146721791,31287108,6,8,6944000
recursive,8,44695848,0.0,0.4,0.0,1.0,53,7,19,155316875,31287108,6,8,8928917
recursive_fresh,8,44695848,0.0,0.4,0.0,1.0,53,7,0,146002125,31287108,6,8,7316458
recursive_fresh,8,44695848,0.0,0.4,0.0,1.0,53,7,1,145854167,31287108,6,8,7547209
recursive_fresh,8,44695848,0.0,0.4,0.0,1.0,53,7,2,147274500,31287108,6,8,7897208
recursive_fresh,8,44695848,0.0,0.4,0.0,1.0,53,7,3,139132708,31287108,6,8,7275375
recursive_fresh,8,44695848,0.0,0.4,0.0,1.0,53,7,4,132683375,31287108,6,8,6467833
recursive_fresh,8,44695848,0.0,0.4,0.0,1.0,53,7,5,157965458,31287108,6,8,5923000
recursive_fresh,8,44695848,0.0,0.4,0.0,1.0,53,7,6,148506792,31287108,6,8,6604501
recursive_fresh,8,44695848,0.0,0.4,0.0,1.0,53,7,7,135693042,31287108,6,8,5006834
recursive_fresh,8,44695848,0.0,0.4,0.0,1.0,53,7,8,139962834,31287108,6,8,5702125
recursive_fresh,8,44695848,0.0,0.4,0.0,1.0,53,7,9,151945500,31287108,6,8,6827958
recursive_fresh,8,44695848,0.0,0.4,0.0,1.0,53,7,10,146592875,31287108,6,8,7230666
recursive_fresh,8,44695848,0.0,0.4,0.0,1.0,53,7,11,153292166,31287108,6,8,12579207
recursive_fresh,8,44695848,0.0,0.4,0.0,1.0,53,7,12,161300459,31287108,6,8,4225542
recursive_fresh,8,44695848,0.0,0.4,0.0,1.0,53,7,13,132676250,31287108,6,8,8092958
recursive_fresh,8,44695848,0.0,0.4,0.0,1.0,53,7,14,135362125,31287108,6,8,5363166
recursive_fresh,8,44695848,0.0,0.4,0.0,1.0,53,7,15,149987083,31287108,6,8,7289000
recursive_fresh,8,44695848,0.0,0.4,0.0,1.0,53,7,16,150741917,31287108,6,8,6849042
recursive_fresh,8,44695848,0.0,0.4,0.0,1.0,53,7,17,147549916,31287108,6,8,6530958
recursive_fresh,8,44695848,0.0,0.4,0.0,1.0,53,7,18,152089208,31287108,6,8,6001250
recursive_fresh,8,44695848,0.0,0.4,0.0,1.0,53,7,19,144844792,31287108,6,8,6289792
recursive,8,44695848,0.0,0.05,0.0,1.0,53,7,0,118716500,3910886,6,8,7872042
recursive,8,44695848,0.0,0.05,0.0,1.0,53,7,1,130524834,3910886,6,8,6393834
recursive,8,44695848,0.0,0.05,0.0,1.0,53,7,2,129402292,3910886,6,8,7123959
recursive,8,44695848,0.0,0.05,0.0,1.0,53,7,3,125915250,3910886,6,8,4961125
recursive,8,44695848,0.0,0.05,0.0,1.0,53,7,4,113756750,3910886,6,8,6421084
recursive,8,44695848,0.0,0.05,0.0,1.0,53,7,5,122271375,3910886,6,8,8758208
recursive,8,44695848,0.0,0.05,0.0,1.0,53,7,6,122313666,3910886,6,8,6333374
recursive,8,44695848,0.0,0.05,0.0,1.0,53,7,7,120146708,3910886,6,8,8630625
recursive,8,44695848,0.0,0.05,0.0,1.0,53,7,8,118860458,3910886,6,8,6072792
recursive,8,44695848,0.0,0.05,0.0,1.0,53,7,9,120151375,3910886,6,8,7259334
recursive,8,44695848,0.0,0.05,0.0,1.0,53,7,10,120312959,3910886,6,8,7558168
recursive,8,44695848,0.0,0.05,0.0,1.0,53,7,11,124013709,3910886,6,8,6782751
recursive,8,44695848,0.0,0.05,0.0,1.0,53,7,12,133993875,3910886,6,8,4950416
recursive,8,44695848,0.0,0.05,0.0,1.0,53,7,13,133567333,3910886,6,8,9350750
recursive,8,44695848,0.0,0.05,0.0,1.0,53,7,14,127015709,3910886,6,8,7279917
recursive,8,44695848,0.0,0.05,0.0,1.0,53,7,15,135951042,3910886,6,8,6393708
recursive,8,44695848,0.0,0.05,0.0,1.0,53,7,16,113560542,3910886,6,8,5841334
recursive,8,44695848,0.0,0.05,0.0,1.0,53,7,17,108750459,3910886,6,8,3659167
recursive,8,44695848,0.0,0.05,0.0,1.0,53,7,18,118895625,3910886,6,8,5901083
recursive,8,44695848,0.0,0.05,0.0,1.0,53,7,19,118516792,3910886,6,8,10990001
recursive_fresh,8,44695848,0.0,0.05,0.0,1.0,53,7,0,116579375,3910886,6,8,11208625
recursive_fresh,8,44695848,0.0,0.05,0.0,1.0,53,7,1,116874750,3910886,6,8,7238917
recursive_fresh,8,44695848,0.0,0.05,0.0,1.0,53,7,2,115490000,3910886,6,8,8589625
recursive_fresh,8,44695848,0.0,0.05,0.0,1.0,53,7,3,124863375,3910886,6,8,7172958
recursive_fresh,8,44695848,0.0,0.05,0.0,1.0,53,7,4,120257708,3910886,6,8,6938125
recursive_fresh,8,44695848,0.0,0.05,0.0,1.0,53,7,5,107621750,3910886,6,8,4531209
recursive_fresh,8,44695848,0.0,0.05,0.0,1.0,53,7,6,111260459,3910886,6,8,8275751
recursive_fresh,8,44695848,0.0,0.05,0.0,1.0,53,7,7,114130083,3910886,6,8,5312624
recursive_fresh,8,44695848,0.0,0.05,0.0,1.0,53,7,8,115850042,3910886,6,8,7289208
recursive_fresh,8,44695848,0.0,0.05,0.0,1.0,53,7,9,119300542,3910886,6,8,6706625
recursive_fresh,8,44695848,0.0,0.05,0.0,1.0,53,7,10,115167416,3910886,6,8,7113791
recursive_fresh,8,44695848,0.0,0.05,0.0,1.0,53,7,11,121208875,3910886,6,8,6588625
recursive_fresh,8,44695848,0.0,0.05,0.0,1.0,53,7,12,123345709,3910886,6,8,5240709
recursive_fresh,8,44695848,0.0,0.05,0.0,1.0,53,7,13,122188667,3910886,6,8,4763626
recursive_fresh,8,44695848,0.0,0.05,0.0,1.0,53,7,14,115133792,3910886,6,8,5154292
recursive_fresh,8,44695848,0.0,0.05,0.0,1.0,53,7,15,129818209,3910886,6,8,7907917
recursive_fresh,8,44695848,0.0,0.05,0.0,1.0,53,7,16,130513833,3910886,6,8,8569249
recursive_fresh,8,44695848,0.0,0.05,0.0,1.0,53,7,17,128014583,3910886,6,8,7394333
recursive_fresh,8,44695848,0.0,0.05,0.0,1.0,53,7,18,114477292,3910886,6,8,9047000
recursive_fresh,8,44695848,0.0,0.05,0.0,1.0,53,7,19,119507583,3910886,6,8,5427166
