algo,world_size,nbytes,alpha_ns,beta_ns_per_byte,jitter_q,jitter_k,jitter_seed,trial,iter,duration_ns,injected_ns,messages,ranks_observed,spread_ns
recursive,2,8388608,0.0,0.0,0.0,1.0,11,0,0,3277625,0,2,2,17541
recursive,2,8388608,0.0,0.0,0.0,1.0,11,0,1,3529458,0,2,2,196417
recursive,2,8388608,0.0,0.0,0.0,1.0,11,0,2,3332375,0,2,2,174000
recursive,2,8388608,0.0,0.0,0.0,1.0,11,0,3,3151917,0,2,2,264584
recursive,2,8388608,0.0,0.0,0.0,1.0,11,0,4,3209416,0,2,2,128541
recursive,2,8388608,0.0,0.0,0.0,1.0,11,0,5,3052500,0,2,2,169459
recursive,2,8388608,0.0,0.0,0.0,1.0,11,0,6,3147667,0,2,2,5542
recursive,2,8388608,0.0,0.0,0.0,1.0,11,0,7,3211709,0,2,2,159750
recursive,2,8388608,0.0,0.0,0.0,1.0,11,0,8,2948625,0,2,2,140875
recursive,2,8388608,0.0,0.0,0.0,1.0,11,0,9,3161458,0,2,2,80458
recursive,2,8388608,0.0,0.0,0.0,1.0,11,0,10,3309084,0,2,2,17667
recursive,2,8388608,0.0,0.0,0.0,1.0,11,0,11,3167208,0,2,2,198958
recursive,2,8388608,0.0,0.0,0.0,1.0,11,0,12,3109000,0,2,2,23541
recursive,2,8388608,0.0,0.0,0.0,1.0,11,0,13,3285291,0,2,2,23833
recursive,2,8388608,0.0,0.0,0.0,1.0,11,0,14,3154250,0,2,2,6042
recursive,2,8388608,0.0,0.0,0.0,1.0,11,0,15,3154166,0,2,2,254208
recursive,2,8388608,0.0,0.0,0.0,1.0,11,0,16,3264584,0,2,2,156375
recursive,2,8388608,0.0,0.0,0.0,1.0,11,0,17,2953917,0,2,2,272334
recursive,2,8388608,0.0,0.0,0.0,1.0,11,0,18,3322791,0,2,2,203583
recursive,2,8388608,0.0,0.0,0.0,1.0,11,0,19,3195708,0,2,2,324083
recursive,2,8388608,0.0,0.0,0.0,1.0,11,0,20,1301333,0,2,2,1624
recursive,2,8388608,0.0,0.0,0.0,1.0,11,0,21,1514917,0,2,2,29709
recursive,2,8388608,0.0,0.0,0.0,1.0,11,0,22,1548042,0,2,2,10084
recursive,2,8388608,0.0,0.0,0.0,1.0,11,0,23,1276542,0,2,2,1792
recursive,2,8388608,0.0,0.0,0.0,1.0,11,0,24,1329917,0,2,2,3459
recursive,2,8388608,0.0,0.0,0.0,1.0,11,0,25,1465375,0,2,2,3000
recursive,2,8388608,0.0,0.0,0.0,1.0,11,0,26,1474917,0,2,2,87250
recursive,2,8388608,0.0,0.0,0.0,1.0,11,0,27,1413917,0,2,2,10583
recursive,2,8388608,0.0,0.0,0.0,1.0,11,0,28,1280458,0,2,2,416
recursive,2,8388608,0.0,0.0,0.0,1.0,11,0,29,1239708,0,2,2,1874
recursive,2,8388608,0.0,0.0,0.0,1.0,11,0,30,1430000,0,2,2,144833
recursive,2,8388608,0.0,0.0,0.0,1.0,11,0,31,1548500,0,2,2,165167
recursive,2,8388608,0.0,0.0,0.0,1.0,11,0,32,1503458,0,2,2,141583
recursive,2,8388608,0.0,0.0,0.0,1.0,11,0,33,1363916,0,2,2,66749
recursive,2,8388608,0.0,0.0,0.0,1.0,11,0,34,1301250,0,2,2,2125
recursive,2,8388608,0.0,0.0,0.0,1.0,11,0,35,1231709,0,2,2,3334
recursive,2,8388608,0.0,0.0,0.0,1.0,11,0,36,1271291,0,2,2,8958
recursive,2,8388608,0.0,0.0,0.0,1.0,11,0,37,1363333,0,2,2,27833
recursive,2,8388608,0.0,0.0,0.0,1.0,11,0,38,1467958,0,2,2,5166
recursive,2,8388608,0.0,0.0,0.0,1.0,11,0,39,2954041,0,2,2,1582
ring,2,1048576,0.0,0.0,0.0,1.0,11,0,0,346708,0,2,2,4541
ring,2,1048576,0.0,0.0,0.0,1.0,11,0,1,319542,0,2,2,14708
ring,2,1048576,0.0,0.0,0.0,1.0,11,0,2,333459,0,2,2,751
ring,2,1048576,0.0,0.0,0.0,1.0,11,0,3,369584,0,2,2,61459
ring,2,1048576,0.0,0.0,0.0,1.0,11,0,4,369792,0,2,2,3334
ring,2,1048576,0.0,0.0,0.0,1.0,11,0,5,374709,0,2,2,20001
ring,2,1048576,0.0,0.0,0.0,1.0,11,0,6,387291,0,2,2,43749
ring,2,1048576,0.0,0.0,0.0,1.0,11,0,7,374958,0,2,2,11833
ring,2,1048576,0.0,0.0,0.0,1.0,11,0,8,319708,0,2,2,6417
ring,2,1048576,0.0,0.0,0.0,1.0,11,0,9,362792,0,2,2,14667
ring,2,1048576,0.0,0.0,0.0,1.0,11,0,10,343458,0,2,2,12333
ring,2,1048576,0.0,0.0,0.0,1.0,11,0,11,357083,0,2,2,23291
ring,2,1048576,0.0,0.0,0.0,1.0,11,0,12,315000,0,2,2,30917
ring,2,1048576,0.0,0.0,0.0,1.0,11,0,13,357583,0,2,2,17499
ring,2,1048576,0.0,0.0,0.0,1.0,11,0,14,311042,0,2,2,3334
ring,2,1048576,0.0,0.0,0.0,1.0,11,0,15,289875,0,2,2,17208
ring,2,1048576,0.0,0.0,0.0,1.0,11,0,16,367500,0,2,2,6125
ring,2,1048576,0.0,0.0,0.0,1.0,11,0,17,321708,0,2,2,13500
ring,2,1048576,0.0,0.0,0.0,1.0,11,0,18,309792,0,2,2,3709
ring,2,1048576,0.0,0.0,0.0,1.0,11,0,19,310333,0,2,2,2458
ring,2,1048576,0.0,0.0,0.0,1.0,11,0,20,312375,0,2,2,8250
ring,2,1048576,0.0,0.0,0.0,1.0,11,0,21,302250,0,2,2,3584
ring,2,1048576,0.0,0.0,0.0,1.0,11,0,22,315042,0,2,2,8917
ring,2,1048576,0.0,0.0,0.0,1.0,11,0,23,350167,0,2,2,11583
ring,2,1048576,0.0,0.0,0.0,1.0,11,0,24,363000,0,2,2,9083
ring,2,1048576,0.0,0.0,0.0,1.0,11,0,25,468250,0,2,2,11042
ring,2,1048576,0.0,0.0,0.0,1.0,11,0,26,407125,0,2,2,10417
ring,2,1048576,0.0,0.0,0.0,1.0,11,0,27,406625,0,2,2,23792
ring,2,1048576,0.0,0.0,0.0,1.0,11,0,28,309000,0,2,2,14792
ring,2,1048576,0.0,0.0,0.0,1.0,11,0,29,347125,0,2,2,792
ring,2,1048576,0.0,0.0,0.0,1.0,11,0,30,350250,0,2,2,6584
ring,2,1048576,0.0,0.0,0.0,1.0,11,0,31,367958,0,2,2,11791
ring,2,1048576,0.0,0.0,0.0,1.0,11,0,32,363584,0,2,2,7459
ring,2,1048576,0.0,0.0,0.0,1.0,11,0,33,376750,0,2,2,15583
ring,2,1048576,0.0,0.0,0.0,1.0,11,0,34,389084,0,2,2,5334
ring,2,1048576,0.0,0.0,0.0,1.0,11,0,35,374250,0,2,2,50750
ring,2,1048576,0.0,0.0,0.0,1.0,11,0,36,273750,0,2,2,16250
ring,2,1048576,0.0,0.0,0.0,1.0,11,0,37,289042,0,2,2,4792
ring,2,1048576,0.0,0.0,0.0,1.0,11,0,38,360250,0,2,2,20250
ring,2,1048576,0.0,0.0,0.0,1.0,11,0,39,317416,0,2,2,4249
ps,2,1048576,0.0,0.0,0.0,1.0,11,0,0,206917,0,1,2,7667
ps,2,1048576,0.0,0.0,0.0,1.0,11,0,1,236500,0,1,2,19500
ps,2,1048576,0.0,0.0,0.0,1.0,11,0,2,208250,0,1,2,4083
ps,2,1048576,0.0,0.0,0.0,1.0,11,0,3,212041,0,1,2,4832
ps,2,1048576,0.0,0.0,0.0,1.0,11,0,4,217916,0,1,2,23875
ps,2,1048576,0.0,0.0,0.0,1.0,11,0,5,215000,0,1,2,292
ps,2,1048576,0.0,0.0,0.0,1.0,11,0,6,209042,0,1,2,1750
ps,2,1048576,0.0,0.0,0.0,1.0,11,0,7,216416,0,1,2,16208
ps,2,1048576,0.0,0.0,0.0,1.0,11,0,8,201041,0,1,2,2624
ps,2,1048576,0.0,0.0,0.0,1.0,11,0,9,300166,0,1,2,25332
ps,2,1048576,0.0,0.0,0.0,1.0,11,0,10,221167,0,1,2,3750
ps,2,1048576,0.0,0.0,0.0,1.0,11,0,11,197834,0,1,2,84
ps,2,1048576,0.0,0.0,0.0,1.0,11,0,12,192750,0,1,2,917
ps,2,1048576,0.0,0.0,0.0,1.0,11,0,13,261792,0,1,2,4583
ps,2,1048576,0.0,0.0,0.0,1.0,11,0,14,206666,0,1,2,24457
ps,2,1048576,0.0,0.0,0.0,1.0,11,0,15,196542,0,1,2,20500
ps,2,1048576,0.0,0.0,0.0,1.0,11,0,16,178625,0,1,2,1166
ps,2,1048576,0.0,0.0,0.0,1.0,11,0,17,177542,0,1,2,2084
ps,2,1048576,0.0,0.0,0.0,1.0,11,0,18,192708,0,1,2,16000
ps,2,1048576,0.0,0.0,0.0,1.0,11,0,19,188084,0,1,2,14292
ps,2,1048576,0.0,0.0,0.0,1.0,11,0,20,191375,0,1,2,18458
ps,2,1048576,0.0,0.0,0.0,1.0,11,0,21,191417,0,1,2,10083
ps,2,1048576,0.0,0.0,0.0,1.0,11,0,22,194792,0,1,2,7250
ps,2,1048576,0.0,0.0,0.0,1.0,11,0,23,185667,0,1,2,17667
ps,2,1048576,0.0,0.0,0.0,1.0,11,0,24,182250,0,1,2,10125
ps,2,1048576,0.0,0.0,0.0,1.0,11,0,25,268042,0,1,2,292
ps,2,1048576,0.0,0.0,0.0,1.0,11,0,26,208958,0,1,2,583
ps,2,1048576,0.0,0.0,0.0,1.0,11,0,27,193667,0,1,2,7167
ps,2,1048576,0.0,0.0,0.0,1.0,11,0,28,175416,0,1,2,3125
ps,2,1048576,0.0,0.0,0.0,1.0,11,0,29,192333,0,1,2,16792
ps,2,1048576,0.0,0.0,0.0,1.0,11,0,30,234500,0,1,2,19083
ps,2,1048576,0.0,0.0,0.0,1.0,11,0,31,242583,0,1,2,11999
ps,2,1048576,0.0,0.0,0.0,1.0,11,0,32,227417,0,1,2,19083
ps,2,1048576,0.0,0.0,0.0,1.0,11,0,33,211584,0,1,2,5293
ps,2,1048576,0.0,0.0,0.0,1.0,11,0,34,296542,0,1,2,167
ps,2,1048576,0.0,0.0,0.0,1.0,11,0,35,231750,0,1,2,10125
ps,2,1048576,0.0,0.0,0.0,1.0,11,0,36,292000,0,1,2,25542
ps,2,1048576,0.0,0.0,0.0,1.0,11,0,37,316125,0,1,2,14791
ps,2,1048576,0.0,0.0,0.0,1.0,11,0,38,294667,0,1,2,21917
ps,2,1048576,0.0,0.0,0.0,1.0,11,0,39,251292,0,1,2,2833
ring,2,65536,0.0,0.0,0.0,1.0,11,0,0,93083,0,2,2,10916
ring,2,65536,0.0,0.0,0.0,1.0,11,0,1,83625,0,2,2,7458
ring,2,65536,0.0,0.0,0.0,1.0,11,0,2,102250,0,2,2,2833
ring,2,65536,0.0,0.0,0.0,1.0,11,0,3,154667,0,2,2,18251
ring,2,65536,0.0,0.0,0.0,1.0,11,0,4,86167,0,2,2,9708
ring,2,65536,0.0,0.0,0.0,1.0,11,0,5,103708,0,2,2,6958
ring,2,65536,0.0,0.0,0.0,1.0,11,0,6,106000,0,2,2,13417
ring,2,65536,0.0,0.0,0.0,1.0,11,0,7,129083,0,2,2,4124
ring,2,65536,0.0,0.0,0.0,1.0,11,0,8,134708,0,2,2,6750
ring,2,65536,0.0,0.0,0.0,1.0,11,0,9,132125,0,2,2,14792
ring,2,65536,0.0,0.0,0.0,1.0,11,0,10,117625,0,2,2,15750
ring,2,65536,0.0,0.0,0.0,1.0,11,0,11,102458,0,2,2,11791
ring,2,65536,0.0,0.0,0.0,1.0,11,0,12,111125,0,2,2,4875
ring,2,65536,0.0,0.0,0.0,1.0,11,0,13,108250,0,2,2,291
ring,2,65536,0.0,0.0,0.0,1.0,11,0,14,121125,0,2,2,5417
ring,2,65536,0.0,0.0,0.0,1.0,11,0,15,105708,0,2,2,19041
ring,2,65536,0.0,0.0,0.0,1.0,11,0,16,99667,0,2,2,5750
ring,2,65536,0.0,0.0,0.0,1.0,11,0,17,106875,0,2,2,16750
ring,2,65536,0.0,0.0,0.0,1.0,11,0,18,97917,0,2,2,5042
ring,2,65536,0.0,0.0,0.0,1.0,11,0,19,123541,0,2,2,16207
ring,2,65536,0.0,0.0,0.0,1.0,11,0,20,142542,0,2,2,22208
ring,2,65536,0.0,0.0,0.0,1.0,11,0,21,94792,0,2,2,11375
ring,2,65536,0.0,0.0,0.0,1.0,11,0,22,119708,0,2,2,16083
ring,2,65536,0.0,0.0,0.0,1.0,11,0,23,94000,0,2,2,4250
ring,2,65536,0.0,0.0,0.0,1.0,11,0,24,129583,0,2,2,4375
ring,2,65536,0.0,0.0,0.0,1.0,11,0,25,126917,0,2,2,2042
ring,2,65536,0.0,0.0,0.0,1.0,11,0,26,149875,0,2,2,8042
ring,2,65536,0.0,0.0,0.0,1.0,11,0,27,102375,0,2,2,19292
ring,2,65536,0.0,0.0,0.0,1.0,11,0,28,118833,0,2,2,14541
ring,2,65536,0.0,0.0,0.0,1.0,11,0,29,105250,0,2,2,7084
ring,2,65536,0.0,0.0,0.0,1.0,11,0,30,115291,0,2,2,12207
ring,2,65536,0.0,0.0,0.0,1.0,11,0,31,99250,0,2,2,9667
ring,2,65536,0.0,0.0,0.0,1.0,11,0,32,107750,0,2,2,14458
ring,2,65536,0.0,0.0,0.0,1.0,11,0,33,116292,0,2,2,7459
ring,2,65536,0.0,0.0,0.0,1.0,11,0,34,99792,0,2,2,834
ring,2,65536,0.0,0.0,0.0,1.0,11,0,35,101334,0,2,2,6584
ring,2,65536,0.0,0.0,0.0,1.0,11,0,36,131792,0,2,2,15251
ring,2,65536,0.0,0.0,0.0,1.0,11,0,37,112417,0,2,2,2751
ring,2,65536,0.0,0.0,0.0,1.0,11,0,38,104000,0,2,2,416
ring,2,65536,0.0,0.0,0.0,1.0,11,0,39,105458,0,2,2,4583
recursive,2,1048576,0.0,0.0,0.0,1.0,11,0,0,297166,0,2,2,18874
recursive,2,1048576,0.0,0.0,0.0,1.0,11,0,1,383292,0,2,2,31084
recursive,2,1048576,0.0,0.0,0.0,1.0,11,0,2,435542,0,2,2,18875
recursive,2,1048576,0.0,0.0,0.0,1.0,11,0,3,339792,0,2,2,4917
recursive,2,1048576,0.0,0.0,0.0,1.0,11,0,4,324209,0,2,2,19251
recursive,2,1048576,0.0,0.0,0.0,1.0,11,0,5,376458,0,2,2,7417
recursive,2,1048576,0.0,0.0,0.0,1.0,11,0,6,369166,0,2,2,3250
recursive,2,1048576,0.0,0.0,0.0,1.0,11,0,7,383417,0,2,2,29501
recursive,2,1048576,0.0,0.0,0.0,1.0,11,0,8,423958,0,2,2,54917
recursive,2,1048576,0.0,0.0,0.0,1.0,11,0,9,391875,0,2,2,3792
recursive,2,1048576,0.0,0.0,0.0,1.0,11,0,10,303209,0,2,2,2459
recursive,2,1048576,0.0,0.0,0.0,1.0,11,0,11,387708,0,2,2,42750
recursive,2,1048576,0.0,0.0,0.0,1.0,11,0,12,381708,0,2,2,5583
recursive,2,1048576,0.0,0.0,0.0,1.0,11,0,13,353250,0,2,2,22625
recursive,2,1048576,0.0,0.0,0.0,1.0,11,0,14,391750,0,2,2,8542
recursive,2,1048576,0.0,0.0,0.0,1.0,11,0,15,376083,0,2,2,46541
recursive,2,1048576,0.0,0.0,0.0,1.0,11,0,16,324000,0,2,2,24459
recursive,2,1048576,0.0,0.0,0.0,1.0,11,0,17,364625,0,2,2,4084
recursive,2,1048576,0.0,0.0,0.0,1.0,11,0,18,298416,0,2,2,25124
recursive,2,1048576,0.0,0.0,0.0,1.0,11,0,19,324584,0,2,2,25834
recursive,2,1048576,0.0,0.0,0.0,1.0,11,0,20,395459,0,2,2,11501
recursive,2,1048576,0.0,0.0,0.0,1.0,11,0,21,321167,0,2,2,6167
recursive,2,1048576,0.0,0.0,0.0,1.0,11,0,22,353833,0,2,2,10583
recursive,2,1048576,0.0,0.0,0.0,1.0,11,0,23,387917,0,2,2,46626
recursive,2,1048576,0.0,0.0,0.0,1.0,11,0,24,317250,0,2,2,5084
recursive,2,1048576,0.0,0.0,0.0,1.0,11,0,25,355416,0,2,2,71791
recursive,2,1048576,0.0,0.0,0.0,1.0,11,0,26,328792,0,2,2,4876
recursive,2,1048576,0.0,0.0,0.0,1.0,11,0,27,353333,0,2,2,20750
recursive,2,1048576,0.0,0.0,0.0,1.0,11,0,28,305542,0,2,2,4167
recursive,2,1048576,0.0,0.0,0.0,1.0,11,0,29,319500,0,2,2,5000
recursive,2,1048576,0.0,0.0,0.0,1.0,11,0,30,352542,0,2,2,16375
recursive,2,1048576,0.0,0.0,0.0,1.0,11,0,31,360292,0,2,2,2458
recursive,2,1048576,0.0,0.0,0.0,1.0,11,0,32,359584,0,2,2,26709
recursive,2,1048576,0.0,0.0,0.0,1.0,11,0,33,408625,0,2,2,15041
recursive,2,1048576,0.0,0.0,0.0,1.0,11,0,34,351417,0,2,2,6292
recursive,2,1048576,0.0,0.0,0.0,1.0,11,0,35,315708,0,2,2,13666
recursive,2,1048576,0.0,0.0,0.0,1.0,11,0,36,354750,0,2,2,31291
recursive,2,1048576,0.0,0.0,0.0,1.0,11,0,37,335750,0,2,2,41250
recursive,2,1048576,0.0,0.0,0.0,1.0,11,0,38,303333,0,2,2,5875
recursive,2,1048576,0.0,0.0,0.0,1.0,11,0,39,298000,0,2,2,917
ps,2,65536,0.0,0.0,0.0,1.0,11,0,0,90375,0,1,2,16208
ps,2,65536,0.0,0.0,0.0,1.0,11,0,1,88000,0,1,2,5167
ps,2,65536,0.0,0.0,0.0,1.0,11,0,2,67666,0,1,2,125
ps,2,65536,0.0,0.0,0.0,1.0,11,0,3,73084,0,1,2,43
ps,2,65536,0.0,0.0,0.0,1.0,11,0,4,71584,0,1,2,2126
ps,2,65536,0.0,0.0,0.0,1.0,11,0,5,90541,0,1,2,6499
ps,2,65536,0.0,0.0,0.0,1.0,11,0,6,90666,0,1,2,4874
ps,2,65536,0.0,0.0,0.0,1.0,11,0,7,91583,0,1,2,5374
ps,2,65536,0.0,0.0,0.0,1.0,11,0,8,89042,0,1,2,2708
ps,2,65536,0.0,0.0,0.0,1.0,11,0,9,87584,0,1,2,5542
ps,2,65536,0.0,0.0,0.0,1.0,11,0,10,101916,0,1,2,2208
ps,2,65536,0.0,0.0,0.0,1.0,11,0,11,70333,0,1,2,1291
ps,2,65536,0.0,0.0,0.0,1.0,11,0,12,68667,0,1,2,792
ps,2,65536,0.0,0.0,0.0,1.0,11,0,13,87750,0,1,2,1667
ps,2,65536,0.0,0.0,0.0,1.0,11,0,14,64666,0,1,2,1708
ps,2,65536,0.0,0.0,0.0,1.0,11,0,15,94250,0,1,2,7166
ps,2,65536,0.0,0.0,0.0,1.0,11,0,16,75375,0,1,2,3125
ps,2,65536,0.0,0.0,0.0,1.0,11,0,17,64292,0,1,2,500
ps,2,65536,0.0,0.0,0.0,1.0,11,0,18,84500,0,1,2,6291
ps,2,65536,0.0,0.0,0.0,1.0,11,0,19,94375,0,1,2,17958
ps,2,65536,0.0,0.0,0.0,1.0,11,0,20,105375,0,1,2,2292
ps,2,65536,0.0,0.0,0.0,1.0,11,0,21,82125,0,1,2,3125
ps,2,65536,0.0,0.0,0.0,1.0,11,0,22,90042,0,1,2,2875
ps,2,65536,0.0,0.0,0.0,1.0,11,0,23,102583,0,1,2,14667
ps,2,65536,0.0,0.0,0.0,1.0,11,0,24,86334,0,1,2,5084
ps,2,65536,0.0,0.0,0.0,1.0,11,0,25,88875,0,1,2,1458
ps,2,65536,0.0,0.0,0.0,1.0,11,0,26,98334,0,1,2,14209
ps,2,65536,0.0,0.0,0.0,1.0,11,0,27,87917,0,1,2,4251
ps,2,65536,0.0,0.0,0.0,1.0,11,0,28,77833,0,1,2,1125
ps,2,65536,0.0,0.0,0.0,1.0,11,0,29,72750,0,1,2,1958
ps,2,65536,0.0,0.0,0.0,1.0,11,0,30,105416,0,1,2,3333
ps,2,65536,0.0,0.0,0.0,1.0,11,0,31,75917,0,1,2,6709
ps,2,65536,0.0,0.0,0.0,1.0,11,0,32,72291,0,1,2,2916
ps,2,65536,0.0,0.0,0.0,1.0,11,0,33,86334,0,1,2,5251
ps,2,65536,0.0,0.0,0.0,1.0,11,0,34,104625,0,1,2,2625
ps,2,65536,0.0,0.0,0.0,1.0,11,0,35,75458,0,1,2,500
ps,2,65536,0.0,0.0,0.0,1.0,11,0,36,79375,0,1,2,2041
ps,2,65536,0.0,0.0,0.0,1.0,11,0,37,86750,0,1,2,13792
ps,2,65536,0.0,0.0,0.0,1.0,11,0,38,87167,0,1,2,4876
ps,2,65536,0.0,0.0,0.0,1.0,11,0,39,80792,0,1,2,3501
ring,2,4096,0.0,0.0,0.0,1.0,11,0,0,115875,0,2,2,5792
ring,2,4096,0.0,0.0,0.0,1.0,11,0,1,93625,0,2,2,3959
ring,2,4096,0.0,0.0,0.0,1.0,11,0,2,108500,0,2,2,2792
ring,2,4096,0.0,0.0,0.0,1.0,11,0,3,134625,0,2,2,5084
ring,2,4096,0.0,0.0,0.0,1.0,11,0,4,153083,0,2,2,2791
ring,2,4096,0.0,0.0,0.0,1.0,11,0,5,114750,0,2,2,1458
ring,2,4096,0.0,0.0,0.0,1.0,11,0,6,110417,0,2,2,917
ring,2,4096,0.0,0.0,0.0,1.0,11,0,7,96750,0,2,2,3125
ring,2,4096,0.0,0.0,0.0,1.0,11,0,8,93458,0,2,2,9749
ring,2,4096,0.0,0.0,0.0,1.0,11,0,9,89750,0,2,2,11125
ring,2,4096,0.0,0.0,0.0,1.0,11,0,10,97125,0,2,2,2041
ring,2,4096,0.0,0.0,0.0,1.0,11,0,11,121667,0,2,2,167
ring,2,4096,0.0,0.0,0.0,1.0,11,0,12,176334,0,2,2,3334
ring,2,4096,0.0,0.0,0.0,1.0,11,0,13,148750,0,2,2,12250
ring,2,4096,0.0,0.0,0.0,1.0,11,0,14,124500,0,2,2,959
ring,2,4096,0.0,0.0,0.0,1.0,11,0,15,126667,0,2,2,5626
ring,2,4096,0.0,0.0,0.0,1.0,11,0,16,121250,0,2,2,7333
ring,2,4096,0.0,0.0,0.0,1.0,11,0,17,109792,0,2,2,1458
ring,2,4096,0.0,0.0,0.0,1.0,11,0,18,135125,0,2,2,3375
ring,2,4096,0.0,0.0,0.0,1.0,11,0,19,99291,0,2,2,41
ring,2,4096,0.0,0.0,0.0,1.0,11,0,20,113667,0,2,2,13084
ring,2,4096,0.0,0.0,0.0,1.0,11,0,21,125042,0,2,2,125
ring,2,4096,0.0,0.0,0.0,1.0,11,0,22,95042,0,2,2,3667
ring,2,4096,0.0,0.0,0.0,1.0,11,0,23,104292,0,2,2,292
ring,2,4096,0.0,0.0,0.0,1.0,11,0,24,99583,0,2,2,125
ring,2,4096,0.0,0.0,0.0,1.0,11,0,25,92541,0,2,2,4208
ring,2,4096,0.0,0.0,0.0,1.0,11,0,26,114500,0,2,2,1250
ring,2,4096,0.0,0.0,0.0,1.0,11,0,27,87542,0,2,2,1
ring,2,4096,0.0,0.0,0.0,1.0,11,0,28,145417,0,2,2,8375
ring,2,4096,0.0,0.0,0.0,1.0,11,0,29,95959,0,2,2,6209
ring,2,4096,0.0,0.0,0.0,1.0,11,0,30,105833,0,2,2,6625
ring,2,4096,0.0,0.0,0.0,1.0,11,0,31,101791,0,2,2,10708
ring,2,4096,0.0,0.0,0.0,1.0,11,0,32,95583,0,2,2,10250
ring,2,4096,0.0,0.0,0.0,1.0,11,0,33,100584,0,2,2,750
ring,2,4096,0.0,0.0,0.0,1.0,11,0,34,98458,0,2,2,417
ring,2,4096,0.0,0.0,0.0,1.0,11,0,35,105584,0,2,2,84
ring,2,4096,0.0,0.0,0.0,1.0,11,0,36,135834,0,2,2,1542
ring,2,4096,0.0,0.0,0.0,1.0,11,0,37,101708,0,2,2,2291
ring,2,4096,0.0,0.0,0.0,1.0,11,0,38,113375,0,2,2,1667
ring,2,4096,0.0,0.0,0.0,1.0,11,0,39,138250,0,2,2,8584
recursive,2,65536,0.0,0.0,0.0,1.0,11,0,0,125542,0,2,2,4751
recursive,2,65536,0.0,0.0,0.0,1.0,11,0,1,147417,0,2,2,6001
recursive,2,65536,0.0,0.0,0.0,1.0,11,0,2,119875,0,2,2,8375
recursive,2,65536,0.0,0.0,0.0,1.0,11,0,3,105875,0,2,2,250
recursive,2,65536,0.0,0.0,0.0,1.0,11,0,4,126959,0,2,2,11167
recursive,2,65536,0.0,0.0,0.0,1.0,11,0,5,124417,0,2,2,792
recursive,2,65536,0.0,0.0,0.0,1.0,11,0,6,104500,0,2,2,8291
recursive,2,65536,0.0,0.0,0.0,1.0,11,0,7,133000,0,2,2,6084
recursive,2,65536,0.0,0.0,0.0,1.0,11,0,8,114958,0,2,2,3625
recursive,2,65536,0.0,0.0,0.0,1.0,11,0,9,106375,0,2,2,3417
recursive,2,65536,0.0,0.0,0.0,1.0,11,0,10,130292,0,2,2,7375
recursive,2,65536,0.0,0.0,0.0,1.0,11,0,11,114166,0,2,2,13749
recursive,2,65536,0.0,0.0,0.0,1.0,11,0,12,101625,0,2,2,4625
recursive,2,65536,0.0,0.0,0.0,1.0,11,0,13,111125,0,2,2,8000
recursive,2,65536,0.0,0.0,0.0,1.0,11,0,14,125458,0,2,2,375
recursive,2,65536,0.0,0.0,0.0,1.0,11,0,15,106083,0,2,2,583
recursive,2,65536,0.0,0.0,0.0,1.0,11,0,16,104250,0,2,2,3625
recursive,2,65536,0.0,0.0,0.0,1.0,11,0,17,105833,0,2,2,3333
recursive,2,65536,0.0,0.0,0.0,1.0,11,0,18,122667,0,2,2,625
recursive,2,65536,0.0,0.0,0.0,1.0,11,0,19,115083,0,2,2,2166
recursive,2,65536,0.0,0.0,0.0,1.0,11,0,20,100000,0,2,2,2333
recursive,2,65536,0.0,0.0,0.0,1.0,11,0,21,119875,0,2,2,8167
recursive,2,65536,0.0,0.0,0.0,1.0,11,0,22,117750,0,2,2,917
recursive,2,65536,0.0,0.0,0.0,1.0,11,0,23,116500,0,2,2,8083
recursive,2,65536,0.0,0.0,0.0,1.0,11,0,24,100750,0,2,2,2791
recursive,2,65536,0.0,0.0,0.0,1.0,11,0,25,111042,0,2,2,1542
recursive,2,65536,0.0,0.0,0.0,1.0,11,0,26,119917,0,2,2,2625
recursive,2,65536,0.0,0.0,0.0,1.0,11,0,27,119167,0,2,2,1959
recursive,2,65536,0.0,0.0,0.0,1.0,11,0,28,119792,0,2,2,3792
recursive,2,65536,0.0,0.0,0.0,1.0,11,0,29,105750,0,2,2,12916
recursive,2,65536,0.0,0.0,0.0,1.0,11,0,30,123583,0,2,2,3375
recursive,2,65536,0.0,0.0,0.0,1.0,11,0,31,108500,0,2,2,1333
recursive,2,65536,0.0,0.0,0.0,1.0,11,0,32,121833,0,2,2,3042
recursive,2,65536,0.0,0.0,0.0,1.0,11,0,33,119416,0,2,2,1625
recursive,2,65536,0.0,0.0,0.0,1.0,11,0,34,114250,0,2,2,12000
recursive,2,65536,0.0,0.0,0.0,1.0,11,0,35,98166,0,2,2,750
recursive,2,65536,0.0,0.0,0.0,1.0,11,0,36,112042,0,2,2,4958
recursive,2,65536,0.0,0.0,0.0,1.0,11,0,37,109833,0,2,2,3291
recursive,2,65536,0.0,0.0,0.0,1.0,11,0,38,118833,0,2,2,1208
recursive,2,65536,0.0,0.0,0.0,1.0,11,0,39,121541,0,2,2,499
ring,2,8388608,0.0,0.0,0.0,1.0,11,0,0,1749542,0,2,2,12250
ring,2,8388608,0.0,0.0,0.0,1.0,11,0,1,1589458,0,2,2,87999
ring,2,8388608,0.0,0.0,0.0,1.0,11,0,2,1629291,0,2,2,24666
ring,2,8388608,0.0,0.0,0.0,1.0,11,0,3,3145459,0,2,2,246584
ring,2,8388608,0.0,0.0,0.0,1.0,11,0,4,1878166,0,2,2,61083
ring,2,8388608,0.0,0.0,0.0,1.0,11,0,5,1634834,0,2,2,48792
ring,2,8388608,0.0,0.0,0.0,1.0,11,0,6,1188708,0,2,2,333
ring,2,8388608,0.0,0.0,0.0,1.0,11,0,7,1215208,0,2,2,4625
ring,2,8388608,0.0,0.0,0.0,1.0,11,0,8,1301375,0,2,2,3625
ring,2,8388608,0.0,0.0,0.0,1.0,11,0,9,1342917,0,2,2,10667
ring,2,8388608,0.0,0.0,0.0,1.0,11,0,10,1191042,0,2,2,1334
ring,2,8388608,0.0,0.0,0.0,1.0,11,0,11,1279792,0,2,2,110250
ring,2,8388608,0.0,0.0,0.0,1.0,11,0,12,1183875,0,2,2,7334
ring,2,8388608,0.0,0.0,0.0,1.0,11,0,13,1361208,0,2,2,3500
ring,2,8388608,0.0,0.0,0.0,1.0,11,0,14,1366375,0,2,2,23084
ring,2,8388608,0.0,0.0,0.0,1.0,11,0,15,1201875,0,2,2,27667
ring,2,8388608,0.0,0.0,0.0,1.0,11,0,16,1169125,0,2,2,3417
ring,2,8388608,0.0,0.0,0.0,1.0,11,0,17,1152041,0,2,2,10791
ring,2,8388608,0.0,0.0,0.0,1.0,11,0,18,1126917,0,2,2,2583
ring,2,8388608,0.0,0.0,0.0,1.0,11,0,19,1426125,0,2,2,3000
ring,2,8388608,0.0,0.0,0.0,1.0,11,0,20,1428958,0,2,2,69625
ring,2,8388608,0.0,0.0,0.0,1.0,11,0,21,1462666,0,2,2,91416
ring,2,8388608,0.0,0.0,0.0,1.0,11,0,22,1163458,0,2,2,15083
ring,2,8388608,0.0,0.0,0.0,1.0,11,0,23,1154833,0,2,2,14666
ring,2,8388608,0.0,0.0,0.0,1.0,11,0,24,1146000,0,2,2,1834
ring,2,8388608,0.0,0.0,0.0,1.0,11,0,25,1178250,0,2,2,7500
ring,2,8388608,0.0,0.0,0.0,1.0,11,0,26,1220750,0,2,2,6417
ring,2,8388608,0.0,0.0,0.0,1.0,11,0,27,1160917,0,2,2,2709
ring,2,8388608,0.0,0.0,0.0,1.0,11,0,28,1141625,0,2,2,667
ring,2,8388608,0.0,0.0,0.0,1.0,11,0,29,1305666,0,2,2,135708
ring,2,8388608,0.0,0.0,0.0,1.0,11,0,30,1477083,0,2,2,15250
ring,2,8388608,0.0,0.0,0.0,1.0,11,0,31,1397667,0,2,2,6500
ring,2,8388608,0.0,0.0,0.0,1.0,11,0,32,1119250,0,2,2,458
ring,2,8388608,0.0,0.0,0.0,1.0,11,0,33,1334584,0,2,2,12667
ring,2,8388608,0.0,0.0,0.0,1.0,11,0,34,1162000,0,2,2,7291
ring,2,8388608,0.0,0.0,0.0,1.0,11,0,35,1156709,0,2,2,13417
ring,2,8388608,0.0,0.0,0.0,1.0,11,0,36,1206500,0,2,2,4667
ring,2,8388608,0.0,0.0,0.0,1.0,11,0,37,1245500,0,2,2,292
ring,2,8388608,0.0,0.0,0.0,1.0,11,0,38,1150292,0,2,2,5875
ring,2,8388608,0.0,0.0,0.0,1.0,11,0,39,1361583,0,2,2,6458
recursive,2,4096,0.0,0.0,0.0,1.0,11,0,0,128334,0,2,2,1459
recursive,2,4096,0.0,0.0,0.0,1.0,11,0,1,103500,0,2,2,1334
recursive,2,4096,0.0,0.0,0.0,1.0,11,0,2,125958,0,2,2,208
recursive,2,4096,0.0,0.0,0.0,1.0,11,0,3,213417,0,2,2,31542
recursive,2,4096,0.0,0.0,0.0,1.0,11,0,4,106542,0,2,2,6917
recursive,2,4096,0.0,0.0,0.0,1.0,11,0,5,96000,0,2,2,2458
recursive,2,4096,0.0,0.0,0.0,1.0,11,0,6,112792,0,2,2,9292
recursive,2,4096,0.0,0.0,0.0,1.0,11,0,7,142208,0,2,2,291
recursive,2,4096,0.0,0.0,0.0,1.0,11,0,8,102166,0,2,2,4916
recursive,2,4096,0.0,0.0,0.0,1.0,11,0,9,121417,0,2,2,16917
recursive,2,4096,0.0,0.0,0.0,1.0,11,0,10,99584,0,2,2,7584
recursive,2,4096,0.0,0.0,0.0,1.0,11,0,11,116291,0,2,2,2833
recursive,2,4096,0.0,0.0,0.0,1.0,11,0,12,120792,0,2,2,4792
recursive,2,4096,0.0,0.0,0.0,1.0,11,0,13,94292,0,2,2,4084
recursive,2,4096,0.0,0.0,0.0,1.0,11,0,14,112667,0,2,2,10708
recursive,2,4096,0.0,0.0,0.0,1.0,11,0,15,91833,0,2,2,6708
recursive,2,4096,0.0,0.0,0.0,1.0,11,0,16,130125,0,2,2,24875
recursive,2,4096,0.0,0.0,0.0,1.0,11,0,17,124000,0,2,2,6292
recursive,2,4096,0.0,0.0,0.0,1.0,11,0,18,110583,0,2,2,333
recursive,2,4096,0.0,0.0,0.0,1.0,11,0,19,104458,0,2,2,1958
recursive,2,4096,0.0,0.0,0.0,1.0,11,0,20,127417,0,2,2,5667
recursive,2,4096,0.0,0.0,0.0,1.0,11,0,21,109000,0,2,2,6083
recursive,2,4096,0.0,0.0,0.0,1.0,11,0,22,109333,0,2,2,2833
recursive,2,4096,0.0,0.0,0.0,1.0,11,0,23,106584,0,2,2,4000
recursive,2,4096,0.0,0.0,0.0,1.0,11,0,24,115667,0,2,2,2167
recursive,2,4096,0.0,0.0,0.0,1.0,11,0,25,119750,0,2,2,2375
recursive,2,4096,0.0,0.0,0.0,1.0,11,0,26,100250,0,2,2,1583
recursive,2,4096,0.0,0.0,0.0,1.0,11,0,27,105458,0,2,2,3916
recursive,2,4096,0.0,0.0,0.0,1.0,11,0,28,105583,0,2,2,2375
recursive,2,4096,0.0,0.0,0.0,1.0,11,0,29,129292,0,2,2,3501
recursive,2,4096,0.0,0.0,0.0,1.0,11,0,30,152375,0,2,2,208
recursive,2,4096,0.0,0.0,0.0,1.0,11,0,31,98458,0,2,2,5791
recursive,2,4096,0.0,0.0,0.0,1.0,11,0,32,108167,0,2,2,5751
recursive,2,4096,0.0,0.0,0.0,1.0,11,0,33,86875,0,2,2,1208
recursive,2,4096,0.0,0.0,0.0,1.0,11,0,34,85791,0,2,2,3333
recursive,2,4096,0.0,0.0,0.0,1.0,11,0,35,92708,0,2,2,2333
recursive,2,4096,0.0,0.0,0.0,1.0,11,0,36,123083,0,2,2,6750
recursive,2,4096,0.0,0.0,0.0,1.0,11,0,37,104334,0,2,2,3459
recursive,2,4096,0.0,0.0,0.0,1.0,11,0,38,107417,0,2,2,4042
recursive,2,4096,0.0,0.0,0.0,1.0,11,0,39,107584,0,2,2,3334
ps,2,4096,0.0,0.0,0.0,1.0,11,0,0,77292,0,1,2,8750
ps,2,4096,0.0,0.0,0.0,1.0,11,0,1,76291,0,1,2,8541
ps,2,4096,0.0,0.0,0.0,1.0,11,0,2,63417,0,1,2,1334
ps,2,4096,0.0,0.0,0.0,1.0,11,0,3,68250,0,1,2,4500
ps,2,4096,0.0,0.0,0.0,1.0,11,0,4,75000,0,1,2,9834
ps,2,4096,0.0,0.0,0.0,1.0,11,0,5,67125,0,1,2,8292
ps,2,4096,0.0,0.0,0.0,1.0,11,0,6,60917,0,1,2,1251
ps,2,4096,0.0,0.0,0.0,1.0,11,0,7,69541,0,1,2,3041
ps,2,4096,0.0,0.0,0.0,1.0,11,0,8,62792,0,1,2,1958
ps,2,4096,0.0,0.0,0.0,1.0,11,0,9,68042,0,1,2,3626
ps,2,4096,0.0,0.0,0.0,1.0,11,0,10,60167,0,1,2,1375
ps,2,4096,0.0,0.0,0.0,1.0,11,0,11,65666,0,1,2,3958
ps,2,4096,0.0,0.0,0.0,1.0,11,0,12,62542,0,1,2,83
ps,2,4096,0.0,0.0,0.0,1.0,11,0,13,64625,0,1,2,2166
ps,2,4096,0.0,0.0,0.0,1.0,11,0,14,80833,0,1,2,3874
ps,2,4096,0.0,0.0,0.0,1.0,11,0,15,79125,0,1,2,6917
ps,2,4096,0.0,0.0,0.0,1.0,11,0,16,63625,0,1,2,5666
ps,2,4096,0.0,0.0,0.0,1.0,11,0,17,71000,0,1,2,5334
ps,2,4096,0.0,0.0,0.0,1.0,11,0,18,67292,0,1,2,4959
ps,2,4096,0.0,0.0,0.0,1.0,11,0,19,62000,0,1,2,1167
ps,2,4096,0.0,0.0,0.0,1.0,11,0,20,58500,0,1,2,1459
ps,2,4096,0.0,0.0,0.0,1.0,11,0,21,70458,0,1,2,7417
ps,2,4096,0.0,0.0,0.0,1.0,11,0,22,75625,0,1,2,4917
ps,2,4096,0.0,0.0,0.0,1.0,11,0,23,62500,0,1,2,0
ps,2,4096,0.0,0.0,0.0,1.0,11,0,24,75708,0,1,2,13791
ps,2,4096,0.0,0.0,0.0,1.0,11,0,25,68959,0,1,2,2667
ps,2,4096,0.0,0.0,0.0,1.0,11,0,26,68250,0,1,2,2625
ps,2,4096,0.0,0.0,0.0,1.0,11,0,27,72917,0,1,2,7376
ps,2,4096,0.0,0.0,0.0,1.0,11,0,28,69042,0,1,2,167
ps,2,4096,0.0,0.0,0.0,1.0,11,0,29,65875,0,1,2,3542
ps,2,4096,0.0,0.0,0.0,1.0,11,0,30,67667,0,1,2,2834
ps,2,4096,0.0,0.0,0.0,1.0,11,0,31,64583,0,1,2,1916
ps,2,4096,0.0,0.0,0.0,1.0,11,0,32,68917,0,1,2,2500
ps,2,4096,0.0,0.0,0.0,1.0,11,0,33,63083,0,1,2,124
ps,2,4096,0.0,0.0,0.0,1.0,11,0,34,72000,0,1,2,6125
ps,2,4096,0.0,0.0,0.0,1.0,11,0,35,67708,0,1,2,7999
ps,2,4096,0.0,0.0,0.0,1.0,11,0,36,65000,0,1,2,2417
ps,2,4096,0.0,0.0,0.0,1.0,11,0,37,84666,0,1,2,6457
ps,2,4096,0.0,0.0,0.0,1.0,11,0,38,80083,0,1,2,5500
ps,2,4096,0.0,0.0,0.0,1.0,11,0,39,59750,0,1,2,1333
ps,2,8388608,0.0,0.0,0.0,1.0,11,0,0,1351625,0,1,2,16958
ps,2,8388608,0.0,0.0,0.0,1.0,11,0,1,1308708,0,1,2,4250
ps,2,8388608,0.0,0.0,0.0,1.0,11,0,2,1278167,0,1,2,7834
ps,2,8388608,0.0,0.0,0.0,1.0,11,0,3,1629958,0,1,2,19583
ps,2,8388608,0.0,0.0,0.0,1.0,11,0,4,1544750,0,1,2,2917
ps,2,8388608,0.0,0.0,0.0,1.0,11,0,5,1543333,0,1,2,15916
ps,2,8388608,0.0,0.0,0.0,1.0,11,0,6,1347708,0,1,2,11375
ps,2,8388608,0.0,0.0,0.0,1.0,11,0,7,1515042,0,1,2,4917
ps,2,8388608,0.0,0.0,0.0,1.0,11,0,8,1486292,0,1,2,667
ps,2,8388608,0.0,0.0,0.0,1.0,11,0,9,1310666,0,1,2,9958
ps,2,8388608,0.0,0.0,0.0,1.0,11,0,10,1782834,0,1,2,12542
ps,2,8388608,0.0,0.0,0.0,1.0,11,0,11,1361375,0,1,2,7167
ps,2,8388608,0.0,0.0,0.0,1.0,11,0,12,1632291,0,1,2,1791
ps,2,8388608,0.0,0.0,0.0,1.0,11,0,13,1409625,0,1,2,1292
ps,2,8388608,0.0,0.0,0.0,1.0,11,0,14,1597042,0,1,2,13125
ps,2,8388608,0.0,0.0,0.0,1.0,11,0,15,1349583,0,1,2,6041
ps,2,8388608,0.0,0.0,0.0,1.0,11,0,16,1644916,0,1,2,14875
ps,2,8388608,0.0,0.0,0.0,1.0,11,0,17,1450667,0,1,2,20625
ps,2,8388608,0.0,0.0,0.0,1.0,11,0,18,1385250,0,1,2,4958
ps,2,8388608,0.0,0.0,0.0,1.0,11,0,19,1562458,0,1,2,10083
ps,2,8388608,0.0,0.0,0.0,1.0,11,0,20,1289625,0,1,2,1334
ps,2,8388608,0.0,0.0,0.0,1.0,11,0,21,1326709,0,1,2,11959
ps,2,8388608,0.0,0.0,0.0,1.0,11,0,22,1602208,0,1,2,9958
ps,2,8388608,0.0,0.0,0.0,1.0,11,0,23,1412292,0,1,2,5501
ps,2,8388608,0.0,0.0,0.0,1.0,11,0,24,1367208,0,1,2,9041
ps,2,8388608,0.0,0.0,0.0,1.0,11,0,25,1569458,0,1,2,1667
ps,2,8388608,0.0,0.0,0.0,1.0,11,0,26,1312000,0,1,2,22583
ps,2,8388608,0.0,0.0,0.0,1.0,11,0,27,1413459,0,1,2,6709
ps,2,8388608,0.0,0.0,0.0,1.0,11,0,28,1453833,0,1,2,1250
ps,2,8388608,0.0,0.0,0.0,1.0,11,0,29,1412750,0,1,2,917
ps,2,8388608,0.0,0.0,0.0,1.0,11,0,30,1361250,0,1,2,19958
ps,2,8388608,0.0,0.0,0.0,1.0,11,0,31,1280458,0,1,2,4500
ps,2,8388608,0.0,0.0,0.0,1.0,11,0,32,1519375,0,1,2,3167
ps,2,8388608,0.0,0.0,0.0,1.0,11,0,33,1417375,0,1,2,8083
ps,2,8388608,0.0,0.0,0.0,1.0,11,0,34,1315125,0,1,2,4292
ps,2,8388608,0.0,0.0,0.0,1.0,11,0,35,1342708,0,1,2,21833
ps,2,8388608,0.0,0.0,0.0,1.0,11,0,36,1516667,0,1,2,16542
ps,2,8388608,0.0,0.0,0.0,1.0,11,0,37,1399000,0,1,2,4958
ps,2,8388608,0.0,0.0,0.0,1.0,11,0,38,1437625,0,1,2,4000
ps,2,8388608,0.0,0.0,0.0,1.0,11,0,39,1283542,0,1,2,26167
ps,2,65536,0.0,0.0,0.0,1.0,11,1,0,176000,0,1,2,19209
ps,2,65536,0.0,0.0,0.0,1.0,11,1,1,136833,0,1,2,3875
ps,2,65536,0.0,0.0,0.0,1.0,11,1,2,128833,0,1,2,7708
ps,2,65536,0.0,0.0,0.0,1.0,11,1,3,122625,0,1,2,5709
ps,2,65536,0.0,0.0,0.0,1.0,11,1,4,131792,0,1,2,5000
ps,2,65536,0.0,0.0,0.0,1.0,11,1,5,121750,0,1,2,4916
ps,2,65536,0.0,0.0,0.0,1.0,11,1,6,115000,0,1,2,17459
ps,2,65536,0.0,0.0,0.0,1.0,11,1,7,119167,0,1,2,125
ps,2,65536,0.0,0.0,0.0,1.0,11,1,8,112500,0,1,2,2875
ps,2,65536,0.0,0.0,0.0,1.0,11,1,9,123333,0,1,2,3416
ps,2,65536,0.0,0.0,0.0,1.0,11,1,10,132542,0,1,2,4750
ps,2,65536,0.0,0.0,0.0,1.0,11,1,11,128709,0,1,2,1
ps,2,65536,0.0,0.0,0.0,1.0,11,1,12,132583,0,1,2,1333
ps,2,65536,0.0,0.0,0.0,1.0,11,1,13,125958,0,1,2,4458
ps,2,65536,0.0,0.0,0.0,1.0,11,1,14,118458,0,1,2,1000
ps,2,65536,0.0,0.0,0.0,1.0,11,1,15,115875,0,1,2,1458
ps,2,65536,0.0,0.0,0.0,1.0,11,1,16,140625,0,1,2,11416
ps,2,65536,0.0,0.0,0.0,1.0,11,1,17,116792,0,1,2,2542
ps,2,65536,0.0,0.0,0.0,1.0,11,1,18,105167,0,1,2,625
ps,2,65536,0.0,0.0,0.0,1.0,11,1,19,133750,0,1,2,7125
ps,2,65536,0.0,0.0,0.0,1.0,11,1,20,110167,0,1,2,1292
ps,2,65536,0.0,0.0,0.0,1.0,11,1,21,112500,0,1,2,3000
ps,2,65536,0.0,0.0,0.0,1.0,11,1,22,111750,0,1,2,16375
ps,2,65536,0.0,0.0,0.0,1.0,11,1,23,101042,0,1,2,84
ps,2,65536,0.0,0.0,0.0,1.0,11,1,24,105667,0,1,2,4417
ps,2,65536,0.0,0.0,0.0,1.0,11,1,25,99791,0,1,2,1416
ps,2,65536,0.0,0.0,0.0,1.0,11,1,26,109667,0,1,2,1
ps,2,65536,0.0,0.0,0.0,1.0,11,1,27,114833,0,1,2,8375
ps,2,65536,0.0,0.0,0.0,1.0,11,1,28,114917,0,1,2,11125
ps,2,65536,0.0,0.0,0.0,1.0,11,1,29,117084,0,1,2,1792
ps,2,65536,0.0,0.0,0.0,1.0,11,1,30,163875,0,1,2,52667
ps,2,65536,0.0,0.0,0.0,1.0,11,1,31,107584,0,1,2,417
ps,2,65536,0.0,0.0,0.0,1.0,11,1,32,107542,0,1,2,2625
ps,2,65536,0.0,0.0,0.0,1.0,11,1,33,123916,0,1,2,4916
ps,2,65536,0.0,0.0,0.0,1.0,11,1,34,103666,0,1,2,3374
ps,2,65536,0.0,0.0,0.0,1.0,11,1,35,103666,0,1,2,3082
ps,2,65536,0.0,0.0,0.0,1.0,11,1,36,103000,0,1,2,2292
ps,2,65536,0.0,0.0,0.0,1.0,11,1,37,111042,0,1,2,1917
ps,2,65536,0.0,0.0,0.0,1.0,11,1,38,102125,0,1,2,3834
ps,2,65536,0.0,0.0,0.0,1.0,11,1,39,113875,0,1,2,3000
ring,2,4096,0.0,0.0,0.0,1.0,11,1,0,168208,0,2,2,10083
ring,2,4096,0.0,0.0,0.0,1.0,11,1,1,162792,0,2,2,2542
ring,2,4096,0.0,0.0,0.0,1.0,11,1,2,149917,0,2,2,6333
ring,2,4096,0.0,0.0,0.0,1.0,11,1,3,146458,0,2,2,4000
ring,2,4096,0.0,0.0,0.0,1.0,11,1,4,287708,0,2,2,64000
ring,2,4096,0.0,0.0,0.0,1.0,11,1,5,160917,0,2,2,3042
ring,2,4096,0.0,0.0,0.0,1.0,11,1,6,151250,0,2,2,2959
ring,2,4096,0.0,0.0,0.0,1.0,11,1,7,173792,0,2,2,15625
ring,2,4096,0.0,0.0,0.0,1.0,11,1,8,161000,0,2,2,9125
ring,2,4096,0.0,0.0,0.0,1.0,11,1,9,164417,0,2,2,3917
ring,2,4096,0.0,0.0,0.0,1.0,11,1,10,174416,0,2,2,15416
ring,2,4096,0.0,0.0,0.0,1.0,11,1,11,171334,0,2,2,10417
ring,2,4096,0.0,0.0,0.0,1.0,11,1,12,161458,0,2,2,3541
ring,2,4096,0.0,0.0,0.0,1.0,11,1,13,146666,0,2,2,2541
ring,2,4096,0.0,0.0,0.0,1.0,11,1,14,162708,0,2,2,13041
ring,2,4096,0.0,0.0,0.0,1.0,11,1,15,150791,0,2,2,1083
ring,2,4096,0.0,0.0,0.0,1.0,11,1,16,154333,0,2,2,3292
ring,2,4096,0.0,0.0,0.0,1.0,11,1,17,173541,0,2,2,24166
ring,2,4096,0.0,0.0,0.0,1.0,11,1,18,162917,0,2,2,917
ring,2,4096,0.0,0.0,0.0,1.0,11,1,19,164084,0,2,2,668
ring,2,4096,0.0,0.0,0.0,1.0,11,1,20,168084,0,2,2,1876
ring,2,4096,0.0,0.0,0.0,1.0,11,1,21,160333,0,2,2,0
ring,2,4096,0.0,0.0,0.0,1.0,11,1,22,163125,0,2,2,750
ring,2,4096,0.0,0.0,0.0,1.0,11,1,23,159250,0,2,2,709
ring,2,4096,0.0,0.0,0.0,1.0,11,1,24,156625,0,2,2,500
ring,2,4096,0.0,0.0,0.0,1.0,11,1,25,610167,0,2,2,44001
ring,2,4096,0.0,0.0,0.0,1.0,11,1,26,251333,0,2,2,25875
ring,2,4096,0.0,0.0,0.0,1.0,11,1,27,347500,0,2,2,45750
ring,2,4096,0.0,0.0,0.0,1.0,11,1,28,264959,0,2,2,10667
ring,2,4096,0.0,0.0,0.0,1.0,11,1,29,350875,0,2,2,14833
ring,2,4096,0.0,0.0,0.0,1.0,11,1,30,297458,0,2,2,11833
ring,2,4096,0.0,0.0,0.0,1.0,11,1,31,234083,0,2,2,4292
ring,2,4096,0.0,0.0,0.0,1.0,11,1,32,273458,0,2,2,4083
ring,2,4096,0.0,0.0,0.0,1.0,11,1,33,233125,0,2,2,15583
ring,2,4096,0.0,0.0,0.0,1.0,11,1,34,199708,0,2,2,5167
ring,2,4096,0.0,0.0,0.0,1.0,11,1,35,276792,0,2,2,51834
ring,2,4096,0.0,0.0,0.0,1.0,11,1,36,354833,0,2,2,20125
ring,2,4096,0.0,0.0,0.0,1.0,11,1,37,326542,0,2,2,15667
ring,2,4096,0.0,0.0,0.0,1.0,11,1,38,225084,0,2,2,17417
ring,2,4096,0.0,0.0,0.0,1.0,11,1,39,280375,0,2,2,4167
ring,2,65536,0.0,0.0,0.0,1.0,11,1,0,226250,0,2,2,17750
ring,2,65536,0.0,0.0,0.0,1.0,11,1,1,226459,0,2,2,23126
ring,2,65536,0.0,0.0,0.0,1.0,11,1,2,213875,0,2,2,3541
ring,2,65536,0.0,0.0,0.0,1.0,11,1,3,234333,0,2,2,2000
ring,2,65536,0.0,0.0,0.0,1.0,11,1,4,247917,0,2,2,9208
ring,2,65536,0.0,0.0,0.0,1.0,11,1,5,292959,0,2,2,49959
ring,2,65536,0.0,0.0,0.0,1.0,11,1,6,205750,0,2,2,14417
ring,2,65536,0.0,0.0,0.0,1.0,11,1,7,236875,0,2,2,5416
ring,2,65536,0.0,0.0,0.0,1.0,11,1,8,376792,0,2,2,17625
ring,2,65536,0.0,0.0,0.0,1.0,11,1,9,152292,0,2,2,12417
ring,2,65536,0.0,0.0,0.0,1.0,11,1,10,289834,0,2,2,26209
ring,2,65536,0.0,0.0,0.0,1.0,11,1,11,153625,0,2,2,8000
ring,2,65536,0.0,0.0,0.0,1.0,11,1,12,162917,0,2,2,5209
ring,2,65536,0.0,0.0,0.0,1.0,11,1,13,161458,0,2,2,18333
ring,2,65536,0.0,0.0,0.0,1.0,11,1,14,120708,0,2,2,7624
ring,2,65536,0.0,0.0,0.0,1.0,11,1,15,943167,0,2,2,44750
ring,2,65536,0.0,0.0,0.0,1.0,11,1,16,191834,0,2,2,750
ring,2,65536,0.0,0.0,0.0,1.0,11,1,17,297333,0,2,2,32458
ring,2,65536,0.0,0.0,0.0,1.0,11,1,18,211083,0,2,2,19416
ring,2,65536,0.0,0.0,0.0,1.0,11,1,19,159708,0,2,2,21666
ring,2,65536,0.0,0.0,0.0,1.0,11,1,20,121917,0,2,2,334
ring,2,65536,0.0,0.0,0.0,1.0,11,1,21,112708,0,2,2,5208
ring,2,65536,0.0,0.0,0.0,1.0,11,1,22,128291,0,2,2,6166
ring,2,65536,0.0,0.0,0.0,1.0,11,1,23,153875,0,2,2,13916
ring,2,65536,0.0,0.0,0.0,1.0,11,1,24,123500,0,2,2,9042
ring,2,65536,0.0,0.0,0.0,1.0,11,1,25,130292,0,2,2,11458
ring,2,65536,0.0,0.0,0.0,1.0,11,1,26,106125,0,2,2,333
ring,2,65536,0.0,0.0,0.0,1.0,11,1,27,110459,0,2,2,709
ring,2,65536,0.0,0.0,0.0,1.0,11,1,28,368500,0,2,2,21708
ring,2,65536,0.0,0.0,0.0,1.0,11,1,29,228459,0,2,2,20001
ring,2,65536,0.0,0.0,0.0,1.0,11,1,30,122334,0,2,2,7834
ring,2,65536,0.0,0.0,0.0,1.0,11,1,31,129083,0,2,2,7292
ring,2,65536,0.0,0.0,0.0,1.0,11,1,32,219875,0,2,2,42167
ring,2,65536,0.0,0.0,0.0,1.0,11,1,33,257083,0,2,2,38208
ring,2,65536,0.0,0.0,0.0,1.0,11,1,34,158250,0,2,2,8166
ring,2,65536,0.0,0.0,0.0,1.0,11,1,35,156000,0,2,2,30417
ring,2,65536,0.0,0.0,0.0,1.0,11,1,36,169708,0,2,2,59708
ring,2,65536,0.0,0.0,0.0,1.0,11,1,37,150333,0,2,2,36500
ring,2,65536,0.0,0.0,0.0,1.0,11,1,38,150375,0,2,2,11000
ring,2,65536,0.0,0.0,0.0,1.0,11,1,39,192417,0,2,2,38958
ring,2,8388608,0.0,0.0,0.0,1.0,11,1,0,1335125,0,2,2,44125
ring,2,8388608,0.0,0.0,0.0,1.0,11,1,1,1317958,0,2,2,37958
ring,2,8388608,0.0,0.0,0.0,1.0,11,1,2,1192917,0,2,2,25417
ring,2,8388608,0.0,0.0,0.0,1.0,11,1,3,1592167,0,2,2,88375
ring,2,8388608,0.0,0.0,0.0,1.0,11,1,4,1196166,0,2,2,12041
ring,2,8388608,0.0,0.0,0.0,1.0,11,1,5,1684167,0,2,2,173959
ring,2,8388608,0.0,0.0,0.0,1.0,11,1,6,1379708,0,2,2,82541
ring,2,8388608,0.0,0.0,0.0,1.0,11,1,7,1383167,0,2,2,60959
ring,2,8388608,0.0,0.0,0.0,1.0,11,1,8,1459375,0,2,2,10166
ring,2,8388608,0.0,0.0,0.0,1.0,11,1,9,1211458,0,2,2,583
ring,2,8388608,0.0,0.0,0.0,1.0,11,1,10,1224666,0,2,2,11500
ring,2,8388608,0.0,0.0,0.0,1.0,11,1,11,1445542,0,2,2,43167
ring,2,8388608,0.0,0.0,0.0,1.0,11,1,12,1225833,0,2,2,23874
ring,2,8388608,0.0,0.0,0.0,1.0,11,1,13,1341000,0,2,2,100000
ring,2,8388608,0.0,0.0,0.0,1.0,11,1,14,1377375,0,2,2,22167
ring,2,8388608,0.0,0.0,0.0,1.0,11,1,15,1518292,0,2,2,1001
ring,2,8388608,0.0,0.0,0.0,1.0,11,1,16,1424292,0,2,2,39292
ring,2,8388608,0.0,0.0,0.0,1.0,11,1,17,1521375,0,2,2,145333
ring,2,8388608,0.0,0.0,0.0,1.0,11,1,18,1192042,0,2,2,10000
ring,2,8388608,0.0,0.0,0.0,1.0,11,1,19,1325542,0,2,2,667
ring,2,8388608,0.0,0.0,0.0,1.0,11,1,20,1312000,0,2,2,126083
ring,2,8388608,0.0,0.0,0.0,1.0,11,1,21,1228958,0,2,2,12749
ring,2,8388608,0.0,0.0,0.0,1.0,11,1,22,1736250,0,2,2,131042
ring,2,8388608,0.0,0.0,0.0,1.0,11,1,23,1264417,0,2,2,14584
ring,2,8388608,0.0,0.0,0.0,1.0,11,1,24,1348750,0,2,2,9541
ring,2,8388608,0.0,0.0,0.0,1.0,11,1,25,1405625,0,2,2,14333
ring,2,8388608,0.0,0.0,0.0,1.0,11,1,26,1514958,0,2,2,708
ring,2,8388608,0.0,0.0,0.0,1.0,11,1,27,1169833,0,2,2,5583
ring,2,8388608,0.0,0.0,0.0,1.0,11,1,28,1402208,0,2,2,458
ring,2,8388608,0.0,0.0,0.0,1.0,11,1,29,1290750,0,2,2,1792
ring,2,8388608,0.0,0.0,0.0,1.0,11,1,30,1315750,0,2,2,17041
ring,2,8388608,0.0,0.0,0.0,1.0,11,1,31,1190500,0,2,2,8875
ring,2,8388608,0.0,0.0,0.0,1.0,11,1,32,1337083,0,2,2,20833
ring,2,8388608,0.0,0.0,0.0,1.0,11,1,33,1577667,0,2,2,157042
ring,2,8388608,0.0,0.0,0.0,1.0,11,1,34,1464167,0,2,2,4459
ring,2,8388608,0.0,0.0,0.0,1.0,11,1,35,1515917,0,2,2,11876
ring,2,8388608,0.0,0.0,0.0,1.0,11,1,36,1336375,0,2,2,958
ring,2,8388608,0.0,0.0,0.0,1.0,11,1,37,1170625,0,2,2,541
ring,2,8388608,0.0,0.0,0.0,1.0,11,1,38,1147292,0,2,2,251
ring,2,8388608,0.0,0.0,0.0,1.0,11,1,39,1222167,0,2,2,11500
ring,2,1048576,0.0,0.0,0.0,1.0,11,1,0,323500,0,2,2,21042
ring,2,1048576,0.0,0.0,0.0,1.0,11,1,1,312959,0,2,2,5209
ring,2,1048576,0.0,0.0,0.0,1.0,11,1,2,339417,0,2,2,37250
ring,2,1048576,0.0,0.0,0.0,1.0,11,1,3,316542,0,2,2,2709
ring,2,1048576,0.0,0.0,0.0,1.0,11,1,4,328375,0,2,2,16000
ring,2,1048576,0.0,0.0,0.0,1.0,11,1,5,356917,0,2,2,625
ring,2,1048576,0.0,0.0,0.0,1.0,11,1,6,308500,0,2,2,1584
ring,2,1048576,0.0,0.0,0.0,1.0,11,1,7,362583,0,2,2,10041
ring,2,1048576,0.0,0.0,0.0,1.0,11,1,8,321542,0,2,2,37084
ring,2,1048576,0.0,0.0,0.0,1.0,11,1,9,307583,0,2,2,25625
ring,2,1048576,0.0,0.0,0.0,1.0,11,1,10,353291,0,2,2,6708
ring,2,1048576,0.0,0.0,0.0,1.0,11,1,11,401750,0,2,2,19500
ring,2,1048576,0.0,0.0,0.0,1.0,11,1,12,391833,0,2,2,4541
ring,2,1048576,0.0,0.0,0.0,1.0,11,1,13,328709,0,2,2,8084
ring,2,1048576,0.0,0.0,0.0,1.0,11,1,14,317167,0,2,2,10750
ring,2,1048576,0.0,0.0,0.0,1.0,11,1,15,396459,0,2,2,2084
ring,2,1048576,0.0,0.0,0.0,1.0,11,1,16,385667,0,2,2,4834
ring,2,1048576,0.0,0.0,0.0,1.0,11,1,17,316167,0,2,2,22751
ring,2,1048576,0.0,0.0,0.0,1.0,11,1,18,317958,0,2,2,1624
ring,2,1048576,0.0,0.0,0.0,1.0,11,1,19,317458,0,2,2,9749
ring,2,1048576,0.0,0.0,0.0,1.0,11,1,20,328292,0,2,2,14792
ring,2,1048576,0.0,0.0,0.0,1.0,11,1,21,319625,0,2,2,14083
ring,2,1048576,0.0,0.0,0.0,1.0,11,1,22,309583,0,2,2,6750
ring,2,1048576,0.0,0.0,0.0,1.0,11,1,23,319500,0,2,2,1542
ring,2,1048576,0.0,0.0,0.0,1.0,11,1,24,309458,0,2,2,39416
ring,2,1048576,0.0,0.0,0.0,1.0,11,1,25,312375,0,2,2,24458
ring,2,1048576,0.0,0.0,0.0,1.0,11,1,26,324584,0,2,2,12042
ring,2,1048576,0.0,0.0,0.0,1.0,11,1,27,294333,0,2,2,19083
ring,2,1048576,0.0,0.0,0.0,1.0,11,1,28,325750,0,2,2,9292
ring,2,1048576,0.0,0.0,0.0,1.0,11,1,29,328083,0,2,2,16499
ring,2,1048576,0.0,0.0,0.0,1.0,11,1,30,310333,0,2,2,22041
ring,2,1048576,0.0,0.0,0.0,1.0,11,1,31,325083,0,2,2,33791
ring,2,1048576,0.0,0.0,0.0,1.0,11,1,32,312250,0,2,2,16208
ring,2,1048576,0.0,0.0,0.0,1.0,11,1,33,317625,0,2,2,45666
ring,2,1048576,0.0,0.0,0.0,1.0,11,1,34,357375,0,2,2,4083
ring,2,1048576,0.0,0.0,0.0,1.0,11,1,35,345000,0,2,2,14041
ring,2,1048576,0.0,0.0,0.0,1.0,11,1,36,308000,0,2,2,1250
ring,2,1048576,0.0,0.0,0.0,1.0,11,1,37,309625,0,2,2,12583
ring,2,1048576,0.0,0.0,0.0,1.0,11,1,38,317083,0,2,2,9458
ring,2,1048576,0.0,0.0,0.0,1.0,11,1,39,320125,0,2,2,13750
ps,2,8388608,0.0,0.0,0.0,1.0,11,1,0,1561541,0,1,2,14541
ps,2,8388608,0.0,0.0,0.0,1.0,11,1,1,1607959,0,1,2,793
ps,2,8388608,0.0,0.0,0.0,1.0,11,1,2,1295625,0,1,2,3125
ps,2,8388608,0.0,0.0,0.0,1.0,11,1,3,1435959,0,1,2,4709
ps,2,8388608,0.0,0.0,0.0,1.0,11,1,4,1303334,0,1,2,875
ps,2,8388608,0.0,0.0,0.0,1.0,11,1,5,1324500,0,1,2,1291
ps,2,8388608,0.0,0.0,0.0,1.0,11,1,6,1408000,0,1,2,4375
ps,2,8388608,0.0,0.0,0.0,1.0,11,1,7,1411083,0,1,2,3708
ps,2,8388608,0.0,0.0,0.0,1.0,11,1,8,1301459,0,1,2,417
ps,2,8388608,0.0,0.0,0.0,1.0,11,1,9,1316542,0,1,2,10583
ps,2,8388608,0.0,0.0,0.0,1.0,11,1,10,1364500,0,1,2,1583
ps,2,8388608,0.0,0.0,0.0,1.0,11,1,11,1359500,0,1,2,8875
ps,2,8388608,0.0,0.0,0.0,1.0,11,1,12,1336750,0,1,2,8375
ps,2,8388608,0.0,0.0,0.0,1.0,11,1,13,1527708,0,1,2,10875
ps,2,8388608,0.0,0.0,0.0,1.0,11,1,14,1303084,0,1,2,9251
ps,2,8388608,0.0,0.0,0.0,1.0,11,1,15,1274875,0,1,2,4917
ps,2,8388608,0.0,0.0,0.0,1.0,11,1,16,1300750,0,1,2,4041
ps,2,8388608,0.0,0.0,0.0,1.0,11,1,17,1523542,0,1,2,5333
ps,2,8388608,0.0,0.0,0.0,1.0,11,1,18,1394167,0,1,2,18333
ps,2,8388608,0.0,0.0,0.0,1.0,11,1,19,1278459,0,1,2,5250
ps,2,8388608,0.0,0.0,0.0,1.0,11,1,20,1270041,0,1,2,2749
ps,2,8388608,0.0,0.0,0.0,1.0,11,1,21,1502875,0,1,2,8917
ps,2,8388608,0.0,0.0,0.0,1.0,11,1,22,1274833,0,1,2,833
ps,2,8388608,0.0,0.0,0.0,1.0,11,1,23,1278542,0,1,2,3125
ps,2,8388608,0.0,0.0,0.0,1.0,11,1,24,1300083,0,1,2,7499
ps,2,8388608,0.0,0.0,0.0,1.0,11,1,25,1247291,0,1,2,3624
ps,2,8388608,0.0,0.0,0.0,1.0,11,1,26,1519416,0,1,2,4749
ps,2,8388608,0.0,0.0,0.0,1.0,11,1,27,1454833,0,1,2,20000
ps,2,8388608,0.0,0.0,0.0,1.0,11,1,28,1421291,0,1,2,20875
ps,2,8388608,0.0,0.0,0.0,1.0,11,1,29,1440250,0,1,2,417
ps,2,8388608,0.0,0.0,0.0,1.0,11,1,30,1483458,0,1,2,99833
ps,2,8388608,0.0,0.0,0.0,1.0,11,1,31,1587375,0,1,2,83
ps,2,8388608,0.0,0.0,0.0,1.0,11,1,32,1297958,0,1,2,6624
ps,2,8388608,0.0,0.0,0.0,1.0,11,1,33,1333792,0,1,2,13459
ps,2,8388608,0.0,0.0,0.0,1.0,11,1,34,1573375,0,1,2,3250
ps,2,8388608,0.0,0.0,0.0,1.0,11,1,35,1305459,0,1,2,584
ps,2,8388608,0.0,0.0,0.0,1.0,11,1,36,1305791,0,1,2,8708
ps,2,8388608,0.0,0.0,0.0,1.0,11,1,37,1368250,0,1,2,87375
ps,2,8388608,0.0,0.0,0.0,1.0,11,1,38,1267416,0,1,2,1374
ps,2,8388608,0.0,0.0,0.0,1.0,11,1,39,1578708,0,1,2,9250
recursive,2,8388608,0.0,0.0,0.0,1.0,11,1,0,1424625,0,2,2,17125
recursive,2,8388608,0.0,0.0,0.0,1.0,11,1,1,1235500,0,2,2,25750
recursive,2,8388608,0.0,0.0,0.0,1.0,11,1,2,1266042,0,2,2,292
recursive,2,8388608,0.0,0.0,0.0,1.0,11,1,3,1416209,0,2,2,122334
recursive,2,8388608,0.0,0.0,0.0,1.0,11,1,4,1235417,0,2,2,8292
recursive,2,8388608,0.0,0.0,0.0,1.0,11,1,5,1257292,0,2,2,542
recursive,2,8388608,0.0,0.0,0.0,1.0,11,1,6,1290292,0,2,2,61292
recursive,2,8388608,0.0,0.0,0.0,1.0,11,1,7,1232750,0,2,2,17042
recursive,2,8388608,0.0,0.0,0.0,1.0,11,1,8,1225208,0,2,2,999
recursive,2,8388608,0.0,0.0,0.0,1.0,11,1,9,1270084,0,2,2,8501
recursive,2,8388608,0.0,0.0,0.0,1.0,11,1,10,1240750,0,2,2,2333
recursive,2,8388608,0.0,0.0,0.0,1.0,11,1,11,1231167,0,2,2,5334
recursive,2,8388608,0.0,0.0,0.0,1.0,11,1,12,1254208,0,2,2,38208
recursive,2,8388608,0.0,0.0,0.0,1.0,11,1,13,1304375,0,2,2,4959
recursive,2,8388608,0.0,0.0,0.0,1.0,11,1,14,1239708,0,2,2,1125
recursive,2,8388608,0.0,0.0,0.0,1.0,11,1,15,1249958,0,2,2,458
recursive,2,8388608,0.0,0.0,0.0,1.0,11,1,16,1236166,0,2,2,3707
recursive,2,8388608,0.0,0.0,0.0,1.0,11,1,17,1622083,0,2,2,63791
recursive,2,8388608,0.0,0.0,0.0,1.0,11,1,18,1466667,0,2,2,17125
recursive,2,8388608,0.0,0.0,0.0,1.0,11,1,19,1260917,0,2,2,751
recursive,2,8388608,0.0,0.0,0.0,1.0,11,1,20,1454584,0,2,2,86001
recursive,2,8388608,0.0,0.0,0.0,1.0,11,1,21,1218417,0,2,2,8917
recursive,2,8388608,0.0,0.0,0.0,1.0,11,1,22,1567041,0,2,2,117125
recursive,2,8388608,0.0,0.0,0.0,1.0,11,1,23,1731000,0,2,2,135708
recursive,2,8388608,0.0,0.0,0.0,1.0,11,1,24,1300583,0,2,2,3333
recursive,2,8388608,0.0,0.0,0.0,1.0,11,1,25,1254750,0,2,2,5500
recursive,2,8388608,0.0,0.0,0.0,1.0,11,1,26,1287833,0,2,2,2583
recursive,2,8388608,0.0,0.0,0.0,1.0,11,1,27,1318000,0,2,2,11667
recursive,2,8388608,0.0,0.0,0.0,1.0,11,1,28,1277875,0,2,2,2042
recursive,2,8388608,0.0,0.0,0.0,1.0,11,1,29,1415291,0,2,2,832
recursive,2,8388608,0.0,0.0,0.0,1.0,11,1,30,1241583,0,2,2,291
recursive,2,8388608,0.0,0.0,0.0,1.0,11,1,31,1281208,0,2,2,4374
recursive,2,8388608,0.0,0.0,0.0,1.0,11,1,32,1284042,0,2,2,15792
recursive,2,8388608,0.0,0.0,0.0,1.0,11,1,33,1435375,0,2,2,8083
recursive,2,8388608,0.0,0.0,0.0,1.0,11,1,34,1229667,0,2,2,2542
recursive,2,8388608,0.0,0.0,0.0,1.0,11,1,35,1235458,0,2,2,1333
recursive,2,8388608,0.0,0.0,0.0,1.0,11,1,36,1455917,0,2,2,8459
recursive,2,8388608,0.0,0.0,0.0,1.0,11,1,37,1255042,0,2,2,14417
recursive,2,8388608,0.0,0.0,0.0,1.0,11,1,38,1241083,0,2,2,6166
recursive,2,8388608,0.0,0.0,0.0,1.0,11,1,39,1276209,0,2,2,8543
recursive,2,1048576,0.0,0.0,0.0,1.0,11,1,0,335875,0,2,2,46458
recursive,2,1048576,0.0,0.0,0.0,1.0,11,1,1,319041,0,2,2,17249
recursive,2,1048576,0.0,0.0,0.0,1.0,11,1,2,324042,0,2,2,16500
recursive,2,1048576,0.0,0.0,0.0,1.0,11,1,3,293584,0,2,2,8001
recursive,2,1048576,0.0,0.0,0.0,1.0,11,1,4,297000,0,2,2,3625
recursive,2,1048576,0.0,0.0,0.0,1.0,11,1,5,322458,0,2,2,5667
recursive,2,1048576,0.0,0.0,0.0,1.0,11,1,6,295334,0,2,2,2959
recursive,2,1048576,0.0,0.0,0.0,1.0,11,1,7,299209,0,2,2,16875
recursive,2,1048576,0.0,0.0,0.0,1.0,11,1,8,300250,0,2,2,3125
recursive,2,1048576,0.0,0.0,0.0,1.0,11,1,9,298000,0,2,2,2625
recursive,2,1048576,0.0,0.0,0.0,1.0,11,1,10,314375,0,2,2,13667
recursive,2,1048576,0.0,0.0,0.0,1.0,11,1,11,333708,0,2,2,2749
recursive,2,1048576,0.0,0.0,0.0,1.0,11,1,12,321500,0,2,2,6958
recursive,2,1048576,0.0,0.0,0.0,1.0,11,1,13,312833,0,2,2,19958
recursive,2,1048576,0.0,0.0,0.0,1.0,11,1,14,304750,0,2,2,11542
recursive,2,1048576,0.0,0.0,0.0,1.0,11,1,15,398333,0,2,2,14083
recursive,2,1048576,0.0,0.0,0.0,1.0,11,1,16,329083,0,2,2,20583
recursive,2,1048576,0.0,0.0,0.0,1.0,11,1,17,303417,0,2,2,28167
recursive,2,1048576,0.0,0.0,0.0,1.0,11,1,18,298708,0,2,2,5333
recursive,2,1048576,0.0,0.0,0.0,1.0,11,1,19,292750,0,2,2,875
recursive,2,1048576,0.0,0.0,0.0,1.0,11,1,20,305667,0,2,2,6084
recursive,2,1048576,0.0,0.0,0.0,1.0,11,1,21,323208,0,2,2,3291
recursive,2,1048576,0.0,0.0,0.0,1.0,11,1,22,349333,0,2,2,34708
recursive,2,1048576,0.0,0.0,0.0,1.0,11,1,23,302125,0,2,2,7375
recursive,2,1048576,0.0,0.0,0.0,1.0,11,1,24,313250,0,2,2,7417
recursive,2,1048576,0.0,0.0,0.0,1.0,11,1,25,334917,0,2,2,12917
recursive,2,1048576,0.0,0.0,0.0,1.0,11,1,26,319750,0,2,2,30875
recursive,2,1048576,0.0,0.0,0.0,1.0,11,1,27,321583,0,2,2,10125
recursive,2,1048576,0.0,0.0,0.0,1.0,11,1,28,303000,0,2,2,9917
recursive,2,1048576,0.0,0.0,0.0,1.0,11,1,29,341584,0,2,2,32501
recursive,2,1048576,0.0,0.0,0.0,1.0,11,1,30,317750,0,2,2,3167
recursive,2,1048576,0.0,0.0,0.0,1.0,11,1,31,316583,0,2,2,13458
recursive,2,1048576,0.0,0.0,0.0,1.0,11,1,32,322458,0,2,2,17125
recursive,2,1048576,0.0,0.0,0.0,1.0,11,1,33,308833,0,2,2,12125
recursive,2,1048576,0.0,0.0,0.0,1.0,11,1,34,305417,0,2,2,7917
recursive,2,1048576,0.0,0.0,0.0,1.0,11,1,35,302500,0,2,2,5542
recursive,2,1048576,0.0,0.0,0.0,1.0,11,1,36,315500,0,2,2,9291
recursive,2,1048576,0.0,0.0,0.0,1.0,11,1,37,370458,0,2,2,10583
recursive,2,1048576,0.0,0.0,0.0,1.0,11,1,38,347209,0,2,2,15043
recursive,2,1048576,0.0,0.0,0.0,1.0,11,1,39,299750,0,2,2,1250
ps,2,1048576,0.0,0.0,0.0,1.0,11,1,0,212917,0,1,2,375
ps,2,1048576,0.0,0.0,0.0,1.0,11,1,1,226416,0,1,2,1458
ps,2,1048576,0.0,0.0,0.0,1.0,11,1,2,201083,0,1,2,1749
ps,2,1048576,0.0,0.0,0.0,1.0,11,1,3,231250,0,1,2,12375
ps,2,1048576,0.0,0.0,0.0,1.0,11,1,4,244666,0,1,2,18499
ps,2,1048576,0.0,0.0,0.0,1.0,11,1,5,217500,0,1,2,17583
ps,2,1048576,0.0,0.0,0.0,1.0,11,1,6,237916,0,1,2,15458
ps,2,1048576,0.0,0.0,0.0,1.0,11,1,7,254792,0,1,2,12542
ps,2,1048576,0.0,0.0,0.0,1.0,11,1,8,314417,0,1,2,15250
ps,2,1048576,0.0,0.0,0.0,1.0,11,1,9,225583,0,1,2,4250
ps,2,1048576,0.0,0.0,0.0,1.0,11,1,10,284083,0,1,2,35541
ps,2,1048576,0.0,0.0,0.0,1.0,11,1,11,308417,0,1,2,5875
ps,2,1048576,0.0,0.0,0.0,1.0,11,1,12,266125,0,1,2,33083
ps,2,1048576,0.0,0.0,0.0,1.0,11,1,13,224541,0,1,2,5374
ps,2,1048576,0.0,0.0,0.0,1.0,11,1,14,251458,0,1,2,33624
ps,2,1048576,0.0,0.0,0.0,1.0,11,1,15,309042,0,1,2,5333
ps,2,1048576,0.0,0.0,0.0,1.0,11,1,16,297500,0,1,2,14208
ps,2,1048576,0.0,0.0,0.0,1.0,11,1,17,252834,0,1,2,2376
ps,2,1048576,0.0,0.0,0.0,1.0,11,1,18,246041,0,1,2,2041
ps,2,1048576,0.0,0.0,0.0,1.0,11,1,19,249291,0,1,2,20333
ps,2,1048576,0.0,0.0,0.0,1.0,11,1,20,240833,0,1,2,13708
ps,2,1048576,0.0,0.0,0.0,1.0,11,1,21,228333,0,1,2,14916
ps,2,1048576,0.0,0.0,0.0,1.0,11,1,22,271375,0,1,2,14458
ps,2,1048576,0.0,0.0,0.0,1.0,11,1,23,250292,0,1,2,2042
ps,2,1048576,0.0,0.0,0.0,1.0,11,1,24,239791,0,1,2,11750
ps,2,1048576,0.0,0.0,0.0,1.0,11,1,25,236875,0,1,2,32958
ps,2,1048576,0.0,0.0,0.0,1.0,11,1,26,276917,0,1,2,30083
ps,2,1048576,0.0,0.0,0.0,1.0,11,1,27,286500,0,1,2,10750
ps,2,1048576,0.0,0.0,0.0,1.0,11,1,28,289292,0,1,2,1209
ps,2,1048576,0.0,0.0,0.0,1.0,11,1,29,254000,0,1,2,26667
ps,2,1048576,0.0,0.0,0.0,1.0,11,1,30,288875,0,1,2,25083
ps,2,1048576,0.0,0.0,0.0,1.0,11,1,31,257417,0,1,2,16459
ps,2,1048576,0.0,0.0,0.0,1.0,11,1,32,287708,0,1,2,16375
ps,2,1048576,0.0,0.0,0.0,1.0,11,1,33,232292,0,1,2,10875
ps,2,1048576,0.0,0.0,0.0,1.0,11,1,34,237291,0,1,2,14832
ps,2,1048576,0.0,0.0,0.0,1.0,11,1,35,233833,0,1,2,3458
ps,2,1048576,0.0,0.0,0.0,1.0,11,1,36,240666,0,1,2,12999
ps,2,1048576,0.0,0.0,0.0,1.0,11,1,37,252500,0,1,2,10292
ps,2,1048576,0.0,0.0,0.0,1.0,11,1,38,242084,0,1,2,26084
ps,2,1048576,0.0,0.0,0.0,1.0,11,1,39,221208,0,1,2,12458
ps,2,4096,0.0,0.0,0.0,1.0,11,1,0,77625,0,1,2,12750
ps,2,4096,0.0,0.0,0.0,1.0,11,1,1,65834,0,1,2,4751
ps,2,4096,0.0,0.0,0.0,1.0,11,1,2,79458,0,1,2,10167
ps,2,4096,0.0,0.0,0.0,1.0,11,1,3,63125,0,1,2,4542
ps,2,4096,0.0,0.0,0.0,1.0,11,1,4,100042,0,1,2,5000
ps,2,4096,0.0,0.0,0.0,1.0,11,1,5,81292,0,1,2,16334
ps,2,4096,0.0,0.0,0.0,1.0,11,1,6,74209,0,1,2,3125
ps,2,4096,0.0,0.0,0.0,1.0,11,1,7,77416,0,1,2,2833
ps,2,4096,0.0,0.0,0.0,1.0,11,1,8,84833,0,1,2,10833
ps,2,4096,0.0,0.0,0.0,1.0,11,1,9,86958,0,1,2,3583
ps,2,4096,0.0,0.0,0.0,1.0,11,1,10,72916,0,1,2,3041
ps,2,4096,0.0,0.0,0.0,1.0,11,1,11,57417,0,1,2,1375
ps,2,4096,0.0,0.0,0.0,1.0,11,1,12,74375,0,1,2,8250
ps,2,4096,0.0,0.0,0.0,1.0,11,1,13,72250,0,1,2,250
ps,2,4096,0.0,0.0,0.0,1.0,11,1,14,66125,0,1,2,1416
ps,2,4096,0.0,0.0,0.0,1.0,11,1,15,63500,0,1,2,1417
ps,2,4096,0.0,0.0,0.0,1.0,11,1,16,73375,0,1,2,5958
ps,2,4096,0.0,0.0,0.0,1.0,11,1,17,59958,0,1,2,2667
ps,2,4096,0.0,0.0,0.0,1.0,11,1,18,64167,0,1,2,626
ps,2,4096,0.0,0.0,0.0,1.0,11,1,19,69792,0,1,2,2584
ps,2,4096,0.0,0.0,0.0,1.0,11,1,20,76334,0,1,2,376
ps,2,4096,0.0,0.0,0.0,1.0,11,1,21,76958,0,1,2,500
ps,2,4096,0.0,0.0,0.0,1.0,11,1,22,78375,0,1,2,8958
ps,2,4096,0.0,0.0,0.0,1.0,11,1,23,75625,0,1,2,10625
ps,2,4096,0.0,0.0,0.0,1.0,11,1,24,73875,0,1,2,5541
ps,2,4096,0.0,0.0,0.0,1.0,11,1,25,74750,0,1,2,2750
ps,2,4096,0.0,0.0,0.0,1.0,11,1,26,69042,0,1,2,4376
ps,2,4096,0.0,0.0,0.0,1.0,11,1,27,58209,0,1,2,1667
ps,2,4096,0.0,0.0,0.0,1.0,11,1,28,78500,0,1,2,1500
ps,2,4096,0.0,0.0,0.0,1.0,11,1,29,84250,0,1,2,4625
ps,2,4096,0.0,0.0,0.0,1.0,11,1,30,65750,0,1,2,2750
ps,2,4096,0.0,0.0,0.0,1.0,11,1,31,74083,0,1,2,3917
ps,2,4096,0.0,0.0,0.0,1.0,11,1,32,71834,0,1,2,3751
ps,2,4096,0.0,0.0,0.0,1.0,11,1,33,80167,0,1,2,1792
ps,2,4096,0.0,0.0,0.0,1.0,11,1,34,83166,0,1,2,15458
ps,2,4096,0.0,0.0,0.0,1.0,11,1,35,72333,0,1,2,8292
ps,2,4096,0.0,0.0,0.0,1.0,11,1,36,60250,0,1,2,2625
ps,2,4096,0.0,0.0,0.0,1.0,11,1,37,65833,0,1,2,958
ps,2,4096,0.0,0.0,0.0,1.0,11,1,38,63417,0,1,2,209
ps,2,4096,0.0,0.0,0.0,1.0,11,1,39,67625,0,1,2,2166
recursive,2,65536,0.0,0.0,0.0,1.0,11,1,0,118958,0,2,2,7958
recursive,2,65536,0.0,0.0,0.0,1.0,11,1,1,126250,0,2,2,5458
recursive,2,65536,0.0,0.0,0.0,1.0,11,1,2,127541,0,2,2,4750
recursive,2,65536,0.0,0.0,0.0,1.0,11,1,3,121250,0,2,2,2791
recursive,2,65536,0.0,0.0,0.0,1.0,11,1,4,127792,0,2,2,2084
recursive,2,65536,0.0,0.0,0.0,1.0,11,1,5,134375,0,2,2,26125
recursive,2,65536,0.0,0.0,0.0,1.0,11,1,6,162458,0,2,2,12708
recursive,2,65536,0.0,0.0,0.0,1.0,11,1,7,128333,0,2,2,2374
recursive,2,65536,0.0,0.0,0.0,1.0,11,1,8,119250,0,2,2,1833
recursive,2,65536,0.0,0.0,0.0,1.0,11,1,9,108500,0,2,2,1541
recursive,2,65536,0.0,0.0,0.0,1.0,11,1,10,109667,0,2,2,8167
recursive,2,65536,0.0,0.0,0.0,1.0,11,1,11,121125,0,2,2,4916
recursive,2,65536,0.0,0.0,0.0,1.0,11,1,12,113458,0,2,2,4666
recursive,2,65536,0.0,0.0,0.0,1.0,11,1,13,123750,0,2,2,19667
recursive,2,65536,0.0,0.0,0.0,1.0,11,1,14,135709,0,2,2,10542
recursive,2,65536,0.0,0.0,0.0,1.0,11,1,15,118958,0,2,2,1916
recursive,2,65536,0.0,0.0,0.0,1.0,11,1,16,127583,0,2,2,1292
recursive,2,65536,0.0,0.0,0.0,1.0,11,1,17,126583,0,2,2,6833
recursive,2,65536,0.0,0.0,0.0,1.0,11,1,18,113542,0,2,2,1001
recursive,2,65536,0.0,0.0,0.0,1.0,11,1,19,116458,0,2,2,10333
recursive,2,65536,0.0,0.0,0.0,1.0,11,1,20,122875,0,2,2,8625
recursive,2,65536,0.0,0.0,0.0,1.0,11,1,21,105500,0,2,2,8833
recursive,2,65536,0.0,0.0,0.0,1.0,11,1,22,120500,0,2,2,1875
recursive,2,65536,0.0,0.0,0.0,1.0,11,1,23,115584,0,2,2,2292
recursive,2,65536,0.0,0.0,0.0,1.0,11,1,24,117791,0,2,2,9207
recursive,2,65536,0.0,0.0,0.0,1.0,11,1,25,118167,0,2,2,7583
recursive,2,65536,0.0,0.0,0.0,1.0,11,1,26,121417,0,2,2,917
recursive,2,65536,0.0,0.0,0.0,1.0,11,1,27,120959,0,2,2,16000
recursive,2,65536,0.0,0.0,0.0,1.0,11,1,28,120750,0,2,2,375
recursive,2,65536,0.0,0.0,0.0,1.0,11,1,29,92125,0,2,2,4584
recursive,2,65536,0.0,0.0,0.0,1.0,11,1,30,119875,0,2,2,6625
recursive,2,65536,0.0,0.0,0.0,1.0,11,1,31,160209,0,2,2,8209
recursive,2,65536,0.0,0.0,0.0,1.0,11,1,32,112292,0,2,2,2042
recursive,2,65536,0.0,0.0,0.0,1.0,11,1,33,129000,0,2,2,14333
recursive,2,65536,0.0,0.0,0.0,1.0,11,1,34,117084,0,2,2,5126
recursive,2,65536,0.0,0.0,0.0,1.0,11,1,35,112542,0,2,2,24917
recursive,2,65536,0.0,0.0,0.0,1.0,11,1,36,128167,0,2,2,10500
recursive,2,65536,0.0,0.0,0.0,1.0,11,1,37,130167,0,2,2,18042
recursive,2,65536,0.0,0.0,0.0,1.0,11,1,38,111750,0,2,2,10125
recursive,2,65536,0.0,0.0,0.0,1.0,11,1,39,130166,0,2,2,19750
recursive,2,4096,0.0,0.0,0.0,1.0,11,1,0,134334,0,2,2,10125
recursive,2,4096,0.0,0.0,0.0,1.0,11,1,1,135792,0,2,2,5376
recursive,2,4096,0.0,0.0,0.0,1.0,11,1,2,116291,0,2,2,6208
recursive,2,4096,0.0,0.0,0.0,1.0,11,1,3,113292,0,2,2,1959
recursive,2,4096,0.0,0.0,0.0,1.0,11,1,4,125459,0,2,2,16917
recursive,2,4096,0.0,0.0,0.0,1.0,11,1,5,118416,0,2,2,666
recursive,2,4096,0.0,0.0,0.0,1.0,11,1,6,128583,0,2,2,7708
recursive,2,4096,0.0,0.0,0.0,1.0,11,1,7,121375,0,2,2,8083
recursive,2,4096,0.0,0.0,0.0,1.0,11,1,8,123291,0,2,2,7291
recursive,2,4096,0.0,0.0,0.0,1.0,11,1,9,99209,0,2,2,2792
recursive,2,4096,0.0,0.0,0.0,1.0,11,1,10,124417,0,2,2,3250
recursive,2,4096,0.0,0.0,0.0,1.0,11,1,11,119875,0,2,2,334
recursive,2,4096,0.0,0.0,0.0,1.0,11,1,12,109917,0,2,2,5292
recursive,2,4096,0.0,0.0,0.0,1.0,11,1,13,122208,0,2,2,14375
recursive,2,4096,0.0,0.0,0.0,1.0,11,1,14,134166,0,2,2,1624
recursive,2,4096,0.0,0.0,0.0,1.0,11,1,15,114875,0,2,2,2000
recursive,2,4096,0.0,0.0,0.0,1.0,11,1,16,145792,0,2,2,2167
recursive,2,4096,0.0,0.0,0.0,1.0,11,1,17,131875,0,2,2,4167
recursive,2,4096,0.0,0.0,0.0,1.0,11,1,18,123625,0,2,2,15750
recursive,2,4096,0.0,0.0,0.0,1.0,11,1,19,112250,0,2,2,3334
recursive,2,4096,0.0,0.0,0.0,1.0,11,1,20,104208,0,2,2,7791
recursive,2,4096,0.0,0.0,0.0,1.0,11,1,21,123333,0,2,2,1749
recursive,2,4096,0.0,0.0,0.0,1.0,11,1,22,122625,0,2,2,3458
recursive,2,4096,0.0,0.0,0.0,1.0,11,1,23,134625,0,2,2,13750
recursive,2,4096,0.0,0.0,0.0,1.0,11,1,24,100959,0,2,2,1667
recursive,2,4096,0.0,0.0,0.0,1.0,11,1,25,119708,0,2,2,7458
recursive,2,4096,0.0,0.0,0.0,1.0,11,1,26,96792,0,2,2,1084
recursive,2,4096,0.0,0.0,0.0,1.0,11,1,27,110875,0,2,2,2417
recursive,2,4096,0.0,0.0,0.0,1.0,11,1,28,106583,0,2,2,8083
recursive,2,4096,0.0,0.0,0.0,1.0,11,1,29,120667,0,2,2,6292
recursive,2,4096,0.0,0.0,0.0,1.0,11,1,30,104417,0,2,2,2251
recursive,2,4096,0.0,0.0,0.0,1.0,11,1,31,106541,0,2,2,3875
recursive,2,4096,0.0,0.0,0.0,1.0,11,1,32,117959,0,2,2,1626
recursive,2,4096,0.0,0.0,0.0,1.0,11,1,33,106083,0,2,2,5541
recursive,2,4096,0.0,0.0,0.0,1.0,11,1,34,97834,0,2,2,10542
recursive,2,4096,0.0,0.0,0.0,1.0,11,1,35,92458,0,2,2,2542
recursive,2,4096,0.0,0.0,0.0,1.0,11,1,36,95375,0,2,2,7500
recursive,2,4096,0.0,0.0,0.0,1.0,11,1,37,105791,0,2,2,1541
recursive,2,4096,0.0,0.0,0.0,1.0,11,1,38,101625,0,2,2,1833
recursive,2,4096,0.0,0.0,0.0,1.0,11,1,39,107208,0,2,2,6624
ps,2,65536,0.0,0.0,0.0,1.0,11,2,0,217791,0,1,2,28875
ps,2,65536,0.0,0.0,0.0,1.0,11,2,1,163541,0,1,2,5457
ps,2,65536,0.0,0.0,0.0,1.0,11,2,2,132958,0,1,2,583
ps,2,65536,0.0,0.0,0.0,1.0,11,2,3,139666,0,1,2,1333
ps,2,65536,0.0,0.0,0.0,1.0,11,2,4,138583,0,1,2,4250
ps,2,65536,0.0,0.0,0.0,1.0,11,2,5,150292,0,1,2,8959
ps,2,65536,0.0,0.0,0.0,1.0,11,2,6,131083,0,1,2,3792
ps,2,65536,0.0,0.0,0.0,1.0,11,2,7,124250,0,1,2,167
ps,2,65536,0.0,0.0,0.0,1.0,11,2,8,125917,0,1,2,5250
ps,2,65536,0.0,0.0,0.0,1.0,11,2,9,135875,0,1,2,4917
ps,2,65536,0.0,0.0,0.0,1.0,11,2,10,117333,0,1,2,1375
ps,2,65536,0.0,0.0,0.0,1.0,11,2,11,120750,0,1,2,166
ps,2,65536,0.0,0.0,0.0,1.0,11,2,12,122000,0,1,2,2583
ps,2,65536,0.0,0.0,0.0,1.0,11,2,13,131625,0,1,2,2500
ps,2,65536,0.0,0.0,0.0,1.0,11,2,14,120625,0,1,2,167
ps,2,65536,0.0,0.0,0.0,1.0,11,2,15,121542,0,1,2,1084
ps,2,65536,0.0,0.0,0.0,1.0,11,2,16,127542,0,1,2,4084
ps,2,65536,0.0,0.0,0.0,1.0,11,2,17,124917,0,1,2,5958
ps,2,65536,0.0,0.0,0.0,1.0,11,2,18,116708,0,1,2,8166
ps,2,65536,0.0,0.0,0.0,1.0,11,2,19,123000,0,1,2,17167
ps,2,65536,0.0,0.0,0.0,1.0,11,2,20,129083,0,1,2,15292
ps,2,65536,0.0,0.0,0.0,1.0,11,2,21,146292,0,1,2,11208
ps,2,65536,0.0,0.0,0.0,1.0,11,2,22,165500,0,1,2,83
ps,2,65536,0.0,0.0,0.0,1.0,11,2,23,127083,0,1,2,2833
ps,2,65536,0.0,0.0,0.0,1.0,11,2,24,121458,0,1,2,12333
ps,2,65536,0.0,0.0,0.0,1.0,11,2,25,110958,0,1,2,1708
ps,2,65536,0.0,0.0,0.0,1.0,11,2,26,131500,0,1,2,6333
ps,2,65536,0.0,0.0,0.0,1.0,11,2,27,172375,0,1,2,15625
ps,2,65536,0.0,0.0,0.0,1.0,11,2,28,107625,0,1,2,875
ps,2,65536,0.0,0.0,0.0,1.0,11,2,29,108000,0,1,2,3541
ps,2,65536,0.0,0.0,0.0,1.0,11,2,30,114792,0,1,2,7875
ps,2,65536,0.0,0.0,0.0,1.0,11,2,31,110709,0,1,2,6042
ps,2,65536,0.0,0.0,0.0,1.0,11,2,32,111291,0,1,2,1624
ps,2,65536,0.0,0.0,0.0,1.0,11,2,33,101583,0,1,2,624
ps,2,65536,0.0,0.0,0.0,1.0,11,2,34,104958,0,1,2,2000
ps,2,65536,0.0,0.0,0.0,1.0,11,2,35,110417,0,1,2,3084
ps,2,65536,0.0,0.0,0.0,1.0,11,2,36,104666,0,1,2,916
ps,2,65536,0.0,0.0,0.0,1.0,11,2,37,105875,0,1,2,416
ps,2,65536,0.0,0.0,0.0,1.0,11,2,38,114708,0,1,2,2541
ps,2,65536,0.0,0.0,0.0,1.0,11,2,39,116584,0,1,2,5375
ring,2,4096,0.0,0.0,0.0,1.0,11,2,0,160792,0,2,2,4001
ring,2,4096,0.0,0.0,0.0,1.0,11,2,1,161416,0,2,2,4083
ring,2,4096,0.0,0.0,0.0,1.0,11,2,2,172583,0,2,2,4041
ring,2,4096,0.0,0.0,0.0,1.0,11,2,3,170542,0,2,2,6167
ring,2,4096,0.0,0.0,0.0,1.0,11,2,4,165000,0,2,2,1417
ring,2,4096,0.0,0.0,0.0,1.0,11,2,5,182792,0,2,2,2584
ring,2,4096,0.0,0.0,0.0,1.0,11,2,6,167542,0,2,2,3417
ring,2,4096,0.0,0.0,0.0,1.0,11,2,7,183042,0,2,2,2751
ring,2,4096,0.0,0.0,0.0,1.0,11,2,8,155375,0,2,2,4334
ring,2,4096,0.0,0.0,0.0,1.0,11,2,9,163625,0,2,2,833
ring,2,4096,0.0,0.0,0.0,1.0,11,2,10,166541,0,2,2,4832
ring,2,4096,0.0,0.0,0.0,1.0,11,2,11,165667,0,2,2,3625
ring,2,4096,0.0,0.0,0.0,1.0,11,2,12,164458,0,2,2,1542
ring,2,4096,0.0,0.0,0.0,1.0,11,2,13,163917,0,2,2,1083
ring,2,4096,0.0,0.0,0.0,1.0,11,2,14,167208,0,2,2,2250
ring,2,4096,0.0,0.0,0.0,1.0,11,2,15,169375,0,2,2,14375
ring,2,4096,0.0,0.0,0.0,1.0,11,2,16,206667,0,2,2,22959
ring,2,4096,0.0,0.0,0.0,1.0,11,2,17,160875,0,2,2,3958
ring,2,4096,0.0,0.0,0.0,1.0,11,2,18,151583,0,2,2,2249
ring,2,4096,0.0,0.0,0.0,1.0,11,2,19,157125,0,2,2,2000
ring,2,4096,0.0,0.0,0.0,1.0,11,2,20,171833,0,2,2,9291
ring,2,4096,0.0,0.0,0.0,1.0,11,2,21,162750,0,2,2,458
ring,2,4096,0.0,0.0,0.0,1.0,11,2,22,164875,0,2,2,4875
ring,2,4096,0.0,0.0,0.0,1.0,11,2,23,163709,0,2,2,418
ring,2,4096,0.0,0.0,0.0,1.0,11,2,24,163750,0,2,2,583
ring,2,4096,0.0,0.0,0.0,1.0,11,2,25,164000,0,2,2,6875
ring,2,4096,0.0,0.0,0.0,1.0,11,2,26,165958,0,2,2,125
ring,2,4096,0.0,0.0,0.0,1.0,11,2,27,170084,0,2,2,2667
ring,2,4096,0.0,0.0,0.0,1.0,11,2,28,165416,0,2,2,41
ring,2,4096,0.0,0.0,0.0,1.0,11,2,29,168458,0,2,2,208
ring,2,4096,0.0,0.0,0.0,1.0,11,2,30,164334,0,2,2,2834
ring,2,4096,0.0,0.0,0.0,1.0,11,2,31,164250,0,2,2,3583
ring,2,4096,0.0,0.0,0.0,1.0,11,2,32,162875,0,2,2,5208
ring,2,4096,0.0,0.0,0.0,1.0,11,2,33,159417,0,2,2,792
ring,2,4096,0.0,0.0,0.0,1.0,11,2,34,163541,0,2,2,1541
ring,2,4096,0.0,0.0,0.0,1.0,11,2,35,162666,0,2,2,2416
ring,2,4096,0.0,0.0,0.0,1.0,11,2,36,158500,0,2,2,2167
ring,2,4096,0.0,0.0,0.0,1.0,11,2,37,160375,0,2,2,125
ring,2,4096,0.0,0.0,0.0,1.0,11,2,38,201334,0,2,2,8668
ring,2,4096,0.0,0.0,0.0,1.0,11,2,39,148500,0,2,2,5375
ring,2,65536,0.0,0.0,0.0,1.0,11,2,0,179666,0,2,2,291
ring,2,65536,0.0,0.0,0.0,1.0,11,2,1,178958,0,2,2,375
ring,2,65536,0.0,0.0,0.0,1.0,11,2,2,182834,0,2,2,42
ring,2,65536,0.0,0.0,0.0,1.0,11,2,3,173791,0,2,2,249
ring,2,65536,0.0,0.0,0.0,1.0,11,2,4,189417,0,2,2,17459
ring,2,65536,0.0,0.0,0.0,1.0,11,2,5,175166,0,2,2,13833
ring,2,65536,0.0,0.0,0.0,1.0,11,2,6,167333,0,2,2,4167
ring,2,65536,0.0,0.0,0.0,1.0,11,2,7,169292,0,2,2,4001
ring,2,65536,0.0,0.0,0.0,1.0,11,2,8,170958,0,2,2,6042
ring,2,65536,0.0,0.0,0.0,1.0,11,2,9,166166,0,2,2,3583
ring,2,65536,0.0,0.0,0.0,1.0,11,2,10,164667,0,2,2,7834
ring,2,65536,0.0,0.0,0.0,1.0,11,2,11,173667,0,2,2,6834
ring,2,65536,0.0,0.0,0.0,1.0,11,2,12,170917,0,2,2,11958
ring,2,65536,0.0,0.0,0.0,1.0,11,2,13,197292,0,2,2,19625
ring,2,65536,0.0,0.0,0.0,1.0,11,2,14,179334,0,2,2,709
ring,2,65536,0.0,0.0,0.0,1.0,11,2,15,169833,0,2,2,3583
ring,2,65536,0.0,0.0,0.0,1.0,11,2,16,174375,0,2,2,7250
ring,2,65536,0.0,0.0,0.0,1.0,11,2,17,193125,0,2,2,7291
ring,2,65536,0.0,0.0,0.0,1.0,11,2,18,171417,0,2,2,209
ring,2,65536,0.0,0.0,0.0,1.0,11,2,19,261375,0,2,2,28750
ring,2,65536,0.0,0.0,0.0,1.0,11,2,20,166541,0,2,2,8124
ring,2,65536,0.0,0.0,0.0,1.0,11,2,21,164667,0,2,2,5000
ring,2,65536,0.0,0.0,0.0,1.0,11,2,22,171166,0,2,2,7957
ring,2,65536,0.0,0.0,0.0,1.0,11,2,23,174792,0,2,2,417
ring,2,65536,0.0,0.0,0.0,1.0,11,2,24,180666,0,2,2,9957
ring,2,65536,0.0,0.0,0.0,1.0,11,2,25,174167,0,2,2,2542
ring,2,65536,0.0,0.0,0.0,1.0,11,2,26,168875,0,2,2,2667
ring,2,65536,0.0,0.0,0.0,1.0,11,2,27,171208,0,2,2,5166
ring,2,65536,0.0,0.0,0.0,1.0,11,2,28,178250,0,2,2,14583
ring,2,65536,0.0,0.0,0.0,1.0,11,2,29,181708,0,2,2,6874
ring,2,65536,0.0,0.0,0.0,1.0,11,2,30,181541,0,2,2,6291
ring,2,65536,0.0,0.0,0.0,1.0,11,2,31,171416,0,2,2,7249
ring,2,65536,0.0,0.0,0.0,1.0,11,2,32,172250,0,2,2,5084
ring,2,65536,0.0,0.0,0.0,1.0,11,2,33,121333,0,2,2,5917
ring,2,65536,0.0,0.0,0.0,1.0,11,2,34,109834,0,2,2,4459
ring,2,65536,0.0,0.0,0.0,1.0,11,2,35,106709,0,2,2,6917
ring,2,65536,0.0,0.0,0.0,1.0,11,2,36,126750,0,2,2,12541
ring,2,65536,0.0,0.0,0.0,1.0,11,2,37,119084,0,2,2,6126
ring,2,65536,0.0,0.0,0.0,1.0,11,2,38,122417,0,2,2,14292
ring,2,65536,0.0,0.0,0.0,1.0,11,2,39,100416,0,2,2,541
recursive,2,8388608,0.0,0.0,0.0,1.0,11,2,0,1306416,0,2,2,9333
recursive,2,8388608,0.0,0.0,0.0,1.0,11,2,1,1290084,0,2,2,4542
recursive,2,8388608,0.0,0.0,0.0,1.0,11,2,2,1539041,0,2,2,74041
recursive,2,8388608,0.0,0.0,0.0,1.0,11,2,3,1583834,0,2,2,86793
recursive,2,8388608,0.0,0.0,0.0,1.0,11,2,4,1432000,0,2,2,86083
recursive,2,8388608,0.0,0.0,0.0,1.0,11,2,5,1278375,0,2,2,7667
recursive,2,8388608,0.0,0.0,0.0,1.0,11,2,6,1559959,0,2,2,14709
recursive,2,8388608,0.0,0.0,0.0,1.0,11,2,7,1441458,0,2,2,833
recursive,2,8388608,0.0,0.0,0.0,1.0,11,2,8,1281458,0,2,2,791
recursive,2,8388608,0.0,0.0,0.0,1.0,11,2,9,1254958,0,2,2,2374
recursive,2,8388608,0.0,0.0,0.0,1.0,11,2,10,1273291,0,2,2,3208
recursive,2,8388608,0.0,0.0,0.0,1.0,11,2,11,1314542,0,2,2,45126
recursive,2,8388608,0.0,0.0,0.0,1.0,11,2,12,1493834,0,2,2,80792
recursive,2,8388608,0.0,0.0,0.0,1.0,11,2,13,1311834,0,2,2,13001
recursive,2,8388608,0.0,0.0,0.0,1.0,11,2,14,1236083,0,2,2,2042
recursive,2,8388608,0.0,0.0,0.0,1.0,11,2,15,1494041,0,2,2,5541
recursive,2,8388608,0.0,0.0,0.0,1.0,11,2,16,1516875,0,2,2,7458
recursive,2,8388608,0.0,0.0,0.0,1.0,11,2,17,1472542,0,2,2,2459
recursive,2,8388608,0.0,0.0,0.0,1.0,11,2,18,1280125,0,2,2,6208
recursive,2,8388608,0.0,0.0,0.0,1.0,11,2,19,1304583,0,2,2,15374
recursive,2,8388608,0.0,0.0,0.0,1.0,11,2,20,1273416,0,2,2,2207
recursive,2,8388608,0.0,0.0,0.0,1.0,11,2,21,1581834,0,2,2,17292
recursive,2,8388608,0.0,0.0,0.0,1.0,11,2,22,1445375,0,2,2,3667
recursive,2,8388608,0.0,0.0,0.0,1.0,11,2,23,1271083,0,2,2,874
recursive,2,8388608,0.0,0.0,0.0,1.0,11,2,24,1245208,0,2,2,1458
recursive,2,8388608,0.0,0.0,0.0,1.0,11,2,25,1269209,0,2,2,61834
recursive,2,8388608,0.0,0.0,0.0,1.0,11,2,26,1387458,0,2,2,1458
recursive,2,8388608,0.0,0.0,0.0,1.0,11,2,27,1422291,0,2,2,0
recursive,2,8388608,0.0,0.0,0.0,1.0,11,2,28,1489209,0,2,2,59959
recursive,2,8388608,0.0,0.0,0.0,1.0,11,2,29,1262625,0,2,2,38750
recursive,2,8388608,0.0,0.0,0.0,1.0,11,2,30,1245917,0,2,2,2167
recursive,2,8388608,0.0,0.0,0.0,1.0,11,2,31,1315375,0,2,2,27125
recursive,2,8388608,0.0,0.0,0.0,1.0,11,2,32,1353459,0,2,2,12084
recursive,2,8388608,0.0,0.0,0.0,1.0,11,2,33,1277458,0,2,2,2792
recursive,2,8388608,0.0,0.0,0.0,1.0,11,2,34,1237375,0,2,2,709
recursive,2,8388608,0.0,0.0,0.0,1.0,11,2,35,1206125,0,2,2,16166
recursive,2,8388608,0.0,0.0,0.0,1.0,11,2,36,1738542,0,2,2,41209
recursive,2,8388608,0.0,0.0,0.0,1.0,11,2,37,1398625,0,2,2,750
recursive,2,8388608,0.0,0.0,0.0,1.0,11,2,38,1303500,0,2,2,15083
recursive,2,8388608,0.0,0.0,0.0,1.0,11,2,39,1395583,0,2,2,7833
recursive,2,4096,0.0,0.0,0.0,1.0,11,2,0,116041,0,2,2,6749
recursive,2,4096,0.0,0.0,0.0,1.0,11,2,1,134708,0,2,2,500
recursive,2,4096,0.0,0.0,0.0,1.0,11,2,2,134083,0,2,2,2583
recursive,2,4096,0.0,0.0,0.0,1.0,11,2,3,100666,0,2,2,1583
recursive,2,4096,0.0,0.0,0.0,1.0,11,2,4,127875,0,2,2,27292
recursive,2,4096,0.0,0.0,0.0,1.0,11,2,5,108250,0,2,2,5500
recursive,2,4096,0.0,0.0,0.0,1.0,11,2,6,97167,0,2,2,13542
recursive,2,4096,0.0,0.0,0.0,1.0,11,2,7,110458,0,2,2,9042
recursive,2,4096,0.0,0.0,0.0,1.0,11,2,8,119875,0,2,2,13291
recursive,2,4096,0.0,0.0,0.0,1.0,11,2,9,111875,0,2,2,2167
recursive,2,4096,0.0,0.0,0.0,1.0,11,2,10,106375,0,2,2,11833
recursive,2,4096,0.0,0.0,0.0,1.0,11,2,11,88791,0,2,2,1000
recursive,2,4096,0.0,0.0,0.0,1.0,11,2,12,108084,0,2,2,8042
recursive,2,4096,0.0,0.0,0.0,1.0,11,2,13,98542,0,2,2,917
recursive,2,4096,0.0,0.0,0.0,1.0,11,2,14,123708,0,2,2,19792
recursive,2,4096,0.0,0.0,0.0,1.0,11,2,15,148875,0,2,2,8458
recursive,2,4096,0.0,0.0,0.0,1.0,11,2,16,109792,0,2,2,4334
recursive,2,4096,0.0,0.0,0.0,1.0,11,2,17,95125,0,2,2,6958
recursive,2,4096,0.0,0.0,0.0,1.0,11,2,18,106125,0,2,2,4541
recursive,2,4096,0.0,0.0,0.0,1.0,11,2,19,113916,0,2,2,5750
recursive,2,4096,0.0,0.0,0.0,1.0,11,2,20,118125,0,2,2,125
recursive,2,4096,0.0,0.0,0.0,1.0,11,2,21,150125,0,2,2,18375
recursive,2,4096,0.0,0.0,0.0,1.0,11,2,22,111375,0,2,2,6417
recursive,2,4096,0.0,0.0,0.0,1.0,11,2,23,87250,0,2,2,1959
recursive,2,4096,0.0,0.0,0.0,1.0,11,2,24,106334,0,2,2,126
recursive,2,4096,0.0,0.0,0.0,1.0,11,2,25,112042,0,2,2,5583
recursive,2,4096,0.0,0.0,0.0,1.0,11,2,26,113208,0,2,2,500
recursive,2,4096,0.0,0.0,0.0,1.0,11,2,27,99708,0,2,2,3249
recursive,2,4096,0.0,0.0,0.0,1.0,11,2,28,108583,0,2,2,16167
recursive,2,4096,0.0,0.0,0.0,1.0,11,2,29,95458,0,2,2,6500
recursive,2,4096,0.0,0.0,0.0,1.0,11,2,30,102166,0,2,2,13125
recursive,2,4096,0.0,0.0,0.0,1.0,11,2,31,115292,0,2,2,16417
recursive,2,4096,0.0,0.0,0.0,1.0,11,2,32,121625,0,2,2,6083
recursive,2,4096,0.0,0.0,0.0,1.0,11,2,33,101000,0,2,2,4333
recursive,2,4096,0.0,0.0,0.0,1.0,11,2,34,130541,0,2,2,11250
recursive,2,4096,0.0,0.0,0.0,1.0,11,2,35,176666,0,2,2,14124
recursive,2,4096,0.0,0.0,0.0,1.0,11,2,36,142791,0,2,2,10666
recursive,2,4096,0.0,0.0,0.0,1.0,11,2,37,120875,0,2,2,5542
recursive,2,4096,0.0,0.0,0.0,1.0,11,2,38,107416,0,2,2,2916
recursive,2,4096,0.0,0.0,0.0,1.0,11,2,39,105625,0,2,2,500
recursive,2,1048576,0.0,0.0,0.0,1.0,11,2,0,381375,0,2,2,23250
recursive,2,1048576,0.0,0.0,0.0,1.0,11,2,1,341542,0,2,2,25625
recursive,2,1048576,0.0,0.0,0.0,1.0,11,2,2,326167,0,2,2,7917
recursive,2,1048576,0.0,0.0,0.0,1.0,11,2,3,313875,0,2,2,7458
recursive,2,1048576,0.0,0.0,0.0,1.0,11,2,4,332916,0,2,2,5957
recursive,2,1048576,0.0,0.0,0.0,1.0,11,2,5,336417,0,2,2,36250
recursive,2,1048576,0.0,0.0,0.0,1.0,11,2,6,317917,0,2,2,6750
recursive,2,1048576,0.0,0.0,0.0,1.0,11,2,7,314459,0,2,2,22667
recursive,2,1048576,0.0,0.0,0.0,1.0,11,2,8,369334,0,2,2,2251
recursive,2,1048576,0.0,0.0,0.0,1.0,11,2,9,307084,0,2,2,13500
recursive,2,1048576,0.0,0.0,0.0,1.0,11,2,10,313333,0,2,2,30917
recursive,2,1048576,0.0,0.0,0.0,1.0,11,2,11,361833,0,2,2,18042
recursive,2,1048576,0.0,0.0,0.0,1.0,11,2,12,320959,0,2,2,8292
recursive,2,1048576,0.0,0.0,0.0,1.0,11,2,13,333625,0,2,2,4333
recursive,2,1048576,0.0,0.0,0.0,1.0,11,2,14,338583,0,2,2,5792
recursive,2,1048576,0.0,0.0,0.0,1.0,11,2,15,307458,0,2,2,458
recursive,2,1048576,0.0,0.0,0.0,1.0,11,2,16,306375,0,2,2,6375
recursive,2,1048576,0.0,0.0,0.0,1.0,11,2,17,309167,0,2,2,12042
recursive,2,1048576,0.0,0.0,0.0,1.0,11,2,18,334208,0,2,2,4792
recursive,2,1048576,0.0,0.0,0.0,1.0,11,2,19,326042,0,2,2,14375
recursive,2,1048576,0.0,0.0,0.0,1.0,11,2,20,314709,0,2,2,10334
recursive,2,1048576,0.0,0.0,0.0,1.0,11,2,21,344291,0,2,2,25166
recursive,2,1048576,0.0,0.0,0.0,1.0,11,2,22,649792,0,2,2,1792
recursive,2,1048576,0.0,0.0,0.0,1.0,11,2,23,350833,0,2,2,1000
recursive,2,1048576,0.0,0.0,0.0,1.0,11,2,24,315083,0,2,2,833
recursive,2,1048576,0.0,0.0,0.0,1.0,11,2,25,348667,0,2,2,2792
recursive,2,1048576,0.0,0.0,0.0,1.0,11,2,26,445375,0,2,2,8166
recursive,2,1048576,0.0,0.0,0.0,1.0,11,2,27,348291,0,2,2,2916
recursive,2,1048576,0.0,0.0,0.0,1.0,11,2,28,300375,0,2,2,11084
recursive,2,1048576,0.0,0.0,0.0,1.0,11,2,29,301583,0,2,2,4958
recursive,2,1048576,0.0,0.0,0.0,1.0,11,2,30,331083,0,2,2,12708
recursive,2,1048576,0.0,0.0,0.0,1.0,11,2,31,374500,0,2,2,53750
recursive,2,1048576,0.0,0.0,0.0,1.0,11,2,32,337375,0,2,2,6042
recursive,2,1048576,0.0,0.0,0.0,1.0,11,2,33,309833,0,2,2,31625
recursive,2,1048576,0.0,0.0,0.0,1.0,11,2,34,314084,0,2,2,2542
recursive,2,1048576,0.0,0.0,0.0,1.0,11,2,35,313750,0,2,2,27541
recursive,2,1048576,0.0,0.0,0.0,1.0,11,2,36,311333,0,2,2,26708
recursive,2,1048576,0.0,0.0,0.0,1.0,11,2,37,331333,0,2,2,125
recursive,2,1048576,0.0,0.0,0.0,1.0,11,2,38,305667,0,2,2,6417
recursive,2,1048576,0.0,0.0,0.0,1.0,11,2,39,316416,0,2,2,7458
recursive,2,65536,0.0,0.0,0.0,1.0,11,2,0,121791,0,2,2,10416
recursive,2,65536,0.0,0.0,0.0,1.0,11,2,1,117208,0,2,2,1166
recursive,2,65536,0.0,0.0,0.0,1.0,11,2,2,104208,0,2,2,8333
recursive,2,65536,0.0,0.0,0.0,1.0,11,2,3,133208,0,2,2,749
recursive,2,65536,0.0,0.0,0.0,1.0,11,2,4,127625,0,2,2,8583
recursive,2,65536,0.0,0.0,0.0,1.0,11,2,5,127917,0,2,2,2792
recursive,2,65536,0.0,0.0,0.0,1.0,11,2,6,128625,0,2,2,417
recursive,2,65536,0.0,0.0,0.0,1.0,11,2,7,134625,0,2,2,2959
recursive,2,65536,0.0,0.0,0.0,1.0,11,2,8,115916,0,2,2,874
recursive,2,65536,0.0,0.0,0.0,1.0,11,2,9,129917,0,2,2,3167
recursive,2,65536,0.0,0.0,0.0,1.0,11,2,10,135667,0,2,2,3959
recursive,2,65536,0.0,0.0,0.0,1.0,11,2,11,124041,0,2,2,1916
recursive,2,65536,0.0,0.0,0.0,1.0,11,2,12,120291,0,2,2,125
recursive,2,65536,0.0,0.0,0.0,1.0,11,2,13,124542,0,2,2,376
recursive,2,65536,0.0,0.0,0.0,1.0,11,2,14,114791,0,2,2,3957
recursive,2,65536,0.0,0.0,0.0,1.0,11,2,15,123166,0,2,2,18791
recursive,2,65536,0.0,0.0,0.0,1.0,11,2,16,120500,0,2,2,3625
recursive,2,65536,0.0,0.0,0.0,1.0,11,2,17,105667,0,2,2,2917
recursive,2,65536,0.0,0.0,0.0,1.0,11,2,18,107583,0,2,2,5083
recursive,2,65536,0.0,0.0,0.0,1.0,11,2,19,119083,0,2,2,9208
recursive,2,65536,0.0,0.0,0.0,1.0,11,2,20,104459,0,2,2,11792
recursive,2,65536,0.0,0.0,0.0,1.0,11,2,21,119375,0,2,2,917
recursive,2,65536,0.0,0.0,0.0,1.0,11,2,22,114500,0,2,2,583
recursive,2,65536,0.0,0.0,0.0,1.0,11,2,23,121292,0,2,2,0
recursive,2,65536,0.0,0.0,0.0,1.0,11,2,24,101000,0,2,2,625
recursive,2,65536,0.0,0.0,0.0,1.0,11,2,25,138000,0,2,2,2250
recursive,2,65536,0.0,0.0,0.0,1.0,11,2,26,107958,0,2,2,17583
recursive,2,65536,0.0,0.0,0.0,1.0,11,2,27,98000,0,2,2,9416
recursive,2,65536,0.0,0.0,0.0,1.0,11,2,28,140208,0,2,2,21416
recursive,2,65536,0.0,0.0,0.0,1.0,11,2,29,114916,0,2,2,10166
recursive,2,65536,0.0,0.0,0.0,1.0,11,2,30,119583,0,2,2,1375
recursive,2,65536,0.0,0.0,0.0,1.0,11,2,31,124042,0,2,2,1083
recursive,2,65536,0.0,0.0,0.0,1.0,11,2,32,112500,0,2,2,125
recursive,2,65536,0.0,0.0,0.0,1.0,11,2,33,120834,0,2,2,12750
recursive,2,65536,0.0,0.0,0.0,1.0,11,2,34,109917,0,2,2,5584
recursive,2,65536,0.0,0.0,0.0,1.0,11,2,35,100875,0,2,2,1042
recursive,2,65536,0.0,0.0,0.0,1.0,11,2,36,120125,0,2,2,3542
recursive,2,65536,0.0,0.0,0.0,1.0,11,2,37,108875,0,2,2,10042
recursive,2,65536,0.0,0.0,0.0,1.0,11,2,38,130750,0,2,2,11542
recursive,2,65536,0.0,0.0,0.0,1.0,11,2,39,126875,0,2,2,6416
ps,2,4096,0.0,0.0,0.0,1.0,11,2,0,70916,0,1,2,3249
ps,2,4096,0.0,0.0,0.0,1.0,11,2,1,75458,0,1,2,9208
ps,2,4096,0.0,0.0,0.0,1.0,11,2,2,95625,0,1,2,3125
ps,2,4096,0.0,0.0,0.0,1.0,11,2,3,78625,0,1,2,3750
ps,2,4096,0.0,0.0,0.0,1.0,11,2,4,62667,0,1,2,250
ps,2,4096,0.0,0.0,0.0,1.0,11,2,5,80834,0,1,2,15834
ps,2,4096,0.0,0.0,0.0,1.0,11,2,6,99583,0,1,2,9749
ps,2,4096,0.0,0.0,0.0,1.0,11,2,7,71416,0,1,2,2291
ps,2,4096,0.0,0.0,0.0,1.0,11,2,8,65625,0,1,2,3708
ps,2,4096,0.0,0.0,0.0,1.0,11,2,9,64667,0,1,2,3167
ps,2,4096,0.0,0.0,0.0,1.0,11,2,10,70084,0,1,2,9251
ps,2,4096,0.0,0.0,0.0,1.0,11,2,11,69083,0,1,2,4708
ps,2,4096,0.0,0.0,0.0,1.0,11,2,12,63166,0,1,2,1958
ps,2,4096,0.0,0.0,0.0,1.0,11,2,13,66208,0,1,2,4541
ps,2,4096,0.0,0.0,0.0,1.0,11,2,14,73041,0,1,2,5583
ps,2,4096,0.0,0.0,0.0,1.0,11,2,15,66875,0,1,2,5791
ps,2,4096,0.0,0.0,0.0,1.0,11,2,16,67292,0,1,2,1792
ps,2,4096,0.0,0.0,0.0,1.0,11,2,17,77583,0,1,2,8042
ps,2,4096,0.0,0.0,0.0,1.0,11,2,18,67625,0,1,2,4041
ps,2,4096,0.0,0.0,0.0,1.0,11,2,19,74375,0,1,2,6459
ps,2,4096,0.0,0.0,0.0,1.0,11,2,20,68583,0,1,2,5208
ps,2,4096,0.0,0.0,0.0,1.0,11,2,21,64417,0,1,2,1792
ps,2,4096,0.0,0.0,0.0,1.0,11,2,22,64958,0,1,2,2708
ps,2,4096,0.0,0.0,0.0,1.0,11,2,23,65541,0,1,2,83
ps,2,4096,0.0,0.0,0.0,1.0,11,2,24,63708,0,1,2,1375
ps,2,4096,0.0,0.0,0.0,1.0,11,2,25,65458,0,1,2,9958
ps,2,4096,0.0,0.0,0.0,1.0,11,2,26,61250,0,1,2,1584
ps,2,4096,0.0,0.0,0.0,1.0,11,2,27,67709,0,1,2,4917
ps,2,4096,0.0,0.0,0.0,1.0,11,2,28,65666,0,1,2,2208
ps,2,4096,0.0,0.0,0.0,1.0,11,2,29,72458,0,1,2,4375
ps,2,4096,0.0,0.0,0.0,1.0,11,2,30,62458,0,1,2,333
ps,2,4096,0.0,0.0,0.0,1.0,11,2,31,70209,0,1,2,4918
ps,2,4096,0.0,0.0,0.0,1.0,11,2,32,66167,0,1,2,1792
ps,2,4096,0.0,0.0,0.0,1.0,11,2,33,86875,0,1,2,4792
ps,2,4096,0.0,0.0,0.0,1.0,11,2,34,64417,0,1,2,3709
ps,2,4096,0.0,0.0,0.0,1.0,11,2,35,59583,0,1,2,1250
ps,2,4096,0.0,0.0,0.0,1.0,11,2,36,68709,0,1,2,2959
ps,2,4096,0.0,0.0,0.0,1.0,11,2,37,72333,0,1,2,4500
ps,2,4096,0.0,0.0,0.0,1.0,11,2,38,77000,0,1,2,2208
ps,2,4096,0.0,0.0,0.0,1.0,11,2,39,69000,0,1,2,1792
ring,2,8388608,0.0,0.0,0.0,1.0,11,2,0,1375250,0,2,2,29458
ring,2,8388608,0.0,0.0,0.0,1.0,11,2,1,1189000,0,2,2,8042
ring,2,8388608,0.0,0.0,0.0,1.0,11,2,2,1302542,0,2,2,667
ring,2,8388608,0.0,0.0,0.0,1.0,11,2,3,1200458,0,2,2,791
ring,2,8388608,0.0,0.0,0.0,1.0,11,2,4,1241917,0,2,2,19500
ring,2,8388608,0.0,0.0,0.0,1.0,11,2,5,1189417,0,2,2,14126
ring,2,8388608,0.0,0.0,0.0,1.0,11,2,6,1201125,0,2,2,7209
ring,2,8388608,0.0,0.0,0.0,1.0,11,2,7,1244084,0,2,2,2584
ring,2,8388608,0.0,0.0,0.0,1.0,11,2,8,1402708,0,2,2,23833
ring,2,8388608,0.0,0.0,0.0,1.0,11,2,9,1222541,0,2,2,8166
ring,2,8388608,0.0,0.0,0.0,1.0,11,2,10,1165792,0,2,2,19709
ring,2,8388608,0.0,0.0,0.0,1.0,11,2,11,1408542,0,2,2,1792
ring,2,8388608,0.0,0.0,0.0,1.0,11,2,12,1229667,0,2,2,2125
ring,2,8388608,0.0,0.0,0.0,1.0,11,2,13,1364208,0,2,2,26167
ring,2,8388608,0.0,0.0,0.0,1.0,11,2,14,1191833,0,2,2,5624
ring,2,8388608,0.0,0.0,0.0,1.0,11,2,15,1336667,0,2,2,139751
ring,2,8388608,0.0,0.0,0.0,1.0,11,2,16,1448125,0,2,2,4792
ring,2,8388608,0.0,0.0,0.0,1.0,11,2,17,1185417,0,2,2,8542
ring,2,8388608,0.0,0.0,0.0,1.0,11,2,18,1317375,0,2,2,5625
ring,2,8388608,0.0,0.0,0.0,1.0,11,2,19,1402500,0,2,2,18083
ring,2,8388608,0.0,0.0,0.0,1.0,11,2,20,1198917,0,2,2,1167
ring,2,8388608,0.0,0.0,0.0,1.0,11,2,21,1205917,0,2,2,21376
ring,2,8388608,0.0,0.0,0.0,1.0,11,2,22,1446125,0,2,2,82709
ring,2,8388608,0.0,0.0,0.0,1.0,11,2,23,1200334,0,2,2,24001
ring,2,8388608,0.0,0.0,0.0,1.0,11,2,24,1548083,0,2,2,833
ring,2,8388608,0.0,0.0,0.0,1.0,11,2,25,1542000,0,2,2,14917
ring,2,8388608,0.0,0.0,0.0,1.0,11,2,26,1217833,0,2,2,3041
ring,2,8388608,0.0,0.0,0.0,1.0,11,2,27,1210583,0,2,2,8625
ring,2,8388608,0.0,0.0,0.0,1.0,11,2,28,1324875,0,2,2,750
ring,2,8388608,0.0,0.0,0.0,1.0,11,2,29,1358958,0,2,2,1708
ring,2,8388608,0.0,0.0,0.0,1.0,11,2,30,1198125,0,2,2,11458
ring,2,8388608,0.0,0.0,0.0,1.0,11,2,31,1229209,0,2,2,626
ring,2,8388608,0.0,0.0,0.0,1.0,11,2,32,1186417,0,2,2,2583
ring,2,8388608,0.0,0.0,0.0,1.0,11,2,33,1202834,0,2,2,22125
ring,2,8388608,0.0,0.0,0.0,1.0,11,2,34,1325083,0,2,2,23792
ring,2,8388608,0.0,0.0,0.0,1.0,11,2,35,1184958,0,2,2,4250
ring,2,8388608,0.0,0.0,0.0,1.0,11,2,36,1214875,0,2,2,4000
ring,2,8388608,0.0,0.0,0.0,1.0,11,2,37,1393833,0,2,2,24166
ring,2,8388608,0.0,0.0,0.0,1.0,11,2,38,1231416,0,2,2,71041
ring,2,8388608,0.0,0.0,0.0,1.0,11,2,39,1306625,0,2,2,8916
ps,2,1048576,0.0,0.0,0.0,1.0,11,2,0,235750,0,1,2,4042
ps,2,1048576,0.0,0.0,0.0,1.0,11,2,1,232208,0,1,2,8875
ps,2,1048576,0.0,0.0,0.0,1.0,11,2,2,240250,0,1,2,9750
ps,2,1048576,0.0,0.0,0.0,1.0,11,2,3,234916,0,1,2,15583
ps,2,1048576,0.0,0.0,0.0,1.0,11,2,4,237500,0,1,2,20209
ps,2,1048576,0.0,0.0,0.0,1.0,11,2,5,235917,0,1,2,15375
ps,2,1048576,0.0,0.0,0.0,1.0,11,2,6,233792,0,1,2,5292
ps,2,1048576,0.0,0.0,0.0,1.0,11,2,7,239625,0,1,2,17167
ps,2,1048576,0.0,0.0,0.0,1.0,11,2,8,220042,0,1,2,7417
ps,2,1048576,0.0,0.0,0.0,1.0,11,2,9,234250,0,1,2,15167
ps,2,1048576,0.0,0.0,0.0,1.0,11,2,10,226333,0,1,2,12542
ps,2,1048576,0.0,0.0,0.0,1.0,11,2,11,283000,0,1,2,13750
ps,2,1048576,0.0,0.0,0.0,1.0,11,2,12,312750,0,1,2,32125
ps,2,1048576,0.0,0.0,0.0,1.0,11,2,13,248625,0,1,2,9250
ps,2,1048576,0.0,0.0,0.0,1.0,11,2,14,226875,0,1,2,8542
ps,2,1048576,0.0,0.0,0.0,1.0,11,2,15,220250,0,1,2,3333
ps,2,1048576,0.0,0.0,0.0,1.0,11,2,16,224625,0,1,2,5458
ps,2,1048576,0.0,0.0,0.0,1.0,11,2,17,232500,0,1,2,15208
ps,2,1048576,0.0,0.0,0.0,1.0,11,2,18,226250,0,1,2,6666
ps,2,1048576,0.0,0.0,0.0,1.0,11,2,19,225458,0,1,2,8542
ps,2,1048576,0.0,0.0,0.0,1.0,11,2,20,332166,0,1,2,11958
ps,2,1048576,0.0,0.0,0.0,1.0,11,2,21,258583,0,1,2,8958
ps,2,1048576,0.0,0.0,0.0,1.0,11,2,22,245250,0,1,2,13084
ps,2,1048576,0.0,0.0,0.0,1.0,11,2,23,245459,0,1,2,10293
ps,2,1048576,0.0,0.0,0.0,1.0,11,2,24,274000,0,1,2,792
ps,2,1048576,0.0,0.0,0.0,1.0,11,2,25,250375,0,1,2,875
ps,2,1048576,0.0,0.0,0.0,1.0,11,2,26,233083,0,1,2,13583
ps,2,1048576,0.0,0.0,0.0,1.0,11,2,27,241584,0,1,2,16876
ps,2,1048576,0.0,0.0,0.0,1.0,11,2,28,241833,0,1,2,18625
ps,2,1048576,0.0,0.0,0.0,1.0,11,2,29,243167,0,1,2,9084
ps,2,1048576,0.0,0.0,0.0,1.0,11,2,30,285833,0,1,2,22041
ps,2,1048576,0.0,0.0,0.0,1.0,11,2,31,243875,0,1,2,5333
ps,2,1048576,0.0,0.0,0.0,1.0,11,2,32,227375,0,1,2,12375
ps,2,1048576,0.0,0.0,0.0,1.0,11,2,33,234709,0,1,2,11584
ps,2,1048576,0.0,0.0,0.0,1.0,11,2,34,295584,0,1,2,14876
ps,2,1048576,0.0,0.0,0.0,1.0,11,2,35,261459,0,1,2,30001
ps,2,1048576,0.0,0.0,0.0,1.0,11,2,36,244542,0,1,2,3251
ps,2,1048576,0.0,0.0,0.0,1.0,11,2,37,239750,0,1,2,14000
ps,2,1048576,0.0,0.0,0.0,1.0,11,2,38,239417,0,1,2,12208
ps,2,1048576,0.0,0.0,0.0,1.0,11,2,39,239709,0,1,2,4709
ring,2,1048576,0.0,0.0,0.0,1.0,11,2,0,307292,0,2,2,6959
ring,2,1048576,0.0,0.0,0.0,1.0,11,2,1,320584,0,2,2,24126
ring,2,1048576,0.0,0.0,0.0,1.0,11,2,2,317125,0,2,2,14875
ring,2,1048576,0.0,0.0,0.0,1.0,11,2,3,318750,0,2,2,41791
ring,2,1048576,0.0,0.0,0.0,1.0,11,2,4,335083,0,2,2,6916
ring,2,1048576,0.0,0.0,0.0,1.0,11,2,5,325792,0,2,2,2958
ring,2,1048576,0.0,0.0,0.0,1.0,11,2,6,328667,0,2,2,36750
ring,2,1048576,0.0,0.0,0.0,1.0,11,2,7,344084,0,2,2,32751
ring,2,1048576,0.0,0.0,0.0,1.0,11,2,8,301958,0,2,2,5874
ring,2,1048576,0.0,0.0,0.0,1.0,11,2,9,316542,0,2,2,1917
ring,2,1048576,0.0,0.0,0.0,1.0,11,2,10,327917,0,2,2,4250
ring,2,1048576,0.0,0.0,0.0,1.0,11,2,11,315750,0,2,2,12583
ring,2,1048576,0.0,0.0,0.0,1.0,11,2,12,315208,0,2,2,23666
ring,2,1048576,0.0,0.0,0.0,1.0,11,2,13,350792,0,2,2,25251
ring,2,1048576,0.0,0.0,0.0,1.0,11,2,14,316750,0,2,2,4250
ring,2,1048576,0.0,0.0,0.0,1.0,11,2,15,311000,0,2,2,36958
ring,2,1048576,0.0,0.0,0.0,1.0,11,2,16,327166,0,2,2,17583
ring,2,1048576,0.0,0.0,0.0,1.0,11,2,17,299375,0,2,2,2708
ring,2,1048576,0.0,0.0,0.0,1.0,11,2,18,323917,0,2,2,1917
ring,2,1048576,0.0,0.0,0.0,1.0,11,2,19,329834,0,2,2,5042
ring,2,1048576,0.0,0.0,0.0,1.0,11,2,20,300417,0,2,2,27375
ring,2,1048576,0.0,0.0,0.0,1.0,11,2,21,340083,0,2,2,10542
ring,2,1048576,0.0,0.0,0.0,1.0,11,2,22,308958,0,2,2,7708
ring,2,1048576,0.0,0.0,0.0,1.0,11,2,23,318084,0,2,2,34126
ring,2,1048576,0.0,0.0,0.0,1.0,11,2,24,319333,0,2,2,8458
ring,2,1048576,0.0,0.0,0.0,1.0,11,2,25,283792,0,2,2,22750
ring,2,1048576,0.0,0.0,0.0,1.0,11,2,26,293375,0,2,2,5041
ring,2,1048576,0.0,0.0,0.0,1.0,11,2,27,336417,0,2,2,27167
ring,2,1048576,0.0,0.0,0.0,1.0,11,2,28,311125,0,2,2,12500
ring,2,1048576,0.0,0.0,0.0,1.0,11,2,29,325750,0,2,2,500
ring,2,1048576,0.0,0.0,0.0,1.0,11,2,30,329583,0,2,2,5958
ring,2,1048576,0.0,0.0,0.0,1.0,11,2,31,315875,0,2,2,3708
ring,2,1048576,0.0,0.0,0.0,1.0,11,2,32,290417,0,2,2,7625
ring,2,1048576,0.0,0.0,0.0,1.0,11,2,33,341625,0,2,2,8958
ring,2,1048576,0.0,0.0,0.0,1.0,11,2,34,305292,0,2,2,35834
ring,2,1048576,0.0,0.0,0.0,1.0,11,2,35,314583,0,2,2,7416
ring,2,1048576,0.0,0.0,0.0,1.0,11,2,36,328542,0,2,2,3292
ring,2,1048576,0.0,0.0,0.0,1.0,11,2,37,311250,0,2,2,6209
ring,2,1048576,0.0,0.0,0.0,1.0,11,2,38,291709,0,2,2,9334
ring,2,1048576,0.0,0.0,0.0,1.0,11,2,39,360583,0,2,2,12625
ps,2,8388608,0.0,0.0,0.0,1.0,11,2,0,1305625,0,1,2,26792
ps,2,8388608,0.0,0.0,0.0,1.0,11,2,1,1705542,0,1,2,76126
ps,2,8388608,0.0,0.0,0.0,1.0,11,2,2,1927500,0,1,2,29708
ps,2,8388608,0.0,0.0,0.0,1.0,11,2,3,1386917,0,1,2,9584
ps,2,8388608,0.0,0.0,0.0,1.0,11,2,4,1370250,0,1,2,10833
ps,2,8388608,0.0,0.0,0.0,1.0,11,2,5,1622292,0,1,2,26250
ps,2,8388608,0.0,0.0,0.0,1.0,11,2,6,1502750,0,1,2,7542
ps,2,8388608,0.0,0.0,0.0,1.0,11,2,7,1439083,0,1,2,6833
ps,2,8388608,0.0,0.0,0.0,1.0,11,2,8,1502208,0,1,2,13375
ps,2,8388608,0.0,0.0,0.0,1.0,11,2,9,1338084,0,1,2,5376
ps,2,8388608,0.0,0.0,0.0,1.0,11,2,10,1290125,0,1,2,4541
ps,2,8388608,0.0,0.0,0.0,1.0,11,2,11,1501708,0,1,2,7833
ps,2,8388608,0.0,0.0,0.0,1.0,11,2,12,1487625,0,1,2,4041
ps,2,8388608,0.0,0.0,0.0,1.0,11,2,13,1585875,0,1,2,12916
ps,2,8388608,0.0,0.0,0.0,1.0,11,2,14,1366375,0,1,2,8875
ps,2,8388608,0.0,0.0,0.0,1.0,11,2,15,1520916,0,1,2,13499
ps,2,8388608,0.0,0.0,0.0,1.0,11,2,16,1465125,0,1,2,83
ps,2,8388608,0.0,0.0,0.0,1.0,11,2,17,1739541,0,1,2,13625
ps,2,8388608,0.0,0.0,0.0,1.0,11,2,18,1653375,0,1,2,1292
ps,2,8388608,0.0,0.0,0.0,1.0,11,2,19,1631917,0,1,2,127667
ps,2,8388608,0.0,0.0,0.0,1.0,11,2,20,1746583,0,1,2,3458
ps,2,8388608,0.0,0.0,0.0,1.0,11,2,21,1623666,0,1,2,10833
ps,2,8388608,0.0,0.0,0.0,1.0,11,2,22,1309500,0,1,2,7583
ps,2,8388608,0.0,0.0,0.0,1.0,11,2,23,1263000,0,1,2,959
ps,2,8388608,0.0,0.0,0.0,1.0,11,2,24,1349792,0,1,2,3708
ps,2,8388608,0.0,0.0,0.0,1.0,11,2,25,1336667,0,1,2,3542
ps,2,8388608,0.0,0.0,0.0,1.0,11,2,26,1417875,0,1,2,3708
ps,2,8388608,0.0,0.0,0.0,1.0,11,2,27,1315500,0,1,2,1541
ps,2,8388608,0.0,0.0,0.0,1.0,11,2,28,1331042,0,1,2,4458
ps,2,8388608,0.0,0.0,0.0,1.0,11,2,29,1399792,0,1,2,31834
ps,2,8388608,0.0,0.0,0.0,1.0,11,2,30,1339500,0,1,2,11500
ps,2,8388608,0.0,0.0,0.0,1.0,11,2,31,1513833,0,1,2,9750
ps,2,8388608,0.0,0.0,0.0,1.0,11,2,32,1319875,0,1,2,5084
ps,2,8388608,0.0,0.0,0.0,1.0,11,2,33,1504292,0,1,2,111042
ps,2,8388608,0.0,0.0,0.0,1.0,11,2,34,1394167,0,1,2,18042
ps,2,8388608,0.0,0.0,0.0,1.0,11,2,35,1329666,0,1,2,8000
ps,2,8388608,0.0,0.0,0.0,1.0,11,2,36,1477000,0,1,2,18875
ps,2,8388608,0.0,0.0,0.0,1.0,11,2,37,1342792,0,1,2,7959
ps,2,8388608,0.0,0.0,0.0,1.0,11,2,38,1330250,0,1,2,6125
ps,2,8388608,0.0,0.0,0.0,1.0,11,2,39,1321209,0,1,2,5126
recursive,2,4096,0.0,0.0,0.0,1.0,11,3,0,285417,0,2,2,6209
recursive,2,4096,0.0,0.0,0.0,1.0,11,3,1,202542,0,2,2,3959
recursive,2,4096,0.0,0.0,0.0,1.0,11,3,2,199333,0,2,2,22458
recursive,2,4096,0.0,0.0,0.0,1.0,11,3,3,206750,0,2,2,12750
recursive,2,4096,0.0,0.0,0.0,1.0,11,3,4,205625,0,2,2,12500
recursive,2,4096,0.0,0.0,0.0,1.0,11,3,5,227458,0,2,2,12041
recursive,2,4096,0.0,0.0,0.0,1.0,11,3,6,207417,0,2,2,5959
recursive,2,4096,0.0,0.0,0.0,1.0,11,3,7,210208,0,2,2,4791
recursive,2,4096,0.0,0.0,0.0,1.0,11,3,8,199250,0,2,2,625
recursive,2,4096,0.0,0.0,0.0,1.0,11,3,9,200041,0,2,2,166
recursive,2,4096,0.0,0.0,0.0,1.0,11,3,10,202708,0,2,2,1333
recursive,2,4096,0.0,0.0,0.0,1.0,11,3,11,195417,0,2,2,2917
recursive,2,4096,0.0,0.0,0.0,1.0,11,3,12,193541,0,2,2,2332
recursive,2,4096,0.0,0.0,0.0,1.0,11,3,13,194500,0,2,2,2917
recursive,2,4096,0.0,0.0,0.0,1.0,11,3,14,193416,0,2,2,2583
recursive,2,4096,0.0,0.0,0.0,1.0,11,3,15,191167,0,2,2,2042
recursive,2,4096,0.0,0.0,0.0,1.0,11,3,16,194792,0,2,2,3250
recursive,2,4096,0.0,0.0,0.0,1.0,11,3,17,179750,0,2,2,6292
recursive,2,4096,0.0,0.0,0.0,1.0,11,3,18,173708,0,2,2,1874
recursive,2,4096,0.0,0.0,0.0,1.0,11,3,19,172167,0,2,2,42
recursive,2,4096,0.0,0.0,0.0,1.0,11,3,20,172792,0,2,2,500
recursive,2,4096,0.0,0.0,0.0,1.0,11,3,21,170875,0,2,2,667
recursive,2,4096,0.0,0.0,0.0,1.0,11,3,22,173500,0,2,2,1458
recursive,2,4096,0.0,0.0,0.0,1.0,11,3,23,193917,0,2,2,10584
recursive,2,4096,0.0,0.0,0.0,1.0,11,3,24,171417,0,2,2,3125
recursive,2,4096,0.0,0.0,0.0,1.0,11,3,25,176292,0,2,2,2167
recursive,2,4096,0.0,0.0,0.0,1.0,11,3,26,174500,0,2,2,2917
recursive,2,4096,0.0,0.0,0.0,1.0,11,3,27,179875,0,2,2,16875
recursive,2,4096,0.0,0.0,0.0,1.0,11,3,28,174500,0,2,2,84
recursive,2,4096,0.0,0.0,0.0,1.0,11,3,29,164500,0,2,2,292
recursive,2,4096,0.0,0.0,0.0,1.0,11,3,30,171834,0,2,2,709
recursive,2,4096,0.0,0.0,0.0,1.0,11,3,31,171791,0,2,2,624
recursive,2,4096,0.0,0.0,0.0,1.0,11,3,32,161666,0,2,2,5082
recursive,2,4096,0.0,0.0,0.0,1.0,11,3,33,165209,0,2,2,3209
recursive,2,4096,0.0,0.0,0.0,1.0,11,3,34,160417,0,2,2,2042
recursive,2,4096,0.0,0.0,0.0,1.0,11,3,35,163250,0,2,2,1291
recursive,2,4096,0.0,0.0,0.0,1.0,11,3,36,162375,0,2,2,167
recursive,2,4096,0.0,0.0,0.0,1.0,11,3,37,166375,0,2,2,2375
recursive,2,4096,0.0,0.0,0.0,1.0,11,3,38,167584,0,2,2,2001
recursive,2,4096,0.0,0.0,0.0,1.0,11,3,39,164500,0,2,2,1791
ps,2,1048576,0.0,0.0,0.0,1.0,11,3,0,439750,0,1,2,89416
ps,2,1048576,0.0,0.0,0.0,1.0,11,3,1,430375,0,1,2,73583
ps,2,1048576,0.0,0.0,0.0,1.0,11,3,2,449625,0,1,2,87750
ps,2,1048576,0.0,0.0,0.0,1.0,11,3,3,474167,0,1,2,79542
ps,2,1048576,0.0,0.0,0.0,1.0,11,3,4,450750,0,1,2,68959
ps,2,1048576,0.0,0.0,0.0,1.0,11,3,5,484125,0,1,2,112500
ps,2,1048576,0.0,0.0,0.0,1.0,11,3,6,428583,0,1,2,74708
ps,2,1048576,0.0,0.0,0.0,1.0,11,3,7,431042,0,1,2,79667
ps,2,1048576,0.0,0.0,0.0,1.0,11,3,8,427292,0,1,2,91667
ps,2,1048576,0.0,0.0,0.0,1.0,11,3,9,438250,0,1,2,86042
ps,2,1048576,0.0,0.0,0.0,1.0,11,3,10,405541,0,1,2,68333
ps,2,1048576,0.0,0.0,0.0,1.0,11,3,11,435250,0,1,2,63584
ps,2,1048576,0.0,0.0,0.0,1.0,11,3,12,437958,0,1,2,68416
ps,2,1048576,0.0,0.0,0.0,1.0,11,3,13,453750,0,1,2,86041
ps,2,1048576,0.0,0.0,0.0,1.0,11,3,14,449583,0,1,2,88208
ps,2,1048576,0.0,0.0,0.0,1.0,11,3,15,471958,0,1,2,66375
ps,2,1048576,0.0,0.0,0.0,1.0,11,3,16,426958,0,1,2,73500
ps,2,1048576,0.0,0.0,0.0,1.0,11,3,17,445625,0,1,2,84292
ps,2,1048576,0.0,0.0,0.0,1.0,11,3,18,431292,0,1,2,73792
ps,2,1048576,0.0,0.0,0.0,1.0,11,3,19,417250,0,1,2,84500
ps,2,1048576,0.0,0.0,0.0,1.0,11,3,20,439792,0,1,2,80709
ps,2,1048576,0.0,0.0,0.0,1.0,11,3,21,442208,0,1,2,83125
ps,2,1048576,0.0,0.0,0.0,1.0,11,3,22,425875,0,1,2,81708
ps,2,1048576,0.0,0.0,0.0,1.0,11,3,23,477333,0,1,2,89625
ps,2,1048576,0.0,0.0,0.0,1.0,11,3,24,438833,0,1,2,78208
ps,2,1048576,0.0,0.0,0.0,1.0,11,3,25,446458,0,1,2,93625
ps,2,1048576,0.0,0.0,0.0,1.0,11,3,26,440542,0,1,2,70667
ps,2,1048576,0.0,0.0,0.0,1.0,11,3,27,438375,0,1,2,83208
ps,2,1048576,0.0,0.0,0.0,1.0,11,3,28,447666,0,1,2,76875
ps,2,1048576,0.0,0.0,0.0,1.0,11,3,29,418291,0,1,2,78333
ps,2,1048576,0.0,0.0,0.0,1.0,11,3,30,433125,0,1,2,74125
ps,2,1048576,0.0,0.0,0.0,1.0,11,3,31,437667,0,1,2,105084
ps,2,1048576,0.0,0.0,0.0,1.0,11,3,32,263125,0,1,2,11792
ps,2,1048576,0.0,0.0,0.0,1.0,11,3,33,259334,0,1,2,38418
ps,2,1048576,0.0,0.0,0.0,1.0,11,3,34,264792,0,1,2,24583
ps,2,1048576,0.0,0.0,0.0,1.0,11,3,35,249833,0,1,2,4708
ps,2,1048576,0.0,0.0,0.0,1.0,11,3,36,252792,0,1,2,20500
ps,2,1048576,0.0,0.0,0.0,1.0,11,3,37,242167,0,1,2,17250
ps,2,1048576,0.0,0.0,0.0,1.0,11,3,38,289084,0,1,2,39500
ps,2,1048576,0.0,0.0,0.0,1.0,11,3,39,264833,0,1,2,17083
ring,2,65536,0.0,0.0,0.0,1.0,11,3,0,108167,0,2,2,3709
ring,2,65536,0.0,0.0,0.0,1.0,11,3,1,120709,0,2,2,5001
ring,2,65536,0.0,0.0,0.0,1.0,11,3,2,110375,0,2,2,9042
ring,2,65536,0.0,0.0,0.0,1.0,11,3,3,110625,0,2,2,541
ring,2,65536,0.0,0.0,0.0,1.0,11,3,4,145292,0,2,2,3125
ring,2,65536,0.0,0.0,0.0,1.0,11,3,5,104750,0,2,2,14667
ring,2,65536,0.0,0.0,0.0,1.0,11,3,6,115500,0,2,2,2917
ring,2,65536,0.0,0.0,0.0,1.0,11,3,7,112083,0,2,2,3083
ring,2,65536,0.0,0.0,0.0,1.0,11,3,8,116375,0,2,2,23416
ring,2,65536,0.0,0.0,0.0,1.0,11,3,9,118875,0,2,2,83
ring,2,65536,0.0,0.0,0.0,1.0,11,3,10,126667,0,2,2,9959
ring,2,65536,0.0,0.0,0.0,1.0,11,3,11,118333,0,2,2,500
ring,2,65536,0.0,0.0,0.0,1.0,11,3,12,109459,0,2,2,7375
ring,2,65536,0.0,0.0,0.0,1.0,11,3,13,129292,0,2,2,10917
ring,2,65536,0.0,0.0,0.0,1.0,11,3,14,124541,0,2,2,2958
ring,2,65536,0.0,0.0,0.0,1.0,11,3,15,115541,0,2,2,11666
ring,2,65536,0.0,0.0,0.0,1.0,11,3,16,125416,0,2,2,14416
ring,2,65536,0.0,0.0,0.0,1.0,11,3,17,118625,0,2,2,14583
ring,2,65536,0.0,0.0,0.0,1.0,11,3,18,121667,0,2,2,917
ring,2,65536,0.0,0.0,0.0,1.0,11,3,19,108000,0,2,2,13625
ring,2,65536,0.0,0.0,0.0,1.0,11,3,20,119667,0,2,2,1209
ring,2,65536,0.0,0.0,0.0,1.0,11,3,21,119500,0,2,2,7875
ring,2,65536,0.0,0.0,0.0,1.0,11,3,22,114208,0,2,2,3666
ring,2,65536,0.0,0.0,0.0,1.0,11,3,23,114458,0,2,2,12333
ring,2,65536,0.0,0.0,0.0,1.0,11,3,24,146667,0,2,2,17875
ring,2,65536,0.0,0.0,0.0,1.0,11,3,25,119375,0,2,2,1666
ring,2,65536,0.0,0.0,0.0,1.0,11,3,26,117417,0,2,2,3292
ring,2,65536,0.0,0.0,0.0,1.0,11,3,27,109125,0,2,2,2875
ring,2,65536,0.0,0.0,0.0,1.0,11,3,28,116209,0,2,2,2167
ring,2,65536,0.0,0.0,0.0,1.0,11,3,29,106125,0,2,2,1208
ring,2,65536,0.0,0.0,0.0,1.0,11,3,30,119958,0,2,2,3875
ring,2,65536,0.0,0.0,0.0,1.0,11,3,31,115625,0,2,2,12125
ring,2,65536,0.0,0.0,0.0,1.0,11,3,32,113500,0,2,2,1750
ring,2,65536,0.0,0.0,0.0,1.0,11,3,33,108791,0,2,2,791
ring,2,65536,0.0,0.0,0.0,1.0,11,3,34,116834,0,2,2,7251
ring,2,65536,0.0,0.0,0.0,1.0,11,3,35,106792,0,2,2,3500
ring,2,65536,0.0,0.0,0.0,1.0,11,3,36,122250,0,2,2,375
ring,2,65536,0.0,0.0,0.0,1.0,11,3,37,109667,0,2,2,375
ring,2,65536,0.0,0.0,0.0,1.0,11,3,38,123708,0,2,2,2291
ring,2,65536,0.0,0.0,0.0,1.0,11,3,39,103958,0,2,2,3249
ps,2,65536,0.0,0.0,0.0,1.0,11,3,0,86834,0,1,2,3792
ps,2,65536,0.0,0.0,0.0,1.0,11,3,1,85041,0,1,2,11041
ps,2,65536,0.0,0.0,0.0,1.0,11,3,2,75667,0,1,2,8792
ps,2,65536,0.0,0.0,0.0,1.0,11,3,3,79125,0,1,2,3333
ps,2,65536,0.0,0.0,0.0,1.0,11,3,4,78375,0,1,2,2750
ps,2,65536,0.0,0.0,0.0,1.0,11,3,5,82792,0,1,2,876
ps,2,65536,0.0,0.0,0.0,1.0,11,3,6,74000,0,1,2,3000
ps,2,65536,0.0,0.0,0.0,1.0,11,3,7,74333,0,1,2,833
ps,2,65536,0.0,0.0,0.0,1.0,11,3,8,70917,0,1,2,750
ps,2,65536,0.0,0.0,0.0,1.0,11,3,9,75209,0,1,2,5709
ps,2,65536,0.0,0.0,0.0,1.0,11,3,10,70583,0,1,2,1541
ps,2,65536,0.0,0.0,0.0,1.0,11,3,11,72833,0,1,2,0
ps,2,65536,0.0,0.0,0.0,1.0,11,3,12,72208,0,1,2,2125
ps,2,65536,0.0,0.0,0.0,1.0,11,3,13,79542,0,1,2,5625
ps,2,65536,0.0,0.0,0.0,1.0,11,3,14,69084,0,1,2,834
ps,2,65536,0.0,0.0,0.0,1.0,11,3,15,81625,0,1,2,9584
ps,2,65536,0.0,0.0,0.0,1.0,11,3,16,68125,0,1,2,250
ps,2,65536,0.0,0.0,0.0,1.0,11,3,17,70292,0,1,2,2667
ps,2,65536,0.0,0.0,0.0,1.0,11,3,18,73958,0,1,2,1833
ps,2,65536,0.0,0.0,0.0,1.0,11,3,19,80208,0,1,2,3499
ps,2,65536,0.0,0.0,0.0,1.0,11,3,20,75625,0,1,2,2833
ps,2,65536,0.0,0.0,0.0,1.0,11,3,21,76333,0,1,2,375
ps,2,65536,0.0,0.0,0.0,1.0,11,3,22,74334,0,1,2,2751
ps,2,65536,0.0,0.0,0.0,1.0,11,3,23,76542,0,1,2,1542
ps,2,65536,0.0,0.0,0.0,1.0,11,3,24,81291,0,1,2,7708
ps,2,65536,0.0,0.0,0.0,1.0,11,3,25,69875,0,1,2,1250
ps,2,65536,0.0,0.0,0.0,1.0,11,3,26,72833,0,1,2,416
ps,2,65536,0.0,0.0,0.0,1.0,11,3,27,71584,0,1,2,2168
ps,2,65536,0.0,0.0,0.0,1.0,11,3,28,79708,0,1,2,3167
ps,2,65536,0.0,0.0,0.0,1.0,11,3,29,70500,0,1,2,2958
ps,2,65536,0.0,0.0,0.0,1.0,11,3,30,68833,0,1,2,375
ps,2,65536,0.0,0.0,0.0,1.0,11,3,31,71125,0,1,2,542
ps,2,65536,0.0,0.0,0.0,1.0,11,3,32,70500,0,1,2,1125
ps,2,65536,0.0,0.0,0.0,1.0,11,3,33,67250,0,1,2,1208
ps,2,65536,0.0,0.0,0.0,1.0,11,3,34,79625,0,1,2,3500
ps,2,65536,0.0,0.0,0.0,1.0,11,3,35,74250,0,1,2,1250
ps,2,65536,0.0,0.0,0.0,1.0,11,3,36,71666,0,1,2,708
ps,2,65536,0.0,0.0,0.0,1.0,11,3,37,74000,0,1,2,3500
ps,2,65536,0.0,0.0,0.0,1.0,11,3,38,82792,0,1,2,708
ps,2,65536,0.0,0.0,0.0,1.0,11,3,39,81709,0,1,2,1043
ring,2,1048576,0.0,0.0,0.0,1.0,11,3,0,327666,0,2,2,17291
ring,2,1048576,0.0,0.0,0.0,1.0,11,3,1,324459,0,2,2,1793
ring,2,1048576,0.0,0.0,0.0,1.0,11,3,2,306708,0,2,2,15041
ring,2,1048576,0.0,0.0,0.0,1.0,11,3,3,326042,0,2,2,9000
ring,2,1048576,0.0,0.0,0.0,1.0,11,3,4,309291,0,2,2,19958
ring,2,1048576,0.0,0.0,0.0,1.0,11,3,5,311041,0,2,2,2874
ring,2,1048576,0.0,0.0,0.0,1.0,11,3,6,319375,0,2,2,3625
ring,2,1048576,0.0,0.0,0.0,1.0,11,3,7,347958,0,2,2,30999
ring,2,1048576,0.0,0.0,0.0,1.0,11,3,8,297791,0,2,2,3250
ring,2,1048576,0.0,0.0,0.0,1.0,11,3,9,326209,0,2,2,4209
ring,2,1048576,0.0,0.0,0.0,1.0,11,3,10,322792,0,2,2,16376
ring,2,1048576,0.0,0.0,0.0,1.0,11,3,11,347334,0,2,2,20876
ring,2,1048576,0.0,0.0,0.0,1.0,11,3,12,316083,0,2,2,2208
ring,2,1048576,0.0,0.0,0.0,1.0,11,3,13,362042,0,2,2,7375
ring,2,1048576,0.0,0.0,0.0,1.0,11,3,14,323667,0,2,2,12584
ring,2,1048576,0.0,0.0,0.0,1.0,11,3,15,306667,0,2,2,27334
ring,2,1048576,0.0,0.0,0.0,1.0,11,3,16,321708,0,2,2,3333
ring,2,1048576,0.0,0.0,0.0,1.0,11,3,17,319166,0,2,2,4999
ring,2,1048576,0.0,0.0,0.0,1.0,11,3,18,303750,0,2,2,1000
ring,2,1048576,0.0,0.0,0.0,1.0,11,3,19,334041,0,2,2,26208
ring,2,1048576,0.0,0.0,0.0,1.0,11,3,20,359834,0,2,2,16209
ring,2,1048576,0.0,0.0,0.0,1.0,11,3,21,327167,0,2,2,9584
ring,2,1048576,0.0,0.0,0.0,1.0,11,3,22,311583,0,2,2,3458
ring,2,1048576,0.0,0.0,0.0,1.0,11,3,23,323375,0,2,2,791
ring,2,1048576,0.0,0.0,0.0,1.0,11,3,24,327584,0,2,2,21751
ring,2,1048576,0.0,0.0,0.0,1.0,11,3,25,311417,0,2,2,6001
ring,2,1048576,0.0,0.0,0.0,1.0,11,3,26,318917,0,2,2,4417
ring,2,1048576,0.0,0.0,0.0,1.0,11,3,27,304792,0,2,2,7042
ring,2,1048576,0.0,0.0,0.0,1.0,11,3,28,311667,0,2,2,1001
ring,2,1048576,0.0,0.0,0.0,1.0,11,3,29,300000,0,2,2,4542
ring,2,1048576,0.0,0.0,0.0,1.0,11,3,30,312292,0,2,2,9876
ring,2,1048576,0.0,0.0,0.0,1.0,11,3,31,317833,0,2,2,2875
ring,2,1048576,0.0,0.0,0.0,1.0,11,3,32,311000,0,2,2,25250
ring,2,1048576,0.0,0.0,0.0,1.0,11,3,33,309166,0,2,2,2333
ring,2,1048576,0.0,0.0,0.0,1.0,11,3,34,317208,0,2,2,10625
ring,2,1048576,0.0,0.0,0.0,1.0,11,3,35,302542,0,2,2,4209
ring,2,1048576,0.0,0.0,0.0,1.0,11,3,36,317708,0,2,2,8583
ring,2,1048576,0.0,0.0,0.0,1.0,11,3,37,338625,0,2,2,23458
ring,2,1048576,0.0,0.0,0.0,1.0,11,3,38,317083,0,2,2,9833
ring,2,1048576,0.0,0.0,0.0,1.0,11,3,39,311208,0,2,2,4125
ring,2,4096,0.0,0.0,0.0,1.0,11,3,0,94375,0,2,2,7458
ring,2,4096,0.0,0.0,0.0,1.0,11,3,1,100750,0,2,2,2583
ring,2,4096,0.0,0.0,0.0,1.0,11,3,2,100917,0,2,2,8167
ring,2,4096,0.0,0.0,0.0,1.0,11,3,3,111750,0,2,2,2666
ring,2,4096,0.0,0.0,0.0,1.0,11,3,4,95584,0,2,2,2542
ring,2,4096,0.0,0.0,0.0,1.0,11,3,5,107916,0,2,2,3291
ring,2,4096,0.0,0.0,0.0,1.0,11,3,6,93542,0,2,2,3375
ring,2,4096,0.0,0.0,0.0,1.0,11,3,7,119708,0,2,2,15458
ring,2,4096,0.0,0.0,0.0,1.0,11,3,8,106000,0,2,2,8292
ring,2,4096,0.0,0.0,0.0,1.0,11,3,9,101041,0,2,2,2416
ring,2,4096,0.0,0.0,0.0,1.0,11,3,10,138750,0,2,2,7208
ring,2,4096,0.0,0.0,0.0,1.0,11,3,11,103541,0,2,2,1124
ring,2,4096,0.0,0.0,0.0,1.0,11,3,12,111709,0,2,2,10959
ring,2,4096,0.0,0.0,0.0,1.0,11,3,13,97834,0,2,2,6543
ring,2,4096,0.0,0.0,0.0,1.0,11,3,14,116250,0,2,2,6959
ring,2,4096,0.0,0.0,0.0,1.0,11,3,15,105708,0,2,2,2167
ring,2,4096,0.0,0.0,0.0,1.0,11,3,16,108333,0,2,2,6000
ring,2,4096,0.0,0.0,0.0,1.0,11,3,17,84250,0,2,2,8959
ring,2,4096,0.0,0.0,0.0,1.0,11,3,18,101167,0,2,2,7459
ring,2,4096,0.0,0.0,0.0,1.0,11,3,19,104083,0,2,2,4250
ring,2,4096,0.0,0.0,0.0,1.0,11,3,20,106792,0,2,2,3959
ring,2,4096,0.0,0.0,0.0,1.0,11,3,21,95875,0,2,2,3375
ring,2,4096,0.0,0.0,0.0,1.0,11,3,22,392625,0,2,2,12250
ring,2,4096,0.0,0.0,0.0,1.0,11,3,23,106292,0,2,2,3125
ring,2,4096,0.0,0.0,0.0,1.0,11,3,24,97875,0,2,2,8958
ring,2,4096,0.0,0.0,0.0,1.0,11,3,25,110083,0,2,2,9292
ring,2,4096,0.0,0.0,0.0,1.0,11,3,26,95625,0,2,2,7084
ring,2,4096,0.0,0.0,0.0,1.0,11,3,27,93583,0,2,2,5083
ring,2,4096,0.0,0.0,0.0,1.0,11,3,28,104375,0,2,2,7833
ring,2,4096,0.0,0.0,0.0,1.0,11,3,29,103208,0,2,2,11166
ring,2,4096,0.0,0.0,0.0,1.0,11,3,30,99083,0,2,2,2083
ring,2,4096,0.0,0.0,0.0,1.0,11,3,31,115000,0,2,2,2375
ring,2,4096,0.0,0.0,0.0,1.0,11,3,32,111417,0,2,2,1917
ring,2,4096,0.0,0.0,0.0,1.0,11,3,33,105792,0,2,2,12334
ring,2,4096,0.0,0.0,0.0,1.0,11,3,34,96500,0,2,2,2875
ring,2,4096,0.0,0.0,0.0,1.0,11,3,35,94250,0,2,2,2666
ring,2,4096,0.0,0.0,0.0,1.0,11,3,36,88959,0,2,2,2750
ring,2,4096,0.0,0.0,0.0,1.0,11,3,37,97875,0,2,2,1000
ring,2,4096,0.0,0.0,0.0,1.0,11,3,38,94375,0,2,2,3250
ring,2,4096,0.0,0.0,0.0,1.0,11,3,39,95666,0,2,2,875
recursive,2,1048576,0.0,0.0,0.0,1.0,11,3,0,317250,0,2,2,5958
recursive,2,1048576,0.0,0.0,0.0,1.0,11,3,1,311041,0,2,2,22541
recursive,2,1048576,0.0,0.0,0.0,1.0,11,3,2,326500,0,2,2,12833
recursive,2,1048576,0.0,0.0,0.0,1.0,11,3,3,361792,0,2,2,14834
recursive,2,1048576,0.0,0.0,0.0,1.0,11,3,4,320667,0,2,2,18792
recursive,2,1048576,0.0,0.0,0.0,1.0,11,3,5,295708,0,2,2,2583
recursive,2,1048576,0.0,0.0,0.0,1.0,11,3,6,310750,0,2,2,8083
recursive,2,1048576,0.0,0.0,0.0,1.0,11,3,7,336917,0,2,2,250
recursive,2,1048576,0.0,0.0,0.0,1.0,11,3,8,289917,0,2,2,2375
recursive,2,1048576,0.0,0.0,0.0,1.0,11,3,9,303042,0,2,2,13459
recursive,2,1048576,0.0,0.0,0.0,1.0,11,3,10,333416,0,2,2,44874
recursive,2,1048576,0.0,0.0,0.0,1.0,11,3,11,303417,0,2,2,18125
recursive,2,1048576,0.0,0.0,0.0,1.0,11,3,12,324583,0,2,2,30999
recursive,2,1048576,0.0,0.0,0.0,1.0,11,3,13,324625,0,2,2,9708
recursive,2,1048576,0.0,0.0,0.0,1.0,11,3,14,324750,0,2,2,25417
recursive,2,1048576,0.0,0.0,0.0,1.0,11,3,15,306708,0,2,2,12375
recursive,2,1048576,0.0,0.0,0.0,1.0,11,3,16,309167,0,2,2,43334
recursive,2,1048576,0.0,0.0,0.0,1.0,11,3,17,320750,0,2,2,8000
recursive,2,1048576,0.0,0.0,0.0,1.0,11,3,18,299209,0,2,2,9626
recursive,2,1048576,0.0,0.0,0.0,1.0,11,3,19,294708,0,2,2,8083
recursive,2,1048576,0.0,0.0,0.0,1.0,11,3,20,307875,0,2,2,2791
recursive,2,1048576,0.0,0.0,0.0,1.0,11,3,21,284958,0,2,2,1749
recursive,2,1048576,0.0,0.0,0.0,1.0,11,3,22,304583,0,2,2,10416
recursive,2,1048576,0.0,0.0,0.0,1.0,11,3,23,304708,0,2,2,38833
recursive,2,1048576,0.0,0.0,0.0,1.0,11,3,24,339334,0,2,2,30459
recursive,2,1048576,0.0,0.0,0.0,1.0,11,3,25,329833,0,2,2,24416
recursive,2,1048576,0.0,0.0,0.0,1.0,11,3,26,320125,0,2,2,3250
recursive,2,1048576,0.0,0.0,0.0,1.0,11,3,27,343500,0,2,2,7334
recursive,2,1048576,0.0,0.0,0.0,1.0,11,3,28,351375,0,2,2,125
recursive,2,1048576,0.0,0.0,0.0,1.0,11,3,29,362292,0,2,2,53542
recursive,2,1048576,0.0,0.0,0.0,1.0,11,3,30,323750,0,2,2,3542
recursive,2,1048576,0.0,0.0,0.0,1.0,11,3,31,304833,0,2,2,5917
recursive,2,1048576,0.0,0.0,0.0,1.0,11,3,32,336250,0,2,2,3375
recursive,2,1048576,0.0,0.0,0.0,1.0,11,3,33,321959,0,2,2,2876
recursive,2,1048576,0.0,0.0,0.0,1.0,11,3,34,309584,0,2,2,13376
recursive,2,1048576,0.0,0.0,0.0,1.0,11,3,35,319292,0,2,2,11667
recursive,2,1048576,0.0,0.0,0.0,1.0,11,3,36,324666,0,2,2,16208
recursive,2,1048576,0.0,0.0,0.0,1.0,11,3,37,322709,0,2,2,13001
recursive,2,1048576,0.0,0.0,0.0,1.0,11,3,38,351334,0,2,2,5542
recursive,2,1048576,0.0,0.0,0.0,1.0,11,3,39,287666,0,2,2,6583
recursive,2,65536,0.0,0.0,0.0,1.0,11,3,0,120208,0,2,2,7416
recursive,2,65536,0.0,0.0,0.0,1.0,11,3,1,117209,0,2,2,1000
recursive,2,65536,0.0,0.0,0.0,1.0,11,3,2,118750,0,2,2,3209
recursive,2,65536,0.0,0.0,0.0,1.0,11,3,3,112333,0,2,2,6333
recursive,2,65536,0.0,0.0,0.0,1.0,11,3,4,116708,0,2,2,2624
recursive,2,65536,0.0,0.0,0.0,1.0,11,3,5,129875,0,2,2,3167
recursive,2,65536,0.0,0.0,0.0,1.0,11,3,6,105750,0,2,2,5791
recursive,2,65536,0.0,0.0,0.0,1.0,11,3,7,110416,0,2,2,4791
recursive,2,65536,0.0,0.0,0.0,1.0,11,3,8,111542,0,2,2,6542
recursive,2,65536,0.0,0.0,0.0,1.0,11,3,9,153750,0,2,2,6916
recursive,2,65536,0.0,0.0,0.0,1.0,11,3,10,111750,0,2,2,2000
recursive,2,65536,0.0,0.0,0.0,1.0,11,3,11,110458,0,2,2,1583
recursive,2,65536,0.0,0.0,0.0,1.0,11,3,12,125875,0,2,2,12791
recursive,2,65536,0.0,0.0,0.0,1.0,11,3,13,124417,0,2,2,2209
recursive,2,65536,0.0,0.0,0.0,1.0,11,3,14,150667,0,2,2,7917
recursive,2,65536,0.0,0.0,0.0,1.0,11,3,15,133209,0,2,2,15750
recursive,2,65536,0.0,0.0,0.0,1.0,11,3,16,137708,0,2,2,1792
recursive,2,65536,0.0,0.0,0.0,1.0,11,3,17,121292,0,2,2,5834
recursive,2,65536,0.0,0.0,0.0,1.0,11,3,18,104084,0,2,2,1167
recursive,2,65536,0.0,0.0,0.0,1.0,11,3,19,107917,0,2,2,6042
recursive,2,65536,0.0,0.0,0.0,1.0,11,3,20,103583,0,2,2,5750
recursive,2,65536,0.0,0.0,0.0,1.0,11,3,21,129750,0,2,2,1083
recursive,2,65536,0.0,0.0,0.0,1.0,11,3,22,123709,0,2,2,3209
recursive,2,65536,0.0,0.0,0.0,1.0,11,3,23,128334,0,2,2,2250
recursive,2,65536,0.0,0.0,0.0,1.0,11,3,24,107333,0,2,2,11333
recursive,2,65536,0.0,0.0,0.0,1.0,11,3,25,121833,0,2,2,16083
recursive,2,65536,0.0,0.0,0.0,1.0,11,3,26,117542,0,2,2,4958
recursive,2,65536,0.0,0.0,0.0,1.0,11,3,27,121500,0,2,2,2458
recursive,2,65536,0.0,0.0,0.0,1.0,11,3,28,112333,0,2,2,2375
recursive,2,65536,0.0,0.0,0.0,1.0,11,3,29,109792,0,2,2,0
recursive,2,65536,0.0,0.0,0.0,1.0,11,3,30,119875,0,2,2,11125
recursive,2,65536,0.0,0.0,0.0,1.0,11,3,31,116625,0,2,2,1750
recursive,2,65536,0.0,0.0,0.0,1.0,11,3,32,117500,0,2,2,958
recursive,2,65536,0.0,0.0,0.0,1.0,11,3,33,121625,0,2,2,1959
recursive,2,65536,0.0,0.0,0.0,1.0,11,3,34,114000,0,2,2,875
recursive,2,65536,0.0,0.0,0.0,1.0,11,3,35,118292,0,2,2,1209
recursive,2,65536,0.0,0.0,0.0,1.0,11,3,36,119208,0,2,2,1417
recursive,2,65536,0.0,0.0,0.0,1.0,11,3,37,111709,0,2,2,2834
recursive,2,65536,0.0,0.0,0.0,1.0,11,3,38,121167,0,2,2,2000
recursive,2,65536,0.0,0.0,0.0,1.0,11,3,39,123833,0,2,2,1208
ps,2,8388608,0.0,0.0,0.0,1.0,11,3,0,1169666,0,1,2,14833
ps,2,8388608,0.0,0.0,0.0,1.0,11,3,1,1407958,0,1,2,18958
ps,2,8388608,0.0,0.0,0.0,1.0,11,3,2,1201375,0,1,2,4083
ps,2,8388608,0.0,0.0,0.0,1.0,11,3,3,1298875,0,1,2,8542
ps,2,8388608,0.0,0.0,0.0,1.0,11,3,4,1267875,0,1,2,15125
ps,2,8388608,0.0,0.0,0.0,1.0,11,3,5,1192916,0,1,2,10291
ps,2,8388608,0.0,0.0,0.0,1.0,11,3,6,1589084,0,1,2,2000
ps,2,8388608,0.0,0.0,0.0,1.0,11,3,7,1566375,0,1,2,1750
ps,2,8388608,0.0,0.0,0.0,1.0,11,3,8,1254209,0,1,2,3417
ps,2,8388608,0.0,0.0,0.0,1.0,11,3,9,1249625,0,1,2,5291
ps,2,8388608,0.0,0.0,0.0,1.0,11,3,10,1223083,0,1,2,10208
ps,2,8388608,0.0,0.0,0.0,1.0,11,3,11,1252708,0,1,2,9916
ps,2,8388608,0.0,0.0,0.0,1.0,11,3,12,1236958,0,1,2,3083
ps,2,8388608,0.0,0.0,0.0,1.0,11,3,13,1189833,0,1,2,9333
ps,2,8388608,0.0,0.0,0.0,1.0,11,3,14,1276958,0,1,2,3917
ps,2,8388608,0.0,0.0,0.0,1.0,11,3,15,1336500,0,1,2,14375
ps,2,8388608,0.0,0.0,0.0,1.0,11,3,16,1218625,0,1,2,2250
ps,2,8388608,0.0,0.0,0.0,1.0,11,3,17,1268500,0,1,2,24041
ps,2,8388608,0.0,0.0,0.0,1.0,11,3,18,1574708,0,1,2,23833
ps,2,8388608,0.0,0.0,0.0,1.0,11,3,19,1222791,0,1,2,8249
ps,2,8388608,0.0,0.0,0.0,1.0,11,3,20,1927042,0,1,2,26542
ps,2,8388608,0.0,0.0,0.0,1.0,11,3,21,1371250,0,1,2,10000
ps,2,8388608,0.0,0.0,0.0,1.0,11,3,22,1291583,0,1,2,9417
ps,2,8388608,0.0,0.0,0.0,1.0,11,3,23,1310250,0,1,2,58667
ps,2,8388608,0.0,0.0,0.0,1.0,11,3,24,1298208,0,1,2,20083
ps,2,8388608,0.0,0.0,0.0,1.0,11,3,25,1344083,0,1,2,19999
ps,2,8388608,0.0,0.0,0.0,1.0,11,3,26,1301542,0,1,2,27583
ps,2,8388608,0.0,0.0,0.0,1.0,11,3,27,1875667,0,1,2,215834
ps,2,8388608,0.0,0.0,0.0,1.0,11,3,28,1804875,0,1,2,126042
ps,2,8388608,0.0,0.0,0.0,1.0,11,3,29,1952625,0,1,2,81833
ps,2,8388608,0.0,0.0,0.0,1.0,11,3,30,1372083,0,1,2,5167
ps,2,8388608,0.0,0.0,0.0,1.0,11,3,31,1264250,0,1,2,416
ps,2,8388608,0.0,0.0,0.0,1.0,11,3,32,1477666,0,1,2,14916
ps,2,8388608,0.0,0.0,0.0,1.0,11,3,33,1571541,0,1,2,5750
ps,2,8388608,0.0,0.0,0.0,1.0,11,3,34,1281375,0,1,2,19167
ps,2,8388608,0.0,0.0,0.0,1.0,11,3,35,1217583,0,1,2,18833
ps,2,8388608,0.0,0.0,0.0,1.0,11,3,36,1197333,0,1,2,625
ps,2,8388608,0.0,0.0,0.0,1.0,11,3,37,1508666,0,1,2,166
ps,2,8388608,0.0,0.0,0.0,1.0,11,3,38,1217333,0,1,2,3708
ps,2,8388608,0.0,0.0,0.0,1.0,11,3,39,1558958,0,1,2,11833
ps,2,4096,0.0,0.0,0.0,1.0,11,3,0,109875,0,1,2,12792
ps,2,4096,0.0,0.0,0.0,1.0,11,3,1,95500,0,1,2,11958
ps,2,4096,0.0,0.0,0.0,1.0,11,3,2,73417,0,1,2,6875
ps,2,4096,0.0,0.0,0.0,1.0,11,3,3,73250,0,1,2,12000
ps,2,4096,0.0,0.0,0.0,1.0,11,3,4,76917,0,1,2,8834
ps,2,4096,0.0,0.0,0.0,1.0,11,3,5,67625,0,1,2,3250
ps,2,4096,0.0,0.0,0.0,1.0,11,3,6,69125,0,1,2,1417
ps,2,4096,0.0,0.0,0.0,1.0,11,3,7,77417,0,1,2,1833
ps,2,4096,0.0,0.0,0.0,1.0,11,3,8,71208,0,1,2,125
ps,2,4096,0.0,0.0,0.0,1.0,11,3,9,67500,0,1,2,3541
ps,2,4096,0.0,0.0,0.0,1.0,11,3,10,68625,0,1,2,3292
ps,2,4096,0.0,0.0,0.0,1.0,11,3,11,65292,0,1,2,959
ps,2,4096,0.0,0.0,0.0,1.0,11,3,12,77292,0,1,2,709
ps,2,4096,0.0,0.0,0.0,1.0,11,3,13,65708,0,1,2,3041
ps,2,4096,0.0,0.0,0.0,1.0,11,3,14,66167,0,1,2,2417
ps,2,4096,0.0,0.0,0.0,1.0,11,3,15,60916,0,1,2,166
ps,2,4096,0.0,0.0,0.0,1.0,11,3,16,68875,0,1,2,1583
ps,2,4096,0.0,0.0,0.0,1.0,11,3,17,61375,0,1,2,375
ps,2,4096,0.0,0.0,0.0,1.0,11,3,18,90000,0,1,2,9125
ps,2,4096,0.0,0.0,0.0,1.0,11,3,19,69167,0,1,2,2167
ps,2,4096,0.0,0.0,0.0,1.0,11,3,20,67791,0,1,2,1957
ps,2,4096,0.0,0.0,0.0,1.0,11,3,21,66167,0,1,2,1833
ps,2,4096,0.0,0.0,0.0,1.0,11,3,22,69958,0,1,2,5333
ps,2,4096,0.0,0.0,0.0,1.0,11,3,23,69417,0,1,2,8500
ps,2,4096,0.0,0.0,0.0,1.0,11,3,24,67375,0,1,2,3167
ps,2,4096,0.0,0.0,0.0,1.0,11,3,25,70292,0,1,2,4250
ps,2,4096,0.0,0.0,0.0,1.0,11,3,26,61541,0,1,2,2374
ps,2,4096,0.0,0.0,0.0,1.0,11,3,27,64000,0,1,2,4167
ps,2,4096,0.0,0.0,0.0,1.0,11,3,28,74834,0,1,2,3709
ps,2,4096,0.0,0.0,0.0,1.0,11,3,29,62709,0,1,2,1084
ps,2,4096,0.0,0.0,0.0,1.0,11,3,30,71291,0,1,2,5458
ps,2,4096,0.0,0.0,0.0,1.0,11,3,31,107584,0,1,2,10501
ps,2,4096,0.0,0.0,0.0,1.0,11,3,32,93416,0,1,2,19333
ps,2,4096,0.0,0.0,0.0,1.0,11,3,33,77334,0,1,2,9292
ps,2,4096,0.0,0.0,0.0,1.0,11,3,34,75666,0,1,2,7749
ps,2,4096,0.0,0.0,0.0,1.0,11,3,35,65750,0,1,2,750
ps,2,4096,0.0,0.0,0.0,1.0,11,3,36,66792,0,1,2,3292
ps,2,4096,0.0,0.0,0.0,1.0,11,3,37,58208,0,1,2,1167
ps,2,4096,0.0,0.0,0.0,1.0,11,3,38,69292,0,1,2,4542
ps,2,4096,0.0,0.0,0.0,1.0,11,3,39,65750,0,1,2,4542
recursive,2,8388608,0.0,0.0,0.0,1.0,11,3,0,1213750,0,2,2,9875
recursive,2,8388608,0.0,0.0,0.0,1.0,11,3,1,1218834,0,2,2,3668
recursive,2,8388608,0.0,0.0,0.0,1.0,11,3,2,1217292,0,2,2,23876
recursive,2,8388608,0.0,0.0,0.0,1.0,11,3,3,1237750,0,2,2,5000
recursive,2,8388608,0.0,0.0,0.0,1.0,11,3,4,1431542,0,2,2,10417
recursive,2,8388608,0.0,0.0,0.0,1.0,11,3,5,1235708,0,2,2,2249
recursive,2,8388608,0.0,0.0,0.0,1.0,11,3,6,1238916,0,2,2,750
recursive,2,8388608,0.0,0.0,0.0,1.0,11,3,7,1240083,0,2,2,1583
recursive,2,8388608,0.0,0.0,0.0,1.0,11,3,8,1514042,0,2,2,3708
recursive,2,8388608,0.0,0.0,0.0,1.0,11,3,9,1280291,0,2,2,11958
recursive,2,8388608,0.0,0.0,0.0,1.0,11,3,10,1228917,0,2,2,1501
recursive,2,8388608,0.0,0.0,0.0,1.0,11,3,11,1224208,0,2,2,18291
recursive,2,8388608,0.0,0.0,0.0,1.0,11,3,12,1329583,0,2,2,129916
recursive,2,8388608,0.0,0.0,0.0,1.0,11,3,13,1479666,0,2,2,127041
recursive,2,8388608,0.0,0.0,0.0,1.0,11,3,14,1239958,0,2,2,6541
recursive,2,8388608,0.0,0.0,0.0,1.0,11,3,15,1205459,0,2,2,3293
recursive,2,8388608,0.0,0.0,0.0,1.0,11,3,16,1242125,0,2,2,21125
recursive,2,8388608,0.0,0.0,0.0,1.0,11,3,17,1234542,0,2,2,12001
recursive,2,8388608,0.0,0.0,0.0,1.0,11,3,18,1427125,0,2,2,24417
recursive,2,8388608,0.0,0.0,0.0,1.0,11,3,19,1281250,0,2,2,86459
recursive,2,8388608,0.0,0.0,0.0,1.0,11,3,20,1375417,0,2,2,8292
recursive,2,8388608,0.0,0.0,0.0,1.0,11,3,21,1257792,0,2,2,5750
recursive,2,8388608,0.0,0.0,0.0,1.0,11,3,22,1256334,0,2,2,7875
recursive,2,8388608,0.0,0.0,0.0,1.0,11,3,23,1244334,0,2,2,4459
recursive,2,8388608,0.0,0.0,0.0,1.0,11,3,24,1238708,0,2,2,6374
recursive,2,8388608,0.0,0.0,0.0,1.0,11,3,25,1428708,0,2,2,16541
recursive,2,8388608,0.0,0.0,0.0,1.0,11,3,26,1260416,0,2,2,7791
recursive,2,8388608,0.0,0.0,0.0,1.0,11,3,27,1250875,0,2,2,8166
recursive,2,8388608,0.0,0.0,0.0,1.0,11,3,28,1211125,0,2,2,2083
recursive,2,8388608,0.0,0.0,0.0,1.0,11,3,29,1407250,0,2,2,27375
recursive,2,8388608,0.0,0.0,0.0,1.0,11,3,30,1329291,0,2,2,124541
recursive,2,8388608,0.0,0.0,0.0,1.0,11,3,31,1406000,0,2,2,76459
recursive,2,8388608,0.0,0.0,0.0,1.0,11,3,32,1209416,0,2,2,6416
recursive,2,8388608,0.0,0.0,0.0,1.0,11,3,33,1261292,0,2,2,292
recursive,2,8388608,0.0,0.0,0.0,1.0,11,3,34,1219250,0,2,2,6458
recursive,2,8388608,0.0,0.0,0.0,1.0,11,3,35,1609542,0,2,2,19167
recursive,2,8388608,0.0,0.0,0.0,1.0,11,3,36,1243791,0,2,2,3916
recursive,2,8388608,0.0,0.0,0.0,1.0,11,3,37,1260459,0,2,2,43209
recursive,2,8388608,0.0,0.0,0.0,1.0,11,3,38,1247083,0,2,2,15499
recursive,2,8388608,0.0,0.0,0.0,1.0,11,3,39,1228834,0,2,2,18584
ring,2,8388608,0.0,0.0,0.0,1.0,11,3,0,1191667,0,2,2,12042
ring,2,8388608,0.0,0.0,0.0,1.0,11,3,1,1433709,0,2,2,4292
ring,2,8388608,0.0,0.0,0.0,1.0,11,3,2,1204541,0,2,2,6833
ring,2,8388608,0.0,0.0,0.0,1.0,11,3,3,1284000,0,2,2,21000
ring,2,8388608,0.0,0.0,0.0,1.0,11,3,4,1137042,0,2,2,8375
ring,2,8388608,0.0,0.0,0.0,1.0,11,3,5,1282417,0,2,2,121417
ring,2,8388608,0.0,0.0,0.0,1.0,11,3,6,1183125,0,2,2,1542
ring,2,8388608,0.0,0.0,0.0,1.0,11,3,7,1193042,0,2,2,19709
ring,2,8388608,0.0,0.0,0.0,1.0,11,3,8,1146834,0,2,2,12543
ring,2,8388608,0.0,0.0,0.0,1.0,11,3,9,1211625,0,2,2,80625
ring,2,8388608,0.0,0.0,0.0,1.0,11,3,10,1181334,0,2,2,35542
ring,2,8388608,0.0,0.0,0.0,1.0,11,3,11,1223959,0,2,2,6501
ring,2,8388608,0.0,0.0,0.0,1.0,11,3,12,1473875,0,2,2,133000
ring,2,8388608,0.0,0.0,0.0,1.0,11,3,13,1195125,0,2,2,21125
ring,2,8388608,0.0,0.0,0.0,1.0,11,3,14,1164958,0,2,2,12708
ring,2,8388608,0.0,0.0,0.0,1.0,11,3,15,1167417,0,2,2,2584
ring,2,8388608,0.0,0.0,0.0,1.0,11,3,16,1333417,0,2,2,4834
ring,2,8388608,0.0,0.0,0.0,1.0,11,3,17,1248625,0,2,2,47167
ring,2,8388608,0.0,0.0,0.0,1.0,11,3,18,1403083,0,2,2,1666
ring,2,8388608,0.0,0.0,0.0,1.0,11,3,19,1230291,0,2,2,17041
ring,2,8388608,0.0,0.0,0.0,1.0,11,3,20,1151250,0,2,2,7333
ring,2,8388608,0.0,0.0,0.0,1.0,11,3,21,1189291,0,2,2,1375
ring,2,8388608,0.0,0.0,0.0,1.0,11,3,22,1167125,0,2,2,4709
ring,2,8388608,0.0,0.0,0.0,1.0,11,3,23,1391000,0,2,2,14458
ring,2,8388608,0.0,0.0,0.0,1.0,11,3,24,1422667,0,2,2,81084
ring,2,8388608,0.0,0.0,0.0,1.0,11,3,25,1174625,0,2,2,3042
ring,2,8388608,0.0,0.0,0.0,1.0,11,3,26,1170541,0,2,2,3124
ring,2,8388608,0.0,0.0,0.0,1.0,11,3,27,1468083,0,2,2,3167
ring,2,8388608,0.0,0.0,0.0,1.0,11,3,28,1188583,0,2,2,1291
ring,2,8388608,0.0,0.0,0.0,1.0,11,3,29,1452042,0,2,2,3834
ring,2,8388608,0.0,0.0,0.0,1.0,11,3,30,1318042,0,2,2,3584
ring,2,8388608,0.0,0.0,0.0,1.0,11,3,31,1546167,0,2,2,2708
ring,2,8388608,0.0,0.0,0.0,1.0,11,3,32,1178125,0,2,2,3958
ring,2,8388608,0.0,0.0,0.0,1.0,11,3,33,1180708,0,2,2,333
ring,2,8388608,0.0,0.0,0.0,1.0,11,3,34,1454792,0,2,2,61751
ring,2,8388608,0.0,0.0,0.0,1.0,11,3,35,1197584,0,2,2,13126
ring,2,8388608,0.0,0.0,0.0,1.0,11,3,36,1619208,0,2,2,105083
ring,2,8388608,0.0,0.0,0.0,1.0,11,3,37,1210541,0,2,2,14458
ring,2,8388608,0.0,0.0,0.0,1.0,11,3,38,1464000,0,2,2,99000
ring,2,8388608,0.0,0.0,0.0,1.0,11,3,39,1476000,0,2,2,23083
ps,2,4096,0.0,0.0,0.0,1.0,11,4,0,151542,0,1,2,5625
ps,2,4096,0.0,0.0,0.0,1.0,11,4,1,133083,0,1,2,11916
ps,2,4096,0.0,0.0,0.0,1.0,11,4,2,114125,0,1,2,5500
ps,2,4096,0.0,0.0,0.0,1.0,11,4,3,115583,0,1,2,5958
ps,2,4096,0.0,0.0,0.0,1.0,11,4,4,134042,0,1,2,20042
ps,2,4096,0.0,0.0,0.0,1.0,11,4,5,102708,0,1,2,4833
ps,2,4096,0.0,0.0,0.0,1.0,11,4,6,98125,0,1,2,1042
ps,2,4096,0.0,0.0,0.0,1.0,11,4,7,99666,0,1,2,3083
ps,2,4096,0.0,0.0,0.0,1.0,11,4,8,104334,0,1,2,5834
ps,2,4096,0.0,0.0,0.0,1.0,11,4,9,155958,0,1,2,26124
ps,2,4096,0.0,0.0,0.0,1.0,11,4,10,97291,0,1,2,5416
ps,2,4096,0.0,0.0,0.0,1.0,11,4,11,108083,0,1,2,791
ps,2,4096,0.0,0.0,0.0,1.0,11,4,12,99000,0,1,2,4458
ps,2,4096,0.0,0.0,0.0,1.0,11,4,13,121791,0,1,2,541
ps,2,4096,0.0,0.0,0.0,1.0,11,4,14,101750,0,1,2,1959
ps,2,4096,0.0,0.0,0.0,1.0,11,4,15,101458,0,1,2,10041
ps,2,4096,0.0,0.0,0.0,1.0,11,4,16,101250,0,1,2,750
ps,2,4096,0.0,0.0,0.0,1.0,11,4,17,95500,0,1,2,2750
ps,2,4096,0.0,0.0,0.0,1.0,11,4,18,100584,0,1,2,4584
ps,2,4096,0.0,0.0,0.0,1.0,11,4,19,111459,0,1,2,8667
ps,2,4096,0.0,0.0,0.0,1.0,11,4,20,101500,0,1,2,9708
ps,2,4096,0.0,0.0,0.0,1.0,11,4,21,102583,0,1,2,5208
ps,2,4096,0.0,0.0,0.0,1.0,11,4,22,100334,0,1,2,4793
ps,2,4096,0.0,0.0,0.0,1.0,11,4,23,97500,0,1,2,625
ps,2,4096,0.0,0.0,0.0,1.0,11,4,24,128083,0,1,2,4125
ps,2,4096,0.0,0.0,0.0,1.0,11,4,25,104334,0,1,2,8626
ps,2,4096,0.0,0.0,0.0,1.0,11,4,26,86709,0,1,2,3918
ps,2,4096,0.0,0.0,0.0,1.0,11,4,27,98542,0,1,2,1667
ps,2,4096,0.0,0.0,0.0,1.0,11,4,28,102000,0,1,2,792
ps,2,4096,0.0,0.0,0.0,1.0,11,4,29,98667,0,1,2,7083
ps,2,4096,0.0,0.0,0.0,1.0,11,4,30,92959,0,1,2,3917
ps,2,4096,0.0,0.0,0.0,1.0,11,4,31,98750,0,1,2,3833
ps,2,4096,0.0,0.0,0.0,1.0,11,4,32,91333,0,1,2,4041
ps,2,4096,0.0,0.0,0.0,1.0,11,4,33,98417,0,1,2,2084
ps,2,4096,0.0,0.0,0.0,1.0,11,4,34,94042,0,1,2,0
ps,2,4096,0.0,0.0,0.0,1.0,11,4,35,141375,0,1,2,48875
ps,2,4096,0.0,0.0,0.0,1.0,11,4,36,95209,0,1,2,5709
ps,2,4096,0.0,0.0,0.0,1.0,11,4,37,97667,0,1,2,459
ps,2,4096,0.0,0.0,0.0,1.0,11,4,38,141000,0,1,2,11334
ps,2,4096,0.0,0.0,0.0,1.0,11,4,39,94125,0,1,2,584
ps,2,65536,0.0,0.0,0.0,1.0,11,4,0,116875,0,1,2,9625
ps,2,65536,0.0,0.0,0.0,1.0,11,4,1,114833,0,1,2,833
ps,2,65536,0.0,0.0,0.0,1.0,11,4,2,114500,0,1,2,3250
ps,2,65536,0.0,0.0,0.0,1.0,11,4,3,113083,0,1,2,2583
ps,2,65536,0.0,0.0,0.0,1.0,11,4,4,112917,0,1,2,750
ps,2,65536,0.0,0.0,0.0,1.0,11,4,5,117958,0,1,2,7167
ps,2,65536,0.0,0.0,0.0,1.0,11,4,6,109959,0,1,2,2792
ps,2,65536,0.0,0.0,0.0,1.0,11,4,7,130666,0,1,2,5791
ps,2,65536,0.0,0.0,0.0,1.0,11,4,8,140708,0,1,2,8542
ps,2,65536,0.0,0.0,0.0,1.0,11,4,9,124666,0,1,2,17666
ps,2,65536,0.0,0.0,0.0,1.0,11,4,10,138875,0,1,2,3750
ps,2,65536,0.0,0.0,0.0,1.0,11,4,11,110791,0,1,2,3416
ps,2,65536,0.0,0.0,0.0,1.0,11,4,12,103583,0,1,2,1791
ps,2,65536,0.0,0.0,0.0,1.0,11,4,13,116625,0,1,2,9541
ps,2,65536,0.0,0.0,0.0,1.0,11,4,14,110625,0,1,2,2541
ps,2,65536,0.0,0.0,0.0,1.0,11,4,15,116708,0,1,2,7542
ps,2,65536,0.0,0.0,0.0,1.0,11,4,16,102334,0,1,2,9250
ps,2,65536,0.0,0.0,0.0,1.0,11,4,17,113125,0,1,2,2250
ps,2,65536,0.0,0.0,0.0,1.0,11,4,18,110541,0,1,2,4291
ps,2,65536,0.0,0.0,0.0,1.0,11,4,19,144875,0,1,2,15625
ps,2,65536,0.0,0.0,0.0,1.0,11,4,20,108584,0,1,2,2293
ps,2,65536,0.0,0.0,0.0,1.0,11,4,21,139458,0,1,2,19874
ps,2,65536,0.0,0.0,0.0,1.0,11,4,22,116125,0,1,2,3583
ps,2,65536,0.0,0.0,0.0,1.0,11,4,23,108500,0,1,2,2333
ps,2,65536,0.0,0.0,0.0,1.0,11,4,24,135042,0,1,2,16876
ps,2,65536,0.0,0.0,0.0,1.0,11,4,25,111584,0,1,2,4125
ps,2,65536,0.0,0.0,0.0,1.0,11,4,26,137375,0,1,2,3667
ps,2,65536,0.0,0.0,0.0,1.0,11,4,27,109041,0,1,2,375
ps,2,65536,0.0,0.0,0.0,1.0,11,4,28,121000,0,1,2,10125
ps,2,65536,0.0,0.0,0.0,1.0,11,4,29,107000,0,1,2,1000
ps,2,65536,0.0,0.0,0.0,1.0,11,4,30,105709,0,1,2,1251
ps,2,65536,0.0,0.0,0.0,1.0,11,4,31,110500,0,1,2,6166
ps,2,65536,0.0,0.0,0.0,1.0,11,4,32,110375,0,1,2,6834
ps,2,65536,0.0,0.0,0.0,1.0,11,4,33,108166,0,1,2,1499
ps,2,65536,0.0,0.0,0.0,1.0,11,4,34,143875,0,1,2,11917
ps,2,65536,0.0,0.0,0.0,1.0,11,4,35,114917,0,1,2,6792
ps,2,65536,0.0,0.0,0.0,1.0,11,4,36,110209,0,1,2,1418
ps,2,65536,0.0,0.0,0.0,1.0,11,4,37,126583,0,1,2,17083
ps,2,65536,0.0,0.0,0.0,1.0,11,4,38,111875,0,1,2,3625
ps,2,65536,0.0,0.0,0.0,1.0,11,4,39,109709,0,1,2,3792
recursive,2,1048576,0.0,0.0,0.0,1.0,11,4,0,534584,0,2,2,1084
recursive,2,1048576,0.0,0.0,0.0,1.0,11,4,1,554167,0,2,2,77292
recursive,2,1048576,0.0,0.0,0.0,1.0,11,4,2,478625,0,2,2,56458
recursive,2,1048576,0.0,0.0,0.0,1.0,11,4,3,599125,0,2,2,123250
recursive,2,1048576,0.0,0.0,0.0,1.0,11,4,4,551000,0,2,2,71750
recursive,2,1048576,0.0,0.0,0.0,1.0,11,4,5,545584,0,2,2,56167
recursive,2,1048576,0.0,0.0,0.0,1.0,11,4,6,513667,0,2,2,75917
recursive,2,1048576,0.0,0.0,0.0,1.0,11,4,7,535541,0,2,2,76416
recursive,2,1048576,0.0,0.0,0.0,1.0,11,4,8,557459,0,2,2,61334
recursive,2,1048576,0.0,0.0,0.0,1.0,11,4,9,543500,0,2,2,59708
recursive,2,1048576,0.0,0.0,0.0,1.0,11,4,10,507459,0,2,2,50667
recursive,2,1048576,0.0,0.0,0.0,1.0,11,4,11,566666,0,2,2,40707
recursive,2,1048576,0.0,0.0,0.0,1.0,11,4,12,531541,0,2,2,52833
recursive,2,1048576,0.0,0.0,0.0,1.0,11,4,13,454916,0,2,2,27041
recursive,2,1048576,0.0,0.0,0.0,1.0,11,4,14,386083,0,2,2,36916
recursive,2,1048576,0.0,0.0,0.0,1.0,11,4,15,366750,0,2,2,65333
recursive,2,1048576,0.0,0.0,0.0,1.0,11,4,16,325333,0,2,2,34791
recursive,2,1048576,0.0,0.0,0.0,1.0,11,4,17,288292,0,2,2,626
recursive,2,1048576,0.0,0.0,0.0,1.0,11,4,18,345666,0,2,2,13041
recursive,2,1048576,0.0,0.0,0.0,1.0,11,4,19,303541,0,2,2,4666
recursive,2,1048576,0.0,0.0,0.0,1.0,11,4,20,372625,0,2,2,14208
recursive,2,1048576,0.0,0.0,0.0,1.0,11,4,21,392458,0,2,2,34000
recursive,2,1048576,0.0,0.0,0.0,1.0,11,4,22,358625,0,2,2,708
recursive,2,1048576,0.0,0.0,0.0,1.0,11,4,23,404125,0,2,2,18458
recursive,2,1048576,0.0,0.0,0.0,1.0,11,4,24,492792,0,2,2,12042
recursive,2,1048576,0.0,0.0,0.0,1.0,11,4,25,473000,0,2,2,46250
recursive,2,1048576,0.0,0.0,0.0,1.0,11,4,26,414542,0,2,2,5876
recursive,2,1048576,0.0,0.0,0.0,1.0,11,4,27,325084,0,2,2,7875
recursive,2,1048576,0.0,0.0,0.0,1.0,11,4,28,310084,0,2,2,84
recursive,2,1048576,0.0,0.0,0.0,1.0,11,4,29,310291,0,2,2,10625
recursive,2,1048576,0.0,0.0,0.0,1.0,11,4,30,320291,0,2,2,4750
recursive,2,1048576,0.0,0.0,0.0,1.0,11,4,31,329084,0,2,2,21334
recursive,2,1048576,0.0,0.0,0.0,1.0,11,4,32,332416,0,2,2,916
recursive,2,1048576,0.0,0.0,0.0,1.0,11,4,33,381208,0,2,2,43291
recursive,2,1048576,0.0,0.0,0.0,1.0,11,4,34,353083,0,2,2,20625
recursive,2,1048576,0.0,0.0,0.0,1.0,11,4,35,312666,0,2,2,3583
recursive,2,1048576,0.0,0.0,0.0,1.0,11,4,36,441417,0,2,2,70375
recursive,2,1048576,0.0,0.0,0.0,1.0,11,4,37,320833,0,2,2,8666
recursive,2,1048576,0.0,0.0,0.0,1.0,11,4,38,309292,0,2,2,2667
recursive,2,1048576,0.0,0.0,0.0,1.0,11,4,39,312042,0,2,2,1209
ps,2,1048576,0.0,0.0,0.0,1.0,11,4,0,242458,0,1,2,8250
ps,2,1048576,0.0,0.0,0.0,1.0,11,4,1,230375,0,1,2,750
ps,2,1048576,0.0,0.0,0.0,1.0,11,4,2,249750,0,1,2,14458
ps,2,1048576,0.0,0.0,0.0,1.0,11,4,3,242250,0,1,2,14083
ps,2,1048576,0.0,0.0,0.0,1.0,11,4,4,287959,0,1,2,10876
ps,2,1048576,0.0,0.0,0.0,1.0,11,4,5,261708,0,1,2,7041
ps,2,1048576,0.0,0.0,0.0,1.0,11,4,6,230500,0,1,2,9417
ps,2,1048576,0.0,0.0,0.0,1.0,11,4,7,238750,0,1,2,3792
ps,2,1048576,0.0,0.0,0.0,1.0,11,4,8,274291,0,1,2,28166
ps,2,1048576,0.0,0.0,0.0,1.0,11,4,9,260084,0,1,2,9126
ps,2,1048576,0.0,0.0,0.0,1.0,11,4,10,230167,0,1,2,19333
ps,2,1048576,0.0,0.0,0.0,1.0,11,4,11,291167,0,1,2,584
ps,2,1048576,0.0,0.0,0.0,1.0,11,4,12,265542,0,1,2,13875
ps,2,1048576,0.0,0.0,0.0,1.0,11,4,13,279250,0,1,2,4833
ps,2,1048576,0.0,0.0,0.0,1.0,11,4,14,284083,0,1,2,10291
ps,2,1048576,0.0,0.0,0.0,1.0,11,4,15,233875,0,1,2,4875
ps,2,1048576,0.0,0.0,0.0,1.0,11,4,16,312375,0,1,2,2167
ps,2,1048576,0.0,0.0,0.0,1.0,11,4,17,244041,0,1,2,4291
ps,2,1048576,0.0,0.0,0.0,1.0,11,4,18,235875,0,1,2,1959
ps,2,1048576,0.0,0.0,0.0,1.0,11,4,19,219209,0,1,2,7126
ps,2,1048576,0.0,0.0,0.0,1.0,11,4,20,250542,0,1,2,17292
ps,2,1048576,0.0,0.0,0.0,1.0,11,4,21,259291,0,1,2,12916
ps,2,1048576,0.0,0.0,0.0,1.0,11,4,22,247458,0,1,2,0
ps,2,1048576,0.0,0.0,0.0,1.0,11,4,23,230166,0,1,2,7999
ps,2,1048576,0.0,0.0,0.0,1.0,11,4,24,237125,0,1,2,7000
ps,2,1048576,0.0,0.0,0.0,1.0,11,4,25,228459,0,1,2,15459
ps,2,1048576,0.0,0.0,0.0,1.0,11,4,26,252208,0,1,2,20833
ps,2,1048576,0.0,0.0,0.0,1.0,11,4,27,272250,0,1,2,24833
ps,2,1048576,0.0,0.0,0.0,1.0,11,4,28,327875,0,1,2,29084
ps,2,1048576,0.0,0.0,0.0,1.0,11,4,29,251708,0,1,2,708
ps,2,1048576,0.0,0.0,0.0,1.0,11,4,30,243125,0,1,2,1917
ps,2,1048576,0.0,0.0,0.0,1.0,11,4,31,344500,0,1,2,39542
ps,2,1048576,0.0,0.0,0.0,1.0,11,4,32,232541,0,1,2,9499
ps,2,1048576,0.0,0.0,0.0,1.0,11,4,33,253083,0,1,2,5458
ps,2,1048576,0.0,0.0,0.0,1.0,11,4,34,273750,0,1,2,28250
ps,2,1048576,0.0,0.0,0.0,1.0,11,4,35,313750,0,1,2,2166
ps,2,1048576,0.0,0.0,0.0,1.0,11,4,36,308583,0,1,2,15291
ps,2,1048576,0.0,0.0,0.0,1.0,11,4,37,300834,0,1,2,1917
ps,2,1048576,0.0,0.0,0.0,1.0,11,4,38,256833,0,1,2,22750
ps,2,1048576,0.0,0.0,0.0,1.0,11,4,39,270625,0,1,2,5625
ring,2,65536,0.0,0.0,0.0,1.0,11,4,0,129333,0,2,2,8833
ring,2,65536,0.0,0.0,0.0,1.0,11,4,1,153292,0,2,2,7375
ring,2,65536,0.0,0.0,0.0,1.0,11,4,2,102542,0,2,2,709
ring,2,65536,0.0,0.0,0.0,1.0,11,4,3,133041,0,2,2,7166
ring,2,65536,0.0,0.0,0.0,1.0,11,4,4,112750,0,2,2,2125
ring,2,65536,0.0,0.0,0.0,1.0,11,4,5,105666,0,2,2,374
ring,2,65536,0.0,0.0,0.0,1.0,11,4,6,112084,0,2,2,376
ring,2,65536,0.0,0.0,0.0,1.0,11,4,7,119417,0,2,2,834
ring,2,65536,0.0,0.0,0.0,1.0,11,4,8,119833,0,2,2,874
ring,2,65536,0.0,0.0,0.0,1.0,11,4,9,110625,0,2,2,4209
ring,2,65536,0.0,0.0,0.0,1.0,11,4,10,118542,0,2,2,4542
ring,2,65536,0.0,0.0,0.0,1.0,11,4,11,135833,0,2,2,6916
ring,2,65536,0.0,0.0,0.0,1.0,11,4,12,131917,0,2,2,5417
ring,2,65536,0.0,0.0,0.0,1.0,11,4,13,100125,0,2,2,2334
ring,2,65536,0.0,0.0,0.0,1.0,11,4,14,102084,0,2,2,3084
ring,2,65536,0.0,0.0,0.0,1.0,11,4,15,113916,0,2,2,124
ring,2,65536,0.0,0.0,0.0,1.0,11,4,16,116042,0,2,2,5167
ring,2,65536,0.0,0.0,0.0,1.0,11,4,17,122208,0,2,2,1250
ring,2,65536,0.0,0.0,0.0,1.0,11,4,18,114125,0,2,2,10625
ring,2,65536,0.0,0.0,0.0,1.0,11,4,19,112500,0,2,2,2750
ring,2,65536,0.0,0.0,0.0,1.0,11,4,20,122792,0,2,2,9250
ring,2,65536,0.0,0.0,0.0,1.0,11,4,21,98750,0,2,2,791
ring,2,65536,0.0,0.0,0.0,1.0,11,4,22,137417,0,2,2,5542
ring,2,65536,0.0,0.0,0.0,1.0,11,4,23,163250,0,2,2,21208
ring,2,65536,0.0,0.0,0.0,1.0,11,4,24,102459,0,2,2,4293
ring,2,65536,0.0,0.0,0.0,1.0,11,4,25,101833,0,2,2,10625
ring,2,65536,0.0,0.0,0.0,1.0,11,4,26,105833,0,2,2,8500
ring,2,65536,0.0,0.0,0.0,1.0,11,4,27,121917,0,2,2,3001
ring,2,65536,0.0,0.0,0.0,1.0,11,4,28,108042,0,2,2,3292
ring,2,65536,0.0,0.0,0.0,1.0,11,4,29,115250,0,2,2,14459
ring,2,65536,0.0,0.0,0.0,1.0,11,4,30,173625,0,2,2,15791
ring,2,65536,0.0,0.0,0.0,1.0,11,4,31,153542,0,2,2,6292
ring,2,65536,0.0,0.0,0.0,1.0,11,4,32,192042,0,2,2,6292
ring,2,65536,0.0,0.0,0.0,1.0,11,4,33,124333,0,2,2,4083
ring,2,65536,0.0,0.0,0.0,1.0,11,4,34,122042,0,2,2,2709
ring,2,65536,0.0,0.0,0.0,1.0,11,4,35,141916,0,2,2,4083
ring,2,65536,0.0,0.0,0.0,1.0,11,4,36,118791,0,2,2,7541
ring,2,65536,0.0,0.0,0.0,1.0,11,4,37,134041,0,2,2,4416
ring,2,65536,0.0,0.0,0.0,1.0,11,4,38,113667,0,2,2,1
ring,2,65536,0.0,0.0,0.0,1.0,11,4,39,171750,0,2,2,9625
ring,2,8388608,0.0,0.0,0.0,1.0,11,4,0,1378708,0,2,2,4708
ring,2,8388608,0.0,0.0,0.0,1.0,11,4,1,1538208,0,2,2,156041
ring,2,8388608,0.0,0.0,0.0,1.0,11,4,2,1415833,0,2,2,11458
ring,2,8388608,0.0,0.0,0.0,1.0,11,4,3,1641375,0,2,2,99375
ring,2,8388608,0.0,0.0,0.0,1.0,11,4,4,1386208,0,2,2,2124
ring,2,8388608,0.0,0.0,0.0,1.0,11,4,5,1135250,0,2,2,16083
ring,2,8388608,0.0,0.0,0.0,1.0,11,4,6,1246375,0,2,2,96417
ring,2,8388608,0.0,0.0,0.0,1.0,11,4,7,1376458,0,2,2,19750
ring,2,8388608,0.0,0.0,0.0,1.0,11,4,8,1548709,0,2,2,15000
ring,2,8388608,0.0,0.0,0.0,1.0,11,4,9,1577750,0,2,2,18334
ring,2,8388608,0.0,0.0,0.0,1.0,11,4,10,1167500,0,2,2,5708
ring,2,8388608,0.0,0.0,0.0,1.0,11,4,11,1434417,0,2,2,14708
ring,2,8388608,0.0,0.0,0.0,1.0,11,4,12,1406833,0,2,2,98166
ring,2,8388608,0.0,0.0,0.0,1.0,11,4,13,1560375,0,2,2,146458
ring,2,8388608,0.0,0.0,0.0,1.0,11,4,14,1399292,0,2,2,86958
ring,2,8388608,0.0,0.0,0.0,1.0,11,4,15,1384625,0,2,2,62208
ring,2,8388608,0.0,0.0,0.0,1.0,11,4,16,1398833,0,2,2,4916
ring,2,8388608,0.0,0.0,0.0,1.0,11,4,17,1364208,0,2,2,1792
ring,2,8388608,0.0,0.0,0.0,1.0,11,4,18,1424875,0,2,2,20792
ring,2,8388608,0.0,0.0,0.0,1.0,11,4,19,1252750,0,2,2,95458
ring,2,8388608,0.0,0.0,0.0,1.0,11,4,20,1199708,0,2,2,499
ring,2,8388608,0.0,0.0,0.0,1.0,11,4,21,1581125,0,2,2,64542
ring,2,8388608,0.0,0.0,0.0,1.0,11,4,22,1723375,0,2,2,160209
ring,2,8388608,0.0,0.0,0.0,1.0,11,4,23,1413917,0,2,2,4750
ring,2,8388608,0.0,0.0,0.0,1.0,11,4,24,1327917,0,2,2,39459
ring,2,8388608,0.0,0.0,0.0,1.0,11,4,25,1179833,0,2,2,2625
ring,2,8388608,0.0,0.0,0.0,1.0,11,4,26,1327167,0,2,2,30458
ring,2,8388608,0.0,0.0,0.0,1.0,11,4,27,1305000,0,2,2,101709
ring,2,8388608,0.0,0.0,0.0,1.0,11,4,28,1414625,0,2,2,583
ring,2,8388608,0.0,0.0,0.0,1.0,11,4,29,1336333,0,2,2,128708
ring,2,8388608,0.0,0.0,0.0,1.0,11,4,30,1194208,0,2,2,4791
ring,2,8388608,0.0,0.0,0.0,1.0,11,4,31,1302833,0,2,2,1500
ring,2,8388608,0.0,0.0,0.0,1.0,11,4,32,1408167,0,2,2,4709
ring,2,8388608,0.0,0.0,0.0,1.0,11,4,33,1395083,0,2,2,7583
ring,2,8388608,0.0,0.0,0.0,1.0,11,4,34,1298833,0,2,2,22416
ring,2,8388608,0.0,0.0,0.0,1.0,11,4,35,1330625,0,2,2,2291
ring,2,8388608,0.0,0.0,0.0,1.0,11,4,36,1463959,0,2,2,13084
ring,2,8388608,0.0,0.0,0.0,1.0,11,4,37,1569500,0,2,2,42583
ring,2,8388608,0.0,0.0,0.0,1.0,11,4,38,1443083,0,2,2,59249
ring,2,8388608,0.0,0.0,0.0,1.0,11,4,39,1192041,0,2,2,5374
recursive,2,4096,0.0,0.0,0.0,1.0,11,4,0,123875,0,2,2,13250
recursive,2,4096,0.0,0.0,0.0,1.0,11,4,1,108417,0,2,2,4417
recursive,2,4096,0.0,0.0,0.0,1.0,11,4,2,107166,0,2,2,3666
recursive,2,4096,0.0,0.0,0.0,1.0,11,4,3,94334,0,2,2,5167
recursive,2,4096,0.0,0.0,0.0,1.0,11,4,4,144083,0,2,2,3916
recursive,2,4096,0.0,0.0,0.0,1.0,11,4,5,102125,0,2,2,5500
recursive,2,4096,0.0,0.0,0.0,1.0,11,4,6,138500,0,2,2,4041
recursive,2,4096,0.0,0.0,0.0,1.0,11,4,7,97917,0,2,2,3209
recursive,2,4096,0.0,0.0,0.0,1.0,11,4,8,113459,0,2,2,3834
recursive,2,4096,0.0,0.0,0.0,1.0,11,4,9,115500,0,2,2,1375
recursive,2,4096,0.0,0.0,0.0,1.0,11,4,10,112625,0,2,2,2750
recursive,2,4096,0.0,0.0,0.0,1.0,11,4,11,111042,0,2,2,9917
recursive,2,4096,0.0,0.0,0.0,1.0,11,4,12,115375,0,2,2,5084
recursive,2,4096,0.0,0.0,0.0,1.0,11,4,13,104625,0,2,2,4584
recursive,2,4096,0.0,0.0,0.0,1.0,11,4,14,121917,0,2,2,9375
recursive,2,4096,0.0,0.0,0.0,1.0,11,4,15,90250,0,2,2,7500
recursive,2,4096,0.0,0.0,0.0,1.0,11,4,16,137500,0,2,2,13916
recursive,2,4096,0.0,0.0,0.0,1.0,11,4,17,103458,0,2,2,6499
recursive,2,4096,0.0,0.0,0.0,1.0,11,4,18,119292,0,2,2,5834
recursive,2,4096,0.0,0.0,0.0,1.0,11,4,19,111834,0,2,2,4334
recursive,2,4096,0.0,0.0,0.0,1.0,11,4,20,96916,0,2,2,6582
recursive,2,4096,0.0,0.0,0.0,1.0,11,4,21,96708,0,2,2,4416
recursive,2,4096,0.0,0.0,0.0,1.0,11,4,22,120166,0,2,2,13333
recursive,2,4096,0.0,0.0,0.0,1.0,11,4,23,134375,0,2,2,875
recursive,2,4096,0.0,0.0,0.0,1.0,11,4,24,124791,0,2,2,9333
recursive,2,4096,0.0,0.0,0.0,1.0,11,4,25,102208,0,2,2,1833
recursive,2,4096,0.0,0.0,0.0,1.0,11,4,26,97667,0,2,2,5917
recursive,2,4096,0.0,0.0,0.0,1.0,11,4,27,128084,0,2,2,376
recursive,2,4096,0.0,0.0,0.0,1.0,11,4,28,106167,0,2,2,3917
recursive,2,4096,0.0,0.0,0.0,1.0,11,4,29,99125,0,2,2,4250
recursive,2,4096,0.0,0.0,0.0,1.0,11,4,30,89000,0,2,2,6084
recursive,2,4096,0.0,0.0,0.0,1.0,11,4,31,102417,0,2,2,4709
recursive,2,4096,0.0,0.0,0.0,1.0,11,4,32,102583,0,2,2,1333
recursive,2,4096,0.0,0.0,0.0,1.0,11,4,33,101875,0,2,2,4209
recursive,2,4096,0.0,0.0,0.0,1.0,11,4,34,111083,0,2,2,19083
recursive,2,4096,0.0,0.0,0.0,1.0,11,4,35,100333,0,2,2,792
recursive,2,4096,0.0,0.0,0.0,1.0,11,4,36,97458,0,2,2,10042
recursive,2,4096,0.0,0.0,0.0,1.0,11,4,37,104416,0,2,2,6291
recursive,2,4096,0.0,0.0,0.0,1.0,11,4,38,139834,0,2,2,9292
recursive,2,4096,0.0,0.0,0.0,1.0,11,4,39,105292,0,2,2,3625
recursive,2,8388608,0.0,0.0,0.0,1.0,11,4,0,1490083,0,2,2,84542
recursive,2,8388608,0.0,0.0,0.0,1.0,11,4,1,1288583,0,2,2,21041
recursive,2,8388608,0.0,0.0,0.0,1.0,11,4,2,1250083,0,2,2,1541
recursive,2,8388608,0.0,0.0,0.0,1.0,11,4,3,1306333,0,2,2,105458
recursive,2,8388608,0.0,0.0,0.0,1.0,11,4,4,1475625,0,2,2,20792
recursive,2,8388608,0.0,0.0,0.0,1.0,11,4,5,1634416,0,2,2,8541
recursive,2,8388608,0.0,0.0,0.0,1.0,11,4,6,1259125,0,2,2,5666
recursive,2,8388608,0.0,0.0,0.0,1.0,11,4,7,1268375,0,2,2,2750
recursive,2,8388608,0.0,0.0,0.0,1.0,11,4,8,1293625,0,2,2,2916
recursive,2,8388608,0.0,0.0,0.0,1.0,11,4,9,1466083,0,2,2,1792
recursive,2,8388608,0.0,0.0,0.0,1.0,11,4,10,1509584,0,2,2,1667
recursive,2,8388608,0.0,0.0,0.0,1.0,11,4,11,1295458,0,2,2,958
recursive,2,8388608,0.0,0.0,0.0,1.0,11,4,12,1257500,0,2,2,12292
recursive,2,8388608,0.0,0.0,0.0,1.0,11,4,13,1369792,0,2,2,31626
recursive,2,8388608,0.0,0.0,0.0,1.0,11,4,14,1605083,0,2,2,13917
recursive,2,8388608,0.0,0.0,0.0,1.0,11,4,15,1431834,0,2,2,85418
recursive,2,8388608,0.0,0.0,0.0,1.0,11,4,16,1235042,0,2,2,11084
recursive,2,8388608,0.0,0.0,0.0,1.0,11,4,17,1454250,0,2,2,4917
recursive,2,8388608,0.0,0.0,0.0,1.0,11,4,18,1293792,0,2,2,14042
recursive,2,8388608,0.0,0.0,0.0,1.0,11,4,19,1649208,0,2,2,18791
recursive,2,8388608,0.0,0.0,0.0,1.0,11,4,20,1555292,0,2,2,142584
recursive,2,8388608,0.0,0.0,0.0,1.0,11,4,21,1252417,0,2,2,6876
recursive,2,8388608,0.0,0.0,0.0,1.0,11,4,22,1421417,0,2,2,41542
recursive,2,8388608,0.0,0.0,0.0,1.0,11,4,23,1471959,0,2,2,126292
recursive,2,8388608,0.0,0.0,0.0,1.0,11,4,24,1464208,0,2,2,2333
recursive,2,8388608,0.0,0.0,0.0,1.0,11,4,25,1469875,0,2,2,19375
recursive,2,8388608,0.0,0.0,0.0,1.0,11,4,26,1470667,0,2,2,20667
recursive,2,8388608,0.0,0.0,0.0,1.0,11,4,27,1481834,0,2,2,128459
recursive,2,8388608,0.0,0.0,0.0,1.0,11,4,28,1564542,0,2,2,25792
recursive,2,8388608,0.0,0.0,0.0,1.0,11,4,29,1556916,0,2,2,131457
recursive,2,8388608,0.0,0.0,0.0,1.0,11,4,30,1492750,0,2,2,3417
recursive,2,8388608,0.0,0.0,0.0,1.0,11,4,31,1510334,0,2,2,155209
recursive,2,8388608,0.0,0.0,0.0,1.0,11,4,32,1631375,0,2,2,12792
recursive,2,8388608,0.0,0.0,0.0,1.0,11,4,33,1484250,0,2,2,5416
recursive,2,8388608,0.0,0.0,0.0,1.0,11,4,34,1535084,0,2,2,42417
recursive,2,8388608,0.0,0.0,0.0,1.0,11,4,35,1418333,0,2,2,64958
recursive,2,8388608,0.0,0.0,0.0,1.0,11,4,36,1265208,0,2,2,9583
recursive,2,8388608,0.0,0.0,0.0,1.0,11,4,37,1303292,0,2,2,3417
recursive,2,8388608,0.0,0.0,0.0,1.0,11,4,38,1232875,0,2,2,14625
recursive,2,8388608,0.0,0.0,0.0,1.0,11,4,39,1404916,0,2,2,18708
ring,2,1048576,0.0,0.0,0.0,1.0,11,4,0,312250,0,2,2,6959
ring,2,1048576,0.0,0.0,0.0,1.0,11,4,1,308750,0,2,2,1875
ring,2,1048576,0.0,0.0,0.0,1.0,11,4,2,310084,0,2,2,8500
ring,2,1048576,0.0,0.0,0.0,1.0,11,4,3,312458,0,2,2,18833
ring,2,1048576,0.0,0.0,0.0,1.0,11,4,4,317084,0,2,2,1751
ring,2,1048576,0.0,0.0,0.0,1.0,11,4,5,355667,0,2,2,2667
ring,2,1048576,0.0,0.0,0.0,1.0,11,4,6,333000,0,2,2,36791
ring,2,1048576,0.0,0.0,0.0,1.0,11,4,7,388250,0,2,2,18875
ring,2,1048576,0.0,0.0,0.0,1.0,11,4,8,339375,0,2,2,19209
ring,2,1048576,0.0,0.0,0.0,1.0,11,4,9,314083,0,2,2,3958
ring,2,1048576,0.0,0.0,0.0,1.0,11,4,10,368958,0,2,2,10041
ring,2,1048576,0.0,0.0,0.0,1.0,11,4,11,311167,0,2,2,3208
ring,2,1048576,0.0,0.0,0.0,1.0,11,4,12,344500,0,2,2,52084
ring,2,1048576,0.0,0.0,0.0,1.0,11,4,13,329041,0,2,2,7208
ring,2,1048576,0.0,0.0,0.0,1.0,11,4,14,326542,0,2,2,34542
ring,2,1048576,0.0,0.0,0.0,1.0,11,4,15,349708,0,2,2,916
ring,2,1048576,0.0,0.0,0.0,1.0,11,4,16,379333,0,2,2,4792
ring,2,1048576,0.0,0.0,0.0,1.0,11,4,17,319458,0,2,2,8292
ring,2,1048576,0.0,0.0,0.0,1.0,11,4,18,324709,0,2,2,3167
ring,2,1048576,0.0,0.0,0.0,1.0,11,4,19,308875,0,2,2,16041
ring,2,1048576,0.0,0.0,0.0,1.0,11,4,20,313916,0,2,2,11083
ring,2,1048576,0.0,0.0,0.0,1.0,11,4,21,293833,0,2,2,17875
ring,2,1048576,0.0,0.0,0.0,1.0,11,4,22,297833,0,2,2,17249
ring,2,1048576,0.0,0.0,0.0,1.0,11,4,23,371500,0,2,2,2625
ring,2,1048576,0.0,0.0,0.0,1.0,11,4,24,315250,0,2,2,6042
ring,2,1048576,0.0,0.0,0.0,1.0,11,4,25,313750,0,2,2,9792
ring,2,1048576,0.0,0.0,0.0,1.0,11,4,26,300458,0,2,2,2000
ring,2,1048576,0.0,0.0,0.0,1.0,11,4,27,378125,0,2,2,12625
ring,2,1048576,0.0,0.0,0.0,1.0,11,4,28,317500,0,2,2,18083
ring,2,1048576,0.0,0.0,0.0,1.0,11,4,29,325625,0,2,2,3083
ring,2,1048576,0.0,0.0,0.0,1.0,11,4,30,320000,0,2,2,13792
ring,2,1048576,0.0,0.0,0.0,1.0,11,4,31,307375,0,2,2,21625
ring,2,1048576,0.0,0.0,0.0,1.0,11,4,32,302709,0,2,2,18209
ring,2,1048576,0.0,0.0,0.0,1.0,11,4,33,301625,0,2,2,19917
ring,2,1048576,0.0,0.0,0.0,1.0,11,4,34,348125,0,2,2,41583
ring,2,1048576,0.0,0.0,0.0,1.0,11,4,35,345292,0,2,2,11292
ring,2,1048576,0.0,0.0,0.0,1.0,11,4,36,333125,0,2,2,33416
ring,2,1048576,0.0,0.0,0.0,1.0,11,4,37,313041,0,2,2,8916
ring,2,1048576,0.0,0.0,0.0,1.0,11,4,38,317375,0,2,2,6334
ring,2,1048576,0.0,0.0,0.0,1.0,11,4,39,314792,0,2,2,1958
ps,2,8388608,0.0,0.0,0.0,1.0,11,4,0,1237041,0,1,2,11583
ps,2,8388608,0.0,0.0,0.0,1.0,11,4,1,1308708,0,1,2,6875
ps,2,8388608,0.0,0.0,0.0,1.0,11,4,2,1295333,0,1,2,13916
ps,2,8388608,0.0,0.0,0.0,1.0,11,4,3,1293958,0,1,2,22041
ps,2,8388608,0.0,0.0,0.0,1.0,11,4,4,1341125,0,1,2,28459
ps,2,8388608,0.0,0.0,0.0,1.0,11,4,5,1309750,0,1,2,21083
ps,2,8388608,0.0,0.0,0.0,1.0,11,4,6,1574458,0,1,2,143708
ps,2,8388608,0.0,0.0,0.0,1.0,11,4,7,1282208,0,1,2,10041
ps,2,8388608,0.0,0.0,0.0,1.0,11,4,8,1233750,0,1,2,9041
ps,2,8388608,0.0,0.0,0.0,1.0,11,4,9,1279209,0,1,2,3543
ps,2,8388608,0.0,0.0,0.0,1.0,11,4,10,1288917,0,1,2,4084
ps,2,8388608,0.0,0.0,0.0,1.0,11,4,11,1290666,0,1,2,666
ps,2,8388608,0.0,0.0,0.0,1.0,11,4,12,1362125,0,1,2,9250
ps,2,8388608,0.0,0.0,0.0,1.0,11,4,13,1295542,0,1,2,8875
ps,2,8388608,0.0,0.0,0.0,1.0,11,4,14,1293500,0,1,2,7000
ps,2,8388608,0.0,0.0,0.0,1.0,11,4,15,1343041,0,1,2,5000
ps,2,8388608,0.0,0.0,0.0,1.0,11,4,16,1292834,0,1,2,2084
ps,2,8388608,0.0,0.0,0.0,1.0,11,4,17,1372500,0,1,2,1458
ps,2,8388608,0.0,0.0,0.0,1.0,11,4,18,1292708,0,1,2,3458
ps,2,8388608,0.0,0.0,0.0,1.0,11,4,19,1329500,0,1,2,4208
ps,2,8388608,0.0,0.0,0.0,1.0,11,4,20,1261875,0,1,2,1958
ps,2,8388608,0.0,0.0,0.0,1.0,11,4,21,1299166,0,1,2,2541
ps,2,8388608,0.0,0.0,0.0,1.0,11,4,22,1289167,0,1,2,17125
ps,2,8388608,0.0,0.0,0.0,1.0,11,4,23,1322333,0,1,2,2750
ps,2,8388608,0.0,0.0,0.0,1.0,11,4,24,1223833,0,1,2,5250
ps,2,8388608,0.0,0.0,0.0,1.0,11,4,25,1248959,0,1,2,1293
ps,2,8388608,0.0,0.0,0.0,1.0,11,4,26,1489500,0,1,2,8833
ps,2,8388608,0.0,0.0,0.0,1.0,11,4,27,1547958,0,1,2,33917
ps,2,8388608,0.0,0.0,0.0,1.0,11,4,28,1253166,0,1,2,5874
ps,2,8388608,0.0,0.0,0.0,1.0,11,4,29,1233541,0,1,2,2333
ps,2,8388608,0.0,0.0,0.0,1.0,11,4,30,1344875,0,1,2,60584
ps,2,8388608,0.0,0.0,0.0,1.0,11,4,31,1828417,0,1,2,75084
ps,2,8388608,0.0,0.0,0.0,1.0,11,4,32,1326916,0,1,2,17208
ps,2,8388608,0.0,0.0,0.0,1.0,11,4,33,1247959,0,1,2,6501
ps,2,8388608,0.0,0.0,0.0,1.0,11,4,34,1225750,0,1,2,6833
ps,2,8388608,0.0,0.0,0.0,1.0,11,4,35,1438042,0,1,2,7875
ps,2,8388608,0.0,0.0,0.0,1.0,11,4,36,1300083,0,1,2,19250
ps,2,8388608,0.0,0.0,0.0,1.0,11,4,37,1250375,0,1,2,2042
ps,2,8388608,0.0,0.0,0.0,1.0,11,4,38,1236041,0,1,2,18874
ps,2,8388608,0.0,0.0,0.0,1.0,11,4,39,1208750,0,1,2,7833
ring,2,4096,0.0,0.0,0.0,1.0,11,4,0,110083,0,2,2,9749
ring,2,4096,0.0,0.0,0.0,1.0,11,4,1,119708,0,2,2,8166
ring,2,4096,0.0,0.0,0.0,1.0,11,4,2,93708,0,2,2,7541
ring,2,4096,0.0,0.0,0.0,1.0,11,4,3,106209,0,2,2,5209
ring,2,4096,0.0,0.0,0.0,1.0,11,4,4,108375,0,2,2,4291
ring,2,4096,0.0,0.0,0.0,1.0,11,4,5,102625,0,2,2,10583
ring,2,4096,0.0,0.0,0.0,1.0,11,4,6,121125,0,2,2,14250
ring,2,4096,0.0,0.0,0.0,1.0,11,4,7,121875,0,2,2,17416
ring,2,4096,0.0,0.0,0.0,1.0,11,4,8,105333,0,2,2,4333
ring,2,4096,0.0,0.0,0.0,1.0,11,4,9,105333,0,2,2,4125
ring,2,4096,0.0,0.0,0.0,1.0,11,4,10,104417,0,2,2,21334
ring,2,4096,0.0,0.0,0.0,1.0,11,4,11,109875,0,2,2,6959
ring,2,4096,0.0,0.0,0.0,1.0,11,4,12,95375,0,2,2,875
ring,2,4096,0.0,0.0,0.0,1.0,11,4,13,94083,0,2,2,4833
ring,2,4096,0.0,0.0,0.0,1.0,11,4,14,108791,0,2,2,5125
ring,2,4096,0.0,0.0,0.0,1.0,11,4,15,102750,0,2,2,2583
ring,2,4096,0.0,0.0,0.0,1.0,11,4,16,92500,0,2,2,3875
ring,2,4096,0.0,0.0,0.0,1.0,11,4,17,95000,0,2,2,10625
ring,2,4096,0.0,0.0,0.0,1.0,11,4,18,101417,0,2,2,584
ring,2,4096,0.0,0.0,0.0,1.0,11,4,19,96083,0,2,2,1041
ring,2,4096,0.0,0.0,0.0,1.0,11,4,20,96875,0,2,2,6541
ring,2,4096,0.0,0.0,0.0,1.0,11,4,21,107208,0,2,2,5083
ring,2,4096,0.0,0.0,0.0,1.0,11,4,22,93333,0,2,2,4916
ring,2,4096,0.0,0.0,0.0,1.0,11,4,23,108500,0,2,2,6792
ring,2,4096,0.0,0.0,0.0,1.0,11,4,24,107000,0,2,2,541
ring,2,4096,0.0,0.0,0.0,1.0,11,4,25,137417,0,2,2,9875
ring,2,4096,0.0,0.0,0.0,1.0,11,4,26,110208,0,2,2,10541
ring,2,4096,0.0,0.0,0.0,1.0,11,4,27,102875,0,2,2,6166
ring,2,4096,0.0,0.0,0.0,1.0,11,4,28,136334,0,2,2,17209
ring,2,4096,0.0,0.0,0.0,1.0,11,4,29,133416,0,2,2,207
ring,2,4096,0.0,0.0,0.0,1.0,11,4,30,99667,0,2,2,10792
ring,2,4096,0.0,0.0,0.0,1.0,11,4,31,135792,0,2,2,8792
ring,2,4096,0.0,0.0,0.0,1.0,11,4,32,120584,0,2,2,15959
ring,2,4096,0.0,0.0,0.0,1.0,11,4,33,105250,0,2,2,7083
ring,2,4096,0.0,0.0,0.0,1.0,11,4,34,115667,0,2,2,7084
ring,2,4096,0.0,0.0,0.0,1.0,11,4,35,106125,0,2,2,5792
ring,2,4096,0.0,0.0,0.0,1.0,11,4,36,110500,0,2,2,7833
ring,2,4096,0.0,0.0,0.0,1.0,11,4,37,85000,0,2,2,3083
ring,2,4096,0.0,0.0,0.0,1.0,11,4,38,163375,0,2,2,2125
ring,2,4096,0.0,0.0,0.0,1.0,11,4,39,96959,0,2,2,10376
recursive,2,65536,0.0,0.0,0.0,1.0,11,4,0,118084,0,2,2,10168
recursive,2,65536,0.0,0.0,0.0,1.0,11,4,1,110083,0,2,2,2374
recursive,2,65536,0.0,0.0,0.0,1.0,11,4,2,126167,0,2,2,7959
recursive,2,65536,0.0,0.0,0.0,1.0,11,4,3,115041,0,2,2,791
recursive,2,65536,0.0,0.0,0.0,1.0,11,4,4,118667,0,2,2,834
recursive,2,65536,0.0,0.0,0.0,1.0,11,4,5,101167,0,2,2,4959
recursive,2,65536,0.0,0.0,0.0,1.0,11,4,6,117042,0,2,2,8876
recursive,2,65536,0.0,0.0,0.0,1.0,11,4,7,109250,0,2,2,2250
recursive,2,65536,0.0,0.0,0.0,1.0,11,4,8,122458,0,2,2,6833
recursive,2,65536,0.0,0.0,0.0,1.0,11,4,9,113042,0,2,2,9625
recursive,2,65536,0.0,0.0,0.0,1.0,11,4,10,115292,0,2,2,4042
recursive,2,65536,0.0,0.0,0.0,1.0,11,4,11,126041,0,2,2,3750
recursive,2,65536,0.0,0.0,0.0,1.0,11,4,12,108583,0,2,2,5500
recursive,2,65536,0.0,0.0,0.0,1.0,11,4,13,104625,0,2,2,1417
recursive,2,65536,0.0,0.0,0.0,1.0,11,4,14,152542,0,2,2,7209
recursive,2,65536,0.0,0.0,0.0,1.0,11,4,15,110083,0,2,2,1250
recursive,2,65536,0.0,0.0,0.0,1.0,11,4,16,131041,0,2,2,2291
recursive,2,65536,0.0,0.0,0.0,1.0,11,4,17,125875,0,2,2,13750
recursive,2,65536,0.0,0.0,0.0,1.0,11,4,18,119709,0,2,2,6209
recursive,2,65536,0.0,0.0,0.0,1.0,11,4,19,115125,0,2,2,3916
recursive,2,65536,0.0,0.0,0.0,1.0,11,4,20,116583,0,2,2,2833
recursive,2,65536,0.0,0.0,0.0,1.0,11,4,21,104709,0,2,2,4209
recursive,2,65536,0.0,0.0,0.0,1.0,11,4,22,122000,0,2,2,2459
recursive,2,65536,0.0,0.0,0.0,1.0,11,4,23,111833,0,2,2,10250
recursive,2,65536,0.0,0.0,0.0,1.0,11,4,24,115334,0,2,2,6043
recursive,2,65536,0.0,0.0,0.0,1.0,11,4,25,115000,0,2,2,3750
recursive,2,65536,0.0,0.0,0.0,1.0,11,4,26,119792,0,2,2,4250
recursive,2,65536,0.0,0.0,0.0,1.0,11,4,27,136334,0,2,2,5126
recursive,2,65536,0.0,0.0,0.0,1.0,11,4,28,115250,0,2,2,208
recursive,2,65536,0.0,0.0,0.0,1.0,11,4,29,118834,0,2,2,6959
recursive,2,65536,0.0,0.0,0.0,1.0,11,4,30,124584,0,2,2,1626
recursive,2,65536,0.0,0.0,0.0,1.0,11,4,31,108292,0,2,2,8709
recursive,2,65536,0.0,0.0,0.0,1.0,11,4,32,124792,0,2,2,4208
recursive,2,65536,0.0,0.0,0.0,1.0,11,4,33,111917,0,2,2,2750
recursive,2,65536,0.0,0.0,0.0,1.0,11,4,34,112542,0,2,2,8750
recursive,2,65536,0.0,0.0,0.0,1.0,11,4,35,112750,0,2,2,1458
recursive,2,65536,0.0,0.0,0.0,1.0,11,4,36,119750,0,2,2,250
recursive,2,65536,0.0,0.0,0.0,1.0,11,4,37,101666,0,2,2,13374
recursive,2,65536,0.0,0.0,0.0,1.0,11,4,38,114917,0,2,2,2667
recursive,2,65536,0.0,0.0,0.0,1.0,11,4,39,113166,0,2,2,3833
recursive,4,8388608,0.0,0.0,0.0,1.0,11,0,0,9173333,0,4,4,311124
recursive,4,8388608,0.0,0.0,0.0,1.0,11,0,1,4586875,0,4,4,208583
recursive,4,8388608,0.0,0.0,0.0,1.0,11,0,2,5175625,0,4,4,375042
recursive,4,8388608,0.0,0.0,0.0,1.0,11,0,3,4341250,0,4,4,102083
recursive,4,8388608,0.0,0.0,0.0,1.0,11,0,4,4694833,0,4,4,319291
recursive,4,8388608,0.0,0.0,0.0,1.0,11,0,5,4399625,0,4,4,361792
recursive,4,8388608,0.0,0.0,0.0,1.0,11,0,6,4792541,0,4,4,345791
recursive,4,8388608,0.0,0.0,0.0,1.0,11,0,7,4209875,0,4,4,318959
recursive,4,8388608,0.0,0.0,0.0,1.0,11,0,8,4561958,0,4,4,361167
recursive,4,8388608,0.0,0.0,0.0,1.0,11,0,9,4555042,0,4,4,371709
recursive,4,8388608,0.0,0.0,0.0,1.0,11,0,10,4631458,0,4,4,201624
recursive,4,8388608,0.0,0.0,0.0,1.0,11,0,11,4750250,0,4,4,429083
recursive,4,8388608,0.0,0.0,0.0,1.0,11,0,12,4662000,0,4,4,608334
recursive,4,8388608,0.0,0.0,0.0,1.0,11,0,13,4081917,0,4,4,444125
recursive,4,8388608,0.0,0.0,0.0,1.0,11,0,14,4478750,0,4,4,624459
recursive,4,8388608,0.0,0.0,0.0,1.0,11,0,15,4395750,0,4,4,557209
recursive,4,8388608,0.0,0.0,0.0,1.0,11,0,16,4587875,0,4,4,452334
recursive,4,8388608,0.0,0.0,0.0,1.0,11,0,17,4148833,0,4,4,192833
recursive,4,8388608,0.0,0.0,0.0,1.0,11,0,18,4266250,0,4,4,400125
recursive,4,8388608,0.0,0.0,0.0,1.0,11,0,19,3968167,0,4,4,329542
recursive,4,8388608,0.0,0.0,0.0,1.0,11,0,20,4431708,0,4,4,336958
recursive,4,8388608,0.0,0.0,0.0,1.0,11,0,21,4368750,0,4,4,249792
recursive,4,8388608,0.0,0.0,0.0,1.0,11,0,22,4209792,0,4,4,307292
recursive,4,8388608,0.0,0.0,0.0,1.0,11,0,23,4490500,0,4,4,249500
recursive,4,8388608,0.0,0.0,0.0,1.0,11,0,24,4141208,0,4,4,224416
recursive,4,8388608,0.0,0.0,0.0,1.0,11,0,25,4114792,0,4,4,279251
recursive,4,8388608,0.0,0.0,0.0,1.0,11,0,26,4257000,0,4,4,290875
recursive,4,8388608,0.0,0.0,0.0,1.0,11,0,27,4487916,0,4,4,532499
recursive,4,8388608,0.0,0.0,0.0,1.0,11,0,28,4361750,0,4,4,260583
recursive,4,8388608,0.0,0.0,0.0,1.0,11,0,29,4014500,0,4,4,228333
recursive,4,8388608,0.0,0.0,0.0,1.0,11,0,30,4156333,0,4,4,465000
recursive,4,8388608,0.0,0.0,0.0,1.0,11,0,31,4837209,0,4,4,476167
recursive,4,8388608,0.0,0.0,0.0,1.0,11,0,32,4442333,0,4,4,275208
recursive,4,8388608,0.0,0.0,0.0,1.0,11,0,33,4631333,0,4,4,307833
recursive,4,8388608,0.0,0.0,0.0,1.0,11,0,34,4159208,0,4,4,373708
recursive,4,8388608,0.0,0.0,0.0,1.0,11,0,35,4254042,0,4,4,196542
recursive,4,8388608,0.0,0.0,0.0,1.0,11,0,36,4623500,0,4,4,465083
recursive,4,8388608,0.0,0.0,0.0,1.0,11,0,37,4456000,0,4,4,457333
recursive,4,8388608,0.0,0.0,0.0,1.0,11,0,38,4260042,0,4,4,188751
recursive,4,8388608,0.0,0.0,0.0,1.0,11,0,39,4115417,0,4,4,422833
ring,4,1048576,0.0,0.0,0.0,1.0,11,0,0,1222833,0,6,4,92083
ring,4,1048576,0.0,0.0,0.0,1.0,11,0,1,1154750,0,6,4,110042
ring,4,1048576,0.0,0.0,0.0,1.0,11,0,2,1343916,0,6,4,102875
ring,4,1048576,0.0,0.0,0.0,1.0,11,0,3,1291125,0,6,4,68084
ring,4,1048576,0.0,0.0,0.0,1.0,11,0,4,1267917,0,6,4,114501
ring,4,1048576,0.0,0.0,0.0,1.0,11,0,5,1306417,0,6,4,130584
ring,4,1048576,0.0,0.0,0.0,1.0,11,0,6,1335125,0,6,4,54667
ring,4,1048576,0.0,0.0,0.0,1.0,11,0,7,1293333,0,6,4,99167
ring,4,1048576,0.0,0.0,0.0,1.0,11,0,8,1234583,0,6,4,29375
ring,4,1048576,0.0,0.0,0.0,1.0,11,0,9,1253541,0,6,4,157082
ring,4,1048576,0.0,0.0,0.0,1.0,11,0,10,1188000,0,6,4,114375
ring,4,1048576,0.0,0.0,0.0,1.0,11,0,11,1269292,0,6,4,96000
ring,4,1048576,0.0,0.0,0.0,1.0,11,0,12,1336000,0,6,4,79666
ring,4,1048576,0.0,0.0,0.0,1.0,11,0,13,1252417,0,6,4,37333
ring,4,1048576,0.0,0.0,0.0,1.0,11,0,14,1290125,0,6,4,90875
ring,4,1048576,0.0,0.0,0.0,1.0,11,0,15,1272583,0,6,4,98250
ring,4,1048576,0.0,0.0,0.0,1.0,11,0,16,1316666,0,6,4,146624
ring,4,1048576,0.0,0.0,0.0,1.0,11,0,17,1327709,0,6,4,118751
ring,4,1048576,0.0,0.0,0.0,1.0,11,0,18,1188584,0,6,4,46084
ring,4,1048576,0.0,0.0,0.0,1.0,11,0,19,1311542,0,6,4,118751
ring,4,1048576,0.0,0.0,0.0,1.0,11,0,20,1283208,0,6,4,89042
ring,4,1048576,0.0,0.0,0.0,1.0,11,0,21,1219209,0,6,4,45959
ring,4,1048576,0.0,0.0,0.0,1.0,11,0,22,1346042,0,6,4,145501
ring,4,1048576,0.0,0.0,0.0,1.0,11,0,23,1205875,0,6,4,99584
ring,4,1048576,0.0,0.0,0.0,1.0,11,0,24,1340584,0,6,4,116042
ring,4,1048576,0.0,0.0,0.0,1.0,11,0,25,1247375,0,6,4,56542
ring,4,1048576,0.0,0.0,0.0,1.0,11,0,26,1235292,0,6,4,47209
ring,4,1048576,0.0,0.0,0.0,1.0,11,0,27,1289709,0,6,4,94917
ring,4,1048576,0.0,0.0,0.0,1.0,11,0,28,1227958,0,6,4,23583
ring,4,1048576,0.0,0.0,0.0,1.0,11,0,29,1227709,0,6,4,74584
ring,4,1048576,0.0,0.0,0.0,1.0,11,0,30,1199916,0,6,4,78208
ring,4,1048576,0.0,0.0,0.0,1.0,11,0,31,1214416,0,6,4,76083
ring,4,1048576,0.0,0.0,0.0,1.0,11,0,32,1295417,0,6,4,112709
ring,4,1048576,0.0,0.0,0.0,1.0,11,0,33,1208125,0,6,4,53417
ring,4,1048576,0.0,0.0,0.0,1.0,11,0,34,1256750,0,6,4,121666
ring,4,1048576,0.0,0.0,0.0,1.0,11,0,35,1302958,0,6,4,73958
ring,4,1048576,0.0,0.0,0.0,1.0,11,0,36,1289000,0,6,4,54542
ring,4,1048576,0.0,0.0,0.0,1.0,11,0,37,1258791,0,6,4,145541
ring,4,1048576,0.0,0.0,0.0,1.0,11,0,38,1188125,0,6,4,47125
ring,4,1048576,0.0,0.0,0.0,1.0,11,0,39,1323125,0,6,4,165041
ps,4,1048576,0.0,0.0,0.0,1.0,11,0,0,868750,0,1,4,199166
ps,4,1048576,0.0,0.0,0.0,1.0,11,0,1,686083,0,1,4,114417
ps,4,1048576,0.0,0.0,0.0,1.0,11,0,2,680000,0,1,4,126459
ps,4,1048576,0.0,0.0,0.0,1.0,11,0,3,729375,0,3,4,107542
ps,4,1048576,0.0,0.0,0.0,1.0,11,0,4,663542,0,1,4,109167
ps,4,1048576,0.0,0.0,0.0,1.0,11,0,5,706417,0,1,4,187667
ps,4,1048576,0.0,0.0,0.0,1.0,11,0,6,720167,0,1,4,139750
ps,4,1048576,0.0,0.0,0.0,1.0,11,0,7,773125,0,1,4,137833
ps,4,1048576,0.0,0.0,0.0,1.0,11,0,8,632208,0,3,4,106542
ps,4,1048576,0.0,0.0,0.0,1.0,11,0,9,815542,0,3,4,132626
ps,4,1048576,0.0,0.0,0.0,1.0,11,0,10,728708,0,1,4,142208
ps,4,1048576,0.0,0.0,0.0,1.0,11,0,11,814708,0,1,4,178625
ps,4,1048576,0.0,0.0,0.0,1.0,11,0,12,675417,0,1,4,116376
ps,4,1048576,0.0,0.0,0.0,1.0,11,0,13,688125,0,1,4,118458
ps,4,1048576,0.0,0.0,0.0,1.0,11,0,14,647875,0,1,4,128292
ps,4,1048576,0.0,0.0,0.0,1.0,11,0,15,693167,0,1,4,139584
ps,4,1048576,0.0,0.0,0.0,1.0,11,0,16,758084,0,1,4,122209
ps,4,1048576,0.0,0.0,0.0,1.0,11,0,17,718000,0,3,4,129542
ps,4,1048576,0.0,0.0,0.0,1.0,11,0,18,774709,0,1,4,134625
ps,4,1048576,0.0,0.0,0.0,1.0,11,0,19,678500,0,1,4,112416
ps,4,1048576,0.0,0.0,0.0,1.0,11,0,20,637167,0,1,4,132042
ps,4,1048576,0.0,0.0,0.0,1.0,11,0,21,737459,0,1,4,149167
ps,4,1048576,0.0,0.0,0.0,1.0,11,0,22,772708,0,1,4,169291
ps,4,1048576,0.0,0.0,0.0,1.0,11,0,23,755167,0,1,4,118834
ps,4,1048576,0.0,0.0,0.0,1.0,11,0,24,695083,0,1,4,113500
ps,4,1048576,0.0,0.0,0.0,1.0,11,0,25,769209,0,1,4,143418
ps,4,1048576,0.0,0.0,0.0,1.0,11,0,26,696541,0,3,4,119374
ps,4,1048576,0.0,0.0,0.0,1.0,11,0,27,791375,0,1,4,170250
ps,4,1048576,0.0,0.0,0.0,1.0,11,0,28,712917,0,1,4,123250
ps,4,1048576,0.0,0.0,0.0,1.0,11,0,29,844792,0,3,4,147208
ps,4,1048576,0.0,0.0,0.0,1.0,11,0,30,744333,0,1,4,186417
ps,4,1048576,0.0,0.0,0.0,1.0,11,0,31,785459,0,1,4,131959
ps,4,1048576,0.0,0.0,0.0,1.0,11,0,32,736167,0,1,4,103292
ps,4,1048576,0.0,0.0,0.0,1.0,11,0,33,661542,0,3,4,131792
ps,4,1048576,0.0,0.0,0.0,1.0,11,0,34,663500,0,1,4,116042
ps,4,1048576,0.0,0.0,0.0,1.0,11,0,35,811000,0,1,4,154667
ps,4,1048576,0.0,0.0,0.0,1.0,11,0,36,677375,0,3,4,129375
ps,4,1048576,0.0,0.0,0.0,1.0,11,0,37,671791,0,1,4,145208
ps,4,1048576,0.0,0.0,0.0,1.0,11,0,38,676041,0,1,4,138125
ps,4,1048576,0.0,0.0,0.0,1.0,11,0,39,675584,0,1,4,103584
ring,4,65536,0.0,0.0,0.0,1.0,11,0,0,448625,0,6,4,32458
ring,4,65536,0.0,0.0,0.0,1.0,11,0,1,432666,0,6,4,24249
ring,4,65536,0.0,0.0,0.0,1.0,11,0,2,490417,0,6,4,20875
ring,4,65536,0.0,0.0,0.0,1.0,11,0,3,472375,0,6,4,23375
ring,4,65536,0.0,0.0,0.0,1.0,11,0,4,488542,0,6,4,65876
ring,4,65536,0.0,0.0,0.0,1.0,11,0,5,422958,0,6,4,35375
ring,4,65536,0.0,0.0,0.0,1.0,11,0,6,468000,0,6,4,15375
ring,4,65536,0.0,0.0,0.0,1.0,11,0,7,469042,0,6,4,27167
ring,4,65536,0.0,0.0,0.0,1.0,11,0,8,437958,0,6,4,15125
ring,4,65536,0.0,0.0,0.0,1.0,11,0,9,432292,0,6,4,12167
ring,4,65536,0.0,0.0,0.0,1.0,11,0,10,459708,0,6,4,24583
ring,4,65536,0.0,0.0,0.0,1.0,11,0,11,475750,0,6,4,25917
ring,4,65536,0.0,0.0,0.0,1.0,11,0,12,479250,0,6,4,48917
ring,4,65536,0.0,0.0,0.0,1.0,11,0,13,429250,0,6,4,6500
ring,4,65536,0.0,0.0,0.0,1.0,11,0,14,445458,0,6,4,46874
ring,4,65536,0.0,0.0,0.0,1.0,11,0,15,444500,0,6,4,25917
ring,4,65536,0.0,0.0,0.0,1.0,11,0,16,459625,0,6,4,44875
ring,4,65536,0.0,0.0,0.0,1.0,11,0,17,452708,0,6,4,29916
ring,4,65536,0.0,0.0,0.0,1.0,11,0,18,435875,0,6,4,13416
ring,4,65536,0.0,0.0,0.0,1.0,11,0,19,469375,0,6,4,33125
ring,4,65536,0.0,0.0,0.0,1.0,11,0,20,447958,0,6,4,38541
ring,4,65536,0.0,0.0,0.0,1.0,11,0,21,438958,0,6,4,27500
ring,4,65536,0.0,0.0,0.0,1.0,11,0,22,436000,0,6,4,48459
ring,4,65536,0.0,0.0,0.0,1.0,11,0,23,432375,0,6,4,23584
ring,4,65536,0.0,0.0,0.0,1.0,11,0,24,494291,0,6,4,47791
ring,4,65536,0.0,0.0,0.0,1.0,11,0,25,447709,0,6,4,14876
ring,4,65536,0.0,0.0,0.0,1.0,11,0,26,447292,0,6,4,19126
ring,4,65536,0.0,0.0,0.0,1.0,11,0,27,461542,0,6,4,43250
ring,4,65536,0.0,0.0,0.0,1.0,11,0,28,442500,0,6,4,21459
ring,4,65536,0.0,0.0,0.0,1.0,11,0,29,435416,0,6,4,19916
ring,4,65536,0.0,0.0,0.0,1.0,11,0,30,452084,0,6,4,53917
ring,4,65536,0.0,0.0,0.0,1.0,11,0,31,464958,0,6,4,27499
ring,4,65536,0.0,0.0,0.0,1.0,11,0,32,446833,0,6,4,26833
ring,4,65536,0.0,0.0,0.0,1.0,11,0,33,396500,0,6,4,35667
ring,4,65536,0.0,0.0,0.0,1.0,11,0,34,484875,0,6,4,29667
ring,4,65536,0.0,0.0,0.0,1.0,11,0,35,434250,0,6,4,11000
ring,4,65536,0.0,0.0,0.0,1.0,11,0,36,443500,0,6,4,17250
ring,4,65536,0.0,0.0,0.0,1.0,11,0,37,430375,0,6,4,30792
ring,4,65536,0.0,0.0,0.0,1.0,11,0,38,439750,0,6,4,18375
ring,4,65536,0.0,0.0,0.0,1.0,11,0,39,445917,0,6,4,14917
recursive,4,1048576,0.0,0.0,0.0,1.0,11,0,0,922750,0,4,4,108375
recursive,4,1048576,0.0,0.0,0.0,1.0,11,0,1,967667,0,4,4,55000
recursive,4,1048576,0.0,0.0,0.0,1.0,11,0,2,1026709,0,4,4,143084
recursive,4,1048576,0.0,0.0,0.0,1.0,11,0,3,954292,0,4,4,81917
recursive,4,1048576,0.0,0.0,0.0,1.0,11,0,4,1062875,0,4,4,128208
recursive,4,1048576,0.0,0.0,0.0,1.0,11,0,5,1118208,0,4,4,104958
recursive,4,1048576,0.0,0.0,0.0,1.0,11,0,6,1056667,0,4,4,110750
recursive,4,1048576,0.0,0.0,0.0,1.0,11,0,7,952292,0,4,4,97125
recursive,4,1048576,0.0,0.0,0.0,1.0,11,0,8,1027334,0,4,4,61459
recursive,4,1048576,0.0,0.0,0.0,1.0,11,0,9,992667,0,4,4,92792
recursive,4,1048576,0.0,0.0,0.0,1.0,11,0,10,1006500,0,4,4,103875
recursive,4,1048576,0.0,0.0,0.0,1.0,11,0,11,1030458,0,4,4,138333
recursive,4,1048576,0.0,0.0,0.0,1.0,11,0,12,1093125,0,4,4,147708
recursive,4,1048576,0.0,0.0,0.0,1.0,11,0,13,928167,0,4,4,91584
recursive,4,1048576,0.0,0.0,0.0,1.0,11,0,14,966833,0,4,4,107500
recursive,4,1048576,0.0,0.0,0.0,1.0,11,0,15,917666,0,4,4,101249
recursive,4,1048576,0.0,0.0,0.0,1.0,11,0,16,1061459,0,4,4,53459
recursive,4,1048576,0.0,0.0,0.0,1.0,11,0,17,1172500,0,4,4,40167
recursive,4,1048576,0.0,0.0,0.0,1.0,11,0,18,1026875,0,4,4,79791
recursive,4,1048576,0.0,0.0,0.0,1.0,11,0,19,1015250,0,4,4,108042
recursive,4,1048576,0.0,0.0,0.0,1.0,11,0,20,962125,0,4,4,97083
recursive,4,1048576,0.0,0.0,0.0,1.0,11,0,21,965875,0,4,4,105167
recursive,4,1048576,0.0,0.0,0.0,1.0,11,0,22,951625,0,4,4,140500
recursive,4,1048576,0.0,0.0,0.0,1.0,11,0,23,1000625,0,4,4,89833
recursive,4,1048576,0.0,0.0,0.0,1.0,11,0,24,1033292,0,4,4,113917
recursive,4,1048576,0.0,0.0,0.0,1.0,11,0,25,971666,0,4,4,74708
recursive,4,1048576,0.0,0.0,0.0,1.0,11,0,26,1111583,0,4,4,140416
recursive,4,1048576,0.0,0.0,0.0,1.0,11,0,27,1028291,0,4,4,146582
recursive,4,1048576,0.0,0.0,0.0,1.0,11,0,28,1018375,0,4,4,92125
recursive,4,1048576,0.0,0.0,0.0,1.0,11,0,29,1088833,0,4,4,104208
recursive,4,1048576,0.0,0.0,0.0,1.0,11,0,30,989291,0,4,4,112708
recursive,4,1048576,0.0,0.0,0.0,1.0,11,0,31,1038791,0,4,4,93708
recursive,4,1048576,0.0,0.0,0.0,1.0,11,0,32,994375,0,4,4,153833
recursive,4,1048576,0.0,0.0,0.0,1.0,11,0,33,989500,0,4,4,102833
recursive,4,1048576,0.0,0.0,0.0,1.0,11,0,34,982417,0,4,4,91459
recursive,4,1048576,0.0,0.0,0.0,1.0,11,0,35,1010250,0,4,4,93334
recursive,4,1048576,0.0,0.0,0.0,1.0,11,0,36,945709,0,4,4,81668
recursive,4,1048576,0.0,0.0,0.0,1.0,11,0,37,1052333,0,4,4,109000
recursive,4,1048576,0.0,0.0,0.0,1.0,11,0,38,1085917,0,4,4,101625
recursive,4,1048576,0.0,0.0,0.0,1.0,11,0,39,894959,0,4,4,49917
ps,4,65536,0.0,0.0,0.0,1.0,11,0,0,221375,0,1,4,30750
ps,4,65536,0.0,0.0,0.0,1.0,11,0,1,256000,0,1,4,26125
ps,4,65536,0.0,0.0,0.0,1.0,11,0,2,250916,0,1,4,11333
ps,4,65536,0.0,0.0,0.0,1.0,11,0,3,234333,0,3,4,31792
ps,4,65536,0.0,0.0,0.0,1.0,11,0,4,195625,0,1,4,16417
ps,4,65536,0.0,0.0,0.0,1.0,11,0,5,239542,0,1,4,26250
ps,4,65536,0.0,0.0,0.0,1.0,11,0,6,237292,0,1,4,27167
ps,4,65536,0.0,0.0,0.0,1.0,11,0,7,224708,0,1,4,16291
ps,4,65536,0.0,0.0,0.0,1.0,11,0,8,227375,0,3,4,22083
ps,4,65536,0.0,0.0,0.0,1.0,11,0,9,227708,0,3,4,41375
ps,4,65536,0.0,0.0,0.0,1.0,11,0,10,213959,0,1,4,33459
ps,4,65536,0.0,0.0,0.0,1.0,11,0,11,245833,0,1,4,47958
ps,4,65536,0.0,0.0,0.0,1.0,11,0,12,222334,0,1,4,15626
ps,4,65536,0.0,0.0,0.0,1.0,11,0,13,255209,0,3,4,34667
ps,4,65536,0.0,0.0,0.0,1.0,11,0,14,227541,0,3,4,22791
ps,4,65536,0.0,0.0,0.0,1.0,11,0,15,235000,0,1,4,28500
ps,4,65536,0.0,0.0,0.0,1.0,11,0,16,245459,0,3,4,22251
ps,4,65536,0.0,0.0,0.0,1.0,11,0,17,234125,0,1,4,34209
ps,4,65536,0.0,0.0,0.0,1.0,11,0,18,229667,0,3,4,24251
ps,4,65536,0.0,0.0,0.0,1.0,11,0,19,236958,0,1,4,24041
ps,4,65536,0.0,0.0,0.0,1.0,11,0,20,221458,0,1,4,30000
ps,4,65536,0.0,0.0,0.0,1.0,11,0,21,219083,0,1,4,21249
ps,4,65536,0.0,0.0,0.0,1.0,11,0,22,220958,0,1,4,38625
ps,4,65536,0.0,0.0,0.0,1.0,11,0,23,231417,0,1,4,19001
ps,4,65536,0.0,0.0,0.0,1.0,11,0,24,227125,0,3,4,37584
ps,4,65536,0.0,0.0,0.0,1.0,11,0,25,222542,0,1,4,29792
ps,4,65536,0.0,0.0,0.0,1.0,11,0,26,245541,0,3,4,31416
ps,4,65536,0.0,0.0,0.0,1.0,11,0,27,263875,0,1,4,47916
ps,4,65536,0.0,0.0,0.0,1.0,11,0,28,240708,0,3,4,40458
ps,4,65536,0.0,0.0,0.0,1.0,11,0,29,229083,0,3,4,36375
ps,4,65536,0.0,0.0,0.0,1.0,11,0,30,234750,0,1,4,25500
ps,4,65536,0.0,0.0,0.0,1.0,11,0,31,219083,0,3,4,9125
ps,4,65536,0.0,0.0,0.0,1.0,11,0,32,224708,0,3,4,36042
ps,4,65536,0.0,0.0,0.0,1.0,11,0,33,218000,0,1,4,16750
ps,4,65536,0.0,0.0,0.0,1.0,11,0,34,227167,0,1,4,36458
ps,4,65536,0.0,0.0,0.0,1.0,11,0,35,256333,0,1,4,50583
ps,4,65536,0.0,0.0,0.0,1.0,11,0,36,240083,0,1,4,33666
ps,4,65536,0.0,0.0,0.0,1.0,11,0,37,220041,0,3,4,21708
ps,4,65536,0.0,0.0,0.0,1.0,11,0,38,238792,0,1,4,31417
ps,4,65536,0.0,0.0,0.0,1.0,11,0,39,208125,0,1,4,16958
ring,4,4096,0.0,0.0,0.0,1.0,11,0,0,452375,0,6,4,22083
ring,4,4096,0.0,0.0,0.0,1.0,11,0,1,440125,0,6,4,43041
ring,4,4096,0.0,0.0,0.0,1.0,11,0,2,445125,0,6,4,31333
ring,4,4096,0.0,0.0,0.0,1.0,11,0,3,426583,0,6,4,15125
ring,4,4096,0.0,0.0,0.0,1.0,11,0,4,420917,0,6,4,28709
ring,4,4096,0.0,0.0,0.0,1.0,11,0,5,474584,0,6,4,18625
ring,4,4096,0.0,0.0,0.0,1.0,11,0,6,423917,0,6,4,16792
ring,4,4096,0.0,0.0,0.0,1.0,11,0,7,427500,0,6,4,28792
ring,4,4096,0.0,0.0,0.0,1.0,11,0,8,487459,0,6,4,48709
ring,4,4096,0.0,0.0,0.0,1.0,11,0,9,414334,0,6,4,17542
ring,4,4096,0.0,0.0,0.0,1.0,11,0,10,435166,0,6,4,12708
ring,4,4096,0.0,0.0,0.0,1.0,11,0,11,432792,0,6,4,35375
ring,4,4096,0.0,0.0,0.0,1.0,11,0,12,425709,0,6,4,20293
ring,4,4096,0.0,0.0,0.0,1.0,11,0,13,452416,0,6,4,53875
ring,4,4096,0.0,0.0,0.0,1.0,11,0,14,443583,0,6,4,24125
ring,4,4096,0.0,0.0,0.0,1.0,11,0,15,423708,0,6,4,28708
ring,4,4096,0.0,0.0,0.0,1.0,11,0,16,450375,0,6,4,42958
ring,4,4096,0.0,0.0,0.0,1.0,11,0,17,447625,0,6,4,20583
ring,4,4096,0.0,0.0,0.0,1.0,11,0,18,457375,0,6,4,42083
ring,4,4096,0.0,0.0,0.0,1.0,11,0,19,430875,0,6,4,33292
ring,4,4096,0.0,0.0,0.0,1.0,11,0,20,427167,0,6,4,43917
ring,4,4096,0.0,0.0,0.0,1.0,11,0,21,434583,0,6,4,21292
ring,4,4096,0.0,0.0,0.0,1.0,11,0,22,454750,0,6,4,37667
ring,4,4096,0.0,0.0,0.0,1.0,11,0,23,431667,0,6,4,23042
ring,4,4096,0.0,0.0,0.0,1.0,11,0,24,420250,0,6,4,18125
ring,4,4096,0.0,0.0,0.0,1.0,11,0,25,416542,0,6,4,24750
ring,4,4096,0.0,0.0,0.0,1.0,11,0,26,428583,0,6,4,32708
ring,4,4096,0.0,0.0,0.0,1.0,11,0,27,446334,0,6,4,48084
ring,4,4096,0.0,0.0,0.0,1.0,11,0,28,448250,0,6,4,31792
ring,4,4096,0.0,0.0,0.0,1.0,11,0,29,431666,0,6,4,37416
ring,4,4096,0.0,0.0,0.0,1.0,11,0,30,400375,0,6,4,27917
ring,4,4096,0.0,0.0,0.0,1.0,11,0,31,425500,0,6,4,20542
ring,4,4096,0.0,0.0,0.0,1.0,11,0,32,434167,0,6,4,20417
ring,4,4096,0.0,0.0,0.0,1.0,11,0,33,432791,0,6,4,28583
ring,4,4096,0.0,0.0,0.0,1.0,11,0,34,415125,0,6,4,21292
ring,4,4096,0.0,0.0,0.0,1.0,11,0,35,415166,0,6,4,18416
ring,4,4096,0.0,0.0,0.0,1.0,11,0,36,439333,0,6,4,23708
ring,4,4096,0.0,0.0,0.0,1.0,11,0,37,428958,0,6,4,27416
ring,4,4096,0.0,0.0,0.0,1.0,11,0,38,458916,0,6,4,35749
ring,4,4096,0.0,0.0,0.0,1.0,11,0,39,429667,0,6,4,16792
recursive,4,65536,0.0,0.0,0.0,1.0,11,0,0,321542,0,4,4,21792
recursive,4,65536,0.0,0.0,0.0,1.0,11,0,1,317666,0,4,4,42625
recursive,4,65536,0.0,0.0,0.0,1.0,11,0,2,328917,0,4,4,21001
recursive,4,65536,0.0,0.0,0.0,1.0,11,0,3,342541,0,4,4,25208
recursive,4,65536,0.0,0.0,0.0,1.0,11,0,4,311792,0,4,4,20084
recursive,4,65536,0.0,0.0,0.0,1.0,11,0,5,312416,0,4,4,25749
recursive,4,65536,0.0,0.0,0.0,1.0,11,0,6,339833,0,4,4,28749
recursive,4,65536,0.0,0.0,0.0,1.0,11,0,7,307416,0,4,4,11666
recursive,4,65536,0.0,0.0,0.0,1.0,11,0,8,328667,0,4,4,12667
recursive,4,65536,0.0,0.0,0.0,1.0,11,0,9,327916,0,4,4,15999
recursive,4,65536,0.0,0.0,0.0,1.0,11,0,10,339834,0,4,4,28001
recursive,4,65536,0.0,0.0,0.0,1.0,11,0,11,333750,0,4,4,43833
recursive,4,65536,0.0,0.0,0.0,1.0,11,0,12,320875,0,4,4,34708
recursive,4,65536,0.0,0.0,0.0,1.0,11,0,13,358125,0,4,4,12959
recursive,4,65536,0.0,0.0,0.0,1.0,11,0,14,327375,0,4,4,33458
recursive,4,65536,0.0,0.0,0.0,1.0,11,0,15,297083,0,4,4,14875
recursive,4,65536,0.0,0.0,0.0,1.0,11,0,16,320250,0,4,4,32375
recursive,4,65536,0.0,0.0,0.0,1.0,11,0,17,290709,0,4,4,11626
recursive,4,65536,0.0,0.0,0.0,1.0,11,0,18,324666,0,4,4,6541
recursive,4,65536,0.0,0.0,0.0,1.0,11,0,19,318125,0,4,4,12667
recursive,4,65536,0.0,0.0,0.0,1.0,11,0,20,333917,0,4,4,6667
recursive,4,65536,0.0,0.0,0.0,1.0,11,0,21,330375,0,4,4,28750
recursive,4,65536,0.0,0.0,0.0,1.0,11,0,22,348875,0,4,4,41208
recursive,4,65536,0.0,0.0,0.0,1.0,11,0,23,315959,0,4,4,8542
recursive,4,65536,0.0,0.0,0.0,1.0,11,0,24,310750,0,4,4,28167
recursive,4,65536,0.0,0.0,0.0,1.0,11,0,25,334834,0,4,4,46417
recursive,4,65536,0.0,0.0,0.0,1.0,11,0,26,318875,0,4,4,12125
recursive,4,65536,0.0,0.0,0.0,1.0,11,0,27,332583,0,4,4,21958
recursive,4,65536,0.0,0.0,0.0,1.0,11,0,28,316583,0,4,4,21708
recursive,4,65536,0.0,0.0,0.0,1.0,11,0,29,329792,0,4,4,25167
recursive,4,65536,0.0,0.0,0.0,1.0,11,0,30,313041,0,4,4,23999
recursive,4,65536,0.0,0.0,0.0,1.0,11,0,31,309000,0,4,4,25542
recursive,4,65536,0.0,0.0,0.0,1.0,11,0,32,396291,0,4,4,50457
recursive,4,65536,0.0,0.0,0.0,1.0,11,0,33,322958,0,4,4,32624
recursive,4,65536,0.0,0.0,0.0,1.0,11,0,34,332500,0,4,4,27417
recursive,4,65536,0.0,0.0,0.0,1.0,11,0,35,302375,0,4,4,27834
recursive,4,65536,0.0,0.0,0.0,1.0,11,0,36,297375,0,4,4,19250
recursive,4,65536,0.0,0.0,0.0,1.0,11,0,37,329208,0,4,4,27041
recursive,4,65536,0.0,0.0,0.0,1.0,11,0,38,313750,0,4,4,32791
recursive,4,65536,0.0,0.0,0.0,1.0,11,0,39,320042,0,4,4,31626
ring,4,8388608,0.0,0.0,0.0,1.0,11,0,0,4025375,0,6,4,210625
ring,4,8388608,0.0,0.0,0.0,1.0,11,0,1,4349750,0,6,4,336750
ring,4,8388608,0.0,0.0,0.0,1.0,11,0,2,3916958,0,6,4,304291
ring,4,8388608,0.0,0.0,0.0,1.0,11,0,3,4233250,0,6,4,322709
ring,4,8388608,0.0,0.0,0.0,1.0,11,0,4,3860750,0,6,4,215917
ring,4,8388608,0.0,0.0,0.0,1.0,11,0,5,3772042,0,6,4,107833
ring,4,8388608,0.0,0.0,0.0,1.0,11,0,6,3956292,0,6,4,130959
ring,4,8388608,0.0,0.0,0.0,1.0,11,0,7,3941000,0,6,4,226084
ring,4,8388608,0.0,0.0,0.0,1.0,11,0,8,3706583,0,6,4,261875
ring,4,8388608,0.0,0.0,0.0,1.0,11,0,9,3891542,0,6,4,133834
ring,4,8388608,0.0,0.0,0.0,1.0,11,0,10,4055584,0,6,4,292751
ring,4,8388608,0.0,0.0,0.0,1.0,11,0,11,4021291,0,6,4,229707
ring,4,8388608,0.0,0.0,0.0,1.0,11,0,12,3714583,0,6,4,215374
ring,4,8388608,0.0,0.0,0.0,1.0,11,0,13,3940000,0,6,4,200667
ring,4,8388608,0.0,0.0,0.0,1.0,11,0,14,3869250,0,6,4,206916
ring,4,8388608,0.0,0.0,0.0,1.0,11,0,15,3783417,0,6,4,197792
ring,4,8388608,0.0,0.0,0.0,1.0,11,0,16,4045250,0,6,4,208167
ring,4,8388608,0.0,0.0,0.0,1.0,11,0,17,3986833,0,6,4,368291
ring,4,8388608,0.0,0.0,0.0,1.0,11,0,18,3819083,0,6,4,274083
ring,4,8388608,0.0,0.0,0.0,1.0,11,0,19,3854917,0,6,4,42376
ring,4,8388608,0.0,0.0,0.0,1.0,11,0,20,3963208,0,6,4,281417
ring,4,8388608,0.0,0.0,0.0,1.0,11,0,21,3842500,0,6,4,236708
ring,4,8388608,0.0,0.0,0.0,1.0,11,0,22,4050625,0,6,4,350583
ring,4,8388608,0.0,0.0,0.0,1.0,11,0,23,3818166,0,6,4,264583
ring,4,8388608,0.0,0.0,0.0,1.0,11,0,24,3642625,0,6,4,131041
ring,4,8388608,0.0,0.0,0.0,1.0,11,0,25,3906500,0,6,4,253000
ring,4,8388608,0.0,0.0,0.0,1.0,11,0,26,3578917,0,6,4,35667
ring,4,8388608,0.0,0.0,0.0,1.0,11,0,27,3824750,0,6,4,283084
ring,4,8388608,0.0,0.0,0.0,1.0,11,0,28,3614417,0,6,4,235876
ring,4,8388608,0.0,0.0,0.0,1.0,11,0,29,3994167,0,6,4,199167
ring,4,8388608,0.0,0.0,0.0,1.0,11,0,30,4272542,0,6,4,214292
ring,4,8388608,0.0,0.0,0.0,1.0,11,0,31,3633334,0,6,4,131042
ring,4,8388608,0.0,0.0,0.0,1.0,11,0,32,3962709,0,6,4,319626
ring,4,8388608,0.0,0.0,0.0,1.0,11,0,33,3926292,0,6,4,291333
ring,4,8388608,0.0,0.0,0.0,1.0,11,0,34,3993250,0,6,4,376583
ring,4,8388608,0.0,0.0,0.0,1.0,11,0,35,3862958,0,6,4,262583
ring,4,8388608,0.0,0.0,0.0,1.0,11,0,36,3757584,0,6,4,223209
ring,4,8388608,0.0,0.0,0.0,1.0,11,0,37,3646209,0,6,4,182543
ring,4,8388608,0.0,0.0,0.0,1.0,11,0,38,3618417,0,6,4,220917
ring,4,8388608,0.0,0.0,0.0,1.0,11,0,39,3718667,0,6,4,242876
recursive,4,4096,0.0,0.0,0.0,1.0,11,0,0,294041,0,4,4,13707
recursive,4,4096,0.0,0.0,0.0,1.0,11,0,1,289000,0,4,4,23708
recursive,4,4096,0.0,0.0,0.0,1.0,11,0,2,288541,0,4,4,19083
recursive,4,4096,0.0,0.0,0.0,1.0,11,0,3,323875,0,4,4,34041
recursive,4,4096,0.0,0.0,0.0,1.0,11,0,4,318667,0,4,4,42501
recursive,4,4096,0.0,0.0,0.0,1.0,11,0,5,310666,0,4,4,21999
recursive,4,4096,0.0,0.0,0.0,1.0,11,0,6,277334,0,4,4,16001
recursive,4,4096,0.0,0.0,0.0,1.0,11,0,7,346958,0,4,4,49791
recursive,4,4096,0.0,0.0,0.0,1.0,11,0,8,301334,0,4,4,47626
recursive,4,4096,0.0,0.0,0.0,1.0,11,0,9,287458,0,4,4,23041
recursive,4,4096,0.0,0.0,0.0,1.0,11,0,10,317166,0,4,4,20500
recursive,4,4096,0.0,0.0,0.0,1.0,11,0,11,307583,0,4,4,20916
recursive,4,4096,0.0,0.0,0.0,1.0,11,0,12,318459,0,4,4,29375
recursive,4,4096,0.0,0.0,0.0,1.0,11,0,13,271667,0,4,4,9375
recursive,4,4096,0.0,0.0,0.0,1.0,11,0,14,304750,0,4,4,27167
recursive,4,4096,0.0,0.0,0.0,1.0,11,0,15,307917,0,4,4,25417
recursive,4,4096,0.0,0.0,0.0,1.0,11,0,16,279042,0,4,4,19417
recursive,4,4096,0.0,0.0,0.0,1.0,11,0,17,284375,0,4,4,7250
recursive,4,4096,0.0,0.0,0.0,1.0,11,0,18,287084,0,4,4,10000
recursive,4,4096,0.0,0.0,0.0,1.0,11,0,19,308500,0,4,4,36750
recursive,4,4096,0.0,0.0,0.0,1.0,11,0,20,319208,0,4,4,11917
recursive,4,4096,0.0,0.0,0.0,1.0,11,0,21,295083,0,4,4,34875
recursive,4,4096,0.0,0.0,0.0,1.0,11,0,22,301166,0,4,4,20250
recursive,4,4096,0.0,0.0,0.0,1.0,11,0,23,295458,0,4,4,19791
recursive,4,4096,0.0,0.0,0.0,1.0,11,0,24,272667,0,4,4,8750
recursive,4,4096,0.0,0.0,0.0,1.0,11,0,25,311500,0,4,4,65125
recursive,4,4096,0.0,0.0,0.0,1.0,11,0,26,302125,0,4,4,35709
recursive,4,4096,0.0,0.0,0.0,1.0,11,0,27,285292,0,4,4,11125
recursive,4,4096,0.0,0.0,0.0,1.0,11,0,28,311041,0,4,4,33166
recursive,4,4096,0.0,0.0,0.0,1.0,11,0,29,303459,0,4,4,33376
recursive,4,4096,0.0,0.0,0.0,1.0,11,0,30,310792,0,4,4,32959
recursive,4,4096,0.0,0.0,0.0,1.0,11,0,31,295292,0,4,4,27625
recursive,4,4096,0.0,0.0,0.0,1.0,11,0,32,289375,0,4,4,20584
recursive,4,4096,0.0,0.0,0.0,1.0,11,0,33,322958,0,4,4,18708
recursive,4,4096,0.0,0.0,0.0,1.0,11,0,34,289917,0,4,4,34375
recursive,4,4096,0.0,0.0,0.0,1.0,11,0,35,293416,0,4,4,37250
recursive,4,4096,0.0,0.0,0.0,1.0,11,0,36,300292,0,4,4,33042
recursive,4,4096,0.0,0.0,0.0,1.0,11,0,37,303750,0,4,4,41958
recursive,4,4096,0.0,0.0,0.0,1.0,11,0,38,323500,0,4,4,22250
recursive,4,4096,0.0,0.0,0.0,1.0,11,0,39,280333,0,4,4,19208
ps,4,4096,0.0,0.0,0.0,1.0,11,0,0,193000,0,1,4,33959
ps,4,4096,0.0,0.0,0.0,1.0,11,0,1,198167,0,1,4,13042
ps,4,4096,0.0,0.0,0.0,1.0,11,0,2,193542,0,1,4,31501
ps,4,4096,0.0,0.0,0.0,1.0,11,0,3,233792,0,3,4,33000
ps,4,4096,0.0,0.0,0.0,1.0,11,0,4,191167,0,1,4,18500
ps,4,4096,0.0,0.0,0.0,1.0,11,0,5,188208,0,1,4,24875
ps,4,4096,0.0,0.0,0.0,1.0,11,0,6,215834,0,1,4,37917
ps,4,4096,0.0,0.0,0.0,1.0,11,0,7,199666,0,3,4,20374
ps,4,4096,0.0,0.0,0.0,1.0,11,0,8,194458,0,3,4,24708
ps,4,4096,0.0,0.0,0.0,1.0,11,0,9,172000,0,1,4,22750
ps,4,4096,0.0,0.0,0.0,1.0,11,0,10,193500,0,1,4,21417
ps,4,4096,0.0,0.0,0.0,1.0,11,0,11,206000,0,1,4,47208
ps,4,4096,0.0,0.0,0.0,1.0,11,0,12,217167,0,1,4,21125
ps,4,4096,0.0,0.0,0.0,1.0,11,0,13,193042,0,1,4,26292
ps,4,4096,0.0,0.0,0.0,1.0,11,0,14,206333,0,1,4,41125
ps,4,4096,0.0,0.0,0.0,1.0,11,0,15,198333,0,3,4,31749
ps,4,4096,0.0,0.0,0.0,1.0,11,0,16,218042,0,3,4,8834
ps,4,4096,0.0,0.0,0.0,1.0,11,0,17,202500,0,1,4,36542
ps,4,4096,0.0,0.0,0.0,1.0,11,0,18,205084,0,3,4,19126
ps,4,4096,0.0,0.0,0.0,1.0,11,0,19,198459,0,1,4,11293
ps,4,4096,0.0,0.0,0.0,1.0,11,0,20,192500,0,1,4,21583
ps,4,4096,0.0,0.0,0.0,1.0,11,0,21,206791,0,3,4,33333
ps,4,4096,0.0,0.0,0.0,1.0,11,0,22,194875,0,3,4,26542
ps,4,4096,0.0,0.0,0.0,1.0,11,0,23,211667,0,1,4,60625
ps,4,4096,0.0,0.0,0.0,1.0,11,0,24,195916,0,1,4,31375
ps,4,4096,0.0,0.0,0.0,1.0,11,0,25,182709,0,3,4,36917
ps,4,4096,0.0,0.0,0.0,1.0,11,0,26,228250,0,1,4,28709
ps,4,4096,0.0,0.0,0.0,1.0,11,0,27,195958,0,1,4,18000
ps,4,4096,0.0,0.0,0.0,1.0,11,0,28,195875,0,1,4,45667
ps,4,4096,0.0,0.0,0.0,1.0,11,0,29,190917,0,3,4,35417
ps,4,4096,0.0,0.0,0.0,1.0,11,0,30,203792,0,1,4,27125
ps,4,4096,0.0,0.0,0.0,1.0,11,0,31,182875,0,3,4,21292
ps,4,4096,0.0,0.0,0.0,1.0,11,0,32,179375,0,1,4,21958
ps,4,4096,0.0,0.0,0.0,1.0,11,0,33,194709,0,1,4,31417
ps,4,4096,0.0,0.0,0.0,1.0,11,0,34,171959,0,1,4,14334
ps,4,4096,0.0,0.0,0.0,1.0,11,0,35,175833,0,3,4,22333
ps,4,4096,0.0,0.0,0.0,1.0,11,0,36,173917,0,3,4,32875
ps,4,4096,0.0,0.0,0.0,1.0,11,0,37,186000,0,1,4,33750
ps,4,4096,0.0,0.0,0.0,1.0,11,0,38,180625,0,3,4,17167
ps,4,4096,0.0,0.0,0.0,1.0,11,0,39,169125,0,1,4,12292
ps,4,8388608,0.0,0.0,0.0,1.0,11,0,0,4458083,0,1,4,1423791
ps,4,8388608,0.0,0.0,0.0,1.0,11,0,1,4730333,0,1,4,1558458
ps,4,8388608,0.0,0.0,0.0,1.0,11,0,2,4975791,0,1,4,1351708
ps,4,8388608,0.0,0.0,0.0,1.0,11,0,3,4796958,0,3,4,1405458
ps,4,8388608,0.0,0.0,0.0,1.0,11,0,4,4810083,0,3,4,1504791
ps,4,8388608,0.0,0.0,0.0,1.0,11,0,5,4952917,0,1,4,1693001
ps,4,8388608,0.0,0.0,0.0,1.0,11,0,6,4902459,0,3,4,1488876
ps,4,8388608,0.0,0.0,0.0,1.0,11,0,7,4678333,0,1,4,1504250
ps,4,8388608,0.0,0.0,0.0,1.0,11,0,8,4440417,0,3,4,1467750
ps,4,8388608,0.0,0.0,0.0,1.0,11,0,9,4456584,0,3,4,1401251
ps,4,8388608,0.0,0.0,0.0,1.0,11,0,10,4634667,0,3,4,1469292
ps,4,8388608,0.0,0.0,0.0,1.0,11,0,11,4799083,0,1,4,1596708
ps,4,8388608,0.0,0.0,0.0,1.0,11,0,12,4733000,0,3,4,1447416
ps,4,8388608,0.0,0.0,0.0,1.0,11,0,13,5007041,0,1,4,1554499
ps,4,8388608,0.0,0.0,0.0,1.0,11,0,14,4826166,0,3,4,1537791
ps,4,8388608,0.0,0.0,0.0,1.0,11,0,15,4617583,0,3,4,1472833
ps,4,8388608,0.0,0.0,0.0,1.0,11,0,16,4827708,0,1,4,1549542
ps,4,8388608,0.0,0.0,0.0,1.0,11,0,17,4860750,0,1,4,1452250
ps,4,8388608,0.0,0.0,0.0,1.0,11,0,18,4792042,0,1,4,1604334
ps,4,8388608,0.0,0.0,0.0,1.0,11,0,19,4371625,0,1,4,1346708
ps,4,8388608,0.0,0.0,0.0,1.0,11,0,20,4587292,0,1,4,1326958
ps,4,8388608,0.0,0.0,0.0,1.0,11,0,21,4932292,0,3,4,1601500
ps,4,8388608,0.0,0.0,0.0,1.0,11,0,22,4687208,0,1,4,1521833
ps,4,8388608,0.0,0.0,0.0,1.0,11,0,23,4971375,0,3,4,1535959
ps,4,8388608,0.0,0.0,0.0,1.0,11,0,24,4598042,0,3,4,1368251
ps,4,8388608,0.0,0.0,0.0,1.0,11,0,25,4885583,0,1,4,1451792
ps,4,8388608,0.0,0.0,0.0,1.0,11,0,26,4722875,0,3,4,1488917
ps,4,8388608,0.0,0.0,0.0,1.0,11,0,27,4420833,0,3,4,1315875
ps,4,8388608,0.0,0.0,0.0,1.0,11,0,28,4842875,0,3,4,1432583
ps,4,8388608,0.0,0.0,0.0,1.0,11,0,29,4765375,0,1,4,1503375
ps,4,8388608,0.0,0.0,0.0,1.0,11,0,30,4818583,0,1,4,1388125
ps,4,8388608,0.0,0.0,0.0,1.0,11,0,31,4602208,0,1,4,1375791
ps,4,8388608,0.0,0.0,0.0,1.0,11,0,32,4667584,0,1,4,1518584
ps,4,8388608,0.0,0.0,0.0,1.0,11,0,33,4474792,0,1,4,1394792
ps,4,8388608,0.0,0.0,0.0,1.0,11,0,34,4638458,0,1,4,1455125
ps,4,8388608,0.0,0.0,0.0,1.0,11,0,35,4840666,0,1,4,1554332
ps,4,8388608,0.0,0.0,0.0,1.0,11,0,36,4631416,0,1,4,1529166
ps,4,8388608,0.0,0.0,0.0,1.0,11,0,37,4878209,0,1,4,1599417
ps,4,8388608,0.0,0.0,0.0,1.0,11,0,38,4536208,0,3,4,1376750
ps,4,8388608,0.0,0.0,0.0,1.0,11,0,39,4907417,0,3,4,1677042
ps,4,65536,0.0,0.0,0.0,1.0,11,1,0,344541,0,1,4,68957
ps,4,65536,0.0,0.0,0.0,1.0,11,1,1,314375,0,1,4,64333
ps,4,65536,0.0,0.0,0.0,1.0,11,1,2,295542,0,1,4,40917
ps,4,65536,0.0,0.0,0.0,1.0,11,1,3,287750,0,1,4,15834
ps,4,65536,0.0,0.0,0.0,1.0,11,1,4,287667,0,1,4,22458
ps,4,65536,0.0,0.0,0.0,1.0,11,1,5,286958,0,1,4,32749
ps,4,65536,0.0,0.0,0.0,1.0,11,1,6,255625,0,1,4,35375
ps,4,65536,0.0,0.0,0.0,1.0,11,1,7,248125,0,1,4,29958
ps,4,65536,0.0,0.0,0.0,1.0,11,1,8,271583,0,1,4,35958
ps,4,65536,0.0,0.0,0.0,1.0,11,1,9,264416,0,1,4,26583
ps,4,65536,0.0,0.0,0.0,1.0,11,1,10,275792,0,1,4,33708
ps,4,65536,0.0,0.0,0.0,1.0,11,1,11,255125,0,1,4,16959
ps,4,65536,0.0,0.0,0.0,1.0,11,1,12,265209,0,1,4,28542
ps,4,65536,0.0,0.0,0.0,1.0,11,1,13,252958,0,1,4,31041
ps,4,65536,0.0,0.0,0.0,1.0,11,1,14,227666,0,1,4,14041
ps,4,65536,0.0,0.0,0.0,1.0,11,1,15,249042,0,1,4,20500
ps,4,65536,0.0,0.0,0.0,1.0,11,1,16,278375,0,1,4,29041
ps,4,65536,0.0,0.0,0.0,1.0,11,1,17,288541,0,1,4,25208
ps,4,65536,0.0,0.0,0.0,1.0,11,1,18,249042,0,1,4,18917
ps,4,65536,0.0,0.0,0.0,1.0,11,1,19,281166,0,1,4,16708
ps,4,65536,0.0,0.0,0.0,1.0,11,1,20,270958,0,1,4,35249
ps,4,65536,0.0,0.0,0.0,1.0,11,1,21,283125,0,1,4,34334
ps,4,65536,0.0,0.0,0.0,1.0,11,1,22,259500,0,1,4,14292
ps,4,65536,0.0,0.0,0.0,1.0,11,1,23,278333,0,1,4,30124
ps,4,65536,0.0,0.0,0.0,1.0,11,1,24,306375,0,1,4,12792
ps,4,65536,0.0,0.0,0.0,1.0,11,1,25,338583,0,1,4,29000
ps,4,65536,0.0,0.0,0.0,1.0,11,1,26,294459,0,3,4,12667
ps,4,65536,0.0,0.0,0.0,1.0,11,1,27,291167,0,1,4,24500
ps,4,65536,0.0,0.0,0.0,1.0,11,1,28,288416,0,1,4,26916
ps,4,65536,0.0,0.0,0.0,1.0,11,1,29,318792,0,1,4,21251
ps,4,65536,0.0,0.0,0.0,1.0,11,1,30,325250,0,1,4,29166
ps,4,65536,0.0,0.0,0.0,1.0,11,1,31,309750,0,1,4,31917
ps,4,65536,0.0,0.0,0.0,1.0,11,1,32,293708,0,1,4,31833
ps,4,65536,0.0,0.0,0.0,1.0,11,1,33,337916,0,1,4,34874
ps,4,65536,0.0,0.0,0.0,1.0,11,1,34,304166,0,1,4,12708
ps,4,65536,0.0,0.0,0.0,1.0,11,1,35,295000,0,1,4,24959
ps,4,65536,0.0,0.0,0.0,1.0,11,1,36,308208,0,1,4,18292
ps,4,65536,0.0,0.0,0.0,1.0,11,1,37,323500,0,1,4,28250
ps,4,65536,0.0,0.0,0.0,1.0,11,1,38,335500,0,1,4,36083
ps,4,65536,0.0,0.0,0.0,1.0,11,1,39,311000,0,1,4,16916
ring,4,4096,0.0,0.0,0.0,1.0,11,1,0,568625,0,6,4,39042
ring,4,4096,0.0,0.0,0.0,1.0,11,1,1,546709,0,6,4,35584
ring,4,4096,0.0,0.0,0.0,1.0,11,1,2,525125,0,6,4,13375
ring,4,4096,0.0,0.0,0.0,1.0,11,1,3,572417,0,6,4,60958
ring,4,4096,0.0,0.0,0.0,1.0,11,1,4,556208,0,6,4,31042
ring,4,4096,0.0,0.0,0.0,1.0,11,1,5,562500,0,6,4,35666
ring,4,4096,0.0,0.0,0.0,1.0,11,1,6,565500,0,6,4,4917
ring,4,4096,0.0,0.0,0.0,1.0,11,1,7,563334,0,6,4,28459
ring,4,4096,0.0,0.0,0.0,1.0,11,1,8,571958,0,6,4,27750
ring,4,4096,0.0,0.0,0.0,1.0,11,1,9,543541,0,6,4,19332
ring,4,4096,0.0,0.0,0.0,1.0,11,1,10,579791,0,6,4,35208
ring,4,4096,0.0,0.0,0.0,1.0,11,1,11,606667,0,6,4,30250
ring,4,4096,0.0,0.0,0.0,1.0,11,1,12,557208,0,6,4,31750
ring,4,4096,0.0,0.0,0.0,1.0,11,1,13,467250,0,6,4,47834
ring,4,4096,0.0,0.0,0.0,1.0,11,1,14,475084,0,6,4,48959
ring,4,4096,0.0,0.0,0.0,1.0,11,1,15,473916,0,6,4,42999
ring,4,4096,0.0,0.0,0.0,1.0,11,1,16,447167,0,6,4,24959
ring,4,4096,0.0,0.0,0.0,1.0,11,1,17,439166,0,6,4,24791
ring,4,4096,0.0,0.0,0.0,1.0,11,1,18,421917,0,6,4,5417
ring,4,4096,0.0,0.0,0.0,1.0,11,1,19,445333,0,6,4,38417
ring,4,4096,0.0,0.0,0.0,1.0,11,1,20,450750,0,6,4,28125
ring,4,4096,0.0,0.0,0.0,1.0,11,1,21,443084,0,6,4,23334
ring,4,4096,0.0,0.0,0.0,1.0,11,1,22,414541,0,6,4,19708
ring,4,4096,0.0,0.0,0.0,1.0,11,1,23,428042,0,6,4,19042
ring,4,4096,0.0,0.0,0.0,1.0,11,1,24,443917,0,6,4,45417
ring,4,4096,0.0,0.0,0.0,1.0,11,1,25,559416,0,6,4,32624
ring,4,4096,0.0,0.0,0.0,1.0,11,1,26,455792,0,6,4,27625
ring,4,4096,0.0,0.0,0.0,1.0,11,1,27,435333,0,6,4,25708
ring,4,4096,0.0,0.0,0.0,1.0,11,1,28,456042,0,6,4,33667
ring,4,4096,0.0,0.0,0.0,1.0,11,1,29,431500,0,6,4,22625
ring,4,4096,0.0,0.0,0.0,1.0,11,1,30,448292,0,6,4,23042
ring,4,4096,0.0,0.0,0.0,1.0,11,1,31,449750,0,6,4,25041
ring,4,4096,0.0,0.0,0.0,1.0,11,1,32,387167,0,6,4,20333
ring,4,4096,0.0,0.0,0.0,1.0,11,1,33,429208,0,6,4,16250
ring,4,4096,0.0,0.0,0.0,1.0,11,1,34,419333,0,6,4,20291
ring,4,4096,0.0,0.0,0.0,1.0,11,1,35,455167,0,6,4,31917
ring,4,4096,0.0,0.0,0.0,1.0,11,1,36,406125,0,6,4,9125
ring,4,4096,0.0,0.0,0.0,1.0,11,1,37,436583,0,6,4,33625
ring,4,4096,0.0,0.0,0.0,1.0,11,1,38,431667,0,6,4,9667
ring,4,4096,0.0,0.0,0.0,1.0,11,1,39,417417,0,6,4,6667
ring,4,65536,0.0,0.0,0.0,1.0,11,1,0,435916,0,6,4,13499
ring,4,65536,0.0,0.0,0.0,1.0,11,1,1,486833,0,6,4,31875
ring,4,65536,0.0,0.0,0.0,1.0,11,1,2,468792,0,6,4,29292
ring,4,65536,0.0,0.0,0.0,1.0,11,1,3,453250,0,6,4,40291
ring,4,65536,0.0,0.0,0.0,1.0,11,1,4,447125,0,6,4,22667
ring,4,65536,0.0,0.0,0.0,1.0,11,1,5,451459,0,6,4,48251
ring,4,65536,0.0,0.0,0.0,1.0,11,1,6,454000,0,6,4,43917
ring,4,65536,0.0,0.0,0.0,1.0,11,1,7,450500,0,6,4,20709
ring,4,65536,0.0,0.0,0.0,1.0,11,1,8,439875,0,6,4,14958
ring,4,65536,0.0,0.0,0.0,1.0,11,1,9,460042,0,6,4,33917
ring,4,65536,0.0,0.0,0.0,1.0,11,1,10,433959,0,6,4,24542
ring,4,65536,0.0,0.0,0.0,1.0,11,1,11,424917,0,6,4,25250
ring,4,65536,0.0,0.0,0.0,1.0,11,1,12,457666,0,6,4,18249
ring,4,65536,0.0,0.0,0.0,1.0,11,1,13,498583,0,6,4,40458
ring,4,65536,0.0,0.0,0.0,1.0,11,1,14,445666,0,6,4,36291
ring,4,65536,0.0,0.0,0.0,1.0,11,1,15,440292,0,6,4,35167
ring,4,65536,0.0,0.0,0.0,1.0,11,1,16,448833,0,6,4,26833
ring,4,65536,0.0,0.0,0.0,1.0,11,1,17,471667,0,6,4,36292
ring,4,65536,0.0,0.0,0.0,1.0,11,1,18,453333,0,6,4,22667
ring,4,65536,0.0,0.0,0.0,1.0,11,1,19,467875,0,6,4,41458
ring,4,65536,0.0,0.0,0.0,1.0,11,1,20,446750,0,6,4,18458
ring,4,65536,0.0,0.0,0.0,1.0,11,1,21,421667,0,6,4,20376
ring,4,65536,0.0,0.0,0.0,1.0,11,1,22,466833,0,6,4,42500
ring,4,65536,0.0,0.0,0.0,1.0,11,1,23,458666,0,6,4,28333
ring,4,65536,0.0,0.0,0.0,1.0,11,1,24,437584,0,6,4,19459
ring,4,65536,0.0,0.0,0.0,1.0,11,1,25,451833,0,6,4,21792
ring,4,65536,0.0,0.0,0.0,1.0,11,1,26,492417,0,6,4,37667
ring,4,65536,0.0,0.0,0.0,1.0,11,1,27,452333,0,6,4,39874
ring,4,65536,0.0,0.0,0.0,1.0,11,1,28,469500,0,6,4,44792
ring,4,65536,0.0,0.0,0.0,1.0,11,1,29,428458,0,6,4,10291
ring,4,65536,0.0,0.0,0.0,1.0,11,1,30,461292,0,6,4,20500
ring,4,65536,0.0,0.0,0.0,1.0,11,1,31,449125,0,6,4,12708
ring,4,65536,0.0,0.0,0.0,1.0,11,1,32,473875,0,6,4,43958
ring,4,65536,0.0,0.0,0.0,1.0,11,1,33,483875,0,6,4,44167
ring,4,65536,0.0,0.0,0.0,1.0,11,1,34,419083,0,6,4,15791
ring,4,65536,0.0,0.0,0.0,1.0,11,1,35,430417,0,6,4,9334
ring,4,65536,0.0,0.0,0.0,1.0,11,1,36,457084,0,6,4,5417
ring,4,65536,0.0,0.0,0.0,1.0,11,1,37,449875,0,6,4,27084
ring,4,65536,0.0,0.0,0.0,1.0,11,1,38,466750,0,6,4,23292
ring,4,65536,0.0,0.0,0.0,1.0,11,1,39,418750,0,6,4,21291
ring,4,8388608,0.0,0.0,0.0,1.0,11,1,0,3822750,0,6,4,102375
ring,4,8388608,0.0,0.0,0.0,1.0,11,1,1,3393667,0,6,4,64542
ring,4,8388608,0.0,0.0,0.0,1.0,11,1,2,3502625,0,6,4,196459
ring,4,8388608,0.0,0.0,0.0,1.0,11,1,3,3580750,0,6,4,161375
ring,4,8388608,0.0,0.0,0.0,1.0,11,1,4,3797375,0,6,4,436750
ring,4,8388608,0.0,0.0,0.0,1.0,11,1,5,3554958,0,6,4,208542
ring,4,8388608,0.0,0.0,0.0,1.0,11,1,6,3512625,0,6,4,182041
ring,4,8388608,0.0,0.0,0.0,1.0,11,1,7,3704375,0,6,4,257041
ring,4,8388608,0.0,0.0,0.0,1.0,11,1,8,4014333,0,6,4,284124
ring,4,8388608,0.0,0.0,0.0,1.0,11,1,9,4041834,0,6,4,212959
ring,4,8388608,0.0,0.0,0.0,1.0,11,1,10,3977792,0,6,4,159875
ring,4,8388608,0.0,0.0,0.0,1.0,11,1,11,3702708,0,6,4,185416
ring,4,8388608,0.0,0.0,0.0,1.0,11,1,12,3573833,0,6,4,163374
ring,4,8388608,0.0,0.0,0.0,1.0,11,1,13,3755167,0,6,4,232667
ring,4,8388608,0.0,0.0,0.0,1.0,11,1,14,3541333,0,6,4,161000
ring,4,8388608,0.0,0.0,0.0,1.0,11,1,15,3861750,0,6,4,291083
ring,4,8388608,0.0,0.0,0.0,1.0,11,1,16,3860167,0,6,4,113709
ring,4,8388608,0.0,0.0,0.0,1.0,11,1,17,3795875,0,6,4,270333
ring,4,8388608,0.0,0.0,0.0,1.0,11,1,18,3665625,0,6,4,145291
ring,4,8388608,0.0,0.0,0.0,1.0,11,1,19,3858000,0,6,4,226708
ring,4,8388608,0.0,0.0,0.0,1.0,11,1,20,4035292,0,6,4,307083
ring,4,8388608,0.0,0.0,0.0,1.0,11,1,21,3684125,0,6,4,55542
ring,4,8388608,0.0,0.0,0.0,1.0,11,1,22,3414083,0,6,4,54124
ring,4,8388608,0.0,0.0,0.0,1.0,11,1,23,3602167,0,6,4,335167
ring,4,8388608,0.0,0.0,0.0,1.0,11,1,24,3601792,0,6,4,222626
ring,4,8388608,0.0,0.0,0.0,1.0,11,1,25,3854458,0,6,4,259375
ring,4,8388608,0.0,0.0,0.0,1.0,11,1,26,3763125,0,6,4,223291
ring,4,8388608,0.0,0.0,0.0,1.0,11,1,27,3965125,0,6,4,304667
ring,4,8388608,0.0,0.0,0.0,1.0,11,1,28,3761583,0,6,4,194666
ring,4,8388608,0.0,0.0,0.0,1.0,11,1,29,3952750,0,6,4,240333
ring,4,8388608,0.0,0.0,0.0,1.0,11,1,30,3909833,0,6,4,234500
ring,4,8388608,0.0,0.0,0.0,1.0,11,1,31,4038666,0,6,4,244749
ring,4,8388608,0.0,0.0,0.0,1.0,11,1,32,4149042,0,6,4,194833
ring,4,8388608,0.0,0.0,0.0,1.0,11,1,33,3715000,0,6,4,128750
ring,4,8388608,0.0,0.0,0.0,1.0,11,1,34,3914667,0,6,4,202542
ring,4,8388608,0.0,0.0,0.0,1.0,11,1,35,3979583,0,6,4,309916
ring,4,8388608,0.0,0.0,0.0,1.0,11,1,36,3589959,0,6,4,47042
ring,4,8388608,0.0,0.0,0.0,1.0,11,1,37,3988750,0,6,4,240708
ring,4,8388608,0.0,0.0,0.0,1.0,11,1,38,4259541,0,6,4,292916
ring,4,8388608,0.0,0.0,0.0,1.0,11,1,39,3351250,0,6,4,58125
ring,4,1048576,0.0,0.0,0.0,1.0,11,1,0,1250792,0,6,4,101959
ring,4,1048576,0.0,0.0,0.0,1.0,11,1,1,1285167,0,6,4,90209
ring,4,1048576,0.0,0.0,0.0,1.0,11,1,2,1166209,0,6,4,89918
ring,4,1048576,0.0,0.0,0.0,1.0,11,1,3,1208625,0,6,4,32709
ring,4,1048576,0.0,0.0,0.0,1.0,11,1,4,1227667,0,6,4,53584
ring,4,1048576,0.0,0.0,0.0,1.0,11,1,5,1276917,0,6,4,96750
ring,4,1048576,0.0,0.0,0.0,1.0,11,1,6,1309750,0,6,4,88709
ring,4,1048576,0.0,0.0,0.0,1.0,11,1,7,1281125,0,6,4,42959
ring,4,1048576,0.0,0.0,0.0,1.0,11,1,8,1244208,0,6,4,125792
ring,4,1048576,0.0,0.0,0.0,1.0,11,1,9,1274958,0,6,4,104666
ring,4,1048576,0.0,0.0,0.0,1.0,11,1,10,1376750,0,6,4,71625
ring,4,1048576,0.0,0.0,0.0,1.0,11,1,11,1275166,0,6,4,32166
ring,4,1048576,0.0,0.0,0.0,1.0,11,1,12,1202458,0,6,4,54458
ring,4,1048576,0.0,0.0,0.0,1.0,11,1,13,1169584,0,6,4,83876
ring,4,1048576,0.0,0.0,0.0,1.0,11,1,14,1281500,0,6,4,83958
ring,4,1048576,0.0,0.0,0.0,1.0,11,1,15,1260750,0,6,4,100208
ring,4,1048576,0.0,0.0,0.0,1.0,11,1,16,1170750,0,6,4,44291
ring,4,1048576,0.0,0.0,0.0,1.0,11,1,17,1229875,0,6,4,74792
ring,4,1048576,0.0,0.0,0.0,1.0,11,1,18,1366458,0,6,4,142499
ring,4,1048576,0.0,0.0,0.0,1.0,11,1,19,1105625,0,6,4,34917
ring,4,1048576,0.0,0.0,0.0,1.0,11,1,20,1236083,0,6,4,25958
ring,4,1048576,0.0,0.0,0.0,1.0,11,1,21,1252708,0,6,4,22583
ring,4,1048576,0.0,0.0,0.0,1.0,11,1,22,1219209,0,6,4,42626
ring,4,1048576,0.0,0.0,0.0,1.0,11,1,23,1240208,0,6,4,108791
ring,4,1048576,0.0,0.0,0.0,1.0,11,1,24,1142208,0,6,4,21083
ring,4,1048576,0.0,0.0,0.0,1.0,11,1,25,1236875,0,6,4,55375
ring,4,1048576,0.0,0.0,0.0,1.0,11,1,26,1224458,0,6,4,101500
ring,4,1048576,0.0,0.0,0.0,1.0,11,1,27,1235125,0,6,4,88292
ring,4,1048576,0.0,0.0,0.0,1.0,11,1,28,1091375,0,6,4,54333
ring,4,1048576,0.0,0.0,0.0,1.0,11,1,29,1278333,0,6,4,81958
ring,4,1048576,0.0,0.0,0.0,1.0,11,1,30,1209833,0,6,4,54750
ring,4,1048576,0.0,0.0,0.0,1.0,11,1,31,1255417,0,6,4,15334
ring,4,1048576,0.0,0.0,0.0,1.0,11,1,32,1268583,0,6,4,149541
ring,4,1048576,0.0,0.0,0.0,1.0,11,1,33,1260625,0,6,4,70459
ring,4,1048576,0.0,0.0,0.0,1.0,11,1,34,1251083,0,6,4,95667
ring,4,1048576,0.0,0.0,0.0,1.0,11,1,35,1242125,0,6,4,48000
ring,4,1048576,0.0,0.0,0.0,1.0,11,1,36,1209667,0,6,4,88042
ring,4,1048576,0.0,0.0,0.0,1.0,11,1,37,1130417,0,6,4,82125
ring,4,1048576,0.0,0.0,0.0,1.0,11,1,38,1230167,0,6,4,94500
ring,4,1048576,0.0,0.0,0.0,1.0,11,1,39,1226500,0,6,4,36041
ps,4,8388608,0.0,0.0,0.0,1.0,11,1,0,4374417,0,1,4,1431667
ps,4,8388608,0.0,0.0,0.0,1.0,11,1,1,4953833,0,1,4,1540000
ps,4,8388608,0.0,0.0,0.0,1.0,11,1,2,4526541,0,1,4,1342708
ps,4,8388608,0.0,0.0,0.0,1.0,11,1,3,5321250,0,1,4,1558667
ps,4,8388608,0.0,0.0,0.0,1.0,11,1,4,4503625,0,1,4,1507000
ps,4,8388608,0.0,0.0,0.0,1.0,11,1,5,4488625,0,1,4,1464917
ps,4,8388608,0.0,0.0,0.0,1.0,11,1,6,4589959,0,1,4,1642626
ps,4,8388608,0.0,0.0,0.0,1.0,11,1,7,4507583,0,3,4,1291083
ps,4,8388608,0.0,0.0,0.0,1.0,11,1,8,4450166,0,1,4,1491874
ps,4,8388608,0.0,0.0,0.0,1.0,11,1,9,4733916,0,3,4,1462874
ps,4,8388608,0.0,0.0,0.0,1.0,11,1,10,4530292,0,1,4,1597375
ps,4,8388608,0.0,0.0,0.0,1.0,11,1,11,4480708,0,3,4,1238999
ps,4,8388608,0.0,0.0,0.0,1.0,11,1,12,4951125,0,1,4,1382167
ps,4,8388608,0.0,0.0,0.0,1.0,11,1,13,4588792,0,1,4,1355459
ps,4,8388608,0.0,0.0,0.0,1.0,11,1,14,4847959,0,1,4,1574668
ps,4,8388608,0.0,0.0,0.0,1.0,11,1,15,4238625,0,3,4,1279708
ps,4,8388608,0.0,0.0,0.0,1.0,11,1,16,4449708,0,1,4,1375083
ps,4,8388608,0.0,0.0,0.0,1.0,11,1,17,4803625,0,1,4,1374792
ps,4,8388608,0.0,0.0,0.0,1.0,11,1,18,4236125,0,3,4,1236167
ps,4,8388608,0.0,0.0,0.0,1.0,11,1,19,4566167,0,3,4,1373542
ps,4,8388608,0.0,0.0,0.0,1.0,11,1,20,4569250,0,1,4,1493500
ps,4,8388608,0.0,0.0,0.0,1.0,11,1,21,4395000,0,1,4,1382834
ps,4,8388608,0.0,0.0,0.0,1.0,11,1,22,4094459,0,1,4,1194376
ps,4,8388608,0.0,0.0,0.0,1.0,11,1,23,4425084,0,1,4,1482459
ps,4,8388608,0.0,0.0,0.0,1.0,11,1,24,4539625,0,1,4,1373458
ps,4,8388608,0.0,0.0,0.0,1.0,11,1,25,4935334,0,1,4,1350709
ps,4,8388608,0.0,0.0,0.0,1.0,11,1,26,4394542,0,1,4,1476084
ps,4,8388608,0.0,0.0,0.0,1.0,11,1,27,4121959,0,3,4,1292543
ps,4,8388608,0.0,0.0,0.0,1.0,11,1,28,4301458,0,1,4,1360250
ps,4,8388608,0.0,0.0,0.0,1.0,11,1,29,4588708,0,1,4,1449416
ps,4,8388608,0.0,0.0,0.0,1.0,11,1,30,4860125,0,1,4,1376083
ps,4,8388608,0.0,0.0,0.0,1.0,11,1,31,4805958,0,1,4,1557041
ps,4,8388608,0.0,0.0,0.0,1.0,11,1,32,4484500,0,1,4,1553750
ps,4,8388608,0.0,0.0,0.0,1.0,11,1,33,4501041,0,3,4,1311291
ps,4,8388608,0.0,0.0,0.0,1.0,11,1,34,4540709,0,1,4,1295917
ps,4,8388608,0.0,0.0,0.0,1.0,11,1,35,4239250,0,1,4,1292791
ps,4,8388608,0.0,0.0,0.0,1.0,11,1,36,5145916,0,1,4,1604458
ps,4,8388608,0.0,0.0,0.0,1.0,11,1,37,4228542,0,1,4,1290667
ps,4,8388608,0.0,0.0,0.0,1.0,11,1,38,4681667,0,1,4,1561875
ps,4,8388608,0.0,0.0,0.0,1.0,11,1,39,4831708,0,1,4,1605624
recursive,4,8388608,0.0,0.0,0.0,1.0,11,1,0,4322541,0,4,4,449250
recursive,4,8388608,0.0,0.0,0.0,1.0,11,1,1,4081083,0,4,4,336250
recursive,4,8388608,0.0,0.0,0.0,1.0,11,1,2,4041916,0,4,4,436791
recursive,4,8388608,0.0,0.0,0.0,1.0,11,1,3,4234125,0,4,4,567084
recursive,4,8388608,0.0,0.0,0.0,1.0,11,1,4,4371708,0,4,4,444749
recursive,4,8388608,0.0,0.0,0.0,1.0,11,1,5,4113542,0,4,4,239876
recursive,4,8388608,0.0,0.0,0.0,1.0,11,1,6,4661583,0,4,4,466499
recursive,4,8388608,0.0,0.0,0.0,1.0,11,1,7,4283292,0,4,4,439500
recursive,4,8388608,0.0,0.0,0.0,1.0,11,1,8,4074667,0,4,4,378125
recursive,4,8388608,0.0,0.0,0.0,1.0,11,1,9,4178208,0,4,4,284583
recursive,4,8388608,0.0,0.0,0.0,1.0,11,1,10,3832375,0,4,4,288333
recursive,4,8388608,0.0,0.0,0.0,1.0,11,1,11,4174583,0,4,4,300041
recursive,4,8388608,0.0,0.0,0.0,1.0,11,1,12,4315750,0,4,4,462042
recursive,4,8388608,0.0,0.0,0.0,1.0,11,1,13,4170750,0,4,4,520125
recursive,4,8388608,0.0,0.0,0.0,1.0,11,1,14,4357375,0,4,4,463291
recursive,4,8388608,0.0,0.0,0.0,1.0,11,1,15,4052125,0,4,4,312709
recursive,4,8388608,0.0,0.0,0.0,1.0,11,1,16,4388916,0,4,4,406875
recursive,4,8388608,0.0,0.0,0.0,1.0,11,1,17,4151292,0,4,4,295875
recursive,4,8388608,0.0,0.0,0.0,1.0,11,1,18,4497291,0,4,4,496957
recursive,4,8388608,0.0,0.0,0.0,1.0,11,1,19,4478958,0,4,4,449874
recursive,4,8388608,0.0,0.0,0.0,1.0,11,1,20,3970750,0,4,4,278417
recursive,4,8388608,0.0,0.0,0.0,1.0,11,1,21,4313041,0,4,4,272333
recursive,4,8388608,0.0,0.0,0.0,1.0,11,1,22,4299334,0,4,4,283418
recursive,4,8388608,0.0,0.0,0.0,1.0,11,1,23,4190042,0,4,4,462334
recursive,4,8388608,0.0,0.0,0.0,1.0,11,1,24,4140250,0,4,4,306125
recursive,4,8388608,0.0,0.0,0.0,1.0,11,1,25,4597000,0,4,4,506375
recursive,4,8388608,0.0,0.0,0.0,1.0,11,1,26,3973458,0,4,4,321291
recursive,4,8388608,0.0,0.0,0.0,1.0,11,1,27,4239000,0,4,4,598000
recursive,4,8388608,0.0,0.0,0.0,1.0,11,1,28,4016334,0,4,4,259042
recursive,4,8388608,0.0,0.0,0.0,1.0,11,1,29,4265042,0,4,4,143417
recursive,4,8388608,0.0,0.0,0.0,1.0,11,1,30,4066667,0,4,4,609375
recursive,4,8388608,0.0,0.0,0.0,1.0,11,1,31,4247459,0,4,4,370293
recursive,4,8388608,0.0,0.0,0.0,1.0,11,1,32,4315625,0,4,4,434250
recursive,4,8388608,0.0,0.0,0.0,1.0,11,1,33,4323292,0,4,4,245000
recursive,4,8388608,0.0,0.0,0.0,1.0,11,1,34,4409292,0,4,4,480875
recursive,4,8388608,0.0,0.0,0.0,1.0,11,1,35,4588583,0,4,4,548958
recursive,4,8388608,0.0,0.0,0.0,1.0,11,1,36,4303625,0,4,4,297625
recursive,4,8388608,0.0,0.0,0.0,1.0,11,1,37,4331291,0,4,4,552791
recursive,4,8388608,0.0,0.0,0.0,1.0,11,1,38,4532792,0,4,4,476833
recursive,4,8388608,0.0,0.0,0.0,1.0,11,1,39,4083375,0,4,4,233042
recursive,4,1048576,0.0,0.0,0.0,1.0,11,1,0,980041,0,4,4,97499
recursive,4,1048576,0.0,0.0,0.0,1.0,11,1,1,1060667,0,4,4,143792
recursive,4,1048576,0.0,0.0,0.0,1.0,11,1,2,1001500,0,4,4,122333
recursive,4,1048576,0.0,0.0,0.0,1.0,11,1,3,1028000,0,4,4,120292
recursive,4,1048576,0.0,0.0,0.0,1.0,11,1,4,951666,0,4,4,134833
recursive,4,1048576,0.0,0.0,0.0,1.0,11,1,5,1003833,0,4,4,72792
recursive,4,1048576,0.0,0.0,0.0,1.0,11,1,6,1042125,0,4,4,83125
recursive,4,1048576,0.0,0.0,0.0,1.0,11,1,7,1035958,0,4,4,137916
recursive,4,1048576,0.0,0.0,0.0,1.0,11,1,8,920166,0,4,4,46499
recursive,4,1048576,0.0,0.0,0.0,1.0,11,1,9,1015500,0,4,4,151625
recursive,4,1048576,0.0,0.0,0.0,1.0,11,1,10,1024959,0,4,4,134459
recursive,4,1048576,0.0,0.0,0.0,1.0,11,1,11,1043750,0,4,4,163500
recursive,4,1048576,0.0,0.0,0.0,1.0,11,1,12,1005458,0,4,4,100708
recursive,4,1048576,0.0,0.0,0.0,1.0,11,1,13,959916,0,4,4,105166
recursive,4,1048576,0.0,0.0,0.0,1.0,11,1,14,1022750,0,4,4,66792
recursive,4,1048576,0.0,0.0,0.0,1.0,11,1,15,945834,0,4,4,57126
recursive,4,1048576,0.0,0.0,0.0,1.0,11,1,16,1025167,0,4,4,154167
recursive,4,1048576,0.0,0.0,0.0,1.0,11,1,17,940834,0,4,4,122793
recursive,4,1048576,0.0,0.0,0.0,1.0,11,1,18,991666,0,4,4,127124
recursive,4,1048576,0.0,0.0,0.0,1.0,11,1,19,962334,0,4,4,115709
recursive,4,1048576,0.0,0.0,0.0,1.0,11,1,20,1013916,0,4,4,113832
recursive,4,1048576,0.0,0.0,0.0,1.0,11,1,21,1026541,0,4,4,153457
recursive,4,1048576,0.0,0.0,0.0,1.0,11,1,22,992834,0,4,4,35418
recursive,4,1048576,0.0,0.0,0.0,1.0,11,1,23,1068542,0,4,4,82833
recursive,4,1048576,0.0,0.0,0.0,1.0,11,1,24,1056084,0,4,4,91293
recursive,4,1048576,0.0,0.0,0.0,1.0,11,1,25,988750,0,4,4,128125
recursive,4,1048576,0.0,0.0,0.0,1.0,11,1,26,967042,0,4,4,95792
recursive,4,1048576,0.0,0.0,0.0,1.0,11,1,27,1008875,0,4,4,62125
recursive,4,1048576,0.0,0.0,0.0,1.0,11,1,28,949417,0,4,4,33084
recursive,4,1048576,0.0,0.0,0.0,1.0,11,1,29,1017625,0,4,4,107959
recursive,4,1048576,0.0,0.0,0.0,1.0,11,1,30,1007625,0,4,4,78666
recursive,4,1048576,0.0,0.0,0.0,1.0,11,1,31,1035291,0,4,4,132666
recursive,4,1048576,0.0,0.0,0.0,1.0,11,1,32,964041,0,4,4,51707
recursive,4,1048576,0.0,0.0,0.0,1.0,11,1,33,983708,0,4,4,154958
recursive,4,1048576,0.0,0.0,0.0,1.0,11,1,34,1138708,0,4,4,118791
recursive,4,1048576,0.0,0.0,0.0,1.0,11,1,35,1006084,0,4,4,159792
recursive,4,1048576,0.0,0.0,0.0,1.0,11,1,36,943750,0,4,4,126667
recursive,4,1048576,0.0,0.0,0.0,1.0,11,1,37,1026833,0,4,4,94874
recursive,4,1048576,0.0,0.0,0.0,1.0,11,1,38,1022625,0,4,4,119750
recursive,4,1048576,0.0,0.0,0.0,1.0,11,1,39,1009708,0,4,4,117166
ps,4,1048576,0.0,0.0,0.0,1.0,11,1,0,768875,0,1,4,173916
ps,4,1048576,0.0,0.0,0.0,1.0,11,1,1,701583,0,1,4,143666
ps,4,1048576,0.0,0.0,0.0,1.0,11,1,2,727583,0,1,4,127208
ps,4,1048576,0.0,0.0,0.0,1.0,11,1,3,710250,0,1,4,134542
ps,4,1048576,0.0,0.0,0.0,1.0,11,1,4,725709,0,1,4,157876
ps,4,1048576,0.0,0.0,0.0,1.0,11,1,5,779833,0,1,4,159667
ps,4,1048576,0.0,0.0,0.0,1.0,11,1,6,743834,0,1,4,109418
ps,4,1048576,0.0,0.0,0.0,1.0,11,1,7,704584,0,1,4,139751
ps,4,1048576,0.0,0.0,0.0,1.0,11,1,8,890334,0,1,4,146501
ps,4,1048576,0.0,0.0,0.0,1.0,11,1,9,661792,0,3,4,102334
ps,4,1048576,0.0,0.0,0.0,1.0,11,1,10,750625,0,3,4,132959
ps,4,1048576,0.0,0.0,0.0,1.0,11,1,11,775709,0,1,4,155334
ps,4,1048576,0.0,0.0,0.0,1.0,11,1,12,692333,0,1,4,115041
ps,4,1048576,0.0,0.0,0.0,1.0,11,1,13,675042,0,3,4,140500
ps,4,1048576,0.0,0.0,0.0,1.0,11,1,14,656833,0,1,4,124125
ps,4,1048576,0.0,0.0,0.0,1.0,11,1,15,784375,0,1,4,147208
ps,4,1048576,0.0,0.0,0.0,1.0,11,1,16,730125,0,1,4,160291
ps,4,1048576,0.0,0.0,0.0,1.0,11,1,17,796791,0,1,4,108708
ps,4,1048576,0.0,0.0,0.0,1.0,11,1,18,764625,0,1,4,125917
ps,4,1048576,0.0,0.0,0.0,1.0,11,1,19,785375,0,1,4,180792
ps,4,1048576,0.0,0.0,0.0,1.0,11,1,20,728333,0,1,4,163333
ps,4,1048576,0.0,0.0,0.0,1.0,11,1,21,768542,0,1,4,157125
ps,4,1048576,0.0,0.0,0.0,1.0,11,1,22,753917,0,1,4,145125
ps,4,1048576,0.0,0.0,0.0,1.0,11,1,23,811500,0,1,4,144083
ps,4,1048576,0.0,0.0,0.0,1.0,11,1,24,730959,0,1,4,136584
ps,4,1048576,0.0,0.0,0.0,1.0,11,1,25,784333,0,1,4,144208
ps,4,1048576,0.0,0.0,0.0,1.0,11,1,26,773042,0,1,4,205750
ps,4,1048576,0.0,0.0,0.0,1.0,11,1,27,669541,0,3,4,129249
ps,4,1048576,0.0,0.0,0.0,1.0,11,1,28,689958,0,1,4,136208
ps,4,1048576,0.0,0.0,0.0,1.0,11,1,29,686541,0,1,4,135916
ps,4,1048576,0.0,0.0,0.0,1.0,11,1,30,780917,0,1,4,149292
ps,4,1048576,0.0,0.0,0.0,1.0,11,1,31,693583,0,1,4,148958
ps,4,1048576,0.0,0.0,0.0,1.0,11,1,32,820125,0,1,4,195958
ps,4,1048576,0.0,0.0,0.0,1.0,11,1,33,775583,0,3,4,132166
ps,4,1048576,0.0,0.0,0.0,1.0,11,1,34,698000,0,1,4,116000
ps,4,1048576,0.0,0.0,0.0,1.0,11,1,35,793958,0,1,4,197083
ps,4,1048576,0.0,0.0,0.0,1.0,11,1,36,785625,0,1,4,184209
ps,4,1048576,0.0,0.0,0.0,1.0,11,1,37,755125,0,1,4,203000
ps,4,1048576,0.0,0.0,0.0,1.0,11,1,38,681250,0,3,4,130625
ps,4,1048576,0.0,0.0,0.0,1.0,11,1,39,683416,0,1,4,155791
ps,4,4096,0.0,0.0,0.0,1.0,11,1,0,203625,0,1,4,37125
ps,4,4096,0.0,0.0,0.0,1.0,11,1,1,180459,0,3,4,21834
ps,4,4096,0.0,0.0,0.0,1.0,11,1,2,192708,0,3,4,17041
ps,4,4096,0.0,0.0,0.0,1.0,11,1,3,232958,0,1,4,33416
ps,4,4096,0.0,0.0,0.0,1.0,11,1,4,198917,0,1,4,24458
ps,4,4096,0.0,0.0,0.0,1.0,11,1,5,188750,0,1,4,30625
ps,4,4096,0.0,0.0,0.0,1.0,11,1,6,186917,0,3,4,32417
ps,4,4096,0.0,0.0,0.0,1.0,11,1,7,219083,0,1,4,20375
ps,4,4096,0.0,0.0,0.0,1.0,11,1,8,202083,0,1,4,16708
ps,4,4096,0.0,0.0,0.0,1.0,11,1,9,199250,0,3,4,19166
ps,4,4096,0.0,0.0,0.0,1.0,11,1,10,251292,0,1,4,20667
ps,4,4096,0.0,0.0,0.0,1.0,11,1,11,220334,0,1,4,30917
ps,4,4096,0.0,0.0,0.0,1.0,11,1,12,208584,0,1,4,31334
ps,4,4096,0.0,0.0,0.0,1.0,11,1,13,198583,0,1,4,41000
ps,4,4096,0.0,0.0,0.0,1.0,11,1,14,173125,0,1,4,22166
ps,4,4096,0.0,0.0,0.0,1.0,11,1,15,187417,0,1,4,11375
ps,4,4096,0.0,0.0,0.0,1.0,11,1,16,180500,0,3,4,28584
ps,4,4096,0.0,0.0,0.0,1.0,11,1,17,161000,0,3,4,14292
ps,4,4096,0.0,0.0,0.0,1.0,11,1,18,200250,0,1,4,22167
ps,4,4096,0.0,0.0,0.0,1.0,11,1,19,190208,0,1,4,17625
ps,4,4096,0.0,0.0,0.0,1.0,11,1,20,180625,0,1,4,15000
ps,4,4096,0.0,0.0,0.0,1.0,11,1,21,177500,0,3,4,21042
ps,4,4096,0.0,0.0,0.0,1.0,11,1,22,215041,0,1,4,40208
ps,4,4096,0.0,0.0,0.0,1.0,11,1,23,210125,0,3,4,23917
ps,4,4096,0.0,0.0,0.0,1.0,11,1,24,173375,0,1,4,26333
ps,4,4096,0.0,0.0,0.0,1.0,11,1,25,240208,0,1,4,39500
ps,4,4096,0.0,0.0,0.0,1.0,11,1,26,193375,0,1,4,24750
ps,4,4096,0.0,0.0,0.0,1.0,11,1,27,187917,0,3,4,42000
ps,4,4096,0.0,0.0,0.0,1.0,11,1,28,216833,0,1,4,29708
ps,4,4096,0.0,0.0,0.0,1.0,11,1,29,222041,0,1,4,23124
ps,4,4096,0.0,0.0,0.0,1.0,11,1,30,194083,0,1,4,23375
ps,4,4096,0.0,0.0,0.0,1.0,11,1,31,195417,0,1,4,9917
ps,4,4096,0.0,0.0,0.0,1.0,11,1,32,211625,0,1,4,17459
ps,4,4096,0.0,0.0,0.0,1.0,11,1,33,208084,0,1,4,47334
ps,4,4096,0.0,0.0,0.0,1.0,11,1,34,179667,0,3,4,25792
ps,4,4096,0.0,0.0,0.0,1.0,11,1,35,184750,0,1,4,9375
ps,4,4096,0.0,0.0,0.0,1.0,11,1,36,176792,0,1,4,10250
ps,4,4096,0.0,0.0,0.0,1.0,11,1,37,210417,0,1,4,47542
ps,4,4096,0.0,0.0,0.0,1.0,11,1,38,191291,0,3,4,2499
ps,4,4096,0.0,0.0,0.0,1.0,11,1,39,199334,0,3,4,23584
recursive,4,65536,0.0,0.0,0.0,1.0,11,1,0,340875,0,4,4,27125
recursive,4,65536,0.0,0.0,0.0,1.0,11,1,1,326125,0,4,4,22625
recursive,4,65536,0.0,0.0,0.0,1.0,11,1,2,357959,0,4,4,24250
recursive,4,65536,0.0,0.0,0.0,1.0,11,1,3,319250,0,4,4,8125
recursive,4,65536,0.0,0.0,0.0,1.0,11,1,4,309875,0,4,4,12792
recursive,4,65536,0.0,0.0,0.0,1.0,11,1,5,315416,0,4,4,23000
recursive,4,65536,0.0,0.0,0.0,1.0,11,1,6,311541,0,4,4,29083
recursive,4,65536,0.0,0.0,0.0,1.0,11,1,7,318416,0,4,4,8624
recursive,4,65536,0.0,0.0,0.0,1.0,11,1,8,332583,0,4,4,26625
recursive,4,65536,0.0,0.0,0.0,1.0,11,1,9,336417,0,4,4,26292
recursive,4,65536,0.0,0.0,0.0,1.0,11,1,10,351209,0,4,4,24250
recursive,4,65536,0.0,0.0,0.0,1.0,11,1,11,379834,0,4,4,45834
recursive,4,65536,0.0,0.0,0.0,1.0,11,1,12,364000,0,4,4,13917
recursive,4,65536,0.0,0.0,0.0,1.0,11,1,13,336625,0,4,4,22125
recursive,4,65536,0.0,0.0,0.0,1.0,11,1,14,319417,0,4,4,13834
recursive,4,65536,0.0,0.0,0.0,1.0,11,1,15,376167,0,4,4,52709
recursive,4,65536,0.0,0.0,0.0,1.0,11,1,16,325958,0,4,4,23166
recursive,4,65536,0.0,0.0,0.0,1.0,11,1,17,321916,0,4,4,20166
recursive,4,65536,0.0,0.0,0.0,1.0,11,1,18,331250,0,4,4,24833
recursive,4,65536,0.0,0.0,0.0,1.0,11,1,19,305084,0,4,4,22959
recursive,4,65536,0.0,0.0,0.0,1.0,11,1,20,335833,0,4,4,9333
recursive,4,65536,0.0,0.0,0.0,1.0,11,1,21,369750,0,4,4,14916
recursive,4,65536,0.0,0.0,0.0,1.0,11,1,22,327125,0,4,4,19166
recursive,4,65536,0.0,0.0,0.0,1.0,11,1,23,328375,0,4,4,23292
recursive,4,65536,0.0,0.0,0.0,1.0,11,1,24,338291,0,4,4,34124
recursive,4,65536,0.0,0.0,0.0,1.0,11,1,25,324375,0,4,4,23250
recursive,4,65536,0.0,0.0,0.0,1.0,11,1,26,347250,0,4,4,25459
recursive,4,65536,0.0,0.0,0.0,1.0,11,1,27,310542,0,4,4,28542
recursive,4,65536,0.0,0.0,0.0,1.0,11,1,28,319375,0,4,4,21042
recursive,4,65536,0.0,0.0,0.0,1.0,11,1,29,311833,0,4,4,18875
recursive,4,65536,0.0,0.0,0.0,1.0,11,1,30,389209,0,4,4,32167
recursive,4,65536,0.0,0.0,0.0,1.0,11,1,31,311167,0,4,4,12750
recursive,4,65536,0.0,0.0,0.0,1.0,11,1,32,335250,0,4,4,18834
recursive,4,65536,0.0,0.0,0.0,1.0,11,1,33,321750,0,4,4,14958
recursive,4,65536,0.0,0.0,0.0,1.0,11,1,34,311125,0,4,4,20750
recursive,4,65536,0.0,0.0,0.0,1.0,11,1,35,330791,0,4,4,12374
recursive,4,65536,0.0,0.0,0.0,1.0,11,1,36,311500,0,4,4,36583
recursive,4,65536,0.0,0.0,0.0,1.0,11,1,37,325709,0,4,4,17500
recursive,4,65536,0.0,0.0,0.0,1.0,11,1,38,354250,0,4,4,18625
recursive,4,65536,0.0,0.0,0.0,1.0,11,1,39,326833,0,4,4,22041
recursive,4,4096,0.0,0.0,0.0,1.0,11,1,0,305208,0,4,4,31208
recursive,4,4096,0.0,0.0,0.0,1.0,11,1,1,269375,0,4,4,11209
recursive,4,4096,0.0,0.0,0.0,1.0,11,1,2,291125,0,4,4,21542
recursive,4,4096,0.0,0.0,0.0,1.0,11,1,3,318708,0,4,4,16583
recursive,4,4096,0.0,0.0,0.0,1.0,11,1,4,289417,0,4,4,11708
recursive,4,4096,0.0,0.0,0.0,1.0,11,1,5,295458,0,4,4,26708
recursive,4,4096,0.0,0.0,0.0,1.0,11,1,6,292583,0,4,4,36708
recursive,4,4096,0.0,0.0,0.0,1.0,11,1,7,319708,0,4,4,15875
recursive,4,4096,0.0,0.0,0.0,1.0,11,1,8,302500,0,4,4,26542
recursive,4,4096,0.0,0.0,0.0,1.0,11,1,9,279792,0,4,4,13834
recursive,4,4096,0.0,0.0,0.0,1.0,11,1,10,311125,0,4,4,18791
recursive,4,4096,0.0,0.0,0.0,1.0,11,1,11,277625,0,4,4,13416
recursive,4,4096,0.0,0.0,0.0,1.0,11,1,12,308875,0,4,4,26209
recursive,4,4096,0.0,0.0,0.0,1.0,11,1,13,307416,0,4,4,15583
recursive,4,4096,0.0,0.0,0.0,1.0,11,1,14,272250,0,4,4,6583
recursive,4,4096,0.0,0.0,0.0,1.0,11,1,15,333292,0,4,4,45042
recursive,4,4096,0.0,0.0,0.0,1.0,11,1,16,285458,0,4,4,10124
recursive,4,4096,0.0,0.0,0.0,1.0,11,1,17,272542,0,4,4,25084
recursive,4,4096,0.0,0.0,0.0,1.0,11,1,18,287000,0,4,4,8625
recursive,4,4096,0.0,0.0,0.0,1.0,11,1,19,350625,0,4,4,53083
recursive,4,4096,0.0,0.0,0.0,1.0,11,1,20,314000,0,4,4,11458
recursive,4,4096,0.0,0.0,0.0,1.0,11,1,21,284041,0,4,4,20874
recursive,4,4096,0.0,0.0,0.0,1.0,11,1,22,347875,0,4,4,47208
recursive,4,4096,0.0,0.0,0.0,1.0,11,1,23,291625,0,4,4,19667
recursive,4,4096,0.0,0.0,0.0,1.0,11,1,24,306541,0,4,4,35333
recursive,4,4096,0.0,0.0,0.0,1.0,11,1,25,303250,0,4,4,21500
recursive,4,4096,0.0,0.0,0.0,1.0,11,1,26,281042,0,4,4,19875
recursive,4,4096,0.0,0.0,0.0,1.0,11,1,27,276792,0,4,4,6458
recursive,4,4096,0.0,0.0,0.0,1.0,11,1,28,321791,0,4,4,26208
recursive,4,4096,0.0,0.0,0.0,1.0,11,1,29,288958,0,4,4,19125
recursive,4,4096,0.0,0.0,0.0,1.0,11,1,30,309042,0,4,4,49542
recursive,4,4096,0.0,0.0,0.0,1.0,11,1,31,285292,0,4,4,20209
recursive,4,4096,0.0,0.0,0.0,1.0,11,1,32,315416,0,4,4,12916
recursive,4,4096,0.0,0.0,0.0,1.0,11,1,33,310375,0,4,4,14666
recursive,4,4096,0.0,0.0,0.0,1.0,11,1,34,282500,0,4,4,18083
recursive,4,4096,0.0,0.0,0.0,1.0,11,1,35,295667,0,4,4,27876
recursive,4,4096,0.0,0.0,0.0,1.0,11,1,36,326292,0,4,4,25167
recursive,4,4096,0.0,0.0,0.0,1.0,11,1,37,294333,0,4,4,25458
recursive,4,4096,0.0,0.0,0.0,1.0,11,1,38,307083,0,4,4,33374
recursive,4,4096,0.0,0.0,0.0,1.0,11,1,39,307416,0,4,4,24832
ps,4,65536,0.0,0.0,0.0,1.0,11,2,0,362084,0,1,4,67125
ps,4,65536,0.0,0.0,0.0,1.0,11,2,1,351916,0,1,4,60999
ps,4,65536,0.0,0.0,0.0,1.0,11,2,2,282000,0,1,4,22916
ps,4,65536,0.0,0.0,0.0,1.0,11,2,3,274417,0,1,4,25584
ps,4,65536,0.0,0.0,0.0,1.0,11,2,4,280375,0,1,4,37667
ps,4,65536,0.0,0.0,0.0,1.0,11,2,5,290333,0,1,4,42541
ps,4,65536,0.0,0.0,0.0,1.0,11,2,6,248000,0,1,4,19000
ps,4,65536,0.0,0.0,0.0,1.0,11,2,7,240500,0,1,4,18084
ps,4,65536,0.0,0.0,0.0,1.0,11,2,8,271458,0,1,4,28958
ps,4,65536,0.0,0.0,0.0,1.0,11,2,9,259000,0,1,4,35417
ps,4,65536,0.0,0.0,0.0,1.0,11,2,10,262666,0,1,4,18333
ps,4,65536,0.0,0.0,0.0,1.0,11,2,11,283375,0,1,4,31417
ps,4,65536,0.0,0.0,0.0,1.0,11,2,12,271250,0,1,4,18583
ps,4,65536,0.0,0.0,0.0,1.0,11,2,13,291708,0,1,4,25083
ps,4,65536,0.0,0.0,0.0,1.0,11,2,14,252541,0,1,4,25666
ps,4,65536,0.0,0.0,0.0,1.0,11,2,15,256500,0,1,4,31167
ps,4,65536,0.0,0.0,0.0,1.0,11,2,16,273083,0,1,4,39083
ps,4,65536,0.0,0.0,0.0,1.0,11,2,17,250542,0,1,4,32625
ps,4,65536,0.0,0.0,0.0,1.0,11,2,18,272708,0,1,4,32083
ps,4,65536,0.0,0.0,0.0,1.0,11,2,19,273666,0,1,4,31624
ps,4,65536,0.0,0.0,0.0,1.0,11,2,20,269209,0,1,4,28584
ps,4,65536,0.0,0.0,0.0,1.0,11,2,21,285084,0,1,4,34834
ps,4,65536,0.0,0.0,0.0,1.0,11,2,22,247209,0,1,4,26125
ps,4,65536,0.0,0.0,0.0,1.0,11,2,23,250958,0,1,4,22249
ps,4,65536,0.0,0.0,0.0,1.0,11,2,24,234833,0,1,4,18416
ps,4,65536,0.0,0.0,0.0,1.0,11,2,25,270458,0,1,4,27874
ps,4,65536,0.0,0.0,0.0,1.0,11,2,26,278250,0,3,4,18542
ps,4,65536,0.0,0.0,0.0,1.0,11,2,27,327541,0,1,4,61208
ps,4,65536,0.0,0.0,0.0,1.0,11,2,28,311333,0,1,4,18625
ps,4,65536,0.0,0.0,0.0,1.0,11,2,29,306208,0,1,4,8792
ps,4,65536,0.0,0.0,0.0,1.0,11,2,30,335750,0,1,4,46542
ps,4,65536,0.0,0.0,0.0,1.0,11,2,31,297750,0,1,4,23625
ps,4,65536,0.0,0.0,0.0,1.0,11,2,32,289917,0,3,4,28459
ps,4,65536,0.0,0.0,0.0,1.0,11,2,33,337667,0,1,4,24209
ps,4,65536,0.0,0.0,0.0,1.0,11,2,34,338916,0,1,4,24624
ps,4,65536,0.0,0.0,0.0,1.0,11,2,35,295625,0,1,4,16000
ps,4,65536,0.0,0.0,0.0,1.0,11,2,36,288291,0,1,4,24999
ps,4,65536,0.0,0.0,0.0,1.0,11,2,37,300334,0,1,4,18543
ps,4,65536,0.0,0.0,0.0,1.0,11,2,38,315458,0,3,4,19167
ps,4,65536,0.0,0.0,0.0,1.0,11,2,39,316709,0,1,4,15626
ring,4,4096,0.0,0.0,0.0,1.0,11,2,0,569833,0,6,4,22625
ring,4,4096,0.0,0.0,0.0,1.0,11,2,1,560709,0,6,4,36626
ring,4,4096,0.0,0.0,0.0,1.0,11,2,2,571041,0,6,4,36124
ring,4,4096,0.0,0.0,0.0,1.0,11,2,3,538334,0,6,4,16875
ring,4,4096,0.0,0.0,0.0,1.0,11,2,4,572958,0,6,4,5917
ring,4,4096,0.0,0.0,0.0,1.0,11,2,5,575583,0,6,4,24375
ring,4,4096,0.0,0.0,0.0,1.0,11,2,6,589833,0,6,4,37416
ring,4,4096,0.0,0.0,0.0,1.0,11,2,7,600000,0,6,4,34917
ring,4,4096,0.0,0.0,0.0,1.0,11,2,8,490875,0,6,4,32625
ring,4,4096,0.0,0.0,0.0,1.0,11,2,9,499750,0,6,4,21375
ring,4,4096,0.0,0.0,0.0,1.0,11,2,10,517792,0,6,4,32459
ring,4,4096,0.0,0.0,0.0,1.0,11,2,11,509792,0,6,4,30917
ring,4,4096,0.0,0.0,0.0,1.0,11,2,12,506292,0,6,4,8376
ring,4,4096,0.0,0.0,0.0,1.0,11,2,13,533375,0,6,4,23667
ring,4,4096,0.0,0.0,0.0,1.0,11,2,14,488000,0,6,4,47167
ring,4,4096,0.0,0.0,0.0,1.0,11,2,15,380834,0,6,4,11417
ring,4,4096,0.0,0.0,0.0,1.0,11,2,16,403042,0,6,4,14083
ring,4,4096,0.0,0.0,0.0,1.0,11,2,17,401250,0,6,4,7042
ring,4,4096,0.0,0.0,0.0,1.0,11,2,18,388166,0,6,4,7708
ring,4,4096,0.0,0.0,0.0,1.0,11,2,19,401250,0,6,4,53459
ring,4,4096,0.0,0.0,0.0,1.0,11,2,20,363834,0,6,4,34334
ring,4,4096,0.0,0.0,0.0,1.0,11,2,21,369542,0,6,4,16333
ring,4,4096,0.0,0.0,0.0,1.0,11,2,22,370917,0,6,4,19459
ring,4,4096,0.0,0.0,0.0,1.0,11,2,23,347000,0,6,4,22375
ring,4,4096,0.0,0.0,0.0,1.0,11,2,24,398083,0,6,4,21666
ring,4,4096,0.0,0.0,0.0,1.0,11,2,25,358166,0,6,4,24833
ring,4,4096,0.0,0.0,0.0,1.0,11,2,26,369041,0,6,4,27749
ring,4,4096,0.0,0.0,0.0,1.0,11,2,27,362750,0,6,4,13250
ring,4,4096,0.0,0.0,0.0,1.0,11,2,28,387209,0,6,4,13251
ring,4,4096,0.0,0.0,0.0,1.0,11,2,29,352583,0,6,4,29583
ring,4,4096,0.0,0.0,0.0,1.0,11,2,30,363708,0,6,4,22333
ring,4,4096,0.0,0.0,0.0,1.0,11,2,31,351208,0,6,4,8875
ring,4,4096,0.0,0.0,0.0,1.0,11,2,32,332417,0,6,4,10542
ring,4,4096,0.0,0.0,0.0,1.0,11,2,33,365542,0,6,4,25542
ring,4,4096,0.0,0.0,0.0,1.0,11,2,34,380458,0,6,4,38124
ring,4,4096,0.0,0.0,0.0,1.0,11,2,35,384084,0,6,4,32251
ring,4,4096,0.0,0.0,0.0,1.0,11,2,36,367292,0,6,4,29542
ring,4,4096,0.0,0.0,0.0,1.0,11,2,37,373792,0,6,4,28167
ring,4,4096,0.0,0.0,0.0,1.0,11,2,38,376209,0,6,4,18084
ring,4,4096,0.0,0.0,0.0,1.0,11,2,39,347333,0,6,4,7375
ring,4,65536,0.0,0.0,0.0,1.0,11,2,0,386708,0,6,4,16083
ring,4,65536,0.0,0.0,0.0,1.0,11,2,1,433250,0,6,4,52041
ring,4,65536,0.0,0.0,0.0,1.0,11,2,2,464084,0,6,4,33084
ring,4,65536,0.0,0.0,0.0,1.0,11,2,3,467875,0,6,4,40958
ring,4,65536,0.0,0.0,0.0,1.0,11,2,4,489333,0,6,4,35750
ring,4,65536,0.0,0.0,0.0,1.0,11,2,5,472041,0,6,4,59875
ring,4,65536,0.0,0.0,0.0,1.0,11,2,6,443791,0,6,4,19832
ring,4,65536,0.0,0.0,0.0,1.0,11,2,7,462292,0,6,4,16459
ring,4,65536,0.0,0.0,0.0,1.0,11,2,8,468958,0,6,4,14833
ring,4,65536,0.0,0.0,0.0,1.0,11,2,9,478500,0,6,4,15500
ring,4,65536,0.0,0.0,0.0,1.0,11,2,10,464250,0,6,4,29667
ring,4,65536,0.0,0.0,0.0,1.0,11,2,11,493542,0,6,4,30750
ring,4,65536,0.0,0.0,0.0,1.0,11,2,12,453458,0,6,4,18833
ring,4,65536,0.0,0.0,0.0,1.0,11,2,13,464916,0,6,4,28958
ring,4,65536,0.0,0.0,0.0,1.0,11,2,14,481708,0,6,4,41333
ring,4,65536,0.0,0.0,0.0,1.0,11,2,15,392708,0,6,4,23000
ring,4,65536,0.0,0.0,0.0,1.0,11,2,16,481333,0,6,4,41208
ring,4,65536,0.0,0.0,0.0,1.0,11,2,17,478583,0,6,4,24417
ring,4,65536,0.0,0.0,0.0,1.0,11,2,18,476334,0,6,4,40834
ring,4,65536,0.0,0.0,0.0,1.0,11,2,19,484500,0,6,4,41583
ring,4,65536,0.0,0.0,0.0,1.0,11,2,20,453583,0,6,4,41458
ring,4,65536,0.0,0.0,0.0,1.0,11,2,21,444292,0,6,4,21584
ring,4,65536,0.0,0.0,0.0,1.0,11,2,22,406541,0,6,4,38457
ring,4,65536,0.0,0.0,0.0,1.0,11,2,23,369709,0,6,4,21626
ring,4,65536,0.0,0.0,0.0,1.0,11,2,24,400458,0,6,4,24583
ring,4,65536,0.0,0.0,0.0,1.0,11,2,25,378375,0,6,4,26417
ring,4,65536,0.0,0.0,0.0,1.0,11,2,26,383708,0,6,4,32250
ring,4,65536,0.0,0.0,0.0,1.0,11,2,27,422666,0,6,4,42458
ring,4,65536,0.0,0.0,0.0,1.0,11,2,28,384083,0,6,4,23583
ring,4,65536,0.0,0.0,0.0,1.0,11,2,29,366250,0,6,4,8584
ring,4,65536,0.0,0.0,0.0,1.0,11,2,30,430917,0,6,4,10959
ring,4,65536,0.0,0.0,0.0,1.0,11,2,31,463792,0,6,4,34417
ring,4,65536,0.0,0.0,0.0,1.0,11,2,32,461333,0,6,4,20833
ring,4,65536,0.0,0.0,0.0,1.0,11,2,33,433209,0,6,4,36043
ring,4,65536,0.0,0.0,0.0,1.0,11,2,34,463875,0,6,4,32000
ring,4,65536,0.0,0.0,0.0,1.0,11,2,35,460750,0,6,4,26875
ring,4,65536,0.0,0.0,0.0,1.0,11,2,36,456166,0,6,4,26291
ring,4,65536,0.0,0.0,0.0,1.0,11,2,37,452500,0,6,4,18000
ring,4,65536,0.0,0.0,0.0,1.0,11,2,38,457666,0,6,4,14708
ring,4,65536,0.0,0.0,0.0,1.0,11,2,39,452834,0,6,4,25250
recursive,4,8388608,0.0,0.0,0.0,1.0,11,2,0,4449708,0,4,4,689166
recursive,4,8388608,0.0,0.0,0.0,1.0,11,2,1,5184167,0,4,4,285917
recursive,4,8388608,0.0,0.0,0.0,1.0,11,2,2,4346750,0,4,4,218959
recursive,4,8388608,0.0,0.0,0.0,1.0,11,2,3,4995625,0,4,4,944250
recursive,4,8388608,0.0,0.0,0.0,1.0,11,2,4,6840667,0,4,4,458709
recursive,4,8388608,0.0,0.0,0.0,1.0,11,2,5,4435458,0,4,4,392041
recursive,4,8388608,0.0,0.0,0.0,1.0,11,2,6,4848458,0,4,4,269791
recursive,4,8388608,0.0,0.0,0.0,1.0,11,2,7,4596958,0,4,4,527000
recursive,4,8388608,0.0,0.0,0.0,1.0,11,2,8,4135250,0,4,4,321417
recursive,4,8388608,0.0,0.0,0.0,1.0,11,2,9,4000875,0,4,4,295291
recursive,4,8388608,0.0,0.0,0.0,1.0,11,2,10,4102917,0,4,4,359000
recursive,4,8388608,0.0,0.0,0.0,1.0,11,2,11,4187417,0,4,4,507376
recursive,4,8388608,0.0,0.0,0.0,1.0,11,2,12,4481833,0,4,4,297749
recursive,4,8388608,0.0,0.0,0.0,1.0,11,2,13,4112042,0,4,4,438959
recursive,4,8388608,0.0,0.0,0.0,1.0,11,2,14,3950084,0,4,4,378543
recursive,4,8388608,0.0,0.0,0.0,1.0,11,2,15,4498125,0,4,4,354417
recursive,4,8388608,0.0,0.0,0.0,1.0,11,2,16,4325875,0,4,4,606250
recursive,4,8388608,0.0,0.0,0.0,1.0,11,2,17,4368625,0,4,4,202209
recursive,4,8388608,0.0,0.0,0.0,1.0,11,2,18,4242125,0,4,4,317542
recursive,4,8388608,0.0,0.0,0.0,1.0,11,2,19,4335292,0,4,4,286834
recursive,4,8388608,0.0,0.0,0.0,1.0,11,2,20,4151209,0,4,4,389834
recursive,4,8388608,0.0,0.0,0.0,1.0,11,2,21,4359083,0,4,4,56458
recursive,4,8388608,0.0,0.0,0.0,1.0,11,2,22,4165084,0,4,4,396959
recursive,4,8388608,0.0,0.0,0.0,1.0,11,2,23,4046500,0,4,4,508375
recursive,4,8388608,0.0,0.0,0.0,1.0,11,2,24,4179584,0,4,4,593042
recursive,4,8388608,0.0,0.0,0.0,1.0,11,2,25,4445375,0,4,4,395083
recursive,4,8388608,0.0,0.0,0.0,1.0,11,2,26,4098208,0,4,4,233583
recursive,4,8388608,0.0,0.0,0.0,1.0,11,2,27,4643917,0,4,4,519167
recursive,4,8388608,0.0,0.0,0.0,1.0,11,2,28,4047416,0,4,4,304583
recursive,4,8388608,0.0,0.0,0.0,1.0,11,2,29,3997083,0,4,4,246708
recursive,4,8388608,0.0,0.0,0.0,1.0,11,2,30,4390125,0,4,4,378417
recursive,4,8388608,0.0,0.0,0.0,1.0,11,2,31,4119584,0,4,4,234751
recursive,4,8388608,0.0,0.0,0.0,1.0,11,2,32,4779083,0,4,4,558458
recursive,4,8388608,0.0,0.0,0.0,1.0,11,2,33,4473958,0,4,4,375916
recursive,4,8388608,0.0,0.0,0.0,1.0,11,2,34,4341709,0,4,4,472209
recursive,4,8388608,0.0,0.0,0.0,1.0,11,2,35,4098208,0,4,4,400250
recursive,4,8388608,0.0,0.0,0.0,1.0,11,2,36,4109375,0,4,4,393375
recursive,4,8388608,0.0,0.0,0.0,1.0,11,2,37,4166917,0,4,4,504417
recursive,4,8388608,0.0,0.0,0.0,1.0,11,2,38,4274875,0,4,4,309291
recursive,4,8388608,0.0,0.0,0.0,1.0,11,2,39,4267625,0,4,4,74375
recursive,4,4096,0.0,0.0,0.0,1.0,11,2,0,283125,0,4,4,13292
recursive,4,4096,0.0,0.0,0.0,1.0,11,2,1,264375,0,4,4,26417
recursive,4,4096,0.0,0.0,0.0,1.0,11,2,2,278458,0,4,4,29667
recursive,4,4096,0.0,0.0,0.0,1.0,11,2,3,273250,0,4,4,25583
recursive,4,4096,0.0,0.0,0.0,1.0,11,2,4,327000,0,4,4,9833
recursive,4,4096,0.0,0.0,0.0,1.0,11,2,5,253333,0,4,4,19249
recursive,4,4096,0.0,0.0,0.0,1.0,11,2,6,250625,0,4,4,18083
recursive,4,4096,0.0,0.0,0.0,1.0,11,2,7,260500,0,4,4,20500
recursive,4,4096,0.0,0.0,0.0,1.0,11,2,8,261250,0,4,4,26583
recursive,4,4096,0.0,0.0,0.0,1.0,11,2,9,256167,0,4,4,12084
recursive,4,4096,0.0,0.0,0.0,1.0,11,2,10,281250,0,4,4,48333
recursive,4,4096,0.0,0.0,0.0,1.0,11,2,11,263334,0,4,4,30584
recursive,4,4096,0.0,0.0,0.0,1.0,11,2,12,269875,0,4,4,35209
recursive,4,4096,0.0,0.0,0.0,1.0,11,2,13,249416,0,4,4,24083
recursive,4,4096,0.0,0.0,0.0,1.0,11,2,14,241459,0,4,4,6542
recursive,4,4096,0.0,0.0,0.0,1.0,11,2,15,252167,0,4,4,7667
recursive,4,4096,0.0,0.0,0.0,1.0,11,2,16,251041,0,4,4,20000
recursive,4,4096,0.0,0.0,0.0,1.0,11,2,17,263583,0,4,4,29583
recursive,4,4096,0.0,0.0,0.0,1.0,11,2,18,232458,0,4,4,15292
recursive,4,4096,0.0,0.0,0.0,1.0,11,2,19,246333,0,4,4,14166
recursive,4,4096,0.0,0.0,0.0,1.0,11,2,20,248500,0,4,4,20041
recursive,4,4096,0.0,0.0,0.0,1.0,11,2,21,245625,0,4,4,21000
recursive,4,4096,0.0,0.0,0.0,1.0,11,2,22,241333,0,4,4,17166
recursive,4,4096,0.0,0.0,0.0,1.0,11,2,23,254750,0,4,4,16750
recursive,4,4096,0.0,0.0,0.0,1.0,11,2,24,238791,0,4,4,18208
recursive,4,4096,0.0,0.0,0.0,1.0,11,2,25,273417,0,4,4,23000
recursive,4,4096,0.0,0.0,0.0,1.0,11,2,26,243750,0,4,4,18208
recursive,4,4096,0.0,0.0,0.0,1.0,11,2,27,238041,0,4,4,21749
recursive,4,4096,0.0,0.0,0.0,1.0,11,2,28,259875,0,4,4,14833
recursive,4,4096,0.0,0.0,0.0,1.0,11,2,29,241250,0,4,4,17125
recursive,4,4096,0.0,0.0,0.0,1.0,11,2,30,264875,0,4,4,21084
recursive,4,4096,0.0,0.0,0.0,1.0,11,2,31,276167,0,4,4,22708
recursive,4,4096,0.0,0.0,0.0,1.0,11,2,32,237708,0,4,4,12291
recursive,4,4096,0.0,0.0,0.0,1.0,11,2,33,242959,0,4,4,21209
recursive,4,4096,0.0,0.0,0.0,1.0,11,2,34,259750,0,4,4,30000
recursive,4,4096,0.0,0.0,0.0,1.0,11,2,35,241375,0,4,4,17916
recursive,4,4096,0.0,0.0,0.0,1.0,11,2,36,227375,0,4,4,7417
recursive,4,4096,0.0,0.0,0.0,1.0,11,2,37,331750,0,4,4,24125
recursive,4,4096,0.0,0.0,0.0,1.0,11,2,38,273500,0,4,4,29792
recursive,4,4096,0.0,0.0,0.0,1.0,11,2,39,248166,0,4,4,10458
recursive,4,1048576,0.0,0.0,0.0,1.0,11,2,0,992750,0,4,4,122541
recursive,4,1048576,0.0,0.0,0.0,1.0,11,2,1,1028125,0,4,4,100042
recursive,4,1048576,0.0,0.0,0.0,1.0,11,2,2,1057625,0,4,4,91584
recursive,4,1048576,0.0,0.0,0.0,1.0,11,2,3,1035917,0,4,4,112042
recursive,4,1048576,0.0,0.0,0.0,1.0,11,2,4,908583,0,4,4,121208
recursive,4,1048576,0.0,0.0,0.0,1.0,11,2,5,990625,0,4,4,81333
recursive,4,1048576,0.0,0.0,0.0,1.0,11,2,6,981792,0,4,4,107458
recursive,4,1048576,0.0,0.0,0.0,1.0,11,2,7,901541,0,4,4,113707
recursive,4,1048576,0.0,0.0,0.0,1.0,11,2,8,1078250,0,4,4,140792
recursive,4,1048576,0.0,0.0,0.0,1.0,11,2,9,947167,0,4,4,137417
recursive,4,1048576,0.0,0.0,0.0,1.0,11,2,10,962500,0,4,4,55375
recursive,4,1048576,0.0,0.0,0.0,1.0,11,2,11,1156166,0,4,4,118791
recursive,4,1048576,0.0,0.0,0.0,1.0,11,2,12,964416,0,4,4,105332
recursive,4,1048576,0.0,0.0,0.0,1.0,11,2,13,1025250,0,4,4,118375
recursive,4,1048576,0.0,0.0,0.0,1.0,11,2,14,885792,0,4,4,48208
recursive,4,1048576,0.0,0.0,0.0,1.0,11,2,15,1013208,0,4,4,118458
recursive,4,1048576,0.0,0.0,0.0,1.0,11,2,16,915916,0,4,4,75375
recursive,4,1048576,0.0,0.0,0.0,1.0,11,2,17,1006791,0,4,4,131166
recursive,4,1048576,0.0,0.0,0.0,1.0,11,2,18,976708,0,4,4,82750
recursive,4,1048576,0.0,0.0,0.0,1.0,11,2,19,1008250,0,4,4,134292
recursive,4,1048576,0.0,0.0,0.0,1.0,11,2,20,1124541,0,4,4,144624
recursive,4,1048576,0.0,0.0,0.0,1.0,11,2,21,1090792,0,4,4,108834
recursive,4,1048576,0.0,0.0,0.0,1.0,11,2,22,1294375,0,4,4,100125
recursive,4,1048576,0.0,0.0,0.0,1.0,11,2,23,935459,0,4,4,85834
recursive,4,1048576,0.0,0.0,0.0,1.0,11,2,24,1013958,0,4,4,114541
recursive,4,1048576,0.0,0.0,0.0,1.0,11,2,25,1018875,0,4,4,31541
recursive,4,1048576,0.0,0.0,0.0,1.0,11,2,26,1038209,0,4,4,125501
recursive,4,1048576,0.0,0.0,0.0,1.0,11,2,27,961458,0,4,4,52500
recursive,4,1048576,0.0,0.0,0.0,1.0,11,2,28,1092125,0,4,4,115458
recursive,4,1048576,0.0,0.0,0.0,1.0,11,2,29,1178708,0,4,4,183792
recursive,4,1048576,0.0,0.0,0.0,1.0,11,2,30,936916,0,4,4,62041
recursive,4,1048576,0.0,0.0,0.0,1.0,11,2,31,999375,0,4,4,42583
recursive,4,1048576,0.0,0.0,0.0,1.0,11,2,32,987917,0,4,4,118251
recursive,4,1048576,0.0,0.0,0.0,1.0,11,2,33,1071375,0,4,4,109666
recursive,4,1048576,0.0,0.0,0.0,1.0,11,2,34,998916,0,4,4,111500
recursive,4,1048576,0.0,0.0,0.0,1.0,11,2,35,1063250,0,4,4,139625
recursive,4,1048576,0.0,0.0,0.0,1.0,11,2,36,1006708,0,4,4,130458
recursive,4,1048576,0.0,0.0,0.0,1.0,11,2,37,1197250,0,4,4,83792
recursive,4,1048576,0.0,0.0,0.0,1.0,11,2,38,1024292,0,4,4,112292
recursive,4,1048576,0.0,0.0,0.0,1.0,11,2,39,960625,0,4,4,46625
recursive,4,65536,0.0,0.0,0.0,1.0,11,2,0,337166,0,4,4,15916
recursive,4,65536,0.0,0.0,0.0,1.0,11,2,1,316917,0,4,4,32500
recursive,4,65536,0.0,0.0,0.0,1.0,11,2,2,319291,0,4,4,16125
recursive,4,65536,0.0,0.0,0.0,1.0,11,2,3,340167,0,4,4,23042
recursive,4,65536,0.0,0.0,0.0,1.0,11,2,4,294833,0,4,4,30625
recursive,4,65536,0.0,0.0,0.0,1.0,11,2,5,310500,0,4,4,26625
recursive,4,65536,0.0,0.0,0.0,1.0,11,2,6,315000,0,4,4,27041
recursive,4,65536,0.0,0.0,0.0,1.0,11,2,7,338458,0,4,4,36500
recursive,4,65536,0.0,0.0,0.0,1.0,11,2,8,345958,0,4,4,32416
recursive,4,65536,0.0,0.0,0.0,1.0,11,2,9,330875,0,4,4,20542
recursive,4,65536,0.0,0.0,0.0,1.0,11,2,10,304458,0,4,4,11167
recursive,4,65536,0.0,0.0,0.0,1.0,11,2,11,324959,0,4,4,29334
recursive,4,65536,0.0,0.0,0.0,1.0,11,2,12,332584,0,4,4,25251
recursive,4,65536,0.0,0.0,0.0,1.0,11,2,13,351083,0,4,4,38292
recursive,4,65536,0.0,0.0,0.0,1.0,11,2,14,315958,0,4,4,28541
recursive,4,65536,0.0,0.0,0.0,1.0,11,2,15,311458,0,4,4,6791
recursive,4,65536,0.0,0.0,0.0,1.0,11,2,16,324542,0,4,4,31084
recursive,4,65536,0.0,0.0,0.0,1.0,11,2,17,337375,0,4,4,17709
recursive,4,65536,0.0,0.0,0.0,1.0,11,2,18,307084,0,4,4,26376
recursive,4,65536,0.0,0.0,0.0,1.0,11,2,19,317833,0,4,4,10874
recursive,4,65536,0.0,0.0,0.0,1.0,11,2,20,311417,0,4,4,27292
recursive,4,65536,0.0,0.0,0.0,1.0,11,2,21,343917,0,4,4,36167
recursive,4,65536,0.0,0.0,0.0,1.0,11,2,22,329500,0,4,4,31583
recursive,4,65536,0.0,0.0,0.0,1.0,11,2,23,349541,0,4,4,17666
recursive,4,65536,0.0,0.0,0.0,1.0,11,2,24,345333,0,4,4,13791
recursive,4,65536,0.0,0.0,0.0,1.0,11,2,25,322791,0,4,4,24416
recursive,4,65536,0.0,0.0,0.0,1.0,11,2,26,333125,0,4,4,12084
recursive,4,65536,0.0,0.0,0.0,1.0,11,2,27,312375,0,4,4,18417
recursive,4,65536,0.0,0.0,0.0,1.0,11,2,28,344541,0,4,4,55458
recursive,4,65536,0.0,0.0,0.0,1.0,11,2,29,346333,0,4,4,35292
recursive,4,65536,0.0,0.0,0.0,1.0,11,2,30,322375,0,4,4,23042
recursive,4,65536,0.0,0.0,0.0,1.0,11,2,31,305959,0,4,4,38584
recursive,4,65536,0.0,0.0,0.0,1.0,11,2,32,305125,0,4,4,19875
recursive,4,65536,0.0,0.0,0.0,1.0,11,2,33,351792,0,4,4,29125
recursive,4,65536,0.0,0.0,0.0,1.0,11,2,34,363167,0,4,4,29500
recursive,4,65536,0.0,0.0,0.0,1.0,11,2,35,305667,0,4,4,21125
recursive,4,65536,0.0,0.0,0.0,1.0,11,2,36,340375,0,4,4,59041
recursive,4,65536,0.0,0.0,0.0,1.0,11,2,37,312084,0,4,4,19126
recursive,4,65536,0.0,0.0,0.0,1.0,11,2,38,336083,0,4,4,23083
recursive,4,65536,0.0,0.0,0.0,1.0,11,2,39,333875,0,4,4,24375
ps,4,4096,0.0,0.0,0.0,1.0,11,2,0,208042,0,1,4,24917
ps,4,4096,0.0,0.0,0.0,1.0,11,2,1,188125,0,1,4,21125
ps,4,4096,0.0,0.0,0.0,1.0,11,2,2,211750,0,3,4,33708
ps,4,4096,0.0,0.0,0.0,1.0,11,2,3,184958,0,1,4,10625
ps,4,4096,0.0,0.0,0.0,1.0,11,2,4,200750,0,1,4,29166
ps,4,4096,0.0,0.0,0.0,1.0,11,2,5,234833,0,1,4,23208
ps,4,4096,0.0,0.0,0.0,1.0,11,2,6,201625,0,3,4,16750
ps,4,4096,0.0,0.0,0.0,1.0,11,2,7,207750,0,1,4,16583
ps,4,4096,0.0,0.0,0.0,1.0,11,2,8,196625,0,1,4,21583
ps,4,4096,0.0,0.0,0.0,1.0,11,2,9,192459,0,3,4,21500
ps,4,4096,0.0,0.0,0.0,1.0,11,2,10,185250,0,3,4,26667
ps,4,4096,0.0,0.0,0.0,1.0,11,2,11,345375,0,3,4,72708
ps,4,4096,0.0,0.0,0.0,1.0,11,2,12,203708,0,3,4,26916
ps,4,4096,0.0,0.0,0.0,1.0,11,2,13,216250,0,3,4,12625
ps,4,4096,0.0,0.0,0.0,1.0,11,2,14,223500,0,1,4,41625
ps,4,4096,0.0,0.0,0.0,1.0,11,2,15,209375,0,1,4,35583
ps,4,4096,0.0,0.0,0.0,1.0,11,2,16,182125,0,1,4,23000
ps,4,4096,0.0,0.0,0.0,1.0,11,2,17,190667,0,1,4,9209
ps,4,4096,0.0,0.0,0.0,1.0,11,2,18,199875,0,1,4,32292
ps,4,4096,0.0,0.0,0.0,1.0,11,2,19,209167,0,1,4,22458
ps,4,4096,0.0,0.0,0.0,1.0,11,2,20,275500,0,1,4,45791
ps,4,4096,0.0,0.0,0.0,1.0,11,2,21,257666,0,1,4,54875
ps,4,4096,0.0,0.0,0.0,1.0,11,2,22,211667,0,3,4,18292
ps,4,4096,0.0,0.0,0.0,1.0,11,2,23,192750,0,1,4,15667
ps,4,4096,0.0,0.0,0.0,1.0,11,2,24,208292,0,3,4,18167
ps,4,4096,0.0,0.0,0.0,1.0,11,2,25,199000,0,1,4,20000
ps,4,4096,0.0,0.0,0.0,1.0,11,2,26,184958,0,1,4,24000
ps,4,4096,0.0,0.0,0.0,1.0,11,2,27,191291,0,3,4,23874
ps,4,4096,0.0,0.0,0.0,1.0,11,2,28,200750,0,1,4,24667
ps,4,4096,0.0,0.0,0.0,1.0,11,2,29,190916,0,1,4,28625
ps,4,4096,0.0,0.0,0.0,1.0,11,2,30,213792,0,3,4,23084
ps,4,4096,0.0,0.0,0.0,1.0,11,2,31,180667,0,1,4,10625
ps,4,4096,0.0,0.0,0.0,1.0,11,2,32,186208,0,1,4,12875
ps,4,4096,0.0,0.0,0.0,1.0,11,2,33,213166,0,1,4,11916
ps,4,4096,0.0,0.0,0.0,1.0,11,2,34,180834,0,1,4,27042
ps,4,4096,0.0,0.0,0.0,1.0,11,2,35,194333,0,3,4,29166
ps,4,4096,0.0,0.0,0.0,1.0,11,2,36,176541,0,1,4,18166
ps,4,4096,0.0,0.0,0.0,1.0,11,2,37,181167,0,1,4,28417
ps,4,4096,0.0,0.0,0.0,1.0,11,2,38,177375,0,3,4,21917
ps,4,4096,0.0,0.0,0.0,1.0,11,2,39,178125,0,1,4,15167
ring,4,8388608,0.0,0.0,0.0,1.0,11,2,0,3754792,0,6,4,76709
ring,4,8388608,0.0,0.0,0.0,1.0,11,2,1,3957458,0,6,4,333416
ring,4,8388608,0.0,0.0,0.0,1.0,11,2,2,3811959,0,6,4,193584
ring,4,8388608,0.0,0.0,0.0,1.0,11,2,3,3568583,0,6,4,187666
ring,4,8388608,0.0,0.0,0.0,1.0,11,2,4,3819584,0,6,4,139126
ring,4,8388608,0.0,0.0,0.0,1.0,11,2,5,3730000,0,6,4,170584
ring,4,8388608,0.0,0.0,0.0,1.0,11,2,6,4039917,0,6,4,446417
ring,4,8388608,0.0,0.0,0.0,1.0,11,2,7,4224208,0,6,4,213291
ring,4,8388608,0.0,0.0,0.0,1.0,11,2,8,4066083,0,6,4,247417
ring,4,8388608,0.0,0.0,0.0,1.0,11,2,9,3911291,0,6,4,405625
ring,4,8388608,0.0,0.0,0.0,1.0,11,2,10,3616458,0,6,4,29416
ring,4,8388608,0.0,0.0,0.0,1.0,11,2,11,3937250,0,6,4,252292
ring,4,8388608,0.0,0.0,0.0,1.0,11,2,12,3969750,0,6,4,400000
ring,4,8388608,0.0,0.0,0.0,1.0,11,2,13,3720542,0,6,4,184167
ring,4,8388608,0.0,0.0,0.0,1.0,11,2,14,4286708,0,6,4,256667
ring,4,8388608,0.0,0.0,0.0,1.0,11,2,15,3781084,0,6,4,192625
ring,4,8388608,0.0,0.0,0.0,1.0,11,2,16,3740709,0,6,4,55168
ring,4,8388608,0.0,0.0,0.0,1.0,11,2,17,4099667,0,6,4,329583
ring,4,8388608,0.0,0.0,0.0,1.0,11,2,18,4076625,0,6,4,230167
ring,4,8388608,0.0,0.0,0.0,1.0,11,2,19,4013208,0,6,4,34125
ring,4,8388608,0.0,0.0,0.0,1.0,11,2,20,3527000,0,6,4,32792
ring,4,8388608,0.0,0.0,0.0,1.0,11,2,21,4111000,0,6,4,354417
ring,4,8388608,0.0,0.0,0.0,1.0,11,2,22,3718000,0,6,4,73666
ring,4,8388608,0.0,0.0,0.0,1.0,11,2,23,3828541,0,6,4,268499
ring,4,8388608,0.0,0.0,0.0,1.0,11,2,24,3882333,0,6,4,168791
ring,4,8388608,0.0,0.0,0.0,1.0,11,2,25,3783292,0,6,4,92834
ring,4,8388608,0.0,0.0,0.0,1.0,11,2,26,3792125,0,6,4,32333
ring,4,8388608,0.0,0.0,0.0,1.0,11,2,27,4163625,0,6,4,365958
ring,4,8388608,0.0,0.0,0.0,1.0,11,2,28,3564458,0,6,4,113499
ring,4,8388608,0.0,0.0,0.0,1.0,11,2,29,4051917,0,6,4,275833
ring,4,8388608,0.0,0.0,0.0,1.0,11,2,30,4066167,0,6,4,202583
ring,4,8388608,0.0,0.0,0.0,1.0,11,2,31,3843375,0,6,4,315042
ring,4,8388608,0.0,0.0,0.0,1.0,11,2,32,4201750,0,6,4,294500
ring,4,8388608,0.0,0.0,0.0,1.0,11,2,33,4308333,0,6,4,283999
ring,4,8388608,0.0,0.0,0.0,1.0,11,2,34,3563792,0,6,4,23084
ring,4,8388608,0.0,0.0,0.0,1.0,11,2,35,4034417,0,6,4,260792
ring,4,8388608,0.0,0.0,0.0,1.0,11,2,36,3955000,0,6,4,246000
ring,4,8388608,0.0,0.0,0.0,1.0,11,2,37,3903292,0,6,4,208000
ring,4,8388608,0.0,0.0,0.0,1.0,11,2,38,4118833,0,6,4,256958
ring,4,8388608,0.0,0.0,0.0,1.0,11,2,39,3847792,0,6,4,131625
ps,4,1048576,0.0,0.0,0.0,1.0,11,2,0,849791,0,1,4,166333
ps,4,1048576,0.0,0.0,0.0,1.0,11,2,1,713125,0,1,4,158791
ps,4,1048576,0.0,0.0,0.0,1.0,11,2,2,653583,0,3,4,127375
ps,4,1048576,0.0,0.0,0.0,1.0,11,2,3,709959,0,1,4,153042
ps,4,1048576,0.0,0.0,0.0,1.0,11,2,4,732709,0,1,4,153709
ps,4,1048576,0.0,0.0,0.0,1.0,11,2,5,704291,0,1,4,151416
ps,4,1048576,0.0,0.0,0.0,1.0,11,2,6,643875,0,1,4,146042
ps,4,1048576,0.0,0.0,0.0,1.0,11,2,7,572792,0,3,4,126459
ps,4,1048576,0.0,0.0,0.0,1.0,11,2,8,634166,0,1,4,120541
ps,4,1048576,0.0,0.0,0.0,1.0,11,2,9,849250,0,1,4,204333
ps,4,1048576,0.0,0.0,0.0,1.0,11,2,10,667458,0,1,4,150250
ps,4,1048576,0.0,0.0,0.0,1.0,11,2,11,637541,0,1,4,155791
ps,4,1048576,0.0,0.0,0.0,1.0,11,2,12,723083,0,1,4,167791
ps,4,1048576,0.0,0.0,0.0,1.0,11,2,13,719208,0,1,4,156000
ps,4,1048576,0.0,0.0,0.0,1.0,11,2,14,660125,0,1,4,173459
ps,4,1048576,0.0,0.0,0.0,1.0,11,2,15,729500,0,1,4,145209
ps,4,1048576,0.0,0.0,0.0,1.0,11,2,16,794208,0,1,4,155041
ps,4,1048576,0.0,0.0,0.0,1.0,11,2,17,778334,0,1,4,188501
ps,4,1048576,0.0,0.0,0.0,1.0,11,2,18,924792,0,1,4,226042
ps,4,1048576,0.0,0.0,0.0,1.0,11,2,19,785084,0,1,4,153667
ps,4,1048576,0.0,0.0,0.0,1.0,11,2,20,804041,0,3,4,198291
ps,4,1048576,0.0,0.0,0.0,1.0,11,2,21,943208,0,1,4,240416
ps,4,1048576,0.0,0.0,0.0,1.0,11,2,22,867750,0,1,4,197625
ps,4,1048576,0.0,0.0,0.0,1.0,11,2,23,869042,0,1,4,182584
ps,4,1048576,0.0,0.0,0.0,1.0,11,2,24,744708,0,1,4,147500
ps,4,1048576,0.0,0.0,0.0,1.0,11,2,25,832000,0,1,4,143334
ps,4,1048576,0.0,0.0,0.0,1.0,11,2,26,960833,0,1,4,144416
ps,4,1048576,0.0,0.0,0.0,1.0,11,2,27,785750,0,1,4,157583
ps,4,1048576,0.0,0.0,0.0,1.0,11,2,28,797041,0,1,4,189707
ps,4,1048576,0.0,0.0,0.0,1.0,11,2,29,911500,0,1,4,161250
ps,4,1048576,0.0,0.0,0.0,1.0,11,2,30,921125,0,1,4,200958
ps,4,1048576,0.0,0.0,0.0,1.0,11,2,31,789958,0,3,4,133125
ps,4,1048576,0.0,0.0,0.0,1.0,11,2,32,758334,0,3,4,204834
ps,4,1048576,0.0,0.0,0.0,1.0,11,2,33,843500,0,1,4,200375
ps,4,1048576,0.0,0.0,0.0,1.0,11,2,34,869500,0,1,4,204459
ps,4,1048576,0.0,0.0,0.0,1.0,11,2,35,1088834,0,1,4,222792
ps,4,1048576,0.0,0.0,0.0,1.0,11,2,36,901541,0,3,4,192291
ps,4,1048576,0.0,0.0,0.0,1.0,11,2,37,773459,0,1,4,138250
ps,4,1048576,0.0,0.0,0.0,1.0,11,2,38,770917,0,1,4,154501
ps,4,1048576,0.0,0.0,0.0,1.0,11,2,39,688667,0,3,4,131334
ring,4,1048576,0.0,0.0,0.0,1.0,11,2,0,1242875,0,6,4,98542
ring,4,1048576,0.0,0.0,0.0,1.0,11,2,1,1129916,0,6,4,12916
ring,4,1048576,0.0,0.0,0.0,1.0,11,2,2,1285958,0,6,4,95166
ring,4,1048576,0.0,0.0,0.0,1.0,11,2,3,1210875,0,6,4,86125
ring,4,1048576,0.0,0.0,0.0,1.0,11,2,4,1175375,0,6,4,64541
ring,4,1048576,0.0,0.0,0.0,1.0,11,2,5,1213291,0,6,4,114083
ring,4,1048576,0.0,0.0,0.0,1.0,11,2,6,1195417,0,6,4,81417
ring,4,1048576,0.0,0.0,0.0,1.0,11,2,7,1309125,0,6,4,70666
ring,4,1048576,0.0,0.0,0.0,1.0,11,2,8,1329416,0,6,4,172791
ring,4,1048576,0.0,0.0,0.0,1.0,11,2,9,1284375,0,6,4,128625
ring,4,1048576,0.0,0.0,0.0,1.0,11,2,10,1197417,0,6,4,93667
ring,4,1048576,0.0,0.0,0.0,1.0,11,2,11,1246458,0,6,4,108625
ring,4,1048576,0.0,0.0,0.0,1.0,11,2,12,1179209,0,6,4,65292
ring,4,1048576,0.0,0.0,0.0,1.0,11,2,13,1276958,0,6,4,127874
ring,4,1048576,0.0,0.0,0.0,1.0,11,2,14,1223208,0,6,4,80541
ring,4,1048576,0.0,0.0,0.0,1.0,11,2,15,1274833,0,6,4,75666
ring,4,1048576,0.0,0.0,0.0,1.0,11,2,16,1194083,0,6,4,107458
ring,4,1048576,0.0,0.0,0.0,1.0,11,2,17,1245333,0,6,4,123666
ring,4,1048576,0.0,0.0,0.0,1.0,11,2,18,1295291,0,6,4,82833
ring,4,1048576,0.0,0.0,0.0,1.0,11,2,19,1299292,0,6,4,88500
ring,4,1048576,0.0,0.0,0.0,1.0,11,2,20,1200208,0,6,4,97583
ring,4,1048576,0.0,0.0,0.0,1.0,11,2,21,1131458,0,6,4,21958
ring,4,1048576,0.0,0.0,0.0,1.0,11,2,22,1175833,0,6,4,99125
ring,4,1048576,0.0,0.0,0.0,1.0,11,2,23,1213375,0,6,4,70709
ring,4,1048576,0.0,0.0,0.0,1.0,11,2,24,1228042,0,6,4,43458
ring,4,1048576,0.0,0.0,0.0,1.0,11,2,25,1323916,0,6,4,67833
ring,4,1048576,0.0,0.0,0.0,1.0,11,2,26,1313708,0,6,4,69291
ring,4,1048576,0.0,0.0,0.0,1.0,11,2,27,1307167,0,6,4,57709
ring,4,1048576,0.0,0.0,0.0,1.0,11,2,28,1205250,0,6,4,50083
ring,4,1048576,0.0,0.0,0.0,1.0,11,2,29,1289208,0,6,4,102208
ring,4,1048576,0.0,0.0,0.0,1.0,11,2,30,1231625,0,6,4,90791
ring,4,1048576,0.0,0.0,0.0,1.0,11,2,31,1305959,0,6,4,70001
ring,4,1048576,0.0,0.0,0.0,1.0,11,2,32,1308250,0,6,4,115833
ring,4,1048576,0.0,0.0,0.0,1.0,11,2,33,1343958,0,6,4,140000
ring,4,1048576,0.0,0.0,0.0,1.0,11,2,34,1383750,0,6,4,136833
ring,4,1048576,0.0,0.0,0.0,1.0,11,2,35,1295542,0,6,4,184542
ring,4,1048576,0.0,0.0,0.0,1.0,11,2,36,1324792,0,6,4,90875
ring,4,1048576,0.0,0.0,0.0,1.0,11,2,37,1256750,0,6,4,88000
ring,4,1048576,0.0,0.0,0.0,1.0,11,2,38,1216584,0,6,4,104501
ring,4,1048576,0.0,0.0,0.0,1.0,11,2,39,1350125,0,6,4,203375
ps,4,8388608,0.0,0.0,0.0,1.0,11,2,0,4950125,0,1,4,1563958
ps,4,8388608,0.0,0.0,0.0,1.0,11,2,1,4693958,0,1,4,1497958
ps,4,8388608,0.0,0.0,0.0,1.0,11,2,2,5067750,0,3,4,1797583
ps,4,8388608,0.0,0.0,0.0,1.0,11,2,3,4452750,0,3,4,1447291
ps,4,8388608,0.0,0.0,0.0,1.0,11,2,4,4598000,0,3,4,1452250
ps,4,8388608,0.0,0.0,0.0,1.0,11,2,5,5006875,0,1,4,1645875
ps,4,8388608,0.0,0.0,0.0,1.0,11,2,6,4571458,0,1,4,1512208
ps,4,8388608,0.0,0.0,0.0,1.0,11,2,7,4545208,0,3,4,1458791
ps,4,8388608,0.0,0.0,0.0,1.0,11,2,8,4694542,0,1,4,1608376
ps,4,8388608,0.0,0.0,0.0,1.0,11,2,9,4846542,0,3,4,1498084
ps,4,8388608,0.0,0.0,0.0,1.0,11,2,10,4511000,0,3,4,1355584
ps,4,8388608,0.0,0.0,0.0,1.0,11,2,11,4425875,0,1,4,1396083
ps,4,8388608,0.0,0.0,0.0,1.0,11,2,12,4867667,0,1,4,1687501
ps,4,8388608,0.0,0.0,0.0,1.0,11,2,13,4613000,0,1,4,1617250
ps,4,8388608,0.0,0.0,0.0,1.0,11,2,14,4304791,0,1,4,1311874
ps,4,8388608,0.0,0.0,0.0,1.0,11,2,15,4695125,0,3,4,1450875
ps,4,8388608,0.0,0.0,0.0,1.0,11,2,16,4861917,0,1,4,1456958
ps,4,8388608,0.0,0.0,0.0,1.0,11,2,17,4743583,0,3,4,1573791
ps,4,8388608,0.0,0.0,0.0,1.0,11,2,18,4669625,0,1,4,1607375
ps,4,8388608,0.0,0.0,0.0,1.0,11,2,19,4949292,0,3,4,1377375
ps,4,8388608,0.0,0.0,0.0,1.0,11,2,20,4512416,0,1,4,1368708
ps,4,8388608,0.0,0.0,0.0,1.0,11,2,21,4609584,0,3,4,1565209
ps,4,8388608,0.0,0.0,0.0,1.0,11,2,22,4679750,0,1,4,1629792
ps,4,8388608,0.0,0.0,0.0,1.0,11,2,23,4919875,0,1,4,1580917
ps,4,8388608,0.0,0.0,0.0,1.0,11,2,24,4462792,0,3,4,1336334
ps,4,8388608,0.0,0.0,0.0,1.0,11,2,25,4993416,0,1,4,1685166
ps,4,8388608,0.0,0.0,0.0,1.0,11,2,26,4656667,0,3,4,1436126
ps,4,8388608,0.0,0.0,0.0,1.0,11,2,27,4447084,0,1,4,1353626
ps,4,8388608,0.0,0.0,0.0,1.0,11,2,28,4309666,0,3,4,1281416
ps,4,8388608,0.0,0.0,0.0,1.0,11,2,29,4709000,0,1,4,1435833
ps,4,8388608,0.0,0.0,0.0,1.0,11,2,30,4697125,0,1,4,1408292
ps,4,8388608,0.0,0.0,0.0,1.0,11,2,31,4433125,0,3,4,1380084
ps,4,8388608,0.0,0.0,0.0,1.0,11,2,32,4679417,0,1,4,1523375
ps,4,8388608,0.0,0.0,0.0,1.0,11,2,33,4442250,0,3,4,1375708
ps,4,8388608,0.0,0.0,0.0,1.0,11,2,34,5246666,0,1,4,1657916
ps,4,8388608,0.0,0.0,0.0,1.0,11,2,35,4771583,0,1,4,1745917
ps,4,8388608,0.0,0.0,0.0,1.0,11,2,36,4818000,0,1,4,1549500
ps,4,8388608,0.0,0.0,0.0,1.0,11,2,37,4833083,0,1,4,1524458
ps,4,8388608,0.0,0.0,0.0,1.0,11,2,38,4573125,0,1,4,1574000
ps,4,8388608,0.0,0.0,0.0,1.0,11,2,39,4884875,0,1,4,1566917
recursive,4,4096,0.0,0.0,0.0,1.0,11,3,0,419375,0,4,4,30875
recursive,4,4096,0.0,0.0,0.0,1.0,11,3,1,383833,0,4,4,40417
recursive,4,4096,0.0,0.0,0.0,1.0,11,3,2,372625,0,4,4,38333
recursive,4,4096,0.0,0.0,0.0,1.0,11,3,3,356833,0,4,4,30208
recursive,4,4096,0.0,0.0,0.0,1.0,11,3,4,371833,0,4,4,30333
recursive,4,4096,0.0,0.0,0.0,1.0,11,3,5,334709,0,4,4,9625
recursive,4,4096,0.0,0.0,0.0,1.0,11,3,6,396208,0,4,4,41791
recursive,4,4096,0.0,0.0,0.0,1.0,11,3,7,404208,0,4,4,37667
recursive,4,4096,0.0,0.0,0.0,1.0,11,3,8,375083,0,4,4,20499
recursive,4,4096,0.0,0.0,0.0,1.0,11,3,9,387500,0,4,4,51292
recursive,4,4096,0.0,0.0,0.0,1.0,11,3,10,325542,0,4,4,14292
recursive,4,4096,0.0,0.0,0.0,1.0,11,3,11,367250,0,4,4,42291
recursive,4,4096,0.0,0.0,0.0,1.0,11,3,12,369208,0,4,4,21250
recursive,4,4096,0.0,0.0,0.0,1.0,11,3,13,342458,0,4,4,13749
recursive,4,4096,0.0,0.0,0.0,1.0,11,3,14,379291,0,4,4,35332
recursive,4,4096,0.0,0.0,0.0,1.0,11,3,15,363167,0,4,4,10625
recursive,4,4096,0.0,0.0,0.0,1.0,11,3,16,354667,0,4,4,11584
recursive,4,4096,0.0,0.0,0.0,1.0,11,3,17,341000,0,4,4,18208
recursive,4,4096,0.0,0.0,0.0,1.0,11,3,18,350958,0,4,4,43083
recursive,4,4096,0.0,0.0,0.0,1.0,11,3,19,340708,0,4,4,15958
recursive,4,4096,0.0,0.0,0.0,1.0,11,3,20,362208,0,4,4,18083
recursive,4,4096,0.0,0.0,0.0,1.0,11,3,21,360833,0,4,4,28833
recursive,4,4096,0.0,0.0,0.0,1.0,11,3,22,591250,0,4,4,93875
recursive,4,4096,0.0,0.0,0.0,1.0,11,3,23,1337208,0,4,4,169292
recursive,4,4096,0.0,0.0,0.0,1.0,11,3,24,942792,0,4,4,92417
recursive,4,4096,0.0,0.0,0.0,1.0,11,3,25,782166,0,4,4,171208
recursive,4,4096,0.0,0.0,0.0,1.0,11,3,26,775667,0,4,4,147125
recursive,4,4096,0.0,0.0,0.0,1.0,11,3,27,683375,0,4,4,153917
recursive,4,4096,0.0,0.0,0.0,1.0,11,3,28,631334,0,4,4,102084
recursive,4,4096,0.0,0.0,0.0,1.0,11,3,29,1469417,0,4,4,505751
recursive,4,4096,0.0,0.0,0.0,1.0,11,3,30,676667,0,4,4,93542
recursive,4,4096,0.0,0.0,0.0,1.0,11,3,31,777750,0,4,4,42750
recursive,4,4096,0.0,0.0,0.0,1.0,11,3,32,706625,0,4,4,111875
recursive,4,4096,0.0,0.0,0.0,1.0,11,3,33,849542,0,4,4,172334
recursive,4,4096,0.0,0.0,0.0,1.0,11,3,34,597792,0,4,4,48084
recursive,4,4096,0.0,0.0,0.0,1.0,11,3,35,611875,0,4,4,59875
recursive,4,4096,0.0,0.0,0.0,1.0,11,3,36,429042,0,4,4,34667
recursive,4,4096,0.0,0.0,0.0,1.0,11,3,37,722167,0,4,4,97334
recursive,4,4096,0.0,0.0,0.0,1.0,11,3,38,955917,0,4,4,125959
recursive,4,4096,0.0,0.0,0.0,1.0,11,3,39,379750,0,4,4,15959
ps,4,1048576,0.0,0.0,0.0,1.0,11,3,0,1321083,0,1,4,255541
ps,4,1048576,0.0,0.0,0.0,1.0,11,3,1,1348000,0,1,4,316750
ps,4,1048576,0.0,0.0,0.0,1.0,11,3,2,1304375,0,1,4,269125
ps,4,1048576,0.0,0.0,0.0,1.0,11,3,3,1361167,0,1,4,323875
ps,4,1048576,0.0,0.0,0.0,1.0,11,3,4,753084,0,1,4,133334
ps,4,1048576,0.0,0.0,0.0,1.0,11,3,5,583167,0,3,4,99833
ps,4,1048576,0.0,0.0,0.0,1.0,11,3,6,680625,0,1,4,164667
ps,4,1048576,0.0,0.0,0.0,1.0,11,3,7,701083,0,3,4,145792
ps,4,1048576,0.0,0.0,0.0,1.0,11,3,8,667458,0,1,4,150417
ps,4,1048576,0.0,0.0,0.0,1.0,11,3,9,638875,0,1,4,142833
ps,4,1048576,0.0,0.0,0.0,1.0,11,3,10,696666,0,1,4,152125
ps,4,1048576,0.0,0.0,0.0,1.0,11,3,11,691250,0,1,4,154917
ps,4,1048576,0.0,0.0,0.0,1.0,11,3,12,661292,0,3,4,162333
ps,4,1048576,0.0,0.0,0.0,1.0,11,3,13,603250,0,3,4,143875
ps,4,1048576,0.0,0.0,0.0,1.0,11,3,14,625750,0,3,4,109959
ps,4,1048576,0.0,0.0,0.0,1.0,11,3,15,566459,0,1,4,120001
ps,4,1048576,0.0,0.0,0.0,1.0,11,3,16,619709,0,1,4,128000
ps,4,1048576,0.0,0.0,0.0,1.0,11,3,17,773417,0,1,4,171042
ps,4,1048576,0.0,0.0,0.0,1.0,11,3,18,689084,0,1,4,152084
ps,4,1048576,0.0,0.0,0.0,1.0,11,3,19,720042,0,1,4,167542
ps,4,1048576,0.0,0.0,0.0,1.0,11,3,20,673375,0,3,4,127375
ps,4,1048576,0.0,0.0,0.0,1.0,11,3,21,648083,0,1,4,140625
ps,4,1048576,0.0,0.0,0.0,1.0,11,3,22,679166,0,1,4,140499
ps,4,1048576,0.0,0.0,0.0,1.0,11,3,23,601250,0,3,4,127250
ps,4,1048576,0.0,0.0,0.0,1.0,11,3,24,596709,0,1,4,127250
ps,4,1048576,0.0,0.0,0.0,1.0,11,3,25,722292,0,1,4,207834
ps,4,1048576,0.0,0.0,0.0,1.0,11,3,26,640666,0,1,4,166500
ps,4,1048576,0.0,0.0,0.0,1.0,11,3,27,624750,0,1,4,147875
ps,4,1048576,0.0,0.0,0.0,1.0,11,3,28,595583,0,1,4,155499
ps,4,1048576,0.0,0.0,0.0,1.0,11,3,29,586209,0,1,4,143834
ps,4,1048576,0.0,0.0,0.0,1.0,11,3,30,620792,0,1,4,122792
ps,4,1048576,0.0,0.0,0.0,1.0,11,3,31,638625,0,1,4,138709
ps,4,1048576,0.0,0.0,0.0,1.0,11,3,32,686791,0,1,4,159500
ps,4,1048576,0.0,0.0,0.0,1.0,11,3,33,633250,0,1,4,159000
ps,4,1048576,0.0,0.0,0.0,1.0,11,3,34,670666,0,1,4,128458
ps,4,1048576,0.0,0.0,0.0,1.0,11,3,35,728917,0,1,4,160167
ps,4,1048576,0.0,0.0,0.0,1.0,11,3,36,682333,0,1,4,140000
ps,4,1048576,0.0,0.0,0.0,1.0,11,3,37,599666,0,3,4,151875
ps,4,1048576,0.0,0.0,0.0,1.0,11,3,38,558125,0,1,4,129083
ps,4,1048576,0.0,0.0,0.0,1.0,11,3,39,717709,0,1,4,208084
ring,4,65536,0.0,0.0,0.0,1.0,11,3,0,461834,0,6,4,35542
ring,4,65536,0.0,0.0,0.0,1.0,11,3,1,473541,0,6,4,8708
ring,4,65536,0.0,0.0,0.0,1.0,11,3,2,483833,0,6,4,33958
ring,4,65536,0.0,0.0,0.0,1.0,11,3,3,495084,0,6,4,22543
ring,4,65536,0.0,0.0,0.0,1.0,11,3,4,482334,0,6,4,25167
ring,4,65536,0.0,0.0,0.0,1.0,11,3,5,465000,0,6,4,16333
ring,4,65536,0.0,0.0,0.0,1.0,11,3,6,502334,0,6,4,33876
ring,4,65536,0.0,0.0,0.0,1.0,11,3,7,422041,0,6,4,13833
ring,4,65536,0.0,0.0,0.0,1.0,11,3,8,406709,0,6,4,21918
ring,4,65536,0.0,0.0,0.0,1.0,11,3,9,394500,0,6,4,22666
ring,4,65536,0.0,0.0,0.0,1.0,11,3,10,413541,0,6,4,24500
ring,4,65536,0.0,0.0,0.0,1.0,11,3,11,418333,0,6,4,45291
ring,4,65536,0.0,0.0,0.0,1.0,11,3,12,567250,0,6,4,43000
ring,4,65536,0.0,0.0,0.0,1.0,11,3,13,476208,0,6,4,52792
ring,4,65536,0.0,0.0,0.0,1.0,11,3,14,455792,0,6,4,39750
ring,4,65536,0.0,0.0,0.0,1.0,11,3,15,464083,0,6,4,59708
ring,4,65536,0.0,0.0,0.0,1.0,11,3,16,436542,0,6,4,17417
ring,4,65536,0.0,0.0,0.0,1.0,11,3,17,389833,0,6,4,27458
ring,4,65536,0.0,0.0,0.0,1.0,11,3,18,368833,0,6,4,24500
ring,4,65536,0.0,0.0,0.0,1.0,11,3,19,378208,0,6,4,9541
ring,4,65536,0.0,0.0,0.0,1.0,11,3,20,396667,0,6,4,18084
ring,4,65536,0.0,0.0,0.0,1.0,11,3,21,375625,0,6,4,23209
ring,4,65536,0.0,0.0,0.0,1.0,11,3,22,398000,0,6,4,15667
ring,4,65536,0.0,0.0,0.0,1.0,11,3,23,474292,0,6,4,14167
ring,4,65536,0.0,0.0,0.0,1.0,11,3,24,385542,0,6,4,11792
ring,4,65536,0.0,0.0,0.0,1.0,11,3,25,385875,0,6,4,13375
ring,4,65536,0.0,0.0,0.0,1.0,11,3,26,392875,0,6,4,22000
ring,4,65536,0.0,0.0,0.0,1.0,11,3,27,370750,0,6,4,11000
ring,4,65536,0.0,0.0,0.0,1.0,11,3,28,393500,0,6,4,31542
ring,4,65536,0.0,0.0,0.0,1.0,11,3,29,359542,0,6,4,32917
ring,4,65536,0.0,0.0,0.0,1.0,11,3,30,376292,0,6,4,14209
ring,4,65536,0.0,0.0,0.0,1.0,11,3,31,481417,0,6,4,50667
ring,4,65536,0.0,0.0,0.0,1.0,11,3,32,408875,0,6,4,20708
ring,4,65536,0.0,0.0,0.0,1.0,11,3,33,405458,0,6,4,27791
ring,4,65536,0.0,0.0,0.0,1.0,11,3,34,389875,0,6,4,14958
ring,4,65536,0.0,0.0,0.0,1.0,11,3,35,465167,0,6,4,13125
ring,4,65536,0.0,0.0,0.0,1.0,11,3,36,389125,0,6,4,33916
ring,4,65536,0.0,0.0,0.0,1.0,11,3,37,407750,0,6,4,29958
ring,4,65536,0.0,0.0,0.0,1.0,11,3,38,383459,0,6,4,10626
ring,4,65536,0.0,0.0,0.0,1.0,11,3,39,368958,0,6,4,20125
ps,4,65536,0.0,0.0,0.0,1.0,11,3,0,162250,0,3,4,25959
ps,4,65536,0.0,0.0,0.0,1.0,11,3,1,177417,0,1,4,23958
ps,4,65536,0.0,0.0,0.0,1.0,11,3,2,184041,0,1,4,27457
ps,4,65536,0.0,0.0,0.0,1.0,11,3,3,177958,0,1,4,26333
ps,4,65536,0.0,0.0,0.0,1.0,11,3,4,174416,0,3,4,19708
ps,4,65536,0.0,0.0,0.0,1.0,11,3,5,186708,0,3,4,33541
ps,4,65536,0.0,0.0,0.0,1.0,11,3,6,164500,0,3,4,18375
ps,4,65536,0.0,0.0,0.0,1.0,11,3,7,190250,0,1,4,36625
ps,4,65536,0.0,0.0,0.0,1.0,11,3,8,171625,0,3,4,20666
ps,4,65536,0.0,0.0,0.0,1.0,11,3,9,182542,0,1,4,42792
ps,4,65536,0.0,0.0,0.0,1.0,11,3,10,208792,0,1,4,51792
ps,4,65536,0.0,0.0,0.0,1.0,11,3,11,177333,0,1,4,23458
ps,4,65536,0.0,0.0,0.0,1.0,11,3,12,213417,0,1,4,26667
ps,4,65536,0.0,0.0,0.0,1.0,11,3,13,185500,0,3,4,43333
ps,4,65536,0.0,0.0,0.0,1.0,11,3,14,193833,0,1,4,21708
ps,4,65536,0.0,0.0,0.0,1.0,11,3,15,181625,0,3,4,27834
ps,4,65536,0.0,0.0,0.0,1.0,11,3,16,177042,0,1,4,17333
ps,4,65536,0.0,0.0,0.0,1.0,11,3,17,211542,0,1,4,46083
ps,4,65536,0.0,0.0,0.0,1.0,11,3,18,204625,0,1,4,10458
ps,4,65536,0.0,0.0,0.0,1.0,11,3,19,202709,0,1,4,29292
ps,4,65536,0.0,0.0,0.0,1.0,11,3,20,185583,0,3,4,33166
ps,4,65536,0.0,0.0,0.0,1.0,11,3,21,168292,0,3,4,22417
ps,4,65536,0.0,0.0,0.0,1.0,11,3,22,223208,0,1,4,28124
ps,4,65536,0.0,0.0,0.0,1.0,11,3,23,221667,0,3,4,26000
ps,4,65536,0.0,0.0,0.0,1.0,11,3,24,166042,0,1,4,13000
ps,4,65536,0.0,0.0,0.0,1.0,11,3,25,158834,0,3,4,14167
ps,4,65536,0.0,0.0,0.0,1.0,11,3,26,180084,0,1,4,22917
ps,4,65536,0.0,0.0,0.0,1.0,11,3,27,171917,0,1,4,19083
ps,4,65536,0.0,0.0,0.0,1.0,11,3,28,185750,0,1,4,17084
ps,4,65536,0.0,0.0,0.0,1.0,11,3,29,181666,0,1,4,29083
ps,4,65536,0.0,0.0,0.0,1.0,11,3,30,201958,0,1,4,17833
ps,4,65536,0.0,0.0,0.0,1.0,11,3,31,190417,0,3,4,16417
ps,4,65536,0.0,0.0,0.0,1.0,11,3,32,210834,0,1,4,38126
ps,4,65536,0.0,0.0,0.0,1.0,11,3,33,207583,0,1,4,19458
ps,4,65536,0.0,0.0,0.0,1.0,11,3,34,187167,0,1,4,11334
ps,4,65536,0.0,0.0,0.0,1.0,11,3,35,189667,0,1,4,20209
ps,4,65536,0.0,0.0,0.0,1.0,11,3,36,228042,0,3,4,52750
ps,4,65536,0.0,0.0,0.0,1.0,11,3,37,203250,0,1,4,21333
ps,4,65536,0.0,0.0,0.0,1.0,11,3,38,191708,0,1,4,15416
ps,4,65536,0.0,0.0,0.0,1.0,11,3,39,197083,0,1,4,22916
ring,4,1048576,0.0,0.0,0.0,1.0,11,3,0,1249417,0,6,4,93876
ring,4,1048576,0.0,0.0,0.0,1.0,11,3,1,1150583,0,6,4,65708
ring,4,1048576,0.0,0.0,0.0,1.0,11,3,2,1179875,0,6,4,42416
ring,4,1048576,0.0,0.0,0.0,1.0,11,3,3,1107583,0,6,4,46041
ring,4,1048576,0.0,0.0,0.0,1.0,11,3,4,1141167,0,6,4,29417
ring,4,1048576,0.0,0.0,0.0,1.0,11,3,5,1086833,0,6,4,67083
ring,4,1048576,0.0,0.0,0.0,1.0,11,3,6,1153542,0,6,4,48792
ring,4,1048576,0.0,0.0,0.0,1.0,11,3,7,1203833,0,6,4,82000
ring,4,1048576,0.0,0.0,0.0,1.0,11,3,8,1204292,0,6,4,48042
ring,4,1048576,0.0,0.0,0.0,1.0,11,3,9,1275292,0,6,4,61292
ring,4,1048576,0.0,0.0,0.0,1.0,11,3,10,1168292,0,6,4,108000
ring,4,1048576,0.0,0.0,0.0,1.0,11,3,11,1175000,0,6,4,54209
ring,4,1048576,0.0,0.0,0.0,1.0,11,3,12,1130875,0,6,4,147791
ring,4,1048576,0.0,0.0,0.0,1.0,11,3,13,1185667,0,6,4,52167
ring,4,1048576,0.0,0.0,0.0,1.0,11,3,14,1243625,0,6,4,107250
ring,4,1048576,0.0,0.0,0.0,1.0,11,3,15,1178000,0,6,4,27709
ring,4,1048576,0.0,0.0,0.0,1.0,11,3,16,1481917,0,6,4,78250
ring,4,1048576,0.0,0.0,0.0,1.0,11,3,17,2641916,0,6,4,227166
ring,4,1048576,0.0,0.0,0.0,1.0,11,3,18,2077750,0,6,4,63042
ring,4,1048576,0.0,0.0,0.0,1.0,11,3,19,1896625,0,6,4,79375
ring,4,1048576,0.0,0.0,0.0,1.0,11,3,20,1804541,0,6,4,124666
ring,4,1048576,0.0,0.0,0.0,1.0,11,3,21,1729125,0,6,4,157541
ring,4,1048576,0.0,0.0,0.0,1.0,11,3,22,1805375,0,6,4,166125
ring,4,1048576,0.0,0.0,0.0,1.0,11,3,23,1607625,0,6,4,97167
ring,4,1048576,0.0,0.0,0.0,1.0,11,3,24,1708250,0,6,4,25792
ring,4,1048576,0.0,0.0,0.0,1.0,11,3,25,1663042,0,6,4,135625
ring,4,1048576,0.0,0.0,0.0,1.0,11,3,26,1577167,0,6,4,176959
ring,4,1048576,0.0,0.0,0.0,1.0,11,3,27,1687917,0,6,4,40709
ring,4,1048576,0.0,0.0,0.0,1.0,11,3,28,1585125,0,6,4,160000
ring,4,1048576,0.0,0.0,0.0,1.0,11,3,29,1623042,0,6,4,67792
ring,4,1048576,0.0,0.0,0.0,1.0,11,3,30,1623041,0,6,4,76291
ring,4,1048576,0.0,0.0,0.0,1.0,11,3,31,1382959,0,6,4,98542
ring,4,1048576,0.0,0.0,0.0,1.0,11,3,32,2212125,0,6,4,51708
ring,4,1048576,0.0,0.0,0.0,1.0,11,3,33,1616625,0,6,4,35083
ring,4,1048576,0.0,0.0,0.0,1.0,11,3,34,1578958,0,6,4,69749
ring,4,1048576,0.0,0.0,0.0,1.0,11,3,35,1688916,0,6,4,181249
ring,4,1048576,0.0,0.0,0.0,1.0,11,3,36,1608334,0,6,4,71709
ring,4,1048576,0.0,0.0,0.0,1.0,11,3,37,1536667,0,6,4,25333
ring,4,1048576,0.0,0.0,0.0,1.0,11,3,38,1672417,0,6,4,105792
ring,4,1048576,0.0,0.0,0.0,1.0,11,3,39,1546292,0,6,4,167417
ring,4,4096,0.0,0.0,0.0,1.0,11,3,0,443542,0,6,4,30250
ring,4,4096,0.0,0.0,0.0,1.0,11,3,1,428500,0,6,4,26750
ring,4,4096,0.0,0.0,0.0,1.0,11,3,2,389458,0,6,4,29791
ring,4,4096,0.0,0.0,0.0,1.0,11,3,3,427750,0,6,4,39792
ring,4,4096,0.0,0.0,0.0,1.0,11,3,4,404583,0,6,4,21666
ring,4,4096,0.0,0.0,0.0,1.0,11,3,5,421166,0,6,4,17291
ring,4,4096,0.0,0.0,0.0,1.0,11,3,6,471958,0,6,4,90666
ring,4,4096,0.0,0.0,0.0,1.0,11,3,7,589459,0,6,4,70834
ring,4,4096,0.0,0.0,0.0,1.0,11,3,8,847958,0,6,4,71624
ring,4,4096,0.0,0.0,0.0,1.0,11,3,9,739542,0,6,4,79625
ring,4,4096,0.0,0.0,0.0,1.0,11,3,10,653417,0,6,4,63917
ring,4,4096,0.0,0.0,0.0,1.0,11,3,11,670625,0,6,4,141375
ring,4,4096,0.0,0.0,0.0,1.0,11,3,12,547750,0,6,4,23208
ring,4,4096,0.0,0.0,0.0,1.0,11,3,13,617375,0,6,4,46917
ring,4,4096,0.0,0.0,0.0,1.0,11,3,14,581375,0,6,4,33875
ring,4,4096,0.0,0.0,0.0,1.0,11,3,15,748708,0,6,4,137750
ring,4,4096,0.0,0.0,0.0,1.0,11,3,16,698042,0,6,4,80251
ring,4,4096,0.0,0.0,0.0,1.0,11,3,17,714250,0,6,4,106291
ring,4,4096,0.0,0.0,0.0,1.0,11,3,18,507250,0,6,4,78375
ring,4,4096,0.0,0.0,0.0,1.0,11,3,19,431125,0,6,4,57833
ring,4,4096,0.0,0.0,0.0,1.0,11,3,20,371333,0,6,4,25875
ring,4,4096,0.0,0.0,0.0,1.0,11,3,21,444292,0,6,4,18875
ring,4,4096,0.0,0.0,0.0,1.0,11,3,22,608625,0,6,4,11500
ring,4,4096,0.0,0.0,0.0,1.0,11,3,23,384792,0,6,4,23709
ring,4,4096,0.0,0.0,0.0,1.0,11,3,24,400084,0,6,4,26750
ring,4,4096,0.0,0.0,0.0,1.0,11,3,25,374750,0,6,4,15208
ring,4,4096,0.0,0.0,0.0,1.0,11,3,26,364375,0,6,4,21041
ring,4,4096,0.0,0.0,0.0,1.0,11,3,27,415792,0,6,4,35875
ring,4,4096,0.0,0.0,0.0,1.0,11,3,28,391084,0,6,4,18459
ring,4,4096,0.0,0.0,0.0,1.0,11,3,29,391125,0,6,4,34667
ring,4,4096,0.0,0.0,0.0,1.0,11,3,30,393416,0,6,4,11291
ring,4,4096,0.0,0.0,0.0,1.0,11,3,31,383084,0,6,4,12376
ring,4,4096,0.0,0.0,0.0,1.0,11,3,32,391250,0,6,4,10459
ring,4,4096,0.0,0.0,0.0,1.0,11,3,33,400375,0,6,4,18250
ring,4,4096,0.0,0.0,0.0,1.0,11,3,34,377792,0,6,4,28542
ring,4,4096,0.0,0.0,0.0,1.0,11,3,35,413792,0,6,4,28876
ring,4,4096,0.0,0.0,0.0,1.0,11,3,36,389166,0,6,4,31666
ring,4,4096,0.0,0.0,0.0,1.0,11,3,37,374875,0,6,4,10417
ring,4,4096,0.0,0.0,0.0,1.0,11,3,38,402042,0,6,4,9958
ring,4,4096,0.0,0.0,0.0,1.0,11,3,39,428500,0,6,4,19000
recursive,4,1048576,0.0,0.0,0.0,1.0,11,3,0,1010000,0,4,4,125792
recursive,4,1048576,0.0,0.0,0.0,1.0,11,3,1,1255458,0,4,4,136833
recursive,4,1048576,0.0,0.0,0.0,1.0,11,3,2,1025959,0,4,4,114584
recursive,4,1048576,0.0,0.0,0.0,1.0,11,3,3,1091625,0,4,4,111083
recursive,4,1048576,0.0,0.0,0.0,1.0,11,3,4,919125,0,4,4,129542
recursive,4,1048576,0.0,0.0,0.0,1.0,11,3,5,955958,0,4,4,172958
recursive,4,1048576,0.0,0.0,0.0,1.0,11,3,6,959583,0,4,4,130416
recursive,4,1048576,0.0,0.0,0.0,1.0,11,3,7,969666,0,4,4,145666
recursive,4,1048576,0.0,0.0,0.0,1.0,11,3,8,940792,0,4,4,90042
recursive,4,1048576,0.0,0.0,0.0,1.0,11,3,9,863541,0,4,4,70666
recursive,4,1048576,0.0,0.0,0.0,1.0,11,3,10,1014417,0,4,4,118584
recursive,4,1048576,0.0,0.0,0.0,1.0,11,3,11,959375,0,4,4,45041
recursive,4,1048576,0.0,0.0,0.0,1.0,11,3,12,881750,0,4,4,110625
recursive,4,1048576,0.0,0.0,0.0,1.0,11,3,13,891458,0,4,4,66917
recursive,4,1048576,0.0,0.0,0.0,1.0,11,3,14,977292,0,4,4,133709
recursive,4,1048576,0.0,0.0,0.0,1.0,11,3,15,900791,0,4,4,153041
recursive,4,1048576,0.0,0.0,0.0,1.0,11,3,16,867542,0,4,4,107376
recursive,4,1048576,0.0,0.0,0.0,1.0,11,3,17,982709,0,4,4,122834
recursive,4,1048576,0.0,0.0,0.0,1.0,11,3,18,979917,0,4,4,66959
recursive,4,1048576,0.0,0.0,0.0,1.0,11,3,19,1017667,0,4,4,84792
recursive,4,1048576,0.0,0.0,0.0,1.0,11,3,20,927416,0,4,4,95291
recursive,4,1048576,0.0,0.0,0.0,1.0,11,3,21,934292,0,4,4,119458
recursive,4,1048576,0.0,0.0,0.0,1.0,11,3,22,912583,0,4,4,74791
recursive,4,1048576,0.0,0.0,0.0,1.0,11,3,23,990041,0,4,4,173708
recursive,4,1048576,0.0,0.0,0.0,1.0,11,3,24,1021084,0,4,4,121584
recursive,4,1048576,0.0,0.0,0.0,1.0,11,3,25,916708,0,4,4,86916
recursive,4,1048576,0.0,0.0,0.0,1.0,11,3,26,972167,0,4,4,103708
recursive,4,1048576,0.0,0.0,0.0,1.0,11,3,27,1060083,0,4,4,116875
recursive,4,1048576,0.0,0.0,0.0,1.0,11,3,28,1022250,0,4,4,107667
recursive,4,1048576,0.0,0.0,0.0,1.0,11,3,29,957000,0,4,4,85958
recursive,4,1048576,0.0,0.0,0.0,1.0,11,3,30,1043584,0,4,4,147126
recursive,4,1048576,0.0,0.0,0.0,1.0,11,3,31,981167,0,4,4,147251
recursive,4,1048576,0.0,0.0,0.0,1.0,11,3,32,904250,0,4,4,145917
recursive,4,1048576,0.0,0.0,0.0,1.0,11,3,33,958000,0,4,4,102709
recursive,4,1048576,0.0,0.0,0.0,1.0,11,3,34,1083750,0,4,4,187750
recursive,4,1048576,0.0,0.0,0.0,1.0,11,3,35,954792,0,4,4,107459
recursive,4,1048576,0.0,0.0,0.0,1.0,11,3,36,975417,0,4,4,25958
recursive,4,1048576,0.0,0.0,0.0,1.0,11,3,37,1020209,0,4,4,109126
recursive,4,1048576,0.0,0.0,0.0,1.0,11,3,38,972583,0,4,4,122083
recursive,4,1048576,0.0,0.0,0.0,1.0,11,3,39,969666,0,4,4,75582
recursive,4,65536,0.0,0.0,0.0,1.0,11,3,0,306250,0,4,4,30208
recursive,4,65536,0.0,0.0,0.0,1.0,11,3,1,291208,0,4,4,31417
recursive,4,65536,0.0,0.0,0.0,1.0,11,3,2,280125,0,4,4,19333
recursive,4,65536,0.0,0.0,0.0,1.0,11,3,3,264375,0,4,4,24833
recursive,4,65536,0.0,0.0,0.0,1.0,11,3,4,257125,0,4,4,7042
recursive,4,65536,0.0,0.0,0.0,1.0,11,3,5,266125,0,4,4,18417
recursive,4,65536,0.0,0.0,0.0,1.0,11,3,6,316834,0,4,4,21876
recursive,4,65536,0.0,0.0,0.0,1.0,11,3,7,273750,0,4,4,15875
recursive,4,65536,0.0,0.0,0.0,1.0,11,3,8,260750,0,4,4,24541
recursive,4,65536,0.0,0.0,0.0,1.0,11,3,9,299375,0,4,4,26583
recursive,4,65536,0.0,0.0,0.0,1.0,11,3,10,291416,0,4,4,20333
recursive,4,65536,0.0,0.0,0.0,1.0,11,3,11,286291,0,4,4,7750
recursive,4,65536,0.0,0.0,0.0,1.0,11,3,12,259625,0,4,4,8666
recursive,4,65536,0.0,0.0,0.0,1.0,11,3,13,281792,0,4,4,18334
recursive,4,65536,0.0,0.0,0.0,1.0,11,3,14,283542,0,4,4,36833
recursive,4,65536,0.0,0.0,0.0,1.0,11,3,15,271833,0,4,4,9874
recursive,4,65536,0.0,0.0,0.0,1.0,11,3,16,291500,0,4,4,25750
recursive,4,65536,0.0,0.0,0.0,1.0,11,3,17,261042,0,4,4,7917
recursive,4,65536,0.0,0.0,0.0,1.0,11,3,18,271959,0,4,4,30126
recursive,4,65536,0.0,0.0,0.0,1.0,11,3,19,260500,0,4,4,24167
recursive,4,65536,0.0,0.0,0.0,1.0,11,3,20,259542,0,4,4,8334
recursive,4,65536,0.0,0.0,0.0,1.0,11,3,21,268000,0,4,4,32958
recursive,4,65536,0.0,0.0,0.0,1.0,11,3,22,295834,0,4,4,28167
recursive,4,65536,0.0,0.0,0.0,1.0,11,3,23,262375,0,4,4,21958
recursive,4,65536,0.0,0.0,0.0,1.0,11,3,24,281375,0,4,4,19708
recursive,4,65536,0.0,0.0,0.0,1.0,11,3,25,289750,0,4,4,48291
recursive,4,65536,0.0,0.0,0.0,1.0,11,3,26,281375,0,4,4,40542
recursive,4,65536,0.0,0.0,0.0,1.0,11,3,27,296167,0,4,4,20167
recursive,4,65536,0.0,0.0,0.0,1.0,11,3,28,302000,0,4,4,12167
recursive,4,65536,0.0,0.0,0.0,1.0,11,3,29,296542,0,4,4,30167
recursive,4,65536,0.0,0.0,0.0,1.0,11,3,30,264042,0,4,4,6542
recursive,4,65536,0.0,0.0,0.0,1.0,11,3,31,283875,0,4,4,7959
recursive,4,65536,0.0,0.0,0.0,1.0,11,3,32,279708,0,4,4,42000
recursive,4,65536,0.0,0.0,0.0,1.0,11,3,33,302666,0,4,4,47916
recursive,4,65536,0.0,0.0,0.0,1.0,11,3,34,288458,0,4,4,19125
recursive,4,65536,0.0,0.0,0.0,1.0,11,3,35,298833,0,4,4,23958
recursive,4,65536,0.0,0.0,0.0,1.0,11,3,36,251667,0,4,4,20126
recursive,4,65536,0.0,0.0,0.0,1.0,11,3,37,261750,0,4,4,17666
recursive,4,65536,0.0,0.0,0.0,1.0,11,3,38,270000,0,4,4,19042
recursive,4,65536,0.0,0.0,0.0,1.0,11,3,39,305292,0,4,4,34542
ps,4,8388608,0.0,0.0,0.0,1.0,11,3,0,4567000,0,1,4,1900584
ps,4,8388608,0.0,0.0,0.0,1.0,11,3,1,6208792,0,3,4,1849125
ps,4,8388608,0.0,0.0,0.0,1.0,11,3,2,4235291,0,3,4,1326124
ps,4,8388608,0.0,0.0,0.0,1.0,11,3,3,4951625,0,3,4,1731000
ps,4,8388608,0.0,0.0,0.0,1.0,11,3,4,5667542,0,3,4,2020000
ps,4,8388608,0.0,0.0,0.0,1.0,11,3,5,6295375,0,1,4,1768541
ps,4,8388608,0.0,0.0,0.0,1.0,11,3,6,4291834,0,1,4,1311250
ps,4,8388608,0.0,0.0,0.0,1.0,11,3,7,4539250,0,3,4,1323250
ps,4,8388608,0.0,0.0,0.0,1.0,11,3,8,4352042,0,3,4,1283042
ps,4,8388608,0.0,0.0,0.0,1.0,11,3,9,4048000,0,3,4,1334875
ps,4,8388608,0.0,0.0,0.0,1.0,11,3,10,4517875,0,1,4,1529458
ps,4,8388608,0.0,0.0,0.0,1.0,11,3,11,4205750,0,1,4,1315125
ps,4,8388608,0.0,0.0,0.0,1.0,11,3,12,4334250,0,3,4,1273334
ps,4,8388608,0.0,0.0,0.0,1.0,11,3,13,4266250,0,3,4,1368750
ps,4,8388608,0.0,0.0,0.0,1.0,11,3,14,4139041,0,1,4,1323791
ps,4,8388608,0.0,0.0,0.0,1.0,11,3,15,4579291,0,1,4,1711666
ps,4,8388608,0.0,0.0,0.0,1.0,11,3,16,5081541,0,1,4,1576708
ps,4,8388608,0.0,0.0,0.0,1.0,11,3,17,4755583,0,1,4,1485667
ps,4,8388608,0.0,0.0,0.0,1.0,11,3,18,4684500,0,3,4,1440667
ps,4,8388608,0.0,0.0,0.0,1.0,11,3,19,4512209,0,1,4,1367834
ps,4,8388608,0.0,0.0,0.0,1.0,11,3,20,4417000,0,1,4,1578334
ps,4,8388608,0.0,0.0,0.0,1.0,11,3,21,4240958,0,3,4,1484291
ps,4,8388608,0.0,0.0,0.0,1.0,11,3,22,4284083,0,1,4,1477208
ps,4,8388608,0.0,0.0,0.0,1.0,11,3,23,4510500,0,1,4,1303209
ps,4,8388608,0.0,0.0,0.0,1.0,11,3,24,4678291,0,1,4,1510375
ps,4,8388608,0.0,0.0,0.0,1.0,11,3,25,4440458,0,3,4,1604416
ps,4,8388608,0.0,0.0,0.0,1.0,11,3,26,4836792,0,3,4,1502959
ps,4,8388608,0.0,0.0,0.0,1.0,11,3,27,4990833,0,3,4,1799416
ps,4,8388608,0.0,0.0,0.0,1.0,11,3,28,5134750,0,1,4,1700083
ps,4,8388608,0.0,0.0,0.0,1.0,11,3,29,4129084,0,3,4,1192126
ps,4,8388608,0.0,0.0,0.0,1.0,11,3,30,4322084,0,3,4,1592584
ps,4,8388608,0.0,0.0,0.0,1.0,11,3,31,4516958,0,3,4,1329750
ps,4,8388608,0.0,0.0,0.0,1.0,11,3,32,4219375,0,1,4,1289750
ps,4,8388608,0.0,0.0,0.0,1.0,11,3,33,4564250,0,1,4,1666208
ps,4,8388608,0.0,0.0,0.0,1.0,11,3,34,4377166,0,1,4,1575708
ps,4,8388608,0.0,0.0,0.0,1.0,11,3,35,4905334,0,3,4,1716626
ps,4,8388608,0.0,0.0,0.0,1.0,11,3,36,4336250,0,1,4,1436541
ps,4,8388608,0.0,0.0,0.0,1.0,11,3,37,4934458,0,3,4,1525333
ps,4,8388608,0.0,0.0,0.0,1.0,11,3,38,4385625,0,3,4,1388125
ps,4,8388608,0.0,0.0,0.0,1.0,11,3,39,4341208,0,1,4,1206124
ps,4,4096,0.0,0.0,0.0,1.0,11,3,0,226333,0,1,4,10916
ps,4,4096,0.0,0.0,0.0,1.0,11,3,1,186791,0,1,4,24333
ps,4,4096,0.0,0.0,0.0,1.0,11,3,2,212958,0,3,4,17541
ps,4,4096,0.0,0.0,0.0,1.0,11,3,3,209500,0,3,4,46792
ps,4,4096,0.0,0.0,0.0,1.0,11,3,4,221542,0,1,4,35959
ps,4,4096,0.0,0.0,0.0,1.0,11,3,5,204875,0,1,4,21083
ps,4,4096,0.0,0.0,0.0,1.0,11,3,6,218000,0,1,4,44375
ps,4,4096,0.0,0.0,0.0,1.0,11,3,7,247667,0,3,4,30625
ps,4,4096,0.0,0.0,0.0,1.0,11,3,8,228459,0,1,4,19501
ps,4,4096,0.0,0.0,0.0,1.0,11,3,9,205833,0,1,4,25208
ps,4,4096,0.0,0.0,0.0,1.0,11,3,10,225083,0,3,4,21792
ps,4,4096,0.0,0.0,0.0,1.0,11,3,11,251375,0,1,4,31875
ps,4,4096,0.0,0.0,0.0,1.0,11,3,12,192000,0,1,4,9958
ps,4,4096,0.0,0.0,0.0,1.0,11,3,13,215959,0,3,4,27376
ps,4,4096,0.0,0.0,0.0,1.0,11,3,14,222875,0,1,4,12333
ps,4,4096,0.0,0.0,0.0,1.0,11,3,15,173958,0,1,4,30625
ps,4,4096,0.0,0.0,0.0,1.0,11,3,16,186500,0,3,4,11916
ps,4,4096,0.0,0.0,0.0,1.0,11,3,17,199458,0,3,4,24208
ps,4,4096,0.0,0.0,0.0,1.0,11,3,18,224000,0,1,4,39042
ps,4,4096,0.0,0.0,0.0,1.0,11,3,19,203042,0,3,4,32250
ps,4,4096,0.0,0.0,0.0,1.0,11,3,20,201958,0,3,4,28958
ps,4,4096,0.0,0.0,0.0,1.0,11,3,21,222167,0,1,4,22708
ps,4,4096,0.0,0.0,0.0,1.0,11,3,22,206375,0,1,4,22375
ps,4,4096,0.0,0.0,0.0,1.0,11,3,23,184291,0,1,4,18791
ps,4,4096,0.0,0.0,0.0,1.0,11,3,24,179042,0,3,4,19958
ps,4,4096,0.0,0.0,0.0,1.0,11,3,25,213292,0,3,4,37292
ps,4,4096,0.0,0.0,0.0,1.0,11,3,26,195792,0,1,4,23375
ps,4,4096,0.0,0.0,0.0,1.0,11,3,27,195791,0,3,4,18416
ps,4,4096,0.0,0.0,0.0,1.0,11,3,28,204583,0,1,4,19874
ps,4,4096,0.0,0.0,0.0,1.0,11,3,29,192959,0,1,4,17834
ps,4,4096,0.0,0.0,0.0,1.0,11,3,30,171083,0,3,4,15666
ps,4,4096,0.0,0.0,0.0,1.0,11,3,31,216875,0,1,4,19167
ps,4,4096,0.0,0.0,0.0,1.0,11,3,32,182333,0,3,4,21625
ps,4,4096,0.0,0.0,0.0,1.0,11,3,33,180625,0,1,4,20375
ps,4,4096,0.0,0.0,0.0,1.0,11,3,34,210958,0,1,4,27875
ps,4,4096,0.0,0.0,0.0,1.0,11,3,35,165250,0,1,4,18000
ps,4,4096,0.0,0.0,0.0,1.0,11,3,36,225917,0,1,4,17417
ps,4,4096,0.0,0.0,0.0,1.0,11,3,37,205750,0,1,4,43583
ps,4,4096,0.0,0.0,0.0,1.0,11,3,38,185000,0,1,4,10000
ps,4,4096,0.0,0.0,0.0,1.0,11,3,39,292125,0,3,4,75958
recursive,4,8388608,0.0,0.0,0.0,1.0,11,3,0,4767500,0,4,4,352959
recursive,4,8388608,0.0,0.0,0.0,1.0,11,3,1,4602333,0,4,4,387833
recursive,4,8388608,0.0,0.0,0.0,1.0,11,3,2,4180834,0,4,4,291334
recursive,4,8388608,0.0,0.0,0.0,1.0,11,3,3,4549083,0,4,4,337708
recursive,4,8388608,0.0,0.0,0.0,1.0,11,3,4,4620791,0,4,4,525957
recursive,4,8388608,0.0,0.0,0.0,1.0,11,3,5,4327583,0,4,4,373999
recursive,4,8388608,0.0,0.0,0.0,1.0,11,3,6,4083083,0,4,4,536124
recursive,4,8388608,0.0,0.0,0.0,1.0,11,3,7,4344417,0,4,4,332458
recursive,4,8388608,0.0,0.0,0.0,1.0,11,3,8,4157333,0,4,4,178458
recursive,4,8388608,0.0,0.0,0.0,1.0,11,3,9,4192417,0,4,4,335750
recursive,4,8388608,0.0,0.0,0.0,1.0,11,3,10,4176166,0,4,4,407541
recursive,4,8388608,0.0,0.0,0.0,1.0,11,3,11,4308000,0,4,4,540708
recursive,4,8388608,0.0,0.0,0.0,1.0,11,3,12,4571708,0,4,4,565250
recursive,4,8388608,0.0,0.0,0.0,1.0,11,3,13,4552375,0,4,4,356416
recursive,4,8388608,0.0,0.0,0.0,1.0,11,3,14,4943333,0,4,4,584917
recursive,4,8388608,0.0,0.0,0.0,1.0,11,3,15,4720125,0,4,4,266375
recursive,4,8388608,0.0,0.0,0.0,1.0,11,3,16,4266625,0,4,4,310083
recursive,4,8388608,0.0,0.0,0.0,1.0,11,3,17,4113333,0,4,4,426208
recursive,4,8388608,0.0,0.0,0.0,1.0,11,3,18,4474500,0,4,4,466417
recursive,4,8388608,0.0,0.0,0.0,1.0,11,3,19,4321375,0,4,4,466708
recursive,4,8388608,0.0,0.0,0.0,1.0,11,3,20,4126167,0,4,4,449667
recursive,4,8388608,0.0,0.0,0.0,1.0,11,3,21,4279666,0,4,4,485833
recursive,4,8388608,0.0,0.0,0.0,1.0,11,3,22,4234291,0,4,4,267791
recursive,4,8388608,0.0,0.0,0.0,1.0,11,3,23,4523333,0,4,4,504667
recursive,4,8388608,0.0,0.0,0.0,1.0,11,3,24,4203667,0,4,4,268334
recursive,4,8388608,0.0,0.0,0.0,1.0,11,3,25,3911916,0,4,4,48083
recursive,4,8388608,0.0,0.0,0.0,1.0,11,3,26,4472292,0,4,4,319500
recursive,4,8388608,0.0,0.0,0.0,1.0,11,3,27,4465417,0,4,4,344917
recursive,4,8388608,0.0,0.0,0.0,1.0,11,3,28,4637584,0,4,4,670501
recursive,4,8388608,0.0,0.0,0.0,1.0,11,3,29,5718458,0,4,4,1160208
recursive,4,8388608,0.0,0.0,0.0,1.0,11,3,30,4450291,0,4,4,500874
recursive,4,8388608,0.0,0.0,0.0,1.0,11,3,31,4326500,0,4,4,295459
recursive,4,8388608,0.0,0.0,0.0,1.0,11,3,32,4685083,0,4,4,320499
recursive,4,8388608,0.0,0.0,0.0,1.0,11,3,33,4341333,0,4,4,493166
recursive,4,8388608,0.0,0.0,0.0,1.0,11,3,34,4506750,0,4,4,638333
recursive,4,8388608,0.0,0.0,0.0,1.0,11,3,35,4524084,0,4,4,348959
recursive,4,8388608,0.0,0.0,0.0,1.0,11,3,36,4744542,0,4,4,502709
recursive,4,8388608,0.0,0.0,0.0,1.0,11,3,37,4063583,0,4,4,319916
recursive,4,8388608,0.0,0.0,0.0,1.0,11,3,38,4859666,0,4,4,801791
recursive,4,8388608,0.0,0.0,0.0,1.0,11,3,39,4065791,0,4,4,324166
ring,4,8388608,0.0,0.0,0.0,1.0,11,3,0,4447875,0,6,4,265083
ring,4,8388608,0.0,0.0,0.0,1.0,11,3,1,3646583,0,6,4,92500
ring,4,8388608,0.0,0.0,0.0,1.0,11,3,2,4386458,0,6,4,195667
ring,4,8388608,0.0,0.0,0.0,1.0,11,3,3,3611000,0,6,4,186417
ring,4,8388608,0.0,0.0,0.0,1.0,11,3,4,3708458,0,6,4,265624
ring,4,8388608,0.0,0.0,0.0,1.0,11,3,5,3857125,0,6,4,385541
ring,4,8388608,0.0,0.0,0.0,1.0,11,3,6,3910250,0,6,4,236000
ring,4,8388608,0.0,0.0,0.0,1.0,11,3,7,3874000,0,6,4,289959
ring,4,8388608,0.0,0.0,0.0,1.0,11,3,8,3638625,0,6,4,136250
ring,4,8388608,0.0,0.0,0.0,1.0,11,3,9,3945000,0,6,4,213250
ring,4,8388608,0.0,0.0,0.0,1.0,11,3,10,3664959,0,6,4,185917
ring,4,8388608,0.0,0.0,0.0,1.0,11,3,11,3854458,0,6,4,287875
ring,4,8388608,0.0,0.0,0.0,1.0,11,3,12,4315542,0,6,4,245084
ring,4,8388608,0.0,0.0,0.0,1.0,11,3,13,3743000,0,6,4,275542
ring,4,8388608,0.0,0.0,0.0,1.0,11,3,14,3997417,0,6,4,224584
ring,4,8388608,0.0,0.0,0.0,1.0,11,3,15,3972625,0,6,4,219250
ring,4,8388608,0.0,0.0,0.0,1.0,11,3,16,3957250,0,6,4,240791
ring,4,8388608,0.0,0.0,0.0,1.0,11,3,17,3960583,0,6,4,227958
ring,4,8388608,0.0,0.0,0.0,1.0,11,3,18,4034458,0,6,4,246083
ring,4,8388608,0.0,0.0,0.0,1.0,11,3,19,4181333,0,6,4,274708
ring,4,8388608,0.0,0.0,0.0,1.0,11,3,20,3557584,0,6,4,327667
ring,4,8388608,0.0,0.0,0.0,1.0,11,3,21,4047167,0,6,4,436209
ring,4,8388608,0.0,0.0,0.0,1.0,11,3,22,3787291,0,6,4,106833
ring,4,8388608,0.0,0.0,0.0,1.0,11,3,23,3771083,0,6,4,172166
ring,4,8388608,0.0,0.0,0.0,1.0,11,3,24,3534625,0,6,4,196625
ring,4,8388608,0.0,0.0,0.0,1.0,11,3,25,3948708,0,6,4,400708
ring,4,8388608,0.0,0.0,0.0,1.0,11,3,26,3763125,0,6,4,159542
ring,4,8388608,0.0,0.0,0.0,1.0,11,3,27,3977542,0,6,4,278751
ring,4,8388608,0.0,0.0,0.0,1.0,11,3,28,4029167,0,6,4,215084
ring,4,8388608,0.0,0.0,0.0,1.0,11,3,29,3942917,0,6,4,177542
ring,4,8388608,0.0,0.0,0.0,1.0,11,3,30,4313250,0,6,4,355333
ring,4,8388608,0.0,0.0,0.0,1.0,11,3,31,4192959,0,6,4,310459
ring,4,8388608,0.0,0.0,0.0,1.0,11,3,32,4459250,0,6,4,364667
ring,4,8388608,0.0,0.0,0.0,1.0,11,3,33,4096917,0,6,4,164542
ring,4,8388608,0.0,0.0,0.0,1.0,11,3,34,4077792,0,6,4,253208
ring,4,8388608,0.0,0.0,0.0,1.0,11,3,35,4133958,0,6,4,339916
ring,4,8388608,0.0,0.0,0.0,1.0,11,3,36,4092250,0,6,4,192750
ring,4,8388608,0.0,0.0,0.0,1.0,11,3,37,4205083,0,6,4,345708
ring,4,8388608,0.0,0.0,0.0,1.0,11,3,38,4058750,0,6,4,282083
ring,4,8388608,0.0,0.0,0.0,1.0,11,3,39,3859375,0,6,4,82709
ps,4,4096,0.0,0.0,0.0,1.0,11,4,0,330708,0,1,4,65666
ps,4,4096,0.0,0.0,0.0,1.0,11,4,1,251041,0,1,4,18625
ps,4,4096,0.0,0.0,0.0,1.0,11,4,2,251458,0,1,4,35375
ps,4,4096,0.0,0.0,0.0,1.0,11,4,3,220125,0,1,4,11875
ps,4,4096,0.0,0.0,0.0,1.0,11,4,4,218250,0,3,4,12917
ps,4,4096,0.0,0.0,0.0,1.0,11,4,5,236417,0,1,4,16334
ps,4,4096,0.0,0.0,0.0,1.0,11,4,6,214500,0,3,4,30666
ps,4,4096,0.0,0.0,0.0,1.0,11,4,7,203625,0,3,4,27875
ps,4,4096,0.0,0.0,0.0,1.0,11,4,8,230916,0,3,4,3166
ps,4,4096,0.0,0.0,0.0,1.0,11,4,9,227500,0,1,4,28917
ps,4,4096,0.0,0.0,0.0,1.0,11,4,10,245834,0,1,4,15251
ps,4,4096,0.0,0.0,0.0,1.0,11,4,11,236917,0,3,4,25251
ps,4,4096,0.0,0.0,0.0,1.0,11,4,12,215500,0,1,4,17333
ps,4,4096,0.0,0.0,0.0,1.0,11,4,13,212500,0,3,4,16667
ps,4,4096,0.0,0.0,0.0,1.0,11,4,14,205000,0,3,4,29167
ps,4,4096,0.0,0.0,0.0,1.0,11,4,15,213416,0,1,4,3000
ps,4,4096,0.0,0.0,0.0,1.0,11,4,16,228250,0,1,4,16667
ps,4,4096,0.0,0.0,0.0,1.0,11,4,17,201792,0,1,4,17917
ps,4,4096,0.0,0.0,0.0,1.0,11,4,18,210292,0,3,4,21458
ps,4,4096,0.0,0.0,0.0,1.0,11,4,19,219125,0,1,4,27334
ps,4,4096,0.0,0.0,0.0,1.0,11,4,20,234416,0,3,4,6291
ps,4,4096,0.0,0.0,0.0,1.0,11,4,21,227291,0,1,4,18832
ps,4,4096,0.0,0.0,0.0,1.0,11,4,22,228500,0,1,4,9916
ps,4,4096,0.0,0.0,0.0,1.0,11,4,23,209750,0,3,4,19041
ps,4,4096,0.0,0.0,0.0,1.0,11,4,24,221625,0,1,4,6792
ps,4,4096,0.0,0.0,0.0,1.0,11,4,25,215833,0,3,4,17333
ps,4,4096,0.0,0.0,0.0,1.0,11,4,26,193250,0,3,4,25167
ps,4,4096,0.0,0.0,0.0,1.0,11,4,27,225959,0,1,4,20625
ps,4,4096,0.0,0.0,0.0,1.0,11,4,28,216375,0,1,4,13208
ps,4,4096,0.0,0.0,0.0,1.0,11,4,29,234083,0,1,4,25292
ps,4,4096,0.0,0.0,0.0,1.0,11,4,30,202875,0,3,4,13875
ps,4,4096,0.0,0.0,0.0,1.0,11,4,31,201708,0,3,4,5041
ps,4,4096,0.0,0.0,0.0,1.0,11,4,32,200542,0,3,4,14084
ps,4,4096,0.0,0.0,0.0,1.0,11,4,33,202500,0,3,4,10458
ps,4,4096,0.0,0.0,0.0,1.0,11,4,34,198292,0,3,4,30417
ps,4,4096,0.0,0.0,0.0,1.0,11,4,35,218833,0,1,4,8333
ps,4,4096,0.0,0.0,0.0,1.0,11,4,36,198083,0,1,4,26624
ps,4,4096,0.0,0.0,0.0,1.0,11,4,37,212708,0,3,4,18416
ps,4,4096,0.0,0.0,0.0,1.0,11,4,38,210416,0,3,4,4666
ps,4,4096,0.0,0.0,0.0,1.0,11,4,39,194625,0,3,4,16000
ps,4,65536,0.0,0.0,0.0,1.0,11,4,0,291250,0,1,4,44625
ps,4,65536,0.0,0.0,0.0,1.0,11,4,1,269375,0,1,4,23625
ps,4,65536,0.0,0.0,0.0,1.0,11,4,2,268083,0,1,4,42208
ps,4,65536,0.0,0.0,0.0,1.0,11,4,3,250709,0,1,4,36709
ps,4,65536,0.0,0.0,0.0,1.0,11,4,4,282666,0,1,4,50332
ps,4,65536,0.0,0.0,0.0,1.0,11,4,5,242500,0,1,4,18708
ps,4,65536,0.0,0.0,0.0,1.0,11,4,6,295541,0,1,4,37916
ps,4,65536,0.0,0.0,0.0,1.0,11,4,7,260000,0,1,4,22583
ps,4,65536,0.0,0.0,0.0,1.0,11,4,8,243917,0,1,4,26125
ps,4,65536,0.0,0.0,0.0,1.0,11,4,9,236917,0,1,4,7542
ps,4,65536,0.0,0.0,0.0,1.0,11,4,10,243333,0,1,4,26458
ps,4,65536,0.0,0.0,0.0,1.0,11,4,11,225250,0,1,4,16708
ps,4,65536,0.0,0.0,0.0,1.0,11,4,12,281833,0,1,4,36375
ps,4,65536,0.0,0.0,0.0,1.0,11,4,13,234708,0,1,4,18583
ps,4,65536,0.0,0.0,0.0,1.0,11,4,14,264250,0,1,4,32958
ps,4,65536,0.0,0.0,0.0,1.0,11,4,15,250125,0,1,4,24959
ps,4,65536,0.0,0.0,0.0,1.0,11,4,16,252792,0,1,4,33584
ps,4,65536,0.0,0.0,0.0,1.0,11,4,17,246000,0,1,4,32167
ps,4,65536,0.0,0.0,0.0,1.0,11,4,18,288375,0,1,4,58875
ps,4,65536,0.0,0.0,0.0,1.0,11,4,19,249042,0,1,4,26792
ps,4,65536,0.0,0.0,0.0,1.0,11,4,20,245333,0,1,4,22542
ps,4,65536,0.0,0.0,0.0,1.0,11,4,21,260459,0,1,4,29084
ps,4,65536,0.0,0.0,0.0,1.0,11,4,22,290541,0,1,4,32875
ps,4,65536,0.0,0.0,0.0,1.0,11,4,23,235000,0,1,4,27500
ps,4,65536,0.0,0.0,0.0,1.0,11,4,24,233583,0,1,4,20958
ps,4,65536,0.0,0.0,0.0,1.0,11,4,25,220458,0,1,4,25416
ps,4,65536,0.0,0.0,0.0,1.0,11,4,26,263208,0,1,4,26708
ps,4,65536,0.0,0.0,0.0,1.0,11,4,27,260500,0,1,4,17875
ps,4,65536,0.0,0.0,0.0,1.0,11,4,28,228125,0,1,4,18209
ps,4,65536,0.0,0.0,0.0,1.0,11,4,29,311500,0,1,4,26250
ps,4,65536,0.0,0.0,0.0,1.0,11,4,30,195167,0,3,4,20000
ps,4,65536,0.0,0.0,0.0,1.0,11,4,31,240709,0,1,4,44001
ps,4,65536,0.0,0.0,0.0,1.0,11,4,32,197792,0,1,4,21292
ps,4,65536,0.0,0.0,0.0,1.0,11,4,33,249334,0,1,4,27709
ps,4,65536,0.0,0.0,0.0,1.0,11,4,34,229584,0,1,4,36209
ps,4,65536,0.0,0.0,0.0,1.0,11,4,35,274458,0,1,4,46458
ps,4,65536,0.0,0.0,0.0,1.0,11,4,36,285416,0,3,4,36249
ps,4,65536,0.0,0.0,0.0,1.0,11,4,37,328250,0,1,4,65166
ps,4,65536,0.0,0.0,0.0,1.0,11,4,38,243375,0,1,4,22833
ps,4,65536,0.0,0.0,0.0,1.0,11,4,39,198292,0,1,4,30292
recursive,4,1048576,0.0,0.0,0.0,1.0,11,4,0,1105000,0,4,4,165041
recursive,4,1048576,0.0,0.0,0.0,1.0,11,4,1,1023917,0,4,4,35875
recursive,4,1048576,0.0,0.0,0.0,1.0,11,4,2,1119250,0,4,4,231041
recursive,4,1048576,0.0,0.0,0.0,1.0,11,4,3,1841541,0,4,4,528458
recursive,4,1048576,0.0,0.0,0.0,1.0,11,4,4,1373750,0,4,4,164292
recursive,4,1048576,0.0,0.0,0.0,1.0,11,4,5,957875,0,4,4,92834
recursive,4,1048576,0.0,0.0,0.0,1.0,11,4,6,1135875,0,4,4,109083
recursive,4,1048576,0.0,0.0,0.0,1.0,11,4,7,1095917,0,4,4,98875
recursive,4,1048576,0.0,0.0,0.0,1.0,11,4,8,1026375,0,4,4,127250
recursive,4,1048576,0.0,0.0,0.0,1.0,11,4,9,1051708,0,4,4,98208
recursive,4,1048576,0.0,0.0,0.0,1.0,11,4,10,1508042,0,4,4,14708
recursive,4,1048576,0.0,0.0,0.0,1.0,11,4,11,972042,0,4,4,116334
recursive,4,1048576,0.0,0.0,0.0,1.0,11,4,12,1291417,0,4,4,82209
recursive,4,1048576,0.0,0.0,0.0,1.0,11,4,13,1138041,0,4,4,102707
recursive,4,1048576,0.0,0.0,0.0,1.0,11,4,14,1102334,0,4,4,99584
recursive,4,1048576,0.0,0.0,0.0,1.0,11,4,15,1029167,0,4,4,176625
recursive,4,1048576,0.0,0.0,0.0,1.0,11,4,16,931250,0,4,4,77291
recursive,4,1048576,0.0,0.0,0.0,1.0,11,4,17,1059042,0,4,4,155000
recursive,4,1048576,0.0,0.0,0.0,1.0,11,4,18,1005000,0,4,4,96917
recursive,4,1048576,0.0,0.0,0.0,1.0,11,4,19,992292,0,4,4,174458
recursive,4,1048576,0.0,0.0,0.0,1.0,11,4,20,1017834,0,4,4,115167
recursive,4,1048576,0.0,0.0,0.0,1.0,11,4,21,972792,0,4,4,57500
recursive,4,1048576,0.0,0.0,0.0,1.0,11,4,22,1081125,0,4,4,117417
recursive,4,1048576,0.0,0.0,0.0,1.0,11,4,23,1103833,0,4,4,74208
recursive,4,1048576,0.0,0.0,0.0,1.0,11,4,24,1020708,0,4,4,56916
recursive,4,1048576,0.0,0.0,0.0,1.0,11,4,25,1105542,0,4,4,43834
recursive,4,1048576,0.0,0.0,0.0,1.0,11,4,26,935167,0,4,4,65833
recursive,4,1048576,0.0,0.0,0.0,1.0,11,4,27,1344500,0,4,4,139708
recursive,4,1048576,0.0,0.0,0.0,1.0,11,4,28,1170375,0,4,4,82166
recursive,4,1048576,0.0,0.0,0.0,1.0,11,4,29,1105125,0,4,4,131459
recursive,4,1048576,0.0,0.0,0.0,1.0,11,4,30,1020584,0,4,4,101542
recursive,4,1048576,0.0,0.0,0.0,1.0,11,4,31,1043042,0,4,4,87167
recursive,4,1048576,0.0,0.0,0.0,1.0,11,4,32,1096458,0,4,4,77999
recursive,4,1048576,0.0,0.0,0.0,1.0,11,4,33,962042,0,4,4,87917
recursive,4,1048576,0.0,0.0,0.0,1.0,11,4,34,1080875,0,4,4,135750
recursive,4,1048576,0.0,0.0,0.0,1.0,11,4,35,1004584,0,4,4,82417
recursive,4,1048576,0.0,0.0,0.0,1.0,11,4,36,1010000,0,4,4,116166
recursive,4,1048576,0.0,0.0,0.0,1.0,11,4,37,996458,0,4,4,106791
recursive,4,1048576,0.0,0.0,0.0,1.0,11,4,38,937958,0,4,4,121458
recursive,4,1048576,0.0,0.0,0.0,1.0,11,4,39,913583,0,4,4,87541
ps,4,1048576,0.0,0.0,0.0,1.0,11,4,0,644792,0,1,4,138958
ps,4,1048576,0.0,0.0,0.0,1.0,11,4,1,596791,0,1,4,143208
ps,4,1048576,0.0,0.0,0.0,1.0,11,4,2,607083,0,1,4,161917
ps,4,1048576,0.0,0.0,0.0,1.0,11,4,3,649041,0,3,4,147582
ps,4,1048576,0.0,0.0,0.0,1.0,11,4,4,761209,0,1,4,213959
ps,4,1048576,0.0,0.0,0.0,1.0,11,4,5,1014792,0,1,4,220709
ps,4,1048576,0.0,0.0,0.0,1.0,11,4,6,986042,0,1,4,242001
ps,4,1048576,0.0,0.0,0.0,1.0,11,4,7,784042,0,1,4,170959
ps,4,1048576,0.0,0.0,0.0,1.0,11,4,8,1269917,0,1,4,254584
ps,4,1048576,0.0,0.0,0.0,1.0,11,4,9,953833,0,1,4,225583
ps,4,1048576,0.0,0.0,0.0,1.0,11,4,10,771875,0,1,4,159750
ps,4,1048576,0.0,0.0,0.0,1.0,11,4,11,629875,0,3,4,139208
ps,4,1048576,0.0,0.0,0.0,1.0,11,4,12,662417,0,1,4,148458
ps,4,1048576,0.0,0.0,0.0,1.0,11,4,13,672584,0,3,4,143418
ps,4,1048576,0.0,0.0,0.0,1.0,11,4,14,886000,0,1,4,214458
ps,4,1048576,0.0,0.0,0.0,1.0,11,4,15,806500,0,1,4,147959
ps,4,1048576,0.0,0.0,0.0,1.0,11,4,16,737958,0,1,4,195374
ps,4,1048576,0.0,0.0,0.0,1.0,11,4,17,807708,0,3,4,160542
ps,4,1048576,0.0,0.0,0.0,1.0,11,4,18,817917,0,1,4,186001
ps,4,1048576,0.0,0.0,0.0,1.0,11,4,19,693666,0,3,4,127041
ps,4,1048576,0.0,0.0,0.0,1.0,11,4,20,663458,0,3,4,125458
ps,4,1048576,0.0,0.0,0.0,1.0,11,4,21,830416,0,1,4,166125
ps,4,1048576,0.0,0.0,0.0,1.0,11,4,22,785666,0,1,4,145791
ps,4,1048576,0.0,0.0,0.0,1.0,11,4,23,639000,0,3,4,116666
ps,4,1048576,0.0,0.0,0.0,1.0,11,4,24,843125,0,3,4,127333
ps,4,1048576,0.0,0.0,0.0,1.0,11,4,25,658375,0,3,4,132333
ps,4,1048576,0.0,0.0,0.0,1.0,11,4,26,766209,0,1,4,175709
ps,4,1048576,0.0,0.0,0.0,1.0,11,4,27,815208,0,1,4,155583
ps,4,1048576,0.0,0.0,0.0,1.0,11,4,28,911125,0,1,4,220875
ps,4,1048576,0.0,0.0,0.0,1.0,11,4,29,778291,0,1,4,133374
ps,4,1048576,0.0,0.0,0.0,1.0,11,4,30,693958,0,1,4,151541
ps,4,1048576,0.0,0.0,0.0,1.0,11,4,31,726792,0,1,4,131542
ps,4,1048576,0.0,0.0,0.0,1.0,11,4,32,893084,0,1,4,217918
ps,4,1048576,0.0,0.0,0.0,1.0,11,4,33,786083,0,1,4,193166
ps,4,1048576,0.0,0.0,0.0,1.0,11,4,34,839542,0,1,4,150667
ps,4,1048576,0.0,0.0,0.0,1.0,11,4,35,722500,0,1,4,166125
ps,4,1048576,0.0,0.0,0.0,1.0,11,4,36,683208,0,1,4,150624
ps,4,1048576,0.0,0.0,0.0,1.0,11,4,37,643666,0,1,4,136332
ps,4,1048576,0.0,0.0,0.0,1.0,11,4,38,840958,0,1,4,133833
ps,4,1048576,0.0,0.0,0.0,1.0,11,4,39,736333,0,1,4,157000
ring,4,65536,0.0,0.0,0.0,1.0,11,4,0,448417,0,6,4,10375
ring,4,65536,0.0,0.0,0.0,1.0,11,4,1,472042,0,6,4,50376
ring,4,65536,0.0,0.0,0.0,1.0,11,4,2,474083,0,6,4,35666
ring,4,65536,0.0,0.0,0.0,1.0,11,4,3,467833,0,6,4,34000
ring,4,65536,0.0,0.0,0.0,1.0,11,4,4,446833,0,6,4,22333
ring,4,65536,0.0,0.0,0.0,1.0,11,4,5,453584,0,6,4,33375
ring,4,65536,0.0,0.0,0.0,1.0,11,4,6,481959,0,6,4,41542
ring,4,65536,0.0,0.0,0.0,1.0,11,4,7,402708,0,6,4,25292
ring,4,65536,0.0,0.0,0.0,1.0,11,4,8,379208,0,6,4,29416
ring,4,65536,0.0,0.0,0.0,1.0,11,4,9,374833,0,6,4,22583
ring,4,65536,0.0,0.0,0.0,1.0,11,4,10,378292,0,6,4,25458
ring,4,65536,0.0,0.0,0.0,1.0,11,4,11,367875,0,6,4,10083
ring,4,65536,0.0,0.0,0.0,1.0,11,4,12,384083,0,6,4,33999
ring,4,65536,0.0,0.0,0.0,1.0,11,4,13,418708,0,6,4,47624
ring,4,65536,0.0,0.0,0.0,1.0,11,4,14,411750,0,6,4,22750
ring,4,65536,0.0,0.0,0.0,1.0,11,4,15,463333,0,6,4,22666
ring,4,65536,0.0,0.0,0.0,1.0,11,4,16,521333,0,6,4,40667
ring,4,65536,0.0,0.0,0.0,1.0,11,4,17,448000,0,6,4,15083
ring,4,65536,0.0,0.0,0.0,1.0,11,4,18,489542,0,6,4,38375
ring,4,65536,0.0,0.0,0.0,1.0,11,4,19,472041,0,6,4,9749
ring,4,65536,0.0,0.0,0.0,1.0,11,4,20,470500,0,6,4,26083
ring,4,65536,0.0,0.0,0.0,1.0,11,4,21,495667,0,6,4,44625
ring,4,65536,0.0,0.0,0.0,1.0,11,4,22,463333,0,6,4,28541
ring,4,65536,0.0,0.0,0.0,1.0,11,4,23,455709,0,6,4,26084
ring,4,65536,0.0,0.0,0.0,1.0,11,4,24,469458,0,6,4,29500
ring,4,65536,0.0,0.0,0.0,1.0,11,4,25,430459,0,6,4,24709
ring,4,65536,0.0,0.0,0.0,1.0,11,4,26,435708,0,6,4,5374
ring,4,65536,0.0,0.0,0.0,1.0,11,4,27,638333,0,6,4,114708
ring,4,65536,0.0,0.0,0.0,1.0,11,4,28,455917,0,6,4,19917
ring,4,65536,0.0,0.0,0.0,1.0,11,4,29,476000,0,6,4,19959
ring,4,65536,0.0,0.0,0.0,1.0,11,4,30,456583,0,6,4,29166
ring,4,65536,0.0,0.0,0.0,1.0,11,4,31,446125,0,6,4,49875
ring,4,65536,0.0,0.0,0.0,1.0,11,4,32,480458,0,6,4,31042
ring,4,65536,0.0,0.0,0.0,1.0,11,4,33,491375,0,6,4,49583
ring,4,65536,0.0,0.0,0.0,1.0,11,4,34,438041,0,6,4,32124
ring,4,65536,0.0,0.0,0.0,1.0,11,4,35,457125,0,6,4,26542
ring,4,65536,0.0,0.0,0.0,1.0,11,4,36,459542,0,6,4,23333
ring,4,65536,0.0,0.0,0.0,1.0,11,4,37,478708,0,6,4,20875
ring,4,65536,0.0,0.0,0.0,1.0,11,4,38,469125,0,6,4,23375
ring,4,65536,0.0,0.0,0.0,1.0,11,4,39,444250,0,6,4,16917
ring,4,8388608,0.0,0.0,0.0,1.0,11,4,0,4355291,0,6,4,581416
ring,4,8388608,0.0,0.0,0.0,1.0,11,4,1,4225000,0,6,4,250375
ring,4,8388608,0.0,0.0,0.0,1.0,11,4,2,4025792,0,6,4,59583
ring,4,8388608,0.0,0.0,0.0,1.0,11,4,3,3826458,0,6,4,182083
ring,4,8388608,0.0,0.0,0.0,1.0,11,4,4,3635583,0,6,4,186167
ring,4,8388608,0.0,0.0,0.0,1.0,11,4,5,4138333,0,6,4,206791
ring,4,8388608,0.0,0.0,0.0,1.0,11,4,6,3934041,0,6,4,233207
ring,4,8388608,0.0,0.0,0.0,1.0,11,4,7,4091875,0,6,4,373875
ring,4,8388608,0.0,0.0,0.0,1.0,11,4,8,4325042,0,6,4,303751
ring,4,8388608,0.0,0.0,0.0,1.0,11,4,9,4304500,0,6,4,476625
ring,4,8388608,0.0,0.0,0.0,1.0,11,4,10,3523709,0,6,4,19001
ring,4,8388608,0.0,0.0,0.0,1.0,11,4,11,3685834,0,6,4,213459
ring,4,8388608,0.0,0.0,0.0,1.0,11,4,12,3674333,0,6,4,148167
ring,4,8388608,0.0,0.0,0.0,1.0,11,4,13,3969125,0,6,4,165167
ring,4,8388608,0.0,0.0,0.0,1.0,11,4,14,3983666,0,6,4,137583
ring,4,8388608,0.0,0.0,0.0,1.0,11,4,15,4247500,0,6,4,418667
ring,4,8388608,0.0,0.0,0.0,1.0,11,4,16,4095625,0,6,4,329542
ring,4,8388608,0.0,0.0,0.0,1.0,11,4,17,5932041,0,6,4,504208
ring,4,8388608,0.0,0.0,0.0,1.0,11,4,18,4889958,0,6,4,524083
ring,4,8388608,0.0,0.0,0.0,1.0,11,4,19,4434875,0,6,4,193458
ring,4,8388608,0.0,0.0,0.0,1.0,11,4,20,4908417,0,6,4,316251
ring,4,8388608,0.0,0.0,0.0,1.0,11,4,21,4628084,0,6,4,204459
ring,4,8388608,0.0,0.0,0.0,1.0,11,4,22,4609959,0,6,4,182167
ring,4,8388608,0.0,0.0,0.0,1.0,11,4,23,4695958,0,6,4,186042
ring,4,8388608,0.0,0.0,0.0,1.0,11,4,24,4452666,0,6,4,467958
ring,4,8388608,0.0,0.0,0.0,1.0,11,4,25,4273916,0,6,4,397708
ring,4,8388608,0.0,0.0,0.0,1.0,11,4,26,4167333,0,6,4,377458
ring,4,8388608,0.0,0.0,0.0,1.0,11,4,27,4291000,0,6,4,470334
ring,4,8388608,0.0,0.0,0.0,1.0,11,4,28,4246542,0,6,4,151292
ring,4,8388608,0.0,0.0,0.0,1.0,11,4,29,5937250,0,6,4,655791
ring,4,8388608,0.0,0.0,0.0,1.0,11,4,30,7402917,0,6,4,490959
ring,4,8388608,0.0,0.0,0.0,1.0,11,4,31,7071000,0,6,4,364291
ring,4,8388608,0.0,0.0,0.0,1.0,11,4,32,6465542,0,6,4,226875
ring,4,8388608,0.0,0.0,0.0,1.0,11,4,33,5384166,0,6,4,414333
ring,4,8388608,0.0,0.0,0.0,1.0,11,4,34,4378916,0,6,4,188999
ring,4,8388608,0.0,0.0,0.0,1.0,11,4,35,5394541,0,6,4,334749
ring,4,8388608,0.0,0.0,0.0,1.0,11,4,36,4687375,0,6,4,198417
ring,4,8388608,0.0,0.0,0.0,1.0,11,4,37,4359375,0,6,4,283458
ring,4,8388608,0.0,0.0,0.0,1.0,11,4,38,4430792,0,6,4,143000
ring,4,8388608,0.0,0.0,0.0,1.0,11,4,39,5165541,0,6,4,335499
recursive,4,4096,0.0,0.0,0.0,1.0,11,4,0,298000,0,4,4,23000
recursive,4,4096,0.0,0.0,0.0,1.0,11,4,1,478792,0,4,4,93333
recursive,4,4096,0.0,0.0,0.0,1.0,11,4,2,395917,0,4,4,29959
recursive,4,4096,0.0,0.0,0.0,1.0,11,4,3,574458,0,4,4,37666
recursive,4,4096,0.0,0.0,0.0,1.0,11,4,4,339042,0,4,4,39501
recursive,4,4096,0.0,0.0,0.0,1.0,11,4,5,371375,0,4,4,94500
recursive,4,4096,0.0,0.0,0.0,1.0,11,4,6,300542,0,4,4,13209
recursive,4,4096,0.0,0.0,0.0,1.0,11,4,7,399042,0,4,4,31667
recursive,4,4096,0.0,0.0,0.0,1.0,11,4,8,477333,0,4,4,75249
recursive,4,4096,0.0,0.0,0.0,1.0,11,4,9,677625,0,4,4,63083
recursive,4,4096,0.0,0.0,0.0,1.0,11,4,10,430416,0,4,4,58999
recursive,4,4096,0.0,0.0,0.0,1.0,11,4,11,341375,0,4,4,31084
recursive,4,4096,0.0,0.0,0.0,1.0,11,4,12,410000,0,4,4,36500
recursive,4,4096,0.0,0.0,0.0,1.0,11,4,13,377250,0,4,4,58375
recursive,4,4096,0.0,0.0,0.0,1.0,11,4,14,341583,0,4,4,31208
recursive,4,4096,0.0,0.0,0.0,1.0,11,4,15,418000,0,4,4,57417
recursive,4,4096,0.0,0.0,0.0,1.0,11,4,16,384333,0,4,4,57208
recursive,4,4096,0.0,0.0,0.0,1.0,11,4,17,337584,0,4,4,45084
recursive,4,4096,0.0,0.0,0.0,1.0,11,4,18,410083,0,4,4,104125
recursive,4,4096,0.0,0.0,0.0,1.0,11,4,19,433125,0,4,4,37542
recursive,4,4096,0.0,0.0,0.0,1.0,11,4,20,307625,0,4,4,50459
recursive,4,4096,0.0,0.0,0.0,1.0,11,4,21,414500,0,4,4,53417
recursive,4,4096,0.0,0.0,0.0,1.0,11,4,22,479875,0,4,4,32625
recursive,4,4096,0.0,0.0,0.0,1.0,11,4,23,424458,0,4,4,55749
recursive,4,4096,0.0,0.0,0.0,1.0,11,4,24,369250,0,4,4,32125
recursive,4,4096,0.0,0.0,0.0,1.0,11,4,25,275375,0,4,4,18375
recursive,4,4096,0.0,0.0,0.0,1.0,11,4,26,392667,0,4,4,49333
recursive,4,4096,0.0,0.0,0.0,1.0,11,4,27,439541,0,4,4,50166
recursive,4,4096,0.0,0.0,0.0,1.0,11,4,28,335833,0,4,4,54792
recursive,4,4096,0.0,0.0,0.0,1.0,11,4,29,336083,0,4,4,34791
recursive,4,4096,0.0,0.0,0.0,1.0,11,4,30,295041,0,4,4,28458
recursive,4,4096,0.0,0.0,0.0,1.0,11,4,31,500875,0,4,4,40375
recursive,4,4096,0.0,0.0,0.0,1.0,11,4,32,363834,0,4,4,63376
recursive,4,4096,0.0,0.0,0.0,1.0,11,4,33,402209,0,4,4,111750
recursive,4,4096,0.0,0.0,0.0,1.0,11,4,34,424041,0,4,4,18083
recursive,4,4096,0.0,0.0,0.0,1.0,11,4,35,332458,0,4,4,34000
recursive,4,4096,0.0,0.0,0.0,1.0,11,4,36,299167,0,4,4,47083
recursive,4,4096,0.0,0.0,0.0,1.0,11,4,37,298708,0,4,4,30791
recursive,4,4096,0.0,0.0,0.0,1.0,11,4,38,555500,0,4,4,77000
recursive,4,4096,0.0,0.0,0.0,1.0,11,4,39,690041,0,4,4,94208
recursive,4,8388608,0.0,0.0,0.0,1.0,11,4,0,4788333,0,4,4,457416
recursive,4,8388608,0.0,0.0,0.0,1.0,11,4,1,4593500,0,4,4,165750
recursive,4,8388608,0.0,0.0,0.0,1.0,11,4,2,4573334,0,4,4,225334
recursive,4,8388608,0.0,0.0,0.0,1.0,11,4,3,4999583,0,4,4,454541
recursive,4,8388608,0.0,0.0,0.0,1.0,11,4,4,4780750,0,4,4,605750
recursive,4,8388608,0.0,0.0,0.0,1.0,11,4,5,4650833,0,4,4,451458
recursive,4,8388608,0.0,0.0,0.0,1.0,11,4,6,4435416,0,4,4,481999
recursive,4,8388608,0.0,0.0,0.0,1.0,11,4,7,4840709,0,4,4,254042
recursive,4,8388608,0.0,0.0,0.0,1.0,11,4,8,4657750,0,4,4,234500
recursive,4,8388608,0.0,0.0,0.0,1.0,11,4,9,5051708,0,4,4,643624
recursive,4,8388608,0.0,0.0,0.0,1.0,11,4,10,4559583,0,4,4,415875
recursive,4,8388608,0.0,0.0,0.0,1.0,11,4,11,8902166,0,4,4,322041
recursive,4,8388608,0.0,0.0,0.0,1.0,11,4,12,6130542,0,4,4,632834
recursive,4,8388608,0.0,0.0,0.0,1.0,11,4,13,6494041,0,4,4,675000
recursive,4,8388608,0.0,0.0,0.0,1.0,11,4,14,5243375,0,4,4,785000
recursive,4,8388608,0.0,0.0,0.0,1.0,11,4,15,4783500,0,4,4,466667
recursive,4,8388608,0.0,0.0,0.0,1.0,11,4,16,7097334,0,4,4,891876
recursive,4,8388608,0.0,0.0,0.0,1.0,11,4,17,6054833,0,4,4,660875
recursive,4,8388608,0.0,0.0,0.0,1.0,11,4,18,4738792,0,4,4,613959
recursive,4,8388608,0.0,0.0,0.0,1.0,11,4,19,4835833,0,4,4,300667
recursive,4,8388608,0.0,0.0,0.0,1.0,11,4,20,4777000,0,4,4,501125
recursive,4,8388608,0.0,0.0,0.0,1.0,11,4,21,4909250,0,4,4,422208
recursive,4,8388608,0.0,0.0,0.0,1.0,11,4,22,4802750,0,4,4,507209
recursive,4,8388608,0.0,0.0,0.0,1.0,11,4,23,4821209,0,4,4,91584
recursive,4,8388608,0.0,0.0,0.0,1.0,11,4,24,5569208,0,4,4,385916
recursive,4,8388608,0.0,0.0,0.0,1.0,11,4,25,4445083,0,4,4,239417
recursive,4,8388608,0.0,0.0,0.0,1.0,11,4,26,4999042,0,4,4,545750
recursive,4,8388608,0.0,0.0,0.0,1.0,11,4,27,5070667,0,4,4,581792
recursive,4,8388608,0.0,0.0,0.0,1.0,11,4,28,4732958,0,4,4,454499
recursive,4,8388608,0.0,0.0,0.0,1.0,11,4,29,5194292,0,4,4,308667
recursive,4,8388608,0.0,0.0,0.0,1.0,11,4,30,4839709,0,4,4,609625
recursive,4,8388608,0.0,0.0,0.0,1.0,11,4,31,5141417,0,4,4,318959
recursive,4,8388608,0.0,0.0,0.0,1.0,11,4,32,4976042,0,4,4,353458
recursive,4,8388608,0.0,0.0,0.0,1.0,11,4,33,5978458,0,4,4,292583
recursive,4,8388608,0.0,0.0,0.0,1.0,11,4,34,5654000,0,4,4,500500
recursive,4,8388608,0.0,0.0,0.0,1.0,11,4,35,5130542,0,4,4,583667
recursive,4,8388608,0.0,0.0,0.0,1.0,11,4,36,6528625,0,4,4,784500
recursive,4,8388608,0.0,0.0,0.0,1.0,11,4,37,5266916,0,4,4,377500
recursive,4,8388608,0.0,0.0,0.0,1.0,11,4,38,5469375,0,4,4,468541
recursive,4,8388608,0.0,0.0,0.0,1.0,11,4,39,4891750,0,4,4,284292
ring,4,1048576,0.0,0.0,0.0,1.0,11,4,0,1640583,0,6,4,92083
ring,4,1048576,0.0,0.0,0.0,1.0,11,4,1,1425125,0,6,4,62750
ring,4,1048576,0.0,0.0,0.0,1.0,11,4,2,1245417,0,6,4,38876
ring,4,1048576,0.0,0.0,0.0,1.0,11,4,3,1293417,0,6,4,59750
ring,4,1048576,0.0,0.0,0.0,1.0,11,4,4,1645791,0,6,4,161416
ring,4,1048576,0.0,0.0,0.0,1.0,11,4,5,2322875,0,6,4,286459
ring,4,1048576,0.0,0.0,0.0,1.0,11,4,6,1924000,0,6,4,41083
ring,4,1048576,0.0,0.0,0.0,1.0,11,4,7,1946292,0,6,4,138875
ring,4,1048576,0.0,0.0,0.0,1.0,11,4,8,1785041,0,6,4,96374
ring,4,1048576,0.0,0.0,0.0,1.0,11,4,9,2539583,0,6,4,192542
ring,4,1048576,0.0,0.0,0.0,1.0,11,4,10,1851875,0,6,4,246875
ring,4,1048576,0.0,0.0,0.0,1.0,11,4,11,1568041,0,6,4,108125
ring,4,1048576,0.0,0.0,0.0,1.0,11,4,12,1695750,0,6,4,205041
ring,4,1048576,0.0,0.0,0.0,1.0,11,4,13,1996500,0,6,4,69167
ring,4,1048576,0.0,0.0,0.0,1.0,11,4,14,1817041,0,6,4,68041
ring,4,1048576,0.0,0.0,0.0,1.0,11,4,15,1710084,0,6,4,176250
ring,4,1048576,0.0,0.0,0.0,1.0,11,4,16,1593666,0,6,4,120249
ring,4,1048576,0.0,0.0,0.0,1.0,11,4,17,1896709,0,6,4,154918
ring,4,1048576,0.0,0.0,0.0,1.0,11,4,18,1746083,0,6,4,29792
ring,4,1048576,0.0,0.0,0.0,1.0,11,4,19,1670791,0,6,4,136833
ring,4,1048576,0.0,0.0,0.0,1.0,11,4,20,1823500,0,6,4,67458
ring,4,1048576,0.0,0.0,0.0,1.0,11,4,21,1357375,0,6,4,38875
ring,4,1048576,0.0,0.0,0.0,1.0,11,4,22,1373125,0,6,4,93333
ring,4,1048576,0.0,0.0,0.0,1.0,11,4,23,1421875,0,6,4,104000
ring,4,1048576,0.0,0.0,0.0,1.0,11,4,24,1427958,0,6,4,60750
ring,4,1048576,0.0,0.0,0.0,1.0,11,4,25,1413833,0,6,4,117458
ring,4,1048576,0.0,0.0,0.0,1.0,11,4,26,1419125,0,6,4,97584
ring,4,1048576,0.0,0.0,0.0,1.0,11,4,27,1522666,0,6,4,168666
ring,4,1048576,0.0,0.0,0.0,1.0,11,4,28,1567250,0,6,4,125084
ring,4,1048576,0.0,0.0,0.0,1.0,11,4,29,1318291,0,6,4,21125
ring,4,1048576,0.0,0.0,0.0,1.0,11,4,30,1369500,0,6,4,79458
ring,4,1048576,0.0,0.0,0.0,1.0,11,4,31,1535417,0,6,4,76708
ring,4,1048576,0.0,0.0,0.0,1.0,11,4,32,1475167,0,6,4,135167
ring,4,1048576,0.0,0.0,0.0,1.0,11,4,33,1442250,0,6,4,124292
ring,4,1048576,0.0,0.0,0.0,1.0,11,4,34,1431584,0,6,4,19751
ring,4,1048576,0.0,0.0,0.0,1.0,11,4,35,1357500,0,6,4,108917
ring,4,1048576,0.0,0.0,0.0,1.0,11,4,36,1259750,0,6,4,53083
ring,4,1048576,0.0,0.0,0.0,1.0,11,4,37,1755333,0,6,4,122958
ring,4,1048576,0.0,0.0,0.0,1.0,11,4,38,1466750,0,6,4,141125
ring,4,1048576,0.0,0.0,0.0,1.0,11,4,39,1617666,0,6,4,217375
ps,4,8388608,0.0,0.0,0.0,1.0,11,4,0,11631125,0,3,4,2958416
ps,4,8388608,0.0,0.0,0.0,1.0,11,4,1,6112167,0,1,4,1883417
ps,4,8388608,0.0,0.0,0.0,1.0,11,4,2,6471834,0,3,4,2246959
ps,4,8388608,0.0,0.0,0.0,1.0,11,4,3,7005625,0,1,4,2298333
ps,4,8388608,0.0,0.0,0.0,1.0,11,4,4,5925708,0,1,4,1899333
ps,4,8388608,0.0,0.0,0.0,1.0,11,4,5,6117083,0,1,4,1816833
ps,4,8388608,0.0,0.0,0.0,1.0,11,4,6,5942625,0,1,4,1816708
ps,4,8388608,0.0,0.0,0.0,1.0,11,4,7,5404416,0,1,4,1678458
ps,4,8388608,0.0,0.0,0.0,1.0,11,4,8,5712500,0,1,4,1819917
ps,4,8388608,0.0,0.0,0.0,1.0,11,4,9,5917209,0,1,4,1828834
ps,4,8388608,0.0,0.0,0.0,1.0,11,4,10,6119750,0,3,4,1847791
ps,4,8388608,0.0,0.0,0.0,1.0,11,4,11,6907209,0,1,4,2183709
ps,4,8388608,0.0,0.0,0.0,1.0,11,4,12,6148375,0,3,4,1912875
ps,4,8388608,0.0,0.0,0.0,1.0,11,4,13,4836292,0,3,4,1667917
ps,4,8388608,0.0,0.0,0.0,1.0,11,4,14,5372916,0,1,4,1617416
ps,4,8388608,0.0,0.0,0.0,1.0,11,4,15,5353750,0,1,4,1770250
ps,4,8388608,0.0,0.0,0.0,1.0,11,4,16,4809042,0,3,4,1602042
ps,4,8388608,0.0,0.0,0.0,1.0,11,4,17,6031708,0,3,4,1810041
ps,4,8388608,0.0,0.0,0.0,1.0,11,4,18,5677333,0,1,4,1730417
ps,4,8388608,0.0,0.0,0.0,1.0,11,4,19,5772708,0,3,4,2142666
ps,4,8388608,0.0,0.0,0.0,1.0,11,4,20,5850375,0,3,4,1683959
ps,4,8388608,0.0,0.0,0.0,1.0,11,4,21,6439625,0,1,4,1806625
ps,4,8388608,0.0,0.0,0.0,1.0,11,4,22,6290667,0,1,4,1858501
ps,4,8388608,0.0,0.0,0.0,1.0,11,4,23,7242334,0,3,4,2201001
ps,4,8388608,0.0,0.0,0.0,1.0,11,4,24,6953625,0,3,4,1824625
ps,4,8388608,0.0,0.0,0.0,1.0,11,4,25,6783292,0,3,4,1924208
ps,4,8388608,0.0,0.0,0.0,1.0,11,4,26,4986375,0,3,4,1546875
ps,4,8388608,0.0,0.0,0.0,1.0,11,4,27,5595959,0,1,4,1704418
ps,4,8388608,0.0,0.0,0.0,1.0,11,4,28,5744583,0,1,4,1683708
ps,4,8388608,0.0,0.0,0.0,1.0,11,4,29,4879916,0,1,4,1619958
ps,4,8388608,0.0,0.0,0.0,1.0,11,4,30,5478708,0,1,4,1824458
ps,4,8388608,0.0,0.0,0.0,1.0,11,4,31,6297458,0,3,4,1798666
ps,4,8388608,0.0,0.0,0.0,1.0,11,4,32,6884667,0,3,4,1770000
ps,4,8388608,0.0,0.0,0.0,1.0,11,4,33,5662583,0,1,4,1900083
ps,4,8388608,0.0,0.0,0.0,1.0,11,4,34,7098333,0,1,4,1956041
ps,4,8388608,0.0,0.0,0.0,1.0,11,4,35,6594875,0,3,4,1796042
ps,4,8388608,0.0,0.0,0.0,1.0,11,4,36,10500292,0,1,4,2799958
ps,4,8388608,0.0,0.0,0.0,1.0,11,4,37,6039333,0,1,4,1638958
ps,4,8388608,0.0,0.0,0.0,1.0,11,4,38,5823375,0,1,4,1675875
ps,4,8388608,0.0,0.0,0.0,1.0,11,4,39,7051292,0,3,4,1738875
ring,4,4096,0.0,0.0,0.0,1.0,11,4,0,649458,0,6,4,74458
ring,4,4096,0.0,0.0,0.0,1.0,11,4,1,625833,0,6,4,37416
ring,4,4096,0.0,0.0,0.0,1.0,11,4,2,621541,0,6,4,63749
ring,4,4096,0.0,0.0,0.0,1.0,11,4,3,684583,0,6,4,42583
ring,4,4096,0.0,0.0,0.0,1.0,11,4,4,599125,0,6,4,93042
ring,4,4096,0.0,0.0,0.0,1.0,11,4,5,1116500,0,6,4,190583
ring,4,4096,0.0,0.0,0.0,1.0,11,4,6,684458,0,6,4,45583
ring,4,4096,0.0,0.0,0.0,1.0,11,4,7,1073458,0,6,4,172541
ring,4,4096,0.0,0.0,0.0,1.0,11,4,8,709166,0,6,4,34749
ring,4,4096,0.0,0.0,0.0,1.0,11,4,9,806000,0,6,4,159000
ring,4,4096,0.0,0.0,0.0,1.0,11,4,10,720708,0,6,4,45333
ring,4,4096,0.0,0.0,0.0,1.0,11,4,11,9968583,0,6,4,2545208
ring,4,4096,0.0,0.0,0.0,1.0,11,4,12,707625,0,6,4,10041
ring,4,4096,0.0,0.0,0.0,1.0,11,4,13,1367375,0,6,4,99208
ring,4,4096,0.0,0.0,0.0,1.0,11,4,14,3072042,0,6,4,253042
ring,4,4096,0.0,0.0,0.0,1.0,11,4,15,680084,0,6,4,13709
ring,4,4096,0.0,0.0,0.0,1.0,11,4,16,575625,0,6,4,52750
ring,4,4096,0.0,0.0,0.0,1.0,11,4,17,482625,0,6,4,59125
ring,4,4096,0.0,0.0,0.0,1.0,11,4,18,417250,0,6,4,40458
ring,4,4096,0.0,0.0,0.0,1.0,11,4,19,419792,0,6,4,6000
ring,4,4096,0.0,0.0,0.0,1.0,11,4,20,393959,0,6,4,20625
ring,4,4096,0.0,0.0,0.0,1.0,11,4,21,376167,0,6,4,32584
ring,4,4096,0.0,0.0,0.0,1.0,11,4,22,457167,0,6,4,23209
ring,4,4096,0.0,0.0,0.0,1.0,11,4,23,522417,0,6,4,26875
ring,4,4096,0.0,0.0,0.0,1.0,11,4,24,472375,0,6,4,39291
ring,4,4096,0.0,0.0,0.0,1.0,11,4,25,562416,0,6,4,33000
ring,4,4096,0.0,0.0,0.0,1.0,11,4,26,483333,0,6,4,45749
ring,4,4096,0.0,0.0,0.0,1.0,11,4,27,448875,0,6,4,27917
ring,4,4096,0.0,0.0,0.0,1.0,11,4,28,430458,0,6,4,29708
ring,4,4096,0.0,0.0,0.0,1.0,11,4,29,385291,0,6,4,42749
ring,4,4096,0.0,0.0,0.0,1.0,11,4,30,426625,0,6,4,18000
ring,4,4096,0.0,0.0,0.0,1.0,11,4,31,362833,0,6,4,17750
ring,4,4096,0.0,0.0,0.0,1.0,11,4,32,389042,0,6,4,10250
ring,4,4096,0.0,0.0,0.0,1.0,11,4,33,374625,0,6,4,24125
ring,4,4096,0.0,0.0,0.0,1.0,11,4,34,391167,0,6,4,28084
ring,4,4096,0.0,0.0,0.0,1.0,11,4,35,405125,0,6,4,28667
ring,4,4096,0.0,0.0,0.0,1.0,11,4,36,402083,0,6,4,12250
ring,4,4096,0.0,0.0,0.0,1.0,11,4,37,400125,0,6,4,7000
ring,4,4096,0.0,0.0,0.0,1.0,11,4,38,428667,0,6,4,42167
ring,4,4096,0.0,0.0,0.0,1.0,11,4,39,434334,0,6,4,35209
recursive,4,65536,0.0,0.0,0.0,1.0,11,4,0,345666,0,4,4,23458
recursive,4,65536,0.0,0.0,0.0,1.0,11,4,1,319667,0,4,4,28167
recursive,4,65536,0.0,0.0,0.0,1.0,11,4,2,301542,0,4,4,27042
recursive,4,65536,0.0,0.0,0.0,1.0,11,4,3,288542,0,4,4,10959
recursive,4,65536,0.0,0.0,0.0,1.0,11,4,4,302208,0,4,4,9416
recursive,4,65536,0.0,0.0,0.0,1.0,11,4,5,325166,0,4,4,27083
recursive,4,65536,0.0,0.0,0.0,1.0,11,4,6,327833,0,4,4,44917
recursive,4,65536,0.0,0.0,0.0,1.0,11,4,7,351291,0,4,4,33375
recursive,4,65536,0.0,0.0,0.0,1.0,11,4,8,335166,0,4,4,25249
recursive,4,65536,0.0,0.0,0.0,1.0,11,4,9,402583,0,4,4,44208
recursive,4,65536,0.0,0.0,0.0,1.0,11,4,10,378833,0,4,4,17041
recursive,4,65536,0.0,0.0,0.0,1.0,11,4,11,524042,0,4,4,95167
recursive,4,65536,0.0,0.0,0.0,1.0,11,4,12,384750,0,4,4,68334
recursive,4,65536,0.0,0.0,0.0,1.0,11,4,13,334583,0,4,4,37750
recursive,4,65536,0.0,0.0,0.0,1.0,11,4,14,438958,0,4,4,30041
recursive,4,65536,0.0,0.0,0.0,1.0,11,4,15,327083,0,4,4,44999
recursive,4,65536,0.0,0.0,0.0,1.0,11,4,16,294708,0,4,4,32125
recursive,4,65536,0.0,0.0,0.0,1.0,11,4,17,295042,0,4,4,21917
recursive,4,65536,0.0,0.0,0.0,1.0,11,4,18,279875,0,4,4,15666
recursive,4,65536,0.0,0.0,0.0,1.0,11,4,19,268375,0,4,4,25750
recursive,4,65536,0.0,0.0,0.0,1.0,11,4,20,394791,0,4,4,24000
recursive,4,65536,0.0,0.0,0.0,1.0,11,4,21,309166,0,4,4,29125
recursive,4,65536,0.0,0.0,0.0,1.0,11,4,22,298458,0,4,4,16791
recursive,4,65536,0.0,0.0,0.0,1.0,11,4,23,324625,0,4,4,55125
recursive,4,65536,0.0,0.0,0.0,1.0,11,4,24,298833,0,4,4,20166
recursive,4,65536,0.0,0.0,0.0,1.0,11,4,25,299375,0,4,4,3208
recursive,4,65536,0.0,0.0,0.0,1.0,11,4,26,374666,0,4,4,66833
recursive,4,65536,0.0,0.0,0.0,1.0,11,4,27,325834,0,4,4,42917
recursive,4,65536,0.0,0.0,0.0,1.0,11,4,28,334417,0,4,4,23417
recursive,4,65536,0.0,0.0,0.0,1.0,11,4,29,328916,0,4,4,23999
recursive,4,65536,0.0,0.0,0.0,1.0,11,4,30,322333,0,4,4,37000
recursive,4,65536,0.0,0.0,0.0,1.0,11,4,31,278334,0,4,4,17251
recursive,4,65536,0.0,0.0,0.0,1.0,11,4,32,284500,0,4,4,12583
recursive,4,65536,0.0,0.0,0.0,1.0,11,4,33,332583,0,4,4,66208
recursive,4,65536,0.0,0.0,0.0,1.0,11,4,34,325375,0,4,4,29333
recursive,4,65536,0.0,0.0,0.0,1.0,11,4,35,300083,0,4,4,27833
recursive,4,65536,0.0,0.0,0.0,1.0,11,4,36,352625,0,4,4,22458
recursive,4,65536,0.0,0.0,0.0,1.0,11,4,37,296750,0,4,4,20041
recursive,4,65536,0.0,0.0,0.0,1.0,11,4,38,325084,0,4,4,22418
recursive,4,65536,0.0,0.0,0.0,1.0,11,4,39,283542,0,4,4,24417
recursive,8,8388608,0.0,0.0,0.0,1.0,11,0,0,13499125,0,6,8,2687208
recursive,8,8388608,0.0,0.0,0.0,1.0,11,0,1,12337541,0,6,8,2068457
recursive,8,8388608,0.0,0.0,0.0,1.0,11,0,2,11814541,0,6,8,1883625
recursive,8,8388608,0.0,0.0,0.0,1.0,11,0,3,12060084,0,6,8,1220626
recursive,8,8388608,0.0,0.0,0.0,1.0,11,0,4,12079417,0,6,8,1550250
recursive,8,8388608,0.0,0.0,0.0,1.0,11,0,5,10906250,0,6,8,2127333
recursive,8,8388608,0.0,0.0,0.0,1.0,11,0,6,11535291,0,6,8,1509291
recursive,8,8388608,0.0,0.0,0.0,1.0,11,0,7,11289375,0,6,8,874459
recursive,8,8388608,0.0,0.0,0.0,1.0,11,0,8,20795333,0,6,8,2459791
recursive,8,8388608,0.0,0.0,0.0,1.0,11,0,9,20569917,0,6,8,2335167
recursive,8,8388608,0.0,0.0,0.0,1.0,11,0,10,11732875,0,6,8,1654750
recursive,8,8388608,0.0,0.0,0.0,1.0,11,0,11,11362334,0,6,8,1596125
recursive,8,8388608,0.0,0.0,0.0,1.0,11,0,12,11395542,0,6,8,702001
recursive,8,8388608,0.0,0.0,0.0,1.0,11,0,13,12502417,0,6,8,1282083
recursive,8,8388608,0.0,0.0,0.0,1.0,11,0,14,13018250,0,6,8,814125
recursive,8,8388608,0.0,0.0,0.0,1.0,11,0,15,11395167,0,6,8,1467834
recursive,8,8388608,0.0,0.0,0.0,1.0,11,0,16,10213625,0,6,8,1453084
recursive,8,8388608,0.0,0.0,0.0,1.0,11,0,17,11788250,0,6,8,1293084
recursive,8,8388608,0.0,0.0,0.0,1.0,11,0,18,12022708,0,6,8,960749
recursive,8,8388608,0.0,0.0,0.0,1.0,11,0,19,11737459,0,6,8,1264042
recursive,8,8388608,0.0,0.0,0.0,1.0,11,0,20,11674958,0,6,8,1167583
recursive,8,8388608,0.0,0.0,0.0,1.0,11,0,21,11900875,0,6,8,2087542
recursive,8,8388608,0.0,0.0,0.0,1.0,11,0,22,12706375,0,6,8,1880208
recursive,8,8388608,0.0,0.0,0.0,1.0,11,0,23,11807166,0,6,8,1616916
recursive,8,8388608,0.0,0.0,0.0,1.0,11,0,24,12020666,0,6,8,1756416
recursive,8,8388608,0.0,0.0,0.0,1.0,11,0,25,11408667,0,6,8,2234833
recursive,8,8388608,0.0,0.0,0.0,1.0,11,0,26,11868333,0,6,8,2173916
recursive,8,8388608,0.0,0.0,0.0,1.0,11,0,27,10527125,0,6,8,1687375
recursive,8,8388608,0.0,0.0,0.0,1.0,11,0,28,11684959,0,6,8,1296626
recursive,8,8388608,0.0,0.0,0.0,1.0,11,0,29,12101083,0,6,8,839208
recursive,8,8388608,0.0,0.0,0.0,1.0,11,0,30,11803166,0,6,8,1011749
recursive,8,8388608,0.0,0.0,0.0,1.0,11,0,31,11026125,0,6,8,1903333
recursive,8,8388608,0.0,0.0,0.0,1.0,11,0,32,11768584,0,6,8,1090875
recursive,8,8388608,0.0,0.0,0.0,1.0,11,0,33,12300958,0,6,8,1701042
recursive,8,8388608,0.0,0.0,0.0,1.0,11,0,34,11835291,0,6,8,1333832
recursive,8,8388608,0.0,0.0,0.0,1.0,11,0,35,11952333,0,6,8,1595375
recursive,8,8388608,0.0,0.0,0.0,1.0,11,0,36,12051167,0,6,8,2009625
recursive,8,8388608,0.0,0.0,0.0,1.0,11,0,37,12481416,0,6,8,2063541
recursive,8,8388608,0.0,0.0,0.0,1.0,11,0,38,11593500,0,6,8,1474583
recursive,8,8388608,0.0,0.0,0.0,1.0,11,0,39,11973500,0,6,8,1520375
ring,8,1048576,0.0,0.0,0.0,1.0,11,0,0,2575416,0,14,8,262041
ring,8,1048576,0.0,0.0,0.0,1.0,11,0,1,2773708,0,14,8,238124
ring,8,1048576,0.0,0.0,0.0,1.0,11,0,2,2561250,0,14,8,267625
ring,8,1048576,0.0,0.0,0.0,1.0,11,0,3,2544875,0,14,8,272708
ring,8,1048576,0.0,0.0,0.0,1.0,11,0,4,2358250,0,14,8,170250
ring,8,1048576,0.0,0.0,0.0,1.0,11,0,5,2304917,0,14,8,271584
ring,8,1048576,0.0,0.0,0.0,1.0,11,0,6,2736458,0,14,8,271999
ring,8,1048576,0.0,0.0,0.0,1.0,11,0,7,2422458,0,14,8,166833
ring,8,1048576,0.0,0.0,0.0,1.0,11,0,8,2470417,0,14,8,190750
ring,8,1048576,0.0,0.0,0.0,1.0,11,0,9,2391583,0,14,8,201917
ring,8,1048576,0.0,0.0,0.0,1.0,11,0,10,2785292,0,14,8,430167
ring,8,1048576,0.0,0.0,0.0,1.0,11,0,11,3117583,0,14,8,262458
ring,8,1048576,0.0,0.0,0.0,1.0,11,0,12,2675917,0,14,8,256708
ring,8,1048576,0.0,0.0,0.0,1.0,11,0,13,2391917,0,14,8,207876
ring,8,1048576,0.0,0.0,0.0,1.0,11,0,14,2756875,0,14,8,375333
ring,8,1048576,0.0,0.0,0.0,1.0,11,0,15,2463291,0,14,8,235083
ring,8,1048576,0.0,0.0,0.0,1.0,11,0,16,2769125,0,14,8,430000
ring,8,1048576,0.0,0.0,0.0,1.0,11,0,17,2686709,0,14,8,180959
ring,8,1048576,0.0,0.0,0.0,1.0,11,0,18,2450958,0,14,8,275749
ring,8,1048576,0.0,0.0,0.0,1.0,11,0,19,2535541,0,14,8,294707
ring,8,1048576,0.0,0.0,0.0,1.0,11,0,20,2723000,0,14,8,237333
ring,8,1048576,0.0,0.0,0.0,1.0,11,0,21,2641208,0,14,8,165416
ring,8,1048576,0.0,0.0,0.0,1.0,11,0,22,3455917,0,14,8,402333
ring,8,1048576,0.0,0.0,0.0,1.0,11,0,23,3144625,0,14,8,314750
ring,8,1048576,0.0,0.0,0.0,1.0,11,0,24,4038042,0,14,8,409584
ring,8,1048576,0.0,0.0,0.0,1.0,11,0,25,3147167,0,14,8,272959
ring,8,1048576,0.0,0.0,0.0,1.0,11,0,26,2639167,0,14,8,223876
ring,8,1048576,0.0,0.0,0.0,1.0,11,0,27,2552250,0,14,8,212125
ring,8,1048576,0.0,0.0,0.0,1.0,11,0,28,2496500,0,14,8,328667
ring,8,1048576,0.0,0.0,0.0,1.0,11,0,29,2728417,0,14,8,344417
ring,8,1048576,0.0,0.0,0.0,1.0,11,0,30,2508459,0,14,8,197792
ring,8,1048576,0.0,0.0,0.0,1.0,11,0,31,2459541,0,14,8,278624
ring,8,1048576,0.0,0.0,0.0,1.0,11,0,32,2371500,0,14,8,195708
ring,8,1048576,0.0,0.0,0.0,1.0,11,0,33,2588833,0,14,8,312875
ring,8,1048576,0.0,0.0,0.0,1.0,11,0,34,2353167,0,14,8,205167
ring,8,1048576,0.0,0.0,0.0,1.0,11,0,35,2504667,0,14,8,351500
ring,8,1048576,0.0,0.0,0.0,1.0,11,0,36,2404792,0,14,8,331125
ring,8,1048576,0.0,0.0,0.0,1.0,11,0,37,2498459,0,14,8,259209
ring,8,1048576,0.0,0.0,0.0,1.0,11,0,38,2483042,0,14,8,201375
ring,8,1048576,0.0,0.0,0.0,1.0,11,0,39,2485708,0,14,8,482792
ps,8,1048576,0.0,0.0,0.0,1.0,11,0,0,1756375,0,7,8,587292
ps,8,1048576,0.0,0.0,0.0,1.0,11,0,1,1898459,0,1,8,646292
ps,8,1048576,0.0,0.0,0.0,1.0,11,0,2,2043583,0,7,8,596166
ps,8,1048576,0.0,0.0,0.0,1.0,11,0,3,1766416,0,7,8,497458
ps,8,1048576,0.0,0.0,0.0,1.0,11,0,4,2036500,0,1,8,613291
ps,8,1048576,0.0,0.0,0.0,1.0,11,0,5,1986167,0,1,8,584625
ps,8,1048576,0.0,0.0,0.0,1.0,11,0,6,1965500,0,1,8,641917
ps,8,1048576,0.0,0.0,0.0,1.0,11,0,7,1652250,0,7,8,505625
ps,8,1048576,0.0,0.0,0.0,1.0,11,0,8,1876167,0,1,8,554084
ps,8,1048576,0.0,0.0,0.0,1.0,11,0,9,2019167,0,1,8,689667
ps,8,1048576,0.0,0.0,0.0,1.0,11,0,10,1860709,0,7,8,601542
ps,8,1048576,0.0,0.0,0.0,1.0,11,0,11,1665625,0,1,8,521084
ps,8,1048576,0.0,0.0,0.0,1.0,11,0,12,2144334,0,1,8,716834
ps,8,1048576,0.0,0.0,0.0,1.0,11,0,13,1901959,0,7,8,540751
ps,8,1048576,0.0,0.0,0.0,1.0,11,0,14,1957208,0,1,8,670750
ps,8,1048576,0.0,0.0,0.0,1.0,11,0,15,1747750,0,1,8,568791
ps,8,1048576,0.0,0.0,0.0,1.0,11,0,16,1760083,0,1,8,577667
ps,8,1048576,0.0,0.0,0.0,1.0,11,0,17,2022292,0,1,8,565084
ps,8,1048576,0.0,0.0,0.0,1.0,11,0,18,1704542,0,1,8,523417
ps,8,1048576,0.0,0.0,0.0,1.0,11,0,19,1590875,0,7,8,455667
ps,8,1048576,0.0,0.0,0.0,1.0,11,0,20,1827958,0,1,8,591874
ps,8,1048576,0.0,0.0,0.0,1.0,11,0,21,2163500,0,1,8,544042
ps,8,1048576,0.0,0.0,0.0,1.0,11,0,22,2183875,0,1,8,697458
ps,8,1048576,0.0,0.0,0.0,1.0,11,0,23,2069959,0,7,8,691042
ps,8,1048576,0.0,0.0,0.0,1.0,11,0,24,2193042,0,1,8,597126
ps,8,1048576,0.0,0.0,0.0,1.0,11,0,25,1797041,0,1,8,480874
ps,8,1048576,0.0,0.0,0.0,1.0,11,0,26,1716083,0,1,8,494917
ps,8,1048576,0.0,0.0,0.0,1.0,11,0,27,1959834,0,1,8,614375
ps,8,1048576,0.0,0.0,0.0,1.0,11,0,28,2100792,0,1,8,613542
ps,8,1048576,0.0,0.0,0.0,1.0,11,0,29,1907709,0,1,8,607375
ps,8,1048576,0.0,0.0,0.0,1.0,11,0,30,1563417,0,1,8,441334
ps,8,1048576,0.0,0.0,0.0,1.0,11,0,31,1689125,0,7,8,458750
ps,8,1048576,0.0,0.0,0.0,1.0,11,0,32,2056292,0,7,8,666834
ps,8,1048576,0.0,0.0,0.0,1.0,11,0,33,1914208,0,1,8,702375
ps,8,1048576,0.0,0.0,0.0,1.0,11,0,34,1680125,0,1,8,531708
ps,8,1048576,0.0,0.0,0.0,1.0,11,0,35,1720708,0,1,8,478416
ps,8,1048576,0.0,0.0,0.0,1.0,11,0,36,2009792,0,7,8,678000
ps,8,1048576,0.0,0.0,0.0,1.0,11,0,37,1683000,0,1,8,537667
ps,8,1048576,0.0,0.0,0.0,1.0,11,0,38,1664167,0,7,8,546792
ps,8,1048576,0.0,0.0,0.0,1.0,11,0,39,1826542,0,7,8,523125
ring,8,65536,0.0,0.0,0.0,1.0,11,0,0,1574208,0,14,8,68583
ring,8,65536,0.0,0.0,0.0,1.0,11,0,1,1763833,0,14,8,134917
ring,8,65536,0.0,0.0,0.0,1.0,11,0,2,1677125,0,14,8,152958
ring,8,65536,0.0,0.0,0.0,1.0,11,0,3,1827333,0,14,8,224000
ring,8,65536,0.0,0.0,0.0,1.0,11,0,4,1554250,0,14,8,145875
ring,8,65536,0.0,0.0,0.0,1.0,11,0,5,1463958,0,14,8,153791
ring,8,65536,0.0,0.0,0.0,1.0,11,0,6,1503125,0,14,8,84250
ring,8,65536,0.0,0.0,0.0,1.0,11,0,7,1712917,0,14,8,93000
ring,8,65536,0.0,0.0,0.0,1.0,11,0,8,1787250,0,14,8,164083
ring,8,65536,0.0,0.0,0.0,1.0,11,0,9,1475958,0,14,8,63750
ring,8,65536,0.0,0.0,0.0,1.0,11,0,10,1587541,0,14,8,173082
ring,8,65536,0.0,0.0,0.0,1.0,11,0,11,1659167,0,14,8,144875
ring,8,65536,0.0,0.0,0.0,1.0,11,0,12,1487459,0,14,8,86334
ring,8,65536,0.0,0.0,0.0,1.0,11,0,13,1569584,0,14,8,122293
ring,8,65536,0.0,0.0,0.0,1.0,11,0,14,1518958,0,14,8,129625
ring,8,65536,0.0,0.0,0.0,1.0,11,0,15,1671083,0,14,8,142667
ring,8,65536,0.0,0.0,0.0,1.0,11,0,16,1597750,0,14,8,83750
ring,8,65536,0.0,0.0,0.0,1.0,11,0,17,1598959,0,14,8,112917
ring,8,65536,0.0,0.0,0.0,1.0,11,0,18,1510917,0,14,8,68292
ring,8,65536,0.0,0.0,0.0,1.0,11,0,19,1948625,0,14,8,145291
ring,8,65536,0.0,0.0,0.0,1.0,11,0,20,1800917,0,14,8,117501
ring,8,65536,0.0,0.0,0.0,1.0,11,0,21,1922292,0,14,8,235542
ring,8,65536,0.0,0.0,0.0,1.0,11,0,22,1489042,0,14,8,24792
ring,8,65536,0.0,0.0,0.0,1.0,11,0,23,1764792,0,14,8,165459
ring,8,65536,0.0,0.0,0.0,1.0,11,0,24,1491333,0,14,8,85749
ring,8,65536,0.0,0.0,0.0,1.0,11,0,25,1630083,0,14,8,129417
ring,8,65536,0.0,0.0,0.0,1.0,11,0,26,1444042,0,14,8,119292
ring,8,65536,0.0,0.0,0.0,1.0,11,0,27,1406959,0,14,8,117876
ring,8,65536,0.0,0.0,0.0,1.0,11,0,28,1505125,0,14,8,103084
ring,8,65536,0.0,0.0,0.0,1.0,11,0,29,1475208,0,14,8,160125
ring,8,65536,0.0,0.0,0.0,1.0,11,0,30,1458625,0,14,8,124667
ring,8,65536,0.0,0.0,0.0,1.0,11,0,31,1495375,0,14,8,74667
ring,8,65536,0.0,0.0,0.0,1.0,11,0,32,1783833,0,14,8,77750
ring,8,65536,0.0,0.0,0.0,1.0,11,0,33,1427000,0,14,8,109041
ring,8,65536,0.0,0.0,0.0,1.0,11,0,34,1497500,0,14,8,93000
ring,8,65536,0.0,0.0,0.0,1.0,11,0,35,1635041,0,14,8,168041
ring,8,65536,0.0,0.0,0.0,1.0,11,0,36,1520042,0,14,8,86834
ring,8,65536,0.0,0.0,0.0,1.0,11,0,37,1514792,0,14,8,93042
ring,8,65536,0.0,0.0,0.0,1.0,11,0,38,1422959,0,14,8,88417
ring,8,65536,0.0,0.0,0.0,1.0,11,0,39,1585792,0,14,8,255167
recursive,8,1048576,0.0,0.0,0.0,1.0,11,0,0,2303750,0,6,8,318375
recursive,8,1048576,0.0,0.0,0.0,1.0,11,0,1,2136959,0,6,8,381209
recursive,8,1048576,0.0,0.0,0.0,1.0,11,0,2,2096041,0,6,8,393957
recursive,8,1048576,0.0,0.0,0.0,1.0,11,0,3,2420458,0,6,8,344583
recursive,8,1048576,0.0,0.0,0.0,1.0,11,0,4,2151167,0,6,8,364250
recursive,8,1048576,0.0,0.0,0.0,1.0,11,0,5,2077292,0,6,8,382625
recursive,8,1048576,0.0,0.0,0.0,1.0,11,0,6,2069208,0,6,8,424749
recursive,8,1048576,0.0,0.0,0.0,1.0,11,0,7,1988541,0,6,8,369082
recursive,8,1048576,0.0,0.0,0.0,1.0,11,0,8,2269417,0,6,8,385125
recursive,8,1048576,0.0,0.0,0.0,1.0,11,0,9,2149125,0,6,8,241917
recursive,8,1048576,0.0,0.0,0.0,1.0,11,0,10,2266625,0,6,8,308875
recursive,8,1048576,0.0,0.0,0.0,1.0,11,0,11,2129791,0,6,8,371499
recursive,8,1048576,0.0,0.0,0.0,1.0,11,0,12,2229250,0,6,8,391750
recursive,8,1048576,0.0,0.0,0.0,1.0,11,0,13,1999084,0,6,8,312918
recursive,8,1048576,0.0,0.0,0.0,1.0,11,0,14,2127041,0,6,8,378833
recursive,8,1048576,0.0,0.0,0.0,1.0,11,0,15,2134375,0,6,8,268458
recursive,8,1048576,0.0,0.0,0.0,1.0,11,0,16,2005708,0,6,8,249083
recursive,8,1048576,0.0,0.0,0.0,1.0,11,0,17,2079042,0,6,8,302084
recursive,8,1048576,0.0,0.0,0.0,1.0,11,0,18,2164583,0,6,8,333124
recursive,8,1048576,0.0,0.0,0.0,1.0,11,0,19,2173250,0,6,8,314291
recursive,8,1048576,0.0,0.0,0.0,1.0,11,0,20,2668000,0,6,8,519875
recursive,8,1048576,0.0,0.0,0.0,1.0,11,0,21,2355416,0,6,8,443458
recursive,8,1048576,0.0,0.0,0.0,1.0,11,0,22,2377458,0,6,8,352624
recursive,8,1048576,0.0,0.0,0.0,1.0,11,0,23,2508042,0,6,8,427501
recursive,8,1048576,0.0,0.0,0.0,1.0,11,0,24,2430708,0,6,8,405583
recursive,8,1048576,0.0,0.0,0.0,1.0,11,0,25,2203334,0,6,8,390875
recursive,8,1048576,0.0,0.0,0.0,1.0,11,0,26,2652916,0,6,8,402916
recursive,8,1048576,0.0,0.0,0.0,1.0,11,0,27,2488666,0,6,8,314041
recursive,8,1048576,0.0,0.0,0.0,1.0,11,0,28,2138750,0,6,8,356209
recursive,8,1048576,0.0,0.0,0.0,1.0,11,0,29,2320459,0,6,8,382125
recursive,8,1048576,0.0,0.0,0.0,1.0,11,0,30,2320917,0,6,8,361583
recursive,8,1048576,0.0,0.0,0.0,1.0,11,0,31,2163084,0,6,8,241542
recursive,8,1048576,0.0,0.0,0.0,1.0,11,0,32,2053042,0,6,8,347334
recursive,8,1048576,0.0,0.0,0.0,1.0,11,0,33,2147667,0,6,8,289751
recursive,8,1048576,0.0,0.0,0.0,1.0,11,0,34,2108792,0,6,8,339084
recursive,8,1048576,0.0,0.0,0.0,1.0,11,0,35,2157792,0,6,8,273667
recursive,8,1048576,0.0,0.0,0.0,1.0,11,0,36,2090666,0,6,8,313416
recursive,8,1048576,0.0,0.0,0.0,1.0,11,0,37,2141875,0,6,8,287584
recursive,8,1048576,0.0,0.0,0.0,1.0,11,0,38,2123667,0,6,8,234958
recursive,8,1048576,0.0,0.0,0.0,1.0,11,0,39,2171750,0,6,8,236542
ps,8,65536,0.0,0.0,0.0,1.0,11,0,0,451500,0,1,8,114875
ps,8,65536,0.0,0.0,0.0,1.0,11,0,1,450750,0,7,8,130708
ps,8,65536,0.0,0.0,0.0,1.0,11,0,2,392750,0,1,8,38041
ps,8,65536,0.0,0.0,0.0,1.0,11,0,3,416000,0,7,8,63917
ps,8,65536,0.0,0.0,0.0,1.0,11,0,4,434917,0,1,8,109542
ps,8,65536,0.0,0.0,0.0,1.0,11,0,5,439375,0,1,8,103542
ps,8,65536,0.0,0.0,0.0,1.0,11,0,6,455500,0,1,8,74667
ps,8,65536,0.0,0.0,0.0,1.0,11,0,7,473667,0,1,8,81459
ps,8,65536,0.0,0.0,0.0,1.0,11,0,8,465084,0,7,8,110001
ps,8,65536,0.0,0.0,0.0,1.0,11,0,9,441917,0,1,8,57667
ps,8,65536,0.0,0.0,0.0,1.0,11,0,10,440084,0,1,8,79584
ps,8,65536,0.0,0.0,0.0,1.0,11,0,11,494375,0,7,8,133708
ps,8,65536,0.0,0.0,0.0,1.0,11,0,12,533833,0,1,8,89041
ps,8,65536,0.0,0.0,0.0,1.0,11,0,13,437541,0,1,8,70624
ps,8,65536,0.0,0.0,0.0,1.0,11,0,14,450375,0,1,8,139333
ps,8,65536,0.0,0.0,0.0,1.0,11,0,15,475875,0,1,8,96792
ps,8,65536,0.0,0.0,0.0,1.0,11,0,16,539958,0,1,8,91874
ps,8,65536,0.0,0.0,0.0,1.0,11,0,17,410375,0,1,8,103708
ps,8,65536,0.0,0.0,0.0,1.0,11,0,18,454958,0,1,8,109791
ps,8,65536,0.0,0.0,0.0,1.0,11,0,19,461750,0,7,8,111750
ps,8,65536,0.0,0.0,0.0,1.0,11,0,20,445625,0,1,8,113625
ps,8,65536,0.0,0.0,0.0,1.0,11,0,21,483875,0,7,8,110375
ps,8,65536,0.0,0.0,0.0,1.0,11,0,22,432875,0,1,8,108958
ps,8,65536,0.0,0.0,0.0,1.0,11,0,23,468458,0,1,8,90916
ps,8,65536,0.0,0.0,0.0,1.0,11,0,24,432625,0,1,8,77917
ps,8,65536,0.0,0.0,0.0,1.0,11,0,25,469584,0,1,8,92251
ps,8,65536,0.0,0.0,0.0,1.0,11,0,26,426125,0,1,8,103583
ps,8,65536,0.0,0.0,0.0,1.0,11,0,27,469375,0,1,8,144417
ps,8,65536,0.0,0.0,0.0,1.0,11,0,28,432291,0,1,8,71124
ps,8,65536,0.0,0.0,0.0,1.0,11,0,29,440500,0,1,8,104167
ps,8,65536,0.0,0.0,0.0,1.0,11,0,30,509875,0,1,8,88000
ps,8,65536,0.0,0.0,0.0,1.0,11,0,31,539834,0,1,8,116459
ps,8,65536,0.0,0.0,0.0,1.0,11,0,32,593250,0,1,8,211875
ps,8,65536,0.0,0.0,0.0,1.0,11,0,33,714792,0,1,8,240833
ps,8,65536,0.0,0.0,0.0,1.0,11,0,34,628458,0,1,8,82708
ps,8,65536,0.0,0.0,0.0,1.0,11,0,35,431333,0,1,8,81958
ps,8,65536,0.0,0.0,0.0,1.0,11,0,36,456791,0,7,8,56332
ps,8,65536,0.0,0.0,0.0,1.0,11,0,37,449084,0,1,8,57334
ps,8,65536,0.0,0.0,0.0,1.0,11,0,38,503209,0,7,8,92668
ps,8,65536,0.0,0.0,0.0,1.0,11,0,39,461750,0,1,8,55459
ring,8,4096,0.0,0.0,0.0,1.0,11,0,0,1383125,0,14,8,82375
ring,8,4096,0.0,0.0,0.0,1.0,11,0,1,1490375,0,14,8,85666
ring,8,4096,0.0,0.0,0.0,1.0,11,0,2,1588625,0,14,8,97667
ring,8,4096,0.0,0.0,0.0,1.0,11,0,3,1723834,0,14,8,144292
ring,8,4096,0.0,0.0,0.0,1.0,11,0,4,1518041,0,14,8,100749
ring,8,4096,0.0,0.0,0.0,1.0,11,0,5,1436250,0,14,8,64625
ring,8,4096,0.0,0.0,0.0,1.0,11,0,6,1581083,0,14,8,131375
ring,8,4096,0.0,0.0,0.0,1.0,11,0,7,1696541,0,14,8,58458
ring,8,4096,0.0,0.0,0.0,1.0,11,0,8,1639834,0,14,8,117501
ring,8,4096,0.0,0.0,0.0,1.0,11,0,9,1669916,0,14,8,102208
ring,8,4096,0.0,0.0,0.0,1.0,11,0,10,1735125,0,14,8,105875
ring,8,4096,0.0,0.0,0.0,1.0,11,0,11,1603583,0,14,8,96916
ring,8,4096,0.0,0.0,0.0,1.0,11,0,12,1676500,0,14,8,148000
ring,8,4096,0.0,0.0,0.0,1.0,11,0,13,1746917,0,14,8,193542
ring,8,4096,0.0,0.0,0.0,1.0,11,0,14,1678791,0,14,8,89916
ring,8,4096,0.0,0.0,0.0,1.0,11,0,15,1897708,0,14,8,141083
ring,8,4096,0.0,0.0,0.0,1.0,11,0,16,1632833,0,14,8,110708
ring,8,4096,0.0,0.0,0.0,1.0,11,0,17,1628333,0,14,8,180250
ring,8,4096,0.0,0.0,0.0,1.0,11,0,18,1767625,0,14,8,50458
ring,8,4096,0.0,0.0,0.0,1.0,11,0,19,1845458,0,14,8,178166
ring,8,4096,0.0,0.0,0.0,1.0,11,0,20,1860959,0,14,8,123959
ring,8,4096,0.0,0.0,0.0,1.0,11,0,21,1842916,0,14,8,106083
ring,8,4096,0.0,0.0,0.0,1.0,11,0,22,1796083,0,14,8,143416
ring,8,4096,0.0,0.0,0.0,1.0,11,0,23,1934333,0,14,8,111125
ring,8,4096,0.0,0.0,0.0,1.0,11,0,24,1627125,0,14,8,82375
ring,8,4096,0.0,0.0,0.0,1.0,11,0,25,1688875,0,14,8,164250
ring,8,4096,0.0,0.0,0.0,1.0,11,0,26,1649792,0,14,8,119001
ring,8,4096,0.0,0.0,0.0,1.0,11,0,27,1692500,0,14,8,110209
ring,8,4096,0.0,0.0,0.0,1.0,11,0,28,1640208,0,14,8,156708
ring,8,4096,0.0,0.0,0.0,1.0,11,0,29,1725375,0,14,8,149417
ring,8,4096,0.0,0.0,0.0,1.0,11,0,30,1614041,0,14,8,52291
ring,8,4096,0.0,0.0,0.0,1.0,11,0,31,1645875,0,14,8,140583
ring,8,4096,0.0,0.0,0.0,1.0,11,0,32,1691458,0,14,8,90041
ring,8,4096,0.0,0.0,0.0,1.0,11,0,33,1611041,0,14,8,146333
ring,8,4096,0.0,0.0,0.0,1.0,11,0,34,1574417,0,14,8,124625
ring,8,4096,0.0,0.0,0.0,1.0,11,0,35,1658209,0,14,8,125125
ring,8,4096,0.0,0.0,0.0,1.0,11,0,36,1527125,0,14,8,82708
ring,8,4096,0.0,0.0,0.0,1.0,11,0,37,1557833,0,14,8,56416
ring,8,4096,0.0,0.0,0.0,1.0,11,0,38,1678584,0,14,8,167293
ring,8,4096,0.0,0.0,0.0,1.0,11,0,39,1602709,0,14,8,124084
recursive,8,65536,0.0,0.0,0.0,1.0,11,0,0,779667,0,6,8,93333
recursive,8,65536,0.0,0.0,0.0,1.0,11,0,1,863208,0,6,8,229500
recursive,8,65536,0.0,0.0,0.0,1.0,11,0,2,835334,0,6,8,140459
recursive,8,65536,0.0,0.0,0.0,1.0,11,0,3,793166,0,6,8,107000
recursive,8,65536,0.0,0.0,0.0,1.0,11,0,4,813875,0,6,8,145041
recursive,8,65536,0.0,0.0,0.0,1.0,11,0,5,758291,0,6,8,90791
recursive,8,65536,0.0,0.0,0.0,1.0,11,0,6,754166,0,6,8,94124
recursive,8,65536,0.0,0.0,0.0,1.0,11,0,7,778667,0,6,8,123959
recursive,8,65536,0.0,0.0,0.0,1.0,11,0,8,731291,0,6,8,75457
recursive,8,65536,0.0,0.0,0.0,1.0,11,0,9,892041,0,6,8,103916
recursive,8,65536,0.0,0.0,0.0,1.0,11,0,10,746791,0,6,8,133499
recursive,8,65536,0.0,0.0,0.0,1.0,11,0,11,763125,0,6,8,114750
recursive,8,65536,0.0,0.0,0.0,1.0,11,0,12,772584,0,6,8,127334
recursive,8,65536,0.0,0.0,0.0,1.0,11,0,13,730209,0,6,8,83542
recursive,8,65536,0.0,0.0,0.0,1.0,11,0,14,757125,0,6,8,75625
recursive,8,65536,0.0,0.0,0.0,1.0,11,0,15,754791,0,6,8,136000
recursive,8,65536,0.0,0.0,0.0,1.0,11,0,16,724500,0,6,8,103875
recursive,8,65536,0.0,0.0,0.0,1.0,11,0,17,728916,0,6,8,42916
recursive,8,65536,0.0,0.0,0.0,1.0,11,0,18,838542,0,6,8,74125
recursive,8,65536,0.0,0.0,0.0,1.0,11,0,19,1200625,0,6,8,105125
recursive,8,65536,0.0,0.0,0.0,1.0,11,0,20,785750,0,6,8,66500
recursive,8,65536,0.0,0.0,0.0,1.0,11,0,21,915000,0,6,8,129500
recursive,8,65536,0.0,0.0,0.0,1.0,11,0,22,886416,0,6,8,144999
recursive,8,65536,0.0,0.0,0.0,1.0,11,0,23,764500,0,6,8,111500
recursive,8,65536,0.0,0.0,0.0,1.0,11,0,24,1302000,0,6,8,240917
recursive,8,65536,0.0,0.0,0.0,1.0,11,0,25,1048209,0,6,8,189959
recursive,8,65536,0.0,0.0,0.0,1.0,11,0,26,1213333,0,6,8,181500
recursive,8,65536,0.0,0.0,0.0,1.0,11,0,27,770333,0,6,8,103833
recursive,8,65536,0.0,0.0,0.0,1.0,11,0,28,722667,0,6,8,94875
recursive,8,65536,0.0,0.0,0.0,1.0,11,0,29,748917,0,6,8,130042
recursive,8,65536,0.0,0.0,0.0,1.0,11,0,30,700042,0,6,8,63708
recursive,8,65536,0.0,0.0,0.0,1.0,11,0,31,679000,0,6,8,96208
recursive,8,65536,0.0,0.0,0.0,1.0,11,0,32,671208,0,6,8,68750
recursive,8,65536,0.0,0.0,0.0,1.0,11,0,33,704250,0,6,8,99750
recursive,8,65536,0.0,0.0,0.0,1.0,11,0,34,659875,0,6,8,62750
recursive,8,65536,0.0,0.0,0.0,1.0,11,0,35,697209,0,6,8,77334
recursive,8,65536,0.0,0.0,0.0,1.0,11,0,36,850750,0,6,8,153667
recursive,8,65536,0.0,0.0,0.0,1.0,11,0,37,700834,0,6,8,87000
recursive,8,65536,0.0,0.0,0.0,1.0,11,0,38,665166,0,6,8,91041
recursive,8,65536,0.0,0.0,0.0,1.0,11,0,39,822292,0,6,8,243375
ring,8,8388608,0.0,0.0,0.0,1.0,11,0,0,13600709,0,14,8,695209
ring,8,8388608,0.0,0.0,0.0,1.0,11,0,1,10631750,0,14,8,506667
ring,8,8388608,0.0,0.0,0.0,1.0,11,0,2,9559458,0,14,8,448249
ring,8,8388608,0.0,0.0,0.0,1.0,11,0,3,10554916,0,14,8,737541
ring,8,8388608,0.0,0.0,0.0,1.0,11,0,4,10733959,0,14,8,867126
ring,8,8388608,0.0,0.0,0.0,1.0,11,0,5,10159042,0,14,8,597917
ring,8,8388608,0.0,0.0,0.0,1.0,11,0,6,10959584,0,14,8,871501
ring,8,8388608,0.0,0.0,0.0,1.0,11,0,7,11003750,0,14,8,750458
ring,8,8388608,0.0,0.0,0.0,1.0,11,0,8,10802500,0,14,8,630667
ring,8,8388608,0.0,0.0,0.0,1.0,11,0,9,11132542,0,14,8,847834
ring,8,8388608,0.0,0.0,0.0,1.0,11,0,10,10699750,0,14,8,720875
ring,8,8388608,0.0,0.0,0.0,1.0,11,0,11,10100791,0,14,8,757957
ring,8,8388608,0.0,0.0,0.0,1.0,11,0,12,10423250,0,14,8,759209
ring,8,8388608,0.0,0.0,0.0,1.0,11,0,13,10212667,0,14,8,912625
ring,8,8388608,0.0,0.0,0.0,1.0,11,0,14,11730833,0,14,8,1071291
ring,8,8388608,0.0,0.0,0.0,1.0,11,0,15,10614041,0,14,8,596666
ring,8,8388608,0.0,0.0,0.0,1.0,11,0,16,11893708,0,14,8,746958
ring,8,8388608,0.0,0.0,0.0,1.0,11,0,17,11753834,0,14,8,1033959
ring,8,8388608,0.0,0.0,0.0,1.0,11,0,18,10660459,0,14,8,997875
ring,8,8388608,0.0,0.0,0.0,1.0,11,0,19,10386792,0,14,8,776667
ring,8,8388608,0.0,0.0,0.0,1.0,11,0,20,10954500,0,14,8,484750
ring,8,8388608,0.0,0.0,0.0,1.0,11,0,21,10783791,0,14,8,585541
ring,8,8388608,0.0,0.0,0.0,1.0,11,0,22,10108459,0,14,8,560876
ring,8,8388608,0.0,0.0,0.0,1.0,11,0,23,10746041,0,14,8,646957
ring,8,8388608,0.0,0.0,0.0,1.0,11,0,24,9878458,0,14,8,839458
ring,8,8388608,0.0,0.0,0.0,1.0,11,0,25,9957333,0,14,8,619333
ring,8,8388608,0.0,0.0,0.0,1.0,11,0,26,10026417,0,14,8,378459
ring,8,8388608,0.0,0.0,0.0,1.0,11,0,27,9873167,0,14,8,593126
ring,8,8388608,0.0,0.0,0.0,1.0,11,0,28,10860333,0,14,8,742583
ring,8,8388608,0.0,0.0,0.0,1.0,11,0,29,10991875,0,14,8,755708
ring,8,8388608,0.0,0.0,0.0,1.0,11,0,30,11139625,0,14,8,613834
ring,8,8388608,0.0,0.0,0.0,1.0,11,0,31,10670542,0,14,8,533709
ring,8,8388608,0.0,0.0,0.0,1.0,11,0,32,10283209,0,14,8,800209
ring,8,8388608,0.0,0.0,0.0,1.0,11,0,33,10504625,0,14,8,514375
ring,8,8388608,0.0,0.0,0.0,1.0,11,0,34,10160583,0,14,8,629708
ring,8,8388608,0.0,0.0,0.0,1.0,11,0,35,10872917,0,14,8,766750
ring,8,8388608,0.0,0.0,0.0,1.0,11,0,36,10532833,0,14,8,772250
ring,8,8388608,0.0,0.0,0.0,1.0,11,0,37,11437167,0,14,8,574667
ring,8,8388608,0.0,0.0,0.0,1.0,11,0,38,10121209,0,14,8,670834
ring,8,8388608,0.0,0.0,0.0,1.0,11,0,39,10037625,0,14,8,341208
recursive,8,4096,0.0,0.0,0.0,1.0,11,0,0,605875,0,6,8,83375
recursive,8,4096,0.0,0.0,0.0,1.0,11,0,1,729958,0,6,8,122208
recursive,8,4096,0.0,0.0,0.0,1.0,11,0,2,750917,0,6,8,77750
recursive,8,4096,0.0,0.0,0.0,1.0,11,0,3,683875,0,6,8,90583
recursive,8,4096,0.0,0.0,0.0,1.0,11,0,4,694459,0,6,8,118084
recursive,8,4096,0.0,0.0,0.0,1.0,11,0,5,609250,0,6,8,74209
recursive,8,4096,0.0,0.0,0.0,1.0,11,0,6,632542,0,6,8,57126
recursive,8,4096,0.0,0.0,0.0,1.0,11,0,7,629125,0,6,8,71834
recursive,8,4096,0.0,0.0,0.0,1.0,11,0,8,607584,0,6,8,76209
recursive,8,4096,0.0,0.0,0.0,1.0,11,0,9,634250,0,6,8,132208
recursive,8,4096,0.0,0.0,0.0,1.0,11,0,10,693833,0,6,8,105541
recursive,8,4096,0.0,0.0,0.0,1.0,11,0,11,729041,0,6,8,129499
recursive,8,4096,0.0,0.0,0.0,1.0,11,0,12,644083,0,6,8,71999
recursive,8,4096,0.0,0.0,0.0,1.0,11,0,13,642834,0,6,8,119042
recursive,8,4096,0.0,0.0,0.0,1.0,11,0,14,642333,0,6,8,104041
recursive,8,4096,0.0,0.0,0.0,1.0,11,0,15,687584,0,6,8,124334
recursive,8,4096,0.0,0.0,0.0,1.0,11,0,16,618834,0,6,8,132167
recursive,8,4096,0.0,0.0,0.0,1.0,11,0,17,604292,0,6,8,101625
recursive,8,4096,0.0,0.0,0.0,1.0,11,0,18,700916,0,6,8,101416
recursive,8,4096,0.0,0.0,0.0,1.0,11,0,19,644083,0,6,8,113166
recursive,8,4096,0.0,0.0,0.0,1.0,11,0,20,632792,0,6,8,74625
recursive,8,4096,0.0,0.0,0.0,1.0,11,0,21,664500,0,6,8,80333
recursive,8,4096,0.0,0.0,0.0,1.0,11,0,22,602500,0,6,8,71167
recursive,8,4096,0.0,0.0,0.0,1.0,11,0,23,645833,0,6,8,80875
recursive,8,4096,0.0,0.0,0.0,1.0,11,0,24,637083,0,6,8,64667
recursive,8,4096,0.0,0.0,0.0,1.0,11,0,25,704459,0,6,8,108334
recursive,8,4096,0.0,0.0,0.0,1.0,11,0,26,662334,0,6,8,84459
recursive,8,4096,0.0,0.0,0.0,1.0,11,0,27,692000,0,6,8,101958
recursive,8,4096,0.0,0.0,0.0,1.0,11,0,28,709875,0,6,8,148500
recursive,8,4096,0.0,0.0,0.0,1.0,11,0,29,667208,0,6,8,74291
recursive,8,4096,0.0,0.0,0.0,1.0,11,0,30,644042,0,6,8,70458
recursive,8,4096,0.0,0.0,0.0,1.0,11,0,31,634417,0,6,8,158292
recursive,8,4096,0.0,0.0,0.0,1.0,11,0,32,800041,0,6,8,155375
recursive,8,4096,0.0,0.0,0.0,1.0,11,0,33,796625,0,6,8,76125
recursive,8,4096,0.0,0.0,0.0,1.0,11,0,34,711542,0,6,8,152334
recursive,8,4096,0.0,0.0,0.0,1.0,11,0,35,665916,0,6,8,66332
recursive,8,4096,0.0,0.0,0.0,1.0,11,0,36,666167,0,6,8,93250
recursive,8,4096,0.0,0.0,0.0,1.0,11,0,37,628542,0,6,8,93167
recursive,8,4096,0.0,0.0,0.0,1.0,11,0,38,634625,0,6,8,66291
recursive,8,4096,0.0,0.0,0.0,1.0,11,0,39,778042,0,6,8,173958
ps,8,4096,0.0,0.0,0.0,1.0,11,0,0,394958,0,1,8,134292
ps,8,4096,0.0,0.0,0.0,1.0,11,0,1,349666,0,7,8,84666
ps,8,4096,0.0,0.0,0.0,1.0,11,0,2,437209,0,7,8,87875
ps,8,4096,0.0,0.0,0.0,1.0,11,0,3,388041,0,1,8,91458
ps,8,4096,0.0,0.0,0.0,1.0,11,0,4,373958,0,7,8,72292
ps,8,4096,0.0,0.0,0.0,1.0,11,0,5,412250,0,1,8,113291
ps,8,4096,0.0,0.0,0.0,1.0,11,0,6,353291,0,1,8,83250
ps,8,4096,0.0,0.0,0.0,1.0,11,0,7,407583,0,1,8,83458
ps,8,4096,0.0,0.0,0.0,1.0,11,0,8,346292,0,7,8,64126
ps,8,4096,0.0,0.0,0.0,1.0,11,0,9,364333,0,1,8,84292
ps,8,4096,0.0,0.0,0.0,1.0,11,0,10,346416,0,7,8,98874
ps,8,4096,0.0,0.0,0.0,1.0,11,0,11,430792,0,1,8,154292
ps,8,4096,0.0,0.0,0.0,1.0,11,0,12,385209,0,1,8,120834
ps,8,4096,0.0,0.0,0.0,1.0,11,0,13,429000,0,7,8,112042
ps,8,4096,0.0,0.0,0.0,1.0,11,0,14,374250,0,1,8,132041
ps,8,4096,0.0,0.0,0.0,1.0,11,0,15,386916,0,1,8,101291
ps,8,4096,0.0,0.0,0.0,1.0,11,0,16,503167,0,1,8,121125
ps,8,4096,0.0,0.0,0.0,1.0,11,0,17,382417,0,1,8,88500
ps,8,4096,0.0,0.0,0.0,1.0,11,0,18,355917,0,1,8,100584
ps,8,4096,0.0,0.0,0.0,1.0,11,0,19,317875,0,1,8,64833
ps,8,4096,0.0,0.0,0.0,1.0,11,0,20,373459,0,1,8,57126
ps,8,4096,0.0,0.0,0.0,1.0,11,0,21,356875,0,1,8,94750
ps,8,4096,0.0,0.0,0.0,1.0,11,0,22,306292,0,7,8,63834
ps,8,4096,0.0,0.0,0.0,1.0,11,0,23,398667,0,7,8,67709
ps,8,4096,0.0,0.0,0.0,1.0,11,0,24,337625,0,1,8,108583
ps,8,4096,0.0,0.0,0.0,1.0,11,0,25,329541,0,1,8,56291
ps,8,4096,0.0,0.0,0.0,1.0,11,0,26,314125,0,1,8,74667
ps,8,4096,0.0,0.0,0.0,1.0,11,0,27,418333,0,1,8,115499
ps,8,4096,0.0,0.0,0.0,1.0,11,0,28,367917,0,7,8,84376
ps,8,4096,0.0,0.0,0.0,1.0,11,0,29,347584,0,1,8,90876
ps,8,4096,0.0,0.0,0.0,1.0,11,0,30,399500,0,7,8,105375
ps,8,4096,0.0,0.0,0.0,1.0,11,0,31,445500,0,1,8,142625
ps,8,4096,0.0,0.0,0.0,1.0,11,0,32,336542,0,1,8,96959
ps,8,4096,0.0,0.0,0.0,1.0,11,0,33,409333,0,1,8,120208
ps,8,4096,0.0,0.0,0.0,1.0,11,0,34,325916,0,1,8,74957
ps,8,4096,0.0,0.0,0.0,1.0,11,0,35,319125,0,1,8,88792
ps,8,4096,0.0,0.0,0.0,1.0,11,0,36,352917,0,1,8,70084
ps,8,4096,0.0,0.0,0.0,1.0,11,0,37,312375,0,7,8,64750
ps,8,4096,0.0,0.0,0.0,1.0,11,0,38,326333,0,1,8,96833
ps,8,4096,0.0,0.0,0.0,1.0,11,0,39,339750,0,1,8,93083
ps,8,8388608,0.0,0.0,0.0,1.0,11,0,0,11340541,0,7,8,4923416
ps,8,8388608,0.0,0.0,0.0,1.0,11,0,1,11558667,0,7,8,5137083
ps,8,8388608,0.0,0.0,0.0,1.0,11,0,2,11123292,0,1,8,4850876
ps,8,8388608,0.0,0.0,0.0,1.0,11,0,3,11895500,0,7,8,5558333
ps,8,8388608,0.0,0.0,0.0,1.0,11,0,4,18881375,0,7,8,6126500
ps,8,8388608,0.0,0.0,0.0,1.0,11,0,5,14539750,0,7,8,6270667
ps,8,8388608,0.0,0.0,0.0,1.0,11,0,6,12734375,0,7,8,5145791
ps,8,8388608,0.0,0.0,0.0,1.0,11,0,7,12449958,0,7,8,5378375
ps,8,8388608,0.0,0.0,0.0,1.0,11,0,8,12581084,0,7,8,4590376
ps,8,8388608,0.0,0.0,0.0,1.0,11,0,9,12507667,0,7,8,5591501
ps,8,8388608,0.0,0.0,0.0,1.0,11,0,10,12428667,0,1,8,5181500
ps,8,8388608,0.0,0.0,0.0,1.0,11,0,11,12227625,0,1,8,4506542
ps,8,8388608,0.0,0.0,0.0,1.0,11,0,12,11811917,0,1,8,5023001
ps,8,8388608,0.0,0.0,0.0,1.0,11,0,13,13086041,0,7,8,5273833
ps,8,8388608,0.0,0.0,0.0,1.0,11,0,14,12086708,0,7,8,4773166
ps,8,8388608,0.0,0.0,0.0,1.0,11,0,15,11860041,0,1,8,5024583
ps,8,8388608,0.0,0.0,0.0,1.0,11,0,16,12803334,0,1,8,4974751
ps,8,8388608,0.0,0.0,0.0,1.0,11,0,17,14113375,0,1,8,5187833
ps,8,8388608,0.0,0.0,0.0,1.0,11,0,18,12216584,0,7,8,4926501
ps,8,8388608,0.0,0.0,0.0,1.0,11,0,19,13960916,0,1,8,5048625
ps,8,8388608,0.0,0.0,0.0,1.0,11,0,20,12982916,0,1,8,5088208
ps,8,8388608,0.0,0.0,0.0,1.0,11,0,21,13175500,0,1,8,5174708
ps,8,8388608,0.0,0.0,0.0,1.0,11,0,22,11451584,0,7,8,4648209
ps,8,8388608,0.0,0.0,0.0,1.0,11,0,23,10436750,0,1,8,4491000
ps,8,8388608,0.0,0.0,0.0,1.0,11,0,24,11339583,0,1,8,4119833
ps,8,8388608,0.0,0.0,0.0,1.0,11,0,25,11449834,0,1,8,5066501
ps,8,8388608,0.0,0.0,0.0,1.0,11,0,26,11155208,0,1,8,4258916
ps,8,8388608,0.0,0.0,0.0,1.0,11,0,27,10488416,0,1,8,4347541
ps,8,8388608,0.0,0.0,0.0,1.0,11,0,28,12620875,0,1,8,5170417
ps,8,8388608,0.0,0.0,0.0,1.0,11,0,29,11956875,0,1,8,4623250
ps,8,8388608,0.0,0.0,0.0,1.0,11,0,30,11977125,0,1,8,5118625
ps,8,8388608,0.0,0.0,0.0,1.0,11,0,31,11359750,0,7,8,4681000
ps,8,8388608,0.0,0.0,0.0,1.0,11,0,32,11773500,0,1,8,5160583
ps,8,8388608,0.0,0.0,0.0,1.0,11,0,33,12469250,0,7,8,5253458
ps,8,8388608,0.0,0.0,0.0,1.0,11,0,34,12034542,0,1,8,5237375
ps,8,8388608,0.0,0.0,0.0,1.0,11,0,35,12422959,0,7,8,4689209
ps,8,8388608,0.0,0.0,0.0,1.0,11,0,36,11819125,0,7,8,5028833
ps,8,8388608,0.0,0.0,0.0,1.0,11,0,37,11911459,0,7,8,5021709
ps,8,8388608,0.0,0.0,0.0,1.0,11,0,38,12251917,0,7,8,5475833
ps,8,8388608,0.0,0.0,0.0,1.0,11,0,39,16175125,0,1,8,7886833
ps,8,65536,0.0,0.0,0.0,1.0,11,1,0,789458,0,1,8,128167
ps,8,65536,0.0,0.0,0.0,1.0,11,1,1,771750,0,1,8,94542
ps,8,65536,0.0,0.0,0.0,1.0,11,1,2,753875,0,7,8,95500
ps,8,65536,0.0,0.0,0.0,1.0,11,1,3,884750,0,7,8,125042
ps,8,65536,0.0,0.0,0.0,1.0,11,1,4,761083,0,1,8,99000
ps,8,65536,0.0,0.0,0.0,1.0,11,1,5,771167,0,1,8,114000
ps,8,65536,0.0,0.0,0.0,1.0,11,1,6,729792,0,1,8,58376
ps,8,65536,0.0,0.0,0.0,1.0,11,1,7,715708,0,1,8,101958
ps,8,65536,0.0,0.0,0.0,1.0,11,1,8,728500,0,1,8,90625
ps,8,65536,0.0,0.0,0.0,1.0,11,1,9,828959,0,1,8,114376
ps,8,65536,0.0,0.0,0.0,1.0,11,1,10,833875,0,1,8,74167
ps,8,65536,0.0,0.0,0.0,1.0,11,1,11,757541,0,1,8,88166
ps,8,65536,0.0,0.0,0.0,1.0,11,1,12,745000,0,1,8,77625
ps,8,65536,0.0,0.0,0.0,1.0,11,1,13,769750,0,1,8,80792
ps,8,65536,0.0,0.0,0.0,1.0,11,1,14,796708,0,1,8,101417
ps,8,65536,0.0,0.0,0.0,1.0,11,1,15,792917,0,1,8,99542
ps,8,65536,0.0,0.0,0.0,1.0,11,1,16,790584,0,1,8,116001
ps,8,65536,0.0,0.0,0.0,1.0,11,1,17,784375,0,1,8,141041
ps,8,65536,0.0,0.0,0.0,1.0,11,1,18,658958,0,1,8,52333
ps,8,65536,0.0,0.0,0.0,1.0,11,1,19,542291,0,7,8,110791
ps,8,65536,0.0,0.0,0.0,1.0,11,1,20,635333,0,1,8,142458
ps,8,65536,0.0,0.0,0.0,1.0,11,1,21,538959,0,1,8,97459
ps,8,65536,0.0,0.0,0.0,1.0,11,1,22,592000,0,7,8,71875
ps,8,65536,0.0,0.0,0.0,1.0,11,1,23,578542,0,7,8,113750
ps,8,65536,0.0,0.0,0.0,1.0,11,1,24,530708,0,1,8,74500
ps,8,65536,0.0,0.0,0.0,1.0,11,1,25,658500,0,7,8,201917
ps,8,65536,0.0,0.0,0.0,1.0,11,1,26,613041,0,1,8,135208
ps,8,65536,0.0,0.0,0.0,1.0,11,1,27,622834,0,1,8,192543
ps,8,65536,0.0,0.0,0.0,1.0,11,1,28,510917,0,1,8,115792
ps,8,65536,0.0,0.0,0.0,1.0,11,1,29,565750,0,1,8,124250
ps,8,65536,0.0,0.0,0.0,1.0,11,1,30,580375,0,1,8,155916
ps,8,65536,0.0,0.0,0.0,1.0,11,1,31,556250,0,7,8,142250
ps,8,65536,0.0,0.0,0.0,1.0,11,1,32,652917,0,1,8,107584
ps,8,65536,0.0,0.0,0.0,1.0,11,1,33,681875,0,1,8,133458
ps,8,65536,0.0,0.0,0.0,1.0,11,1,34,604375,0,7,8,176917
ps,8,65536,0.0,0.0,0.0,1.0,11,1,35,770000,0,1,8,102459
ps,8,65536,0.0,0.0,0.0,1.0,11,1,36,675625,0,1,8,157208
ps,8,65536,0.0,0.0,0.0,1.0,11,1,37,563167,0,1,8,96876
ps,8,65536,0.0,0.0,0.0,1.0,11,1,38,513125,0,1,8,85041
ps,8,65536,0.0,0.0,0.0,1.0,11,1,39,578250,0,1,8,105500
ring,8,4096,0.0,0.0,0.0,1.0,11,1,0,1751417,0,14,8,97584
ring,8,4096,0.0,0.0,0.0,1.0,11,1,1,1621542,0,14,8,120459
ring,8,4096,0.0,0.0,0.0,1.0,11,1,2,1602250,0,14,8,104667
ring,8,4096,0.0,0.0,0.0,1.0,11,1,3,1548000,0,14,8,97292
ring,8,4096,0.0,0.0,0.0,1.0,11,1,4,1756750,0,14,8,139416
ring,8,4096,0.0,0.0,0.0,1.0,11,1,5,1565167,0,14,8,82542
ring,8,4096,0.0,0.0,0.0,1.0,11,1,6,1805042,0,14,8,230167
ring,8,4096,0.0,0.0,0.0,1.0,11,1,7,1486500,0,14,8,100750
ring,8,4096,0.0,0.0,0.0,1.0,11,1,8,1569917,0,14,8,109417
ring,8,4096,0.0,0.0,0.0,1.0,11,1,9,1616625,0,14,8,84542
ring,8,4096,0.0,0.0,0.0,1.0,11,1,10,1702625,0,14,8,161541
ring,8,4096,0.0,0.0,0.0,1.0,11,1,11,1534000,0,14,8,173458
ring,8,4096,0.0,0.0,0.0,1.0,11,1,12,1638042,0,14,8,161792
ring,8,4096,0.0,0.0,0.0,1.0,11,1,13,1677125,0,14,8,163041
ring,8,4096,0.0,0.0,0.0,1.0,11,1,14,1602958,0,14,8,147000
ring,8,4096,0.0,0.0,0.0,1.0,11,1,15,1762500,0,14,8,214750
ring,8,4096,0.0,0.0,0.0,1.0,11,1,16,1564708,0,14,8,167792
ring,8,4096,0.0,0.0,0.0,1.0,11,1,17,1579166,0,14,8,167583
ring,8,4096,0.0,0.0,0.0,1.0,11,1,18,1568791,0,14,8,112875
ring,8,4096,0.0,0.0,0.0,1.0,11,1,19,1600333,0,14,8,111416
ring,8,4096,0.0,0.0,0.0,1.0,11,1,20,1654417,0,14,8,125167
ring,8,4096,0.0,0.0,0.0,1.0,11,1,21,1528625,0,14,8,139500
ring,8,4096,0.0,0.0,0.0,1.0,11,1,22,1700416,0,14,8,158041
ring,8,4096,0.0,0.0,0.0,1.0,11,1,23,1490542,0,14,8,124376
ring,8,4096,0.0,0.0,0.0,1.0,11,1,24,1679584,0,14,8,189667
ring,8,4096,0.0,0.0,0.0,1.0,11,1,25,1506833,0,14,8,117833
ring,8,4096,0.0,0.0,0.0,1.0,11,1,26,1627458,0,14,8,137500
ring,8,4096,0.0,0.0,0.0,1.0,11,1,27,1742042,0,14,8,128292
ring,8,4096,0.0,0.0,0.0,1.0,11,1,28,1689208,0,14,8,144292
ring,8,4096,0.0,0.0,0.0,1.0,11,1,29,1577875,0,14,8,122250
ring,8,4096,0.0,0.0,0.0,1.0,11,1,30,1654459,0,14,8,124334
ring,8,4096,0.0,0.0,0.0,1.0,11,1,31,1599834,0,14,8,152000
ring,8,4096,0.0,0.0,0.0,1.0,11,1,32,1484083,0,14,8,75833
ring,8,4096,0.0,0.0,0.0,1.0,11,1,33,1653584,0,14,8,166626
ring,8,4096,0.0,0.0,0.0,1.0,11,1,34,1537167,0,14,8,106709
ring,8,4096,0.0,0.0,0.0,1.0,11,1,35,1745125,0,14,8,128209
ring,8,4096,0.0,0.0,0.0,1.0,11,1,36,1615083,0,14,8,166042
ring,8,4096,0.0,0.0,0.0,1.0,11,1,37,1705916,0,14,8,113082
ring,8,4096,0.0,0.0,0.0,1.0,11,1,38,1578958,0,14,8,128791
ring,8,4096,0.0,0.0,0.0,1.0,11,1,39,1562875,0,14,8,159709
ring,8,65536,0.0,0.0,0.0,1.0,11,1,0,1672209,0,14,8,87584
ring,8,65536,0.0,0.0,0.0,1.0,11,1,1,1553791,0,14,8,148291
ring,8,65536,0.0,0.0,0.0,1.0,11,1,2,1581666,0,14,8,113374
ring,8,65536,0.0,0.0,0.0,1.0,11,1,3,1699917,0,14,8,223751
ring,8,65536,0.0,0.0,0.0,1.0,11,1,4,1636250,0,14,8,88291
ring,8,65536,0.0,0.0,0.0,1.0,11,1,5,1700375,0,14,8,113625
ring,8,65536,0.0,0.0,0.0,1.0,11,1,6,1792542,0,14,8,132417
ring,8,65536,0.0,0.0,0.0,1.0,11,1,7,1782125,0,14,8,137333
ring,8,65536,0.0,0.0,0.0,1.0,11,1,8,1918417,0,14,8,192251
ring,8,65536,0.0,0.0,0.0,1.0,11,1,9,1879791,0,14,8,151208
ring,8,65536,0.0,0.0,0.0,1.0,11,1,10,1845792,0,14,8,157750
ring,8,65536,0.0,0.0,0.0,1.0,11,1,11,1604042,0,14,8,104459
ring,8,65536,0.0,0.0,0.0,1.0,11,1,12,1699625,0,14,8,151542
ring,8,65536,0.0,0.0,0.0,1.0,11,1,13,1612250,0,14,8,110500
ring,8,65536,0.0,0.0,0.0,1.0,11,1,14,1692750,0,14,8,110459
ring,8,65536,0.0,0.0,0.0,1.0,11,1,15,1666792,0,14,8,100500
ring,8,65536,0.0,0.0,0.0,1.0,11,1,16,1693375,0,14,8,166625
ring,8,65536,0.0,0.0,0.0,1.0,11,1,17,1655708,0,14,8,99541
ring,8,65536,0.0,0.0,0.0,1.0,11,1,18,1792125,0,14,8,95291
ring,8,65536,0.0,0.0,0.0,1.0,11,1,19,1678250,0,14,8,132375
ring,8,65536,0.0,0.0,0.0,1.0,11,1,20,1707625,0,14,8,219917
ring,8,65536,0.0,0.0,0.0,1.0,11,1,21,1797958,0,14,8,129958
ring,8,65536,0.0,0.0,0.0,1.0,11,1,22,1894417,0,14,8,175000
ring,8,65536,0.0,0.0,0.0,1.0,11,1,23,1891500,0,14,8,187000
ring,8,65536,0.0,0.0,0.0,1.0,11,1,24,2010500,0,14,8,155708
ring,8,65536,0.0,0.0,0.0,1.0,11,1,25,1812083,0,14,8,100125
ring,8,65536,0.0,0.0,0.0,1.0,11,1,26,1870084,0,14,8,179792
ring,8,65536,0.0,0.0,0.0,1.0,11,1,27,2408041,0,14,8,156833
ring,8,65536,0.0,0.0,0.0,1.0,11,1,28,2354500,0,14,8,240750
ring,8,65536,0.0,0.0,0.0,1.0,11,1,29,2141250,0,14,8,163375
ring,8,65536,0.0,0.0,0.0,1.0,11,1,30,1940000,0,14,8,92000
ring,8,65536,0.0,0.0,0.0,1.0,11,1,31,2090166,0,14,8,222166
ring,8,65536,0.0,0.0,0.0,1.0,11,1,32,1886875,0,14,8,156083
ring,8,65536,0.0,0.0,0.0,1.0,11,1,33,2002958,0,14,8,173499
ring,8,65536,0.0,0.0,0.0,1.0,11,1,34,1766458,0,14,8,91208
ring,8,65536,0.0,0.0,0.0,1.0,11,1,35,1853125,0,14,8,166958
ring,8,65536,0.0,0.0,0.0,1.0,11,1,36,1644208,0,14,8,187708
ring,8,65536,0.0,0.0,0.0,1.0,11,1,37,1672084,0,14,8,133751
ring,8,65536,0.0,0.0,0.0,1.0,11,1,38,1626000,0,14,8,116500
ring,8,65536,0.0,0.0,0.0,1.0,11,1,39,1762333,0,14,8,84416
ring,8,8388608,0.0,0.0,0.0,1.0,11,1,0,12594458,0,14,8,2495917
ring,8,8388608,0.0,0.0,0.0,1.0,11,1,1,22624667,0,14,8,1062542
ring,8,8388608,0.0,0.0,0.0,1.0,11,1,2,11027500,0,14,8,1007459
ring,8,8388608,0.0,0.0,0.0,1.0,11,1,3,10429416,0,14,8,445624
ring,8,8388608,0.0,0.0,0.0,1.0,11,1,4,9855542,0,14,8,993376
ring,8,8388608,0.0,0.0,0.0,1.0,11,1,5,10887500,0,14,8,1007875
ring,8,8388608,0.0,0.0,0.0,1.0,11,1,6,11279042,0,14,8,523417
ring,8,8388608,0.0,0.0,0.0,1.0,11,1,7,10778916,0,14,8,904875
ring,8,8388608,0.0,0.0,0.0,1.0,11,1,8,10887500,0,14,8,679500
ring,8,8388608,0.0,0.0,0.0,1.0,11,1,9,13645417,0,14,8,812626
ring,8,8388608,0.0,0.0,0.0,1.0,11,1,10,11459375,0,14,8,706625
ring,8,8388608,0.0,0.0,0.0,1.0,11,1,11,12739500,0,14,8,1325541
ring,8,8388608,0.0,0.0,0.0,1.0,11,1,12,10975917,0,14,8,913167
ring,8,8388608,0.0,0.0,0.0,1.0,11,1,13,10741834,0,14,8,770376
ring,8,8388608,0.0,0.0,0.0,1.0,11,1,14,10337875,0,14,8,763167
ring,8,8388608,0.0,0.0,0.0,1.0,11,1,15,10905042,0,14,8,452459
ring,8,8388608,0.0,0.0,0.0,1.0,11,1,16,10693750,0,14,8,903875
ring,8,8388608,0.0,0.0,0.0,1.0,11,1,17,11490000,0,14,8,945209
ring,8,8388608,0.0,0.0,0.0,1.0,11,1,18,11440750,0,14,8,899250
ring,8,8388608,0.0,0.0,0.0,1.0,11,1,19,14155125,0,14,8,675167
ring,8,8388608,0.0,0.0,0.0,1.0,11,1,20,11621542,0,14,8,745084
ring,8,8388608,0.0,0.0,0.0,1.0,11,1,21,11649125,0,14,8,418583
ring,8,8388608,0.0,0.0,0.0,1.0,11,1,22,10369833,0,14,8,559999
ring,8,8388608,0.0,0.0,0.0,1.0,11,1,23,11358500,0,14,8,608125
ring,8,8388608,0.0,0.0,0.0,1.0,11,1,24,11295792,0,14,8,751917
ring,8,8388608,0.0,0.0,0.0,1.0,11,1,25,9927042,0,14,8,591501
ring,8,8388608,0.0,0.0,0.0,1.0,11,1,26,10873750,0,14,8,777417
ring,8,8388608,0.0,0.0,0.0,1.0,11,1,27,10505250,0,14,8,420000
ring,8,8388608,0.0,0.0,0.0,1.0,11,1,28,11596000,0,14,8,516334
ring,8,8388608,0.0,0.0,0.0,1.0,11,1,29,11584417,0,14,8,1036958
ring,8,8388608,0.0,0.0,0.0,1.0,11,1,30,10566583,0,14,8,914708
ring,8,8388608,0.0,0.0,0.0,1.0,11,1,31,11677583,0,14,8,627042
ring,8,8388608,0.0,0.0,0.0,1.0,11,1,32,10520167,0,14,8,533125
ring,8,8388608,0.0,0.0,0.0,1.0,11,1,33,11168500,0,14,8,899375
ring,8,8388608,0.0,0.0,0.0,1.0,11,1,34,10710542,0,14,8,876500
ring,8,8388608,0.0,0.0,0.0,1.0,11,1,35,10432125,0,14,8,758500
ring,8,8388608,0.0,0.0,0.0,1.0,11,1,36,11266708,0,14,8,566999
ring,8,8388608,0.0,0.0,0.0,1.0,11,1,37,12290417,0,14,8,953834
ring,8,8388608,0.0,0.0,0.0,1.0,11,1,38,11475000,0,14,8,701333
ring,8,8388608,0.0,0.0,0.0,1.0,11,1,39,10565375,0,14,8,414833
ring,8,1048576,0.0,0.0,0.0,1.0,11,1,0,2369333,0,14,8,280542
ring,8,1048576,0.0,0.0,0.0,1.0,11,1,1,2981916,0,14,8,241374
ring,8,1048576,0.0,0.0,0.0,1.0,11,1,2,2404541,0,14,8,219875
ring,8,1048576,0.0,0.0,0.0,1.0,11,1,3,2346250,0,14,8,70458
ring,8,1048576,0.0,0.0,0.0,1.0,11,1,4,2391000,0,14,8,167750
ring,8,1048576,0.0,0.0,0.0,1.0,11,1,5,2750458,0,14,8,330791
ring,8,1048576,0.0,0.0,0.0,1.0,11,1,6,2666792,0,14,8,228625
ring,8,1048576,0.0,0.0,0.0,1.0,11,1,7,2424917,0,14,8,202917
ring,8,1048576,0.0,0.0,0.0,1.0,11,1,8,2422542,0,14,8,171000
ring,8,1048576,0.0,0.0,0.0,1.0,11,1,9,2406500,0,14,8,179750
ring,8,1048576,0.0,0.0,0.0,1.0,11,1,10,2545750,0,14,8,170583
ring,8,1048576,0.0,0.0,0.0,1.0,11,1,11,2728416,0,14,8,127000
ring,8,1048576,0.0,0.0,0.0,1.0,11,1,12,2946542,0,14,8,216042
ring,8,1048576,0.0,0.0,0.0,1.0,11,1,13,2351708,0,14,8,187000
ring,8,1048576,0.0,0.0,0.0,1.0,11,1,14,2787000,0,14,8,192375
ring,8,1048576,0.0,0.0,0.0,1.0,11,1,15,2379792,0,14,8,124208
ring,8,1048576,0.0,0.0,0.0,1.0,11,1,16,2692584,0,14,8,238793
ring,8,1048576,0.0,0.0,0.0,1.0,11,1,17,2367250,0,14,8,152625
ring,8,1048576,0.0,0.0,0.0,1.0,11,1,18,2473167,0,14,8,133333
ring,8,1048576,0.0,0.0,0.0,1.0,11,1,19,2295917,0,14,8,164458
ring,8,1048576,0.0,0.0,0.0,1.0,11,1,20,2511459,0,14,8,285126
ring,8,1048576,0.0,0.0,0.0,1.0,11,1,21,2371709,0,14,8,167625
ring,8,1048576,0.0,0.0,0.0,1.0,11,1,22,2331584,0,14,8,98584
ring,8,1048576,0.0,0.0,0.0,1.0,11,1,23,2350417,0,14,8,194458
ring,8,1048576,0.0,0.0,0.0,1.0,11,1,24,2470042,0,14,8,129125
ring,8,1048576,0.0,0.0,0.0,1.0,11,1,25,2457542,0,14,8,183292
ring,8,1048576,0.0,0.0,0.0,1.0,11,1,26,2521791,0,14,8,255624
ring,8,1048576,0.0,0.0,0.0,1.0,11,1,27,2782916,0,14,8,148083
ring,8,1048576,0.0,0.0,0.0,1.0,11,1,28,2249708,0,14,8,170083
ring,8,1048576,0.0,0.0,0.0,1.0,11,1,29,2424708,0,14,8,135499
ring,8,1048576,0.0,0.0,0.0,1.0,11,1,30,2359625,0,14,8,176083
ring,8,1048576,0.0,0.0,0.0,1.0,11,1,31,2429792,0,14,8,185334
ring,8,1048576,0.0,0.0,0.0,1.0,11,1,32,2288041,0,14,8,213916
ring,8,1048576,0.0,0.0,0.0,1.0,11,1,33,2384916,0,14,8,130541
ring,8,1048576,0.0,0.0,0.0,1.0,11,1,34,2299541,0,14,8,180333
ring,8,1048576,0.0,0.0,0.0,1.0,11,1,35,2493375,0,14,8,159958
ring,8,1048576,0.0,0.0,0.0,1.0,11,1,36,2233583,0,14,8,148166
ring,8,1048576,0.0,0.0,0.0,1.0,11,1,37,2269667,0,14,8,145000
ring,8,1048576,0.0,0.0,0.0,1.0,11,1,38,2340750,0,14,8,165958
ring,8,1048576,0.0,0.0,0.0,1.0,11,1,39,2573791,0,14,8,268083
ps,8,8388608,0.0,0.0,0.0,1.0,11,1,0,14264583,0,1,8,6470417
ps,8,8388608,0.0,0.0,0.0,1.0,11,1,1,12952583,0,1,8,5092375
ps,8,8388608,0.0,0.0,0.0,1.0,11,1,2,14898666,0,7,8,5644416
ps,8,8388608,0.0,0.0,0.0,1.0,11,1,3,15121500,0,1,8,5384167
ps,8,8388608,0.0,0.0,0.0,1.0,11,1,4,11784625,0,7,8,4586875
ps,8,8388608,0.0,0.0,0.0,1.0,11,1,5,14748667,0,1,8,5975667
ps,8,8388608,0.0,0.0,0.0,1.0,11,1,6,14285833,0,7,8,5428833
ps,8,8388608,0.0,0.0,0.0,1.0,11,1,7,14787750,0,1,8,5952125
ps,8,8388608,0.0,0.0,0.0,1.0,11,1,8,14644792,0,1,8,6168375
ps,8,8388608,0.0,0.0,0.0,1.0,11,1,9,11424541,0,7,8,4892332
ps,8,8388608,0.0,0.0,0.0,1.0,11,1,10,12873792,0,7,8,5696292
ps,8,8388608,0.0,0.0,0.0,1.0,11,1,11,12538875,0,7,8,5409458
ps,8,8388608,0.0,0.0,0.0,1.0,11,1,12,12249917,0,7,8,4738417
ps,8,8388608,0.0,0.0,0.0,1.0,11,1,13,13266167,0,1,8,5937958
ps,8,8388608,0.0,0.0,0.0,1.0,11,1,14,12699042,0,1,8,4265334
ps,8,8388608,0.0,0.0,0.0,1.0,11,1,15,12636792,0,7,8,5392667
ps,8,8388608,0.0,0.0,0.0,1.0,11,1,16,12214333,0,1,8,4839999
ps,8,8388608,0.0,0.0,0.0,1.0,11,1,17,11284541,0,7,8,4973916
ps,8,8388608,0.0,0.0,0.0,1.0,11,1,18,12866833,0,7,8,4973833
ps,8,8388608,0.0,0.0,0.0,1.0,11,1,19,11964584,0,1,8,5012209
ps,8,8388608,0.0,0.0,0.0,1.0,11,1,20,12418666,0,7,8,5267166
ps,8,8388608,0.0,0.0,0.0,1.0,11,1,21,11698750,0,1,8,4717000
ps,8,8388608,0.0,0.0,0.0,1.0,11,1,22,11847917,0,1,8,4689751
ps,8,8388608,0.0,0.0,0.0,1.0,11,1,23,11622625,0,1,8,4579792
ps,8,8388608,0.0,0.0,0.0,1.0,11,1,24,12249000,0,7,8,4677250
ps,8,8388608,0.0,0.0,0.0,1.0,11,1,25,11879041,0,1,8,4901666
ps,8,8388608,0.0,0.0,0.0,1.0,11,1,26,12662291,0,1,8,4990958
ps,8,8388608,0.0,0.0,0.0,1.0,11,1,27,13287583,0,7,8,5402541
ps,8,8388608,0.0,0.0,0.0,1.0,11,1,28,12257833,0,7,8,5225875
ps,8,8388608,0.0,0.0,0.0,1.0,11,1,29,11517250,0,1,8,4418583
ps,8,8388608,0.0,0.0,0.0,1.0,11,1,30,11872291,0,1,8,4919291
ps,8,8388608,0.0,0.0,0.0,1.0,11,1,31,12135375,0,1,8,4968542
ps,8,8388608,0.0,0.0,0.0,1.0,11,1,32,12075292,0,1,8,5119584
ps,8,8388608,0.0,0.0,0.0,1.0,11,1,33,12105625,0,1,8,5429208
ps,8,8388608,0.0,0.0,0.0,1.0,11,1,34,11880667,0,7,8,4872500
ps,8,8388608,0.0,0.0,0.0,1.0,11,1,35,11571167,0,1,8,4781250
ps,8,8388608,0.0,0.0,0.0,1.0,11,1,36,11394375,0,1,8,4443458
ps,8,8388608,0.0,0.0,0.0,1.0,11,1,37,12607083,0,7,8,5191291
ps,8,8388608,0.0,0.0,0.0,1.0,11,1,38,11969833,0,7,8,5213833
ps,8,8388608,0.0,0.0,0.0,1.0,11,1,39,13665584,0,1,8,6000709
recursive,8,8388608,0.0,0.0,0.0,1.0,11,1,0,13169917,0,6,8,1812834
recursive,8,8388608,0.0,0.0,0.0,1.0,11,1,1,13517667,0,6,8,833958
recursive,8,8388608,0.0,0.0,0.0,1.0,11,1,2,11560417,0,6,8,1727834
recursive,8,8388608,0.0,0.0,0.0,1.0,11,1,3,12994958,0,6,8,2142958
recursive,8,8388608,0.0,0.0,0.0,1.0,11,1,4,12578250,0,6,8,1906042
recursive,8,8388608,0.0,0.0,0.0,1.0,11,1,5,11726375,0,6,8,1699334
recursive,8,8388608,0.0,0.0,0.0,1.0,11,1,6,12704166,0,6,8,1278458
recursive,8,8388608,0.0,0.0,0.0,1.0,11,1,7,11575584,0,6,8,1945584
recursive,8,8388608,0.0,0.0,0.0,1.0,11,1,8,11217334,0,6,8,1696959
recursive,8,8388608,0.0,0.0,0.0,1.0,11,1,9,12645500,0,6,8,1683083
recursive,8,8388608,0.0,0.0,0.0,1.0,11,1,10,12174958,0,6,8,2018833
recursive,8,8388608,0.0,0.0,0.0,1.0,11,1,11,11986084,0,6,8,1810043
recursive,8,8388608,0.0,0.0,0.0,1.0,11,1,12,12319083,0,6,8,1179291
recursive,8,8388608,0.0,0.0,0.0,1.0,11,1,13,12559750,0,6,8,1971500
recursive,8,8388608,0.0,0.0,0.0,1.0,11,1,14,12813541,0,6,8,992874
recursive,8,8388608,0.0,0.0,0.0,1.0,11,1,15,12382583,0,6,8,1645291
recursive,8,8388608,0.0,0.0,0.0,1.0,11,1,16,11416500,0,6,8,1269625
recursive,8,8388608,0.0,0.0,0.0,1.0,11,1,17,11862583,0,6,8,1726958
recursive,8,8388608,0.0,0.0,0.0,1.0,11,1,18,12202959,0,6,8,1687584
recursive,8,8388608,0.0,0.0,0.0,1.0,11,1,19,12186708,0,6,8,1429833
recursive,8,8388608,0.0,0.0,0.0,1.0,11,1,20,12722291,0,6,8,1683625
recursive,8,8388608,0.0,0.0,0.0,1.0,11,1,21,12874500,0,6,8,2286333
recursive,8,8388608,0.0,0.0,0.0,1.0,11,1,22,12154541,0,6,8,1736124
recursive,8,8388608,0.0,0.0,0.0,1.0,11,1,23,12801041,0,6,8,1086000
recursive,8,8388608,0.0,0.0,0.0,1.0,11,1,24,12487917,0,6,8,1873792
recursive,8,8388608,0.0,0.0,0.0,1.0,11,1,25,14735958,0,6,8,1465583
recursive,8,8388608,0.0,0.0,0.0,1.0,11,1,26,14056167,0,6,8,671042
recursive,8,8388608,0.0,0.0,0.0,1.0,11,1,27,14283625,0,6,8,1636167
recursive,8,8388608,0.0,0.0,0.0,1.0,11,1,28,12958166,0,6,8,984166
recursive,8,8388608,0.0,0.0,0.0,1.0,11,1,29,14408375,0,6,8,691166
recursive,8,8388608,0.0,0.0,0.0,1.0,11,1,30,18225500,0,6,8,2257375
recursive,8,8388608,0.0,0.0,0.0,1.0,11,1,31,12596291,0,6,8,1152541
recursive,8,8388608,0.0,0.0,0.0,1.0,11,1,32,14496209,0,6,8,2168667
recursive,8,8388608,0.0,0.0,0.0,1.0,11,1,33,15287375,0,6,8,1676375
recursive,8,8388608,0.0,0.0,0.0,1.0,11,1,34,13275958,0,6,8,2015833
recursive,8,8388608,0.0,0.0,0.0,1.0,11,1,35,12646208,0,6,8,1317000
recursive,8,8388608,0.0,0.0,0.0,1.0,11,1,36,13339500,0,6,8,1878041
recursive,8,8388608,0.0,0.0,0.0,1.0,11,1,37,13489084,0,6,8,1559751
recursive,8,8388608,0.0,0.0,0.0,1.0,11,1,38,11942416,0,6,8,1796041
recursive,8,8388608,0.0,0.0,0.0,1.0,11,1,39,12230250,0,6,8,1485375
recursive,8,1048576,0.0,0.0,0.0,1.0,11,1,0,2444209,0,6,8,354125
recursive,8,1048576,0.0,0.0,0.0,1.0,11,1,1,2388875,0,6,8,365417
recursive,8,1048576,0.0,0.0,0.0,1.0,11,1,2,2377917,0,6,8,339375
recursive,8,1048576,0.0,0.0,0.0,1.0,11,1,3,2533583,0,6,8,278916
recursive,8,1048576,0.0,0.0,0.0,1.0,11,1,4,2736375,0,6,8,396667
recursive,8,1048576,0.0,0.0,0.0,1.0,11,1,5,2525292,0,6,8,124501
recursive,8,1048576,0.0,0.0,0.0,1.0,11,1,6,2459000,0,6,8,415958
recursive,8,1048576,0.0,0.0,0.0,1.0,11,1,7,2492500,0,6,8,231875
recursive,8,1048576,0.0,0.0,0.0,1.0,11,1,8,2288208,0,6,8,258749
recursive,8,1048576,0.0,0.0,0.0,1.0,11,1,9,2284875,0,6,8,475917
recursive,8,1048576,0.0,0.0,0.0,1.0,11,1,10,2452708,0,6,8,262374
recursive,8,1048576,0.0,0.0,0.0,1.0,11,1,11,2208834,0,6,8,453084
recursive,8,1048576,0.0,0.0,0.0,1.0,11,1,12,2342917,0,6,8,477208
recursive,8,1048576,0.0,0.0,0.0,1.0,11,1,13,2443542,0,6,8,281792
recursive,8,1048576,0.0,0.0,0.0,1.0,11,1,14,2533917,0,6,8,366584
recursive,8,1048576,0.0,0.0,0.0,1.0,11,1,15,2113084,0,6,8,344876
recursive,8,1048576,0.0,0.0,0.0,1.0,11,1,16,2284500,0,6,8,418750
recursive,8,1048576,0.0,0.0,0.0,1.0,11,1,17,2323291,0,6,8,318333
recursive,8,1048576,0.0,0.0,0.0,1.0,11,1,18,2158208,0,6,8,308542
recursive,8,1048576,0.0,0.0,0.0,1.0,11,1,19,2165916,0,6,8,419916
recursive,8,1048576,0.0,0.0,0.0,1.0,11,1,20,2232042,0,6,8,347958
recursive,8,1048576,0.0,0.0,0.0,1.0,11,1,21,2158834,0,6,8,305959
recursive,8,1048576,0.0,0.0,0.0,1.0,11,1,22,2336416,0,6,8,471791
recursive,8,1048576,0.0,0.0,0.0,1.0,11,1,23,2359791,0,6,8,414374
recursive,8,1048576,0.0,0.0,0.0,1.0,11,1,24,2763292,0,6,8,405333
recursive,8,1048576,0.0,0.0,0.0,1.0,11,1,25,2420625,0,6,8,267750
recursive,8,1048576,0.0,0.0,0.0,1.0,11,1,26,2176625,0,6,8,415250
recursive,8,1048576,0.0,0.0,0.0,1.0,11,1,27,2314750,0,6,8,406375
recursive,8,1048576,0.0,0.0,0.0,1.0,11,1,28,2663542,0,6,8,380917
recursive,8,1048576,0.0,0.0,0.0,1.0,11,1,29,2201416,0,6,8,475999
recursive,8,1048576,0.0,0.0,0.0,1.0,11,1,30,2436500,0,6,8,277917
recursive,8,1048576,0.0,0.0,0.0,1.0,11,1,31,2626667,0,6,8,422084
recursive,8,1048576,0.0,0.0,0.0,1.0,11,1,32,2352333,0,6,8,485208
recursive,8,1048576,0.0,0.0,0.0,1.0,11,1,33,2460791,0,6,8,398500
recursive,8,1048576,0.0,0.0,0.0,1.0,11,1,34,2488709,0,6,8,430625
recursive,8,1048576,0.0,0.0,0.0,1.0,11,1,35,2409666,0,6,8,431208
recursive,8,1048576,0.0,0.0,0.0,1.0,11,1,36,2651167,0,6,8,233833
recursive,8,1048576,0.0,0.0,0.0,1.0,11,1,37,2658334,0,6,8,361959
recursive,8,1048576,0.0,0.0,0.0,1.0,11,1,38,2465709,0,6,8,330834
recursive,8,1048576,0.0,0.0,0.0,1.0,11,1,39,2648500,0,6,8,339958
ps,8,1048576,0.0,0.0,0.0,1.0,11,1,0,2355500,0,1,8,637375
ps,8,1048576,0.0,0.0,0.0,1.0,11,1,1,2317709,0,7,8,936334
ps,8,1048576,0.0,0.0,0.0,1.0,11,1,2,2093083,0,1,8,506749
ps,8,1048576,0.0,0.0,0.0,1.0,11,1,3,2361583,0,7,8,696999
ps,8,1048576,0.0,0.0,0.0,1.0,11,1,4,1914000,0,7,8,506875
ps,8,1048576,0.0,0.0,0.0,1.0,11,1,5,2360208,0,1,8,632291
ps,8,1048576,0.0,0.0,0.0,1.0,11,1,6,2417417,0,1,8,862833
ps,8,1048576,0.0,0.0,0.0,1.0,11,1,7,2073583,0,1,8,545625
ps,8,1048576,0.0,0.0,0.0,1.0,11,1,8,2467542,0,1,8,609584
ps,8,1048576,0.0,0.0,0.0,1.0,11,1,9,2499042,0,7,8,973501
ps,8,1048576,0.0,0.0,0.0,1.0,11,1,10,2279458,0,1,8,600791
ps,8,1048576,0.0,0.0,0.0,1.0,11,1,11,2443667,0,7,8,689542
ps,8,1048576,0.0,0.0,0.0,1.0,11,1,12,2024292,0,1,8,561334
ps,8,1048576,0.0,0.0,0.0,1.0,11,1,13,2278042,0,1,8,681084
ps,8,1048576,0.0,0.0,0.0,1.0,11,1,14,2341375,0,1,8,725625
ps,8,1048576,0.0,0.0,0.0,1.0,11,1,15,1980833,0,7,8,572083
ps,8,1048576,0.0,0.0,0.0,1.0,11,1,16,2167000,0,7,8,603500
ps,8,1048576,0.0,0.0,0.0,1.0,11,1,17,1931209,0,1,8,548334
ps,8,1048576,0.0,0.0,0.0,1.0,11,1,18,2067917,0,1,8,509083
ps,8,1048576,0.0,0.0,0.0,1.0,11,1,19,2259833,0,1,8,674792
ps,8,1048576,0.0,0.0,0.0,1.0,11,1,20,1964334,0,7,8,486209
ps,8,1048576,0.0,0.0,0.0,1.0,11,1,21,2287708,0,1,8,624666
ps,8,1048576,0.0,0.0,0.0,1.0,11,1,22,2054125,0,7,8,620708
ps,8,1048576,0.0,0.0,0.0,1.0,11,1,23,2255167,0,1,8,691709
ps,8,1048576,0.0,0.0,0.0,1.0,11,1,24,2273584,0,7,8,603125
ps,8,1048576,0.0,0.0,0.0,1.0,11,1,25,2150500,0,1,8,533375
ps,8,1048576,0.0,0.0,0.0,1.0,11,1,26,2196916,0,1,8,750957
ps,8,1048576,0.0,0.0,0.0,1.0,11,1,27,1787084,0,7,8,493459
ps,8,1048576,0.0,0.0,0.0,1.0,11,1,28,2107500,0,1,8,623792
ps,8,1048576,0.0,0.0,0.0,1.0,11,1,29,2111166,0,1,8,689541
ps,8,1048576,0.0,0.0,0.0,1.0,11,1,30,2088208,0,7,8,541375
ps,8,1048576,0.0,0.0,0.0,1.0,11,1,31,2420083,0,1,8,764583
ps,8,1048576,0.0,0.0,0.0,1.0,11,1,32,2090084,0,7,8,647334
ps,8,1048576,0.0,0.0,0.0,1.0,11,1,33,2015958,0,7,8,531624
ps,8,1048576,0.0,0.0,0.0,1.0,11,1,34,2154875,0,1,8,657875
ps,8,1048576,0.0,0.0,0.0,1.0,11,1,35,2049209,0,1,8,620001
ps,8,1048576,0.0,0.0,0.0,1.0,11,1,36,2239375,0,1,8,651292
ps,8,1048576,0.0,0.0,0.0,1.0,11,1,37,2028500,0,7,8,668625
ps,8,1048576,0.0,0.0,0.0,1.0,11,1,38,2465292,0,1,8,552584
ps,8,1048576,0.0,0.0,0.0,1.0,11,1,39,2071625,0,1,8,609709
ps,8,4096,0.0,0.0,0.0,1.0,11,1,0,691916,0,1,8,190791
ps,8,4096,0.0,0.0,0.0,1.0,11,1,1,465208,0,7,8,68583
ps,8,4096,0.0,0.0,0.0,1.0,11,1,2,489583,0,1,8,140875
ps,8,4096,0.0,0.0,0.0,1.0,11,1,3,491584,0,1,8,76334
ps,8,4096,0.0,0.0,0.0,1.0,11,1,4,495333,0,1,8,47875
ps,8,4096,0.0,0.0,0.0,1.0,11,1,5,518291,0,7,8,116625
ps,8,4096,0.0,0.0,0.0,1.0,11,1,6,485583,0,7,8,139958
ps,8,4096,0.0,0.0,0.0,1.0,11,1,7,529417,0,1,8,99250
ps,8,4096,0.0,0.0,0.0,1.0,11,1,8,454833,0,1,8,76500
ps,8,4096,0.0,0.0,0.0,1.0,11,1,9,437042,0,7,8,60459
ps,8,4096,0.0,0.0,0.0,1.0,11,1,10,526083,0,7,8,95124
ps,8,4096,0.0,0.0,0.0,1.0,11,1,11,628084,0,1,8,90417
ps,8,4096,0.0,0.0,0.0,1.0,11,1,12,516292,0,1,8,108542
ps,8,4096,0.0,0.0,0.0,1.0,11,1,13,443917,0,1,8,83250
ps,8,4096,0.0,0.0,0.0,1.0,11,1,14,427458,0,1,8,57291
ps,8,4096,0.0,0.0,0.0,1.0,11,1,15,484791,0,1,8,130333
ps,8,4096,0.0,0.0,0.0,1.0,11,1,16,632459,0,1,8,209751
ps,8,4096,0.0,0.0,0.0,1.0,11,1,17,518958,0,1,8,96749
ps,8,4096,0.0,0.0,0.0,1.0,11,1,18,476291,0,7,8,121333
ps,8,4096,0.0,0.0,0.0,1.0,11,1,19,424167,0,1,8,83500
ps,8,4096,0.0,0.0,0.0,1.0,11,1,20,400125,0,1,8,66333
ps,8,4096,0.0,0.0,0.0,1.0,11,1,21,515959,0,7,8,145084
ps,8,4096,0.0,0.0,0.0,1.0,11,1,22,701458,0,1,8,127083
ps,8,4096,0.0,0.0,0.0,1.0,11,1,23,507708,0,1,8,120958
ps,8,4096,0.0,0.0,0.0,1.0,11,1,24,540250,0,1,8,89375
ps,8,4096,0.0,0.0,0.0,1.0,11,1,25,442875,0,1,8,66834
ps,8,4096,0.0,0.0,0.0,1.0,11,1,26,544625,0,1,8,132834
ps,8,4096,0.0,0.0,0.0,1.0,11,1,27,492500,0,1,8,61542
ps,8,4096,0.0,0.0,0.0,1.0,11,1,28,559250,0,7,8,96209
ps,8,4096,0.0,0.0,0.0,1.0,11,1,29,446500,0,1,8,79834
ps,8,4096,0.0,0.0,0.0,1.0,11,1,30,489000,0,1,8,87375
ps,8,4096,0.0,0.0,0.0,1.0,11,1,31,472000,0,1,8,56500
ps,8,4096,0.0,0.0,0.0,1.0,11,1,32,546708,0,1,8,106125
ps,8,4096,0.0,0.0,0.0,1.0,11,1,33,506792,0,1,8,71292
ps,8,4096,0.0,0.0,0.0,1.0,11,1,34,433250,0,7,8,90292
ps,8,4096,0.0,0.0,0.0,1.0,11,1,35,457542,0,7,8,67751
ps,8,4096,0.0,0.0,0.0,1.0,11,1,36,475458,0,1,8,128083
ps,8,4096,0.0,0.0,0.0,1.0,11,1,37,617916,0,1,8,167291
ps,8,4096,0.0,0.0,0.0,1.0,11,1,38,563334,0,1,8,105001
ps,8,4096,0.0,0.0,0.0,1.0,11,1,39,522917,0,7,8,151375
recursive,8,65536,0.0,0.0,0.0,1.0,11,1,0,806250,0,6,8,105209
recursive,8,65536,0.0,0.0,0.0,1.0,11,1,1,898500,0,6,8,196375
recursive,8,65536,0.0,0.0,0.0,1.0,11,1,2,864250,0,6,8,124417
recursive,8,65536,0.0,0.0,0.0,1.0,11,1,3,781250,0,6,8,62291
recursive,8,65536,0.0,0.0,0.0,1.0,11,1,4,773958,0,6,8,105916
recursive,8,65536,0.0,0.0,0.0,1.0,11,1,5,733583,0,6,8,106958
recursive,8,65536,0.0,0.0,0.0,1.0,11,1,6,914292,0,6,8,124626
recursive,8,65536,0.0,0.0,0.0,1.0,11,1,7,682542,0,6,8,102251
recursive,8,65536,0.0,0.0,0.0,1.0,11,1,8,718166,0,6,8,63124
recursive,8,65536,0.0,0.0,0.0,1.0,11,1,9,839208,0,6,8,109542
recursive,8,65536,0.0,0.0,0.0,1.0,11,1,10,842792,0,6,8,154583
recursive,8,65536,0.0,0.0,0.0,1.0,11,1,11,804750,0,6,8,142000
recursive,8,65536,0.0,0.0,0.0,1.0,11,1,12,674167,0,6,8,82417
recursive,8,65536,0.0,0.0,0.0,1.0,11,1,13,645500,0,6,8,56459
recursive,8,65536,0.0,0.0,0.0,1.0,11,1,14,956917,0,6,8,93667
recursive,8,65536,0.0,0.0,0.0,1.0,11,1,15,826292,0,6,8,141750
recursive,8,65536,0.0,0.0,0.0,1.0,11,1,16,709375,0,6,8,91458
recursive,8,65536,0.0,0.0,0.0,1.0,11,1,17,959584,0,6,8,140709
recursive,8,65536,0.0,0.0,0.0,1.0,11,1,18,1026500,0,6,8,117625
recursive,8,65536,0.0,0.0,0.0,1.0,11,1,19,706958,0,6,8,150208
recursive,8,65536,0.0,0.0,0.0,1.0,11,1,20,713625,0,6,8,97292
recursive,8,65536,0.0,0.0,0.0,1.0,11,1,21,831750,0,6,8,160166
recursive,8,65536,0.0,0.0,0.0,1.0,11,1,22,779459,0,6,8,127793
recursive,8,65536,0.0,0.0,0.0,1.0,11,1,23,765667,0,6,8,99209
recursive,8,65536,0.0,0.0,0.0,1.0,11,1,24,732541,0,6,8,144082
recursive,8,65536,0.0,0.0,0.0,1.0,11,1,25,713084,0,6,8,45792
recursive,8,65536,0.0,0.0,0.0,1.0,11,1,26,701750,0,6,8,106792
recursive,8,65536,0.0,0.0,0.0,1.0,11,1,27,942208,0,6,8,231666
recursive,8,65536,0.0,0.0,0.0,1.0,11,1,28,695458,0,6,8,75749
recursive,8,65536,0.0,0.0,0.0,1.0,11,1,29,795250,0,6,8,97500
recursive,8,65536,0.0,0.0,0.0,1.0,11,1,30,828458,0,6,8,84458
recursive,8,65536,0.0,0.0,0.0,1.0,11,1,31,671625,0,6,8,68334
recursive,8,65536,0.0,0.0,0.0,1.0,11,1,32,738500,0,6,8,102416
recursive,8,65536,0.0,0.0,0.0,1.0,11,1,33,909209,0,6,8,133042
recursive,8,65536,0.0,0.0,0.0,1.0,11,1,34,985250,0,6,8,111917
recursive,8,65536,0.0,0.0,0.0,1.0,11,1,35,784750,0,6,8,174958
recursive,8,65536,0.0,0.0,0.0,1.0,11,1,36,664625,0,6,8,54541
recursive,8,65536,0.0,0.0,0.0,1.0,11,1,37,816625,0,6,8,116250
recursive,8,65536,0.0,0.0,0.0,1.0,11,1,38,788458,0,6,8,94250
recursive,8,65536,0.0,0.0,0.0,1.0,11,1,39,719334,0,6,8,108584
recursive,8,4096,0.0,0.0,0.0,1.0,11,1,0,732667,0,6,8,222708
recursive,8,4096,0.0,0.0,0.0,1.0,11,1,1,835792,0,6,8,95000
recursive,8,4096,0.0,0.0,0.0,1.0,11,1,2,841083,0,6,8,137083
recursive,8,4096,0.0,0.0,0.0,1.0,11,1,3,734417,0,6,8,113834
recursive,8,4096,0.0,0.0,0.0,1.0,11,1,4,729125,0,6,8,92375
recursive,8,4096,0.0,0.0,0.0,1.0,11,1,5,956667,0,6,8,183250
recursive,8,4096,0.0,0.0,0.0,1.0,11,1,6,931583,0,6,8,211625
recursive,8,4096,0.0,0.0,0.0,1.0,11,1,7,823875,0,6,8,135500
recursive,8,4096,0.0,0.0,0.0,1.0,11,1,8,684125,0,6,8,67792
recursive,8,4096,0.0,0.0,0.0,1.0,11,1,9,918500,0,6,8,80750
recursive,8,4096,0.0,0.0,0.0,1.0,11,1,10,703083,0,6,8,66791
recursive,8,4096,0.0,0.0,0.0,1.0,11,1,11,747542,0,6,8,173709
recursive,8,4096,0.0,0.0,0.0,1.0,11,1,12,934750,0,6,8,99500
recursive,8,4096,0.0,0.0,0.0,1.0,11,1,13,786917,0,6,8,99083
recursive,8,4096,0.0,0.0,0.0,1.0,11,1,14,657541,0,6,8,61999
recursive,8,4096,0.0,0.0,0.0,1.0,11,1,15,738458,0,6,8,146583
recursive,8,4096,0.0,0.0,0.0,1.0,11,1,16,695958,0,6,8,94874
recursive,8,4096,0.0,0.0,0.0,1.0,11,1,17,864666,0,6,8,80374
recursive,8,4096,0.0,0.0,0.0,1.0,11,1,18,714000,0,6,8,73625
recursive,8,4096,0.0,0.0,0.0,1.0,11,1,19,709667,0,6,8,111083
recursive,8,4096,0.0,0.0,0.0,1.0,11,1,20,762667,0,6,8,88167
recursive,8,4096,0.0,0.0,0.0,1.0,11,1,21,631708,0,6,8,64499
recursive,8,4096,0.0,0.0,0.0,1.0,11,1,22,782791,0,6,8,93374
recursive,8,4096,0.0,0.0,0.0,1.0,11,1,23,690292,0,6,8,100292
recursive,8,4096,0.0,0.0,0.0,1.0,11,1,24,672875,0,6,8,103375
recursive,8,4096,0.0,0.0,0.0,1.0,11,1,25,752208,0,6,8,64833
recursive,8,4096,0.0,0.0,0.0,1.0,11,1,26,743917,0,6,8,54458
recursive,8,4096,0.0,0.0,0.0,1.0,11,1,27,737375,0,6,8,85667
recursive,8,4096,0.0,0.0,0.0,1.0,11,1,28,675500,0,6,8,60416
recursive,8,4096,0.0,0.0,0.0,1.0,11,1,29,757208,0,6,8,46624
recursive,8,4096,0.0,0.0,0.0,1.0,11,1,30,829459,0,6,8,129459
recursive,8,4096,0.0,0.0,0.0,1.0,11,1,31,695791,0,6,8,84500
recursive,8,4096,0.0,0.0,0.0,1.0,11,1,32,675209,0,6,8,81834
recursive,8,4096,0.0,0.0,0.0,1.0,11,1,33,733000,0,6,8,142708
recursive,8,4096,0.0,0.0,0.0,1.0,11,1,34,834209,0,6,8,141543
recursive,8,4096,0.0,0.0,0.0,1.0,11,1,35,812125,0,6,8,191083
recursive,8,4096,0.0,0.0,0.0,1.0,11,1,36,658667,0,6,8,115917
recursive,8,4096,0.0,0.0,0.0,1.0,11,1,37,843917,0,6,8,130958
recursive,8,4096,0.0,0.0,0.0,1.0,11,1,38,803542,0,6,8,106626
recursive,8,4096,0.0,0.0,0.0,1.0,11,1,39,724125,0,6,8,76667
ps,8,65536,0.0,0.0,0.0,1.0,11,2,0,805666,0,1,8,133791
ps,8,65536,0.0,0.0,0.0,1.0,11,2,1,820500,0,1,8,83625
ps,8,65536,0.0,0.0,0.0,1.0,11,2,2,719792,0,1,8,60376
ps,8,65536,0.0,0.0,0.0,1.0,11,2,3,772583,0,1,8,49166
ps,8,65536,0.0,0.0,0.0,1.0,11,2,4,845750,0,1,8,103084
ps,8,65536,0.0,0.0,0.0,1.0,11,2,5,830875,0,1,8,120000
ps,8,65536,0.0,0.0,0.0,1.0,11,2,6,716166,0,1,8,75958
ps,8,65536,0.0,0.0,0.0,1.0,11,2,7,725625,0,1,8,114667
ps,8,65536,0.0,0.0,0.0,1.0,11,2,8,720917,0,1,8,126417
ps,8,65536,0.0,0.0,0.0,1.0,11,2,9,757334,0,1,8,133334
ps,8,65536,0.0,0.0,0.0,1.0,11,2,10,695333,0,1,8,77583
ps,8,65536,0.0,0.0,0.0,1.0,11,2,11,736916,0,1,8,98083
ps,8,65536,0.0,0.0,0.0,1.0,11,2,12,827125,0,1,8,192333
ps,8,65536,0.0,0.0,0.0,1.0,11,2,13,723750,0,1,8,98250
ps,8,65536,0.0,0.0,0.0,1.0,11,2,14,696375,0,1,8,76083
ps,8,65536,0.0,0.0,0.0,1.0,11,2,15,700917,0,1,8,93251
ps,8,65536,0.0,0.0,0.0,1.0,11,2,16,784542,0,1,8,113501
ps,8,65536,0.0,0.0,0.0,1.0,11,2,17,743541,0,1,8,127166
ps,8,65536,0.0,0.0,0.0,1.0,11,2,18,679000,0,1,8,66500
ps,8,65536,0.0,0.0,0.0,1.0,11,2,19,749709,0,1,8,73709
ps,8,65536,0.0,0.0,0.0,1.0,11,2,20,728167,0,1,8,84459
ps,8,65536,0.0,0.0,0.0,1.0,11,2,21,721292,0,1,8,92333
ps,8,65536,0.0,0.0,0.0,1.0,11,2,22,769167,0,1,8,69000
ps,8,65536,0.0,0.0,0.0,1.0,11,2,23,581916,0,7,8,64749
ps,8,65536,0.0,0.0,0.0,1.0,11,2,24,567750,0,1,8,79041
ps,8,65536,0.0,0.0,0.0,1.0,11,2,25,538417,0,1,8,89875
ps,8,65536,0.0,0.0,0.0,1.0,11,2,26,563584,0,1,8,124959
ps,8,65536,0.0,0.0,0.0,1.0,11,2,27,655958,0,1,8,93292
ps,8,65536,0.0,0.0,0.0,1.0,11,2,28,595208,0,1,8,115500
ps,8,65536,0.0,0.0,0.0,1.0,11,2,29,519708,0,1,8,83541
ps,8,65536,0.0,0.0,0.0,1.0,11,2,30,536084,0,1,8,97167
ps,8,65536,0.0,0.0,0.0,1.0,11,2,31,630000,0,1,8,92667
ps,8,65536,0.0,0.0,0.0,1.0,11,2,32,508042,0,1,8,91042
ps,8,65536,0.0,0.0,0.0,1.0,11,2,33,516666,0,1,8,72124
ps,8,65536,0.0,0.0,0.0,1.0,11,2,34,522875,0,1,8,144625
ps,8,65536,0.0,0.0,0.0,1.0,11,2,35,431583,0,1,8,60458
ps,8,65536,0.0,0.0,0.0,1.0,11,2,36,572167,0,1,8,143876
ps,8,65536,0.0,0.0,0.0,1.0,11,2,37,658166,0,1,8,132875
ps,8,65536,0.0,0.0,0.0,1.0,11,2,38,770000,0,1,8,117084
ps,8,65536,0.0,0.0,0.0,1.0,11,2,39,617667,0,7,8,118001
ring,8,4096,0.0,0.0,0.0,1.0,11,2,0,1514167,0,14,8,59625
ring,8,4096,0.0,0.0,0.0,1.0,11,2,1,1536209,0,14,8,162959
ring,8,4096,0.0,0.0,0.0,1.0,11,2,2,1604416,0,14,8,104624
ring,8,4096,0.0,0.0,0.0,1.0,11,2,3,1676375,0,14,8,67459
ring,8,4096,0.0,0.0,0.0,1.0,11,2,4,1467791,0,14,8,87666
ring,8,4096,0.0,0.0,0.0,1.0,11,2,5,1530667,0,14,8,83084
ring,8,4096,0.0,0.0,0.0,1.0,11,2,6,1479292,0,14,8,98750
ring,8,4096,0.0,0.0,0.0,1.0,11,2,7,1513542,0,14,8,171084
ring,8,4096,0.0,0.0,0.0,1.0,11,2,8,1533958,0,14,8,92250
ring,8,4096,0.0,0.0,0.0,1.0,11,2,9,1524708,0,14,8,81167
ring,8,4096,0.0,0.0,0.0,1.0,11,2,10,1798584,0,14,8,72167
ring,8,4096,0.0,0.0,0.0,1.0,11,2,11,1602959,0,14,8,123167
ring,8,4096,0.0,0.0,0.0,1.0,11,2,12,1484333,0,14,8,142791
ring,8,4096,0.0,0.0,0.0,1.0,11,2,13,1599459,0,14,8,184209
ring,8,4096,0.0,0.0,0.0,1.0,11,2,14,1485208,0,14,8,132250
ring,8,4096,0.0,0.0,0.0,1.0,11,2,15,1531458,0,14,8,205000
ring,8,4096,0.0,0.0,0.0,1.0,11,2,16,1470875,0,14,8,89084
ring,8,4096,0.0,0.0,0.0,1.0,11,2,17,1461666,0,14,8,139125
ring,8,4096,0.0,0.0,0.0,1.0,11,2,18,1604000,0,14,8,142750
ring,8,4096,0.0,0.0,0.0,1.0,11,2,19,1407167,0,14,8,65501
ring,8,4096,0.0,0.0,0.0,1.0,11,2,20,1564709,0,14,8,113584
ring,8,4096,0.0,0.0,0.0,1.0,11,2,21,1517458,0,14,8,208083
ring,8,4096,0.0,0.0,0.0,1.0,11,2,22,1454875,0,14,8,100917
ring,8,4096,0.0,0.0,0.0,1.0,11,2,23,1475042,0,14,8,114833
ring,8,4096,0.0,0.0,0.0,1.0,11,2,24,1472208,0,14,8,125875
ring,8,4096,0.0,0.0,0.0,1.0,11,2,25,1483208,0,14,8,72750
ring,8,4096,0.0,0.0,0.0,1.0,11,2,26,1455250,0,14,8,124292
ring,8,4096,0.0,0.0,0.0,1.0,11,2,27,1570875,0,14,8,87583
ring,8,4096,0.0,0.0,0.0,1.0,11,2,28,1441666,0,14,8,141583
ring,8,4096,0.0,0.0,0.0,1.0,11,2,29,1571542,0,14,8,175708
ring,8,4096,0.0,0.0,0.0,1.0,11,2,30,1606833,0,14,8,62125
ring,8,4096,0.0,0.0,0.0,1.0,11,2,31,1436750,0,14,8,84167
ring,8,4096,0.0,0.0,0.0,1.0,11,2,32,1562583,0,14,8,129167
ring,8,4096,0.0,0.0,0.0,1.0,11,2,33,1405625,0,14,8,116459
ring,8,4096,0.0,0.0,0.0,1.0,11,2,34,1466542,0,14,8,60750
ring,8,4096,0.0,0.0,0.0,1.0,11,2,35,1550916,0,14,8,126833
ring,8,4096,0.0,0.0,0.0,1.0,11,2,36,1482958,0,14,8,128666
ring,8,4096,0.0,0.0,0.0,1.0,11,2,37,1545541,0,14,8,166416
ring,8,4096,0.0,0.0,0.0,1.0,11,2,38,1514542,0,14,8,185875
ring,8,4096,0.0,0.0,0.0,1.0,11,2,39,1615792,0,14,8,171417
ring,8,65536,0.0,0.0,0.0,1.0,11,2,0,1676250,0,14,8,97125
ring,8,65536,0.0,0.0,0.0,1.0,11,2,1,1399916,0,14,8,66708
ring,8,65536,0.0,0.0,0.0,1.0,11,2,2,1669750,0,14,8,173958
ring,8,65536,0.0,0.0,0.0,1.0,11,2,3,1627917,0,14,8,68417
ring,8,65536,0.0,0.0,0.0,1.0,11,2,4,1510250,0,14,8,96958
ring,8,65536,0.0,0.0,0.0,1.0,11,2,5,1557791,0,14,8,196082
ring,8,65536,0.0,0.0,0.0,1.0,11,2,6,1447458,0,14,8,67708
ring,8,65536,0.0,0.0,0.0,1.0,11,2,7,1586167,0,14,8,105625
ring,8,65536,0.0,0.0,0.0,1.0,11,2,8,1474333,0,14,8,112416
ring,8,65536,0.0,0.0,0.0,1.0,11,2,9,1547167,0,14,8,181959
ring,8,65536,0.0,0.0,0.0,1.0,11,2,10,1563250,0,14,8,126583
ring,8,65536,0.0,0.0,0.0,1.0,11,2,11,1595917,0,14,8,148959
ring,8,65536,0.0,0.0,0.0,1.0,11,2,12,1514833,0,14,8,106875
ring,8,65536,0.0,0.0,0.0,1.0,11,2,13,1719125,0,14,8,158125
ring,8,65536,0.0,0.0,0.0,1.0,11,2,14,1501167,0,14,8,95625
ring,8,65536,0.0,0.0,0.0,1.0,11,2,15,1546875,0,14,8,125125
ring,8,65536,0.0,0.0,0.0,1.0,11,2,16,1653125,0,14,8,183000
ring,8,65536,0.0,0.0,0.0,1.0,11,2,17,1456792,0,14,8,91376
ring,8,65536,0.0,0.0,0.0,1.0,11,2,18,1602250,0,14,8,91208
ring,8,65536,0.0,0.0,0.0,1.0,11,2,19,1475708,0,14,8,150125
ring,8,65536,0.0,0.0,0.0,1.0,11,2,20,1533084,0,14,8,152917
ring,8,65536,0.0,0.0,0.0,1.0,11,2,21,1518834,0,14,8,74292
ring,8,65536,0.0,0.0,0.0,1.0,11,2,22,1522625,0,14,8,137166
ring,8,65536,0.0,0.0,0.0,1.0,11,2,23,1464334,0,14,8,116209
ring,8,65536,0.0,0.0,0.0,1.0,11,2,24,1515375,0,14,8,105209
ring,8,65536,0.0,0.0,0.0,1.0,11,2,25,1556542,0,14,8,114250
ring,8,65536,0.0,0.0,0.0,1.0,11,2,26,1462750,0,14,8,97042
ring,8,65536,0.0,0.0,0.0,1.0,11,2,27,1635333,0,14,8,171917
ring,8,65536,0.0,0.0,0.0,1.0,11,2,28,1598708,0,14,8,143375
ring,8,65536,0.0,0.0,0.0,1.0,11,2,29,1397250,0,14,8,139083
ring,8,65536,0.0,0.0,0.0,1.0,11,2,30,1602208,0,14,8,145624
ring,8,65536,0.0,0.0,0.0,1.0,11,2,31,1438833,0,14,8,100916
ring,8,65536,0.0,0.0,0.0,1.0,11,2,32,1536750,0,14,8,149792
ring,8,65536,0.0,0.0,0.0,1.0,11,2,33,1482958,0,14,8,63124
ring,8,65536,0.0,0.0,0.0,1.0,11,2,34,1502541,0,14,8,119874
ring,8,65536,0.0,0.0,0.0,1.0,11,2,35,1470083,0,14,8,80250
ring,8,65536,0.0,0.0,0.0,1.0,11,2,36,1472041,0,14,8,99083
ring,8,65536,0.0,0.0,0.0,1.0,11,2,37,1537208,0,14,8,97041
ring,8,65536,0.0,0.0,0.0,1.0,11,2,38,1463291,0,14,8,84499
ring,8,65536,0.0,0.0,0.0,1.0,11,2,39,1462500,0,14,8,93666
recursive,8,8388608,0.0,0.0,0.0,1.0,11,2,0,14309000,0,6,8,3303667
recursive,8,8388608,0.0,0.0,0.0,1.0,11,2,1,14332667,0,6,8,2431042
recursive,8,8388608,0.0,0.0,0.0,1.0,11,2,2,11560167,0,6,8,1581834
recursive,8,8388608,0.0,0.0,0.0,1.0,11,2,3,12264667,0,6,8,2200042
recursive,8,8388608,0.0,0.0,0.0,1.0,11,2,4,11471041,0,6,8,1147416
recursive,8,8388608,0.0,0.0,0.0,1.0,11,2,5,11903333,0,6,8,1915874
recursive,8,8388608,0.0,0.0,0.0,1.0,11,2,6,11863666,0,6,8,1490124
recursive,8,8388608,0.0,0.0,0.0,1.0,11,2,7,12375250,0,6,8,1154000
recursive,8,8388608,0.0,0.0,0.0,1.0,11,2,8,12478334,0,6,8,1640792
recursive,8,8388608,0.0,0.0,0.0,1.0,11,2,9,12584167,0,6,8,1977751
recursive,8,8388608,0.0,0.0,0.0,1.0,11,2,10,12728125,0,6,8,1234041
recursive,8,8388608,0.0,0.0,0.0,1.0,11,2,11,12336875,0,6,8,1544625
recursive,8,8388608,0.0,0.0,0.0,1.0,11,2,12,10958500,0,6,8,1831291
recursive,8,8388608,0.0,0.0,0.0,1.0,11,2,13,12147542,0,6,8,1210542
recursive,8,8388608,0.0,0.0,0.0,1.0,11,2,14,11536667,0,6,8,2101584
recursive,8,8388608,0.0,0.0,0.0,1.0,11,2,15,11747042,0,6,8,1410167
recursive,8,8388608,0.0,0.0,0.0,1.0,11,2,16,11942458,0,6,8,878416
recursive,8,8388608,0.0,0.0,0.0,1.0,11,2,17,11947583,0,6,8,869708
recursive,8,8388608,0.0,0.0,0.0,1.0,11,2,18,29415167,0,6,8,2330208
recursive,8,8388608,0.0,0.0,0.0,1.0,11,2,19,14675458,0,6,8,1132541
recursive,8,8388608,0.0,0.0,0.0,1.0,11,2,20,11068750,0,6,8,1715792
recursive,8,8388608,0.0,0.0,0.0,1.0,11,2,21,31280708,0,6,8,2316708
recursive,8,8388608,0.0,0.0,0.0,1.0,11,2,22,11690875,0,6,8,1790292
recursive,8,8388608,0.0,0.0,0.0,1.0,11,2,23,12041417,0,6,8,1632542
recursive,8,8388608,0.0,0.0,0.0,1.0,11,2,24,11722167,0,6,8,1230792
recursive,8,8388608,0.0,0.0,0.0,1.0,11,2,25,12406875,0,6,8,2269042
recursive,8,8388608,0.0,0.0,0.0,1.0,11,2,26,11868833,0,6,8,1543375
recursive,8,8388608,0.0,0.0,0.0,1.0,11,2,27,11637292,0,6,8,1510958
recursive,8,8388608,0.0,0.0,0.0,1.0,11,2,28,11365833,0,6,8,1897375
recursive,8,8388608,0.0,0.0,0.0,1.0,11,2,29,10619042,0,6,8,1481167
recursive,8,8388608,0.0,0.0,0.0,1.0,11,2,30,11535334,0,6,8,1350876
recursive,8,8388608,0.0,0.0,0.0,1.0,11,2,31,12274167,0,6,8,1878250
recursive,8,8388608,0.0,0.0,0.0,1.0,11,2,32,13591375,0,6,8,1802834
recursive,8,8388608,0.0,0.0,0.0,1.0,11,2,33,13512584,0,6,8,2272834
recursive,8,8388608,0.0,0.0,0.0,1.0,11,2,34,15552834,0,6,8,1807917
recursive,8,8388608,0.0,0.0,0.0,1.0,11,2,35,12121417,0,6,8,1947083
recursive,8,8388608,0.0,0.0,0.0,1.0,11,2,36,12526125,0,6,8,1789167
recursive,8,8388608,0.0,0.0,0.0,1.0,11,2,37,11795625,0,6,8,1088375
recursive,8,8388608,0.0,0.0,0.0,1.0,11,2,38,12194291,0,6,8,2075208
recursive,8,8388608,0.0,0.0,0.0,1.0,11,2,39,11435916,0,6,8,974624
recursive,8,4096,0.0,0.0,0.0,1.0,11,2,0,1007625,0,6,8,194292
recursive,8,4096,0.0,0.0,0.0,1.0,11,2,1,1017167,0,6,8,231542
recursive,8,4096,0.0,0.0,0.0,1.0,11,2,2,1011334,0,6,8,208875
recursive,8,4096,0.0,0.0,0.0,1.0,11,2,3,1258458,0,6,8,164750
recursive,8,4096,0.0,0.0,0.0,1.0,11,2,4,1409375,0,6,8,110666
recursive,8,4096,0.0,0.0,0.0,1.0,11,2,5,1267541,0,6,8,134874
recursive,8,4096,0.0,0.0,0.0,1.0,11,2,6,1365417,0,6,8,127876
recursive,8,4096,0.0,0.0,0.0,1.0,11,2,7,1131458,0,6,8,143500
recursive,8,4096,0.0,0.0,0.0,1.0,11,2,8,974417,0,6,8,155875
recursive,8,4096,0.0,0.0,0.0,1.0,11,2,9,904167,0,6,8,143917
recursive,8,4096,0.0,0.0,0.0,1.0,11,2,10,946917,0,6,8,84542
recursive,8,4096,0.0,0.0,0.0,1.0,11,2,11,867625,0,6,8,179625
recursive,8,4096,0.0,0.0,0.0,1.0,11,2,12,985125,0,6,8,163667
recursive,8,4096,0.0,0.0,0.0,1.0,11,2,13,879875,0,6,8,171375
recursive,8,4096,0.0,0.0,0.0,1.0,11,2,14,839834,0,6,8,128792
recursive,8,4096,0.0,0.0,0.0,1.0,11,2,15,833666,0,6,8,137208
recursive,8,4096,0.0,0.0,0.0,1.0,11,2,16,1056833,0,6,8,160083
recursive,8,4096,0.0,0.0,0.0,1.0,11,2,17,887667,0,6,8,74292
recursive,8,4096,0.0,0.0,0.0,1.0,11,2,18,853041,0,6,8,70582
recursive,8,4096,0.0,0.0,0.0,1.0,11,2,19,822459,0,6,8,110334
recursive,8,4096,0.0,0.0,0.0,1.0,11,2,20,961292,0,6,8,99959
recursive,8,4096,0.0,0.0,0.0,1.0,11,2,21,760708,0,6,8,89541
recursive,8,4096,0.0,0.0,0.0,1.0,11,2,22,906333,0,6,8,180417
recursive,8,4096,0.0,0.0,0.0,1.0,11,2,23,806750,0,6,8,80083
recursive,8,4096,0.0,0.0,0.0,1.0,11,2,24,699667,0,6,8,99667
recursive,8,4096,0.0,0.0,0.0,1.0,11,2,25,707000,0,6,8,69042
recursive,8,4096,0.0,0.0,0.0,1.0,11,2,26,688416,0,6,8,101541
recursive,8,4096,0.0,0.0,0.0,1.0,11,2,27,656583,0,6,8,102875
recursive,8,4096,0.0,0.0,0.0,1.0,11,2,28,740916,0,6,8,153458
recursive,8,4096,0.0,0.0,0.0,1.0,11,2,29,688292,0,6,8,112125
recursive,8,4096,0.0,0.0,0.0,1.0,11,2,30,700416,0,6,8,134541
recursive,8,4096,0.0,0.0,0.0,1.0,11,2,31,775125,0,6,8,75667
recursive,8,4096,0.0,0.0,0.0,1.0,11,2,32,764458,0,6,8,67500
recursive,8,4096,0.0,0.0,0.0,1.0,11,2,33,688208,0,6,8,105625
recursive,8,4096,0.0,0.0,0.0,1.0,11,2,34,623500,0,6,8,45333
recursive,8,4096,0.0,0.0,0.0,1.0,11,2,35,719542,0,6,8,97875
recursive,8,4096,0.0,0.0,0.0,1.0,11,2,36,734541,0,6,8,91500
recursive,8,4096,0.0,0.0,0.0,1.0,11,2,37,702084,0,6,8,133126
recursive,8,4096,0.0,0.0,0.0,1.0,11,2,38,702916,0,6,8,84249
recursive,8,4096,0.0,0.0,0.0,1.0,11,2,39,709625,0,6,8,89292
recursive,8,1048576,0.0,0.0,0.0,1.0,11,2,0,2238792,0,6,8,322292
recursive,8,1048576,0.0,0.0,0.0,1.0,11,2,1,2310292,0,6,8,352542
recursive,8,1048576,0.0,0.0,0.0,1.0,11,2,2,2432125,0,6,8,333417
recursive,8,1048576,0.0,0.0,0.0,1.0,11,2,3,2771708,0,6,8,241124
recursive,8,1048576,0.0,0.0,0.0,1.0,11,2,4,2424458,0,6,8,377041
recursive,8,1048576,0.0,0.0,0.0,1.0,11,2,5,2399500,0,6,8,427000
recursive,8,1048576,0.0,0.0,0.0,1.0,11,2,6,2110459,0,6,8,280875
recursive,8,1048576,0.0,0.0,0.0,1.0,11,2,7,2325292,0,6,8,393208
recursive,8,1048576,0.0,0.0,0.0,1.0,11,2,8,2280958,0,6,8,458791
recursive,8,1048576,0.0,0.0,0.0,1.0,11,2,9,2147708,0,6,8,340083
recursive,8,1048576,0.0,0.0,0.0,1.0,11,2,10,2376375,0,6,8,330917
recursive,8,1048576,0.0,0.0,0.0,1.0,11,2,11,2794583,0,6,8,462041
recursive,8,1048576,0.0,0.0,0.0,1.0,11,2,12,2249625,0,6,8,461041
recursive,8,1048576,0.0,0.0,0.0,1.0,11,2,13,2182000,0,6,8,492166
recursive,8,1048576,0.0,0.0,0.0,1.0,11,2,14,2386625,0,6,8,391458
recursive,8,1048576,0.0,0.0,0.0,1.0,11,2,15,2250833,0,6,8,585166
recursive,8,1048576,0.0,0.0,0.0,1.0,11,2,16,2200500,0,6,8,335500
recursive,8,1048576,0.0,0.0,0.0,1.0,11,2,17,2327667,0,6,8,476001
recursive,8,1048576,0.0,0.0,0.0,1.0,11,2,18,2189459,0,6,8,428251
recursive,8,1048576,0.0,0.0,0.0,1.0,11,2,19,2195875,0,6,8,418333
recursive,8,1048576,0.0,0.0,0.0,1.0,11,2,20,2510792,0,6,8,455583
recursive,8,1048576,0.0,0.0,0.0,1.0,11,2,21,2281750,0,6,8,324875
recursive,8,1048576,0.0,0.0,0.0,1.0,11,2,22,2873375,0,6,8,329458
recursive,8,1048576,0.0,0.0,0.0,1.0,11,2,23,2209417,0,6,8,418501
recursive,8,1048576,0.0,0.0,0.0,1.0,11,2,24,2113834,0,6,8,395668
recursive,8,1048576,0.0,0.0,0.0,1.0,11,2,25,2238458,0,6,8,417875
recursive,8,1048576,0.0,0.0,0.0,1.0,11,2,26,2421500,0,6,8,396417
recursive,8,1048576,0.0,0.0,0.0,1.0,11,2,27,2099250,0,6,8,413333
recursive,8,1048576,0.0,0.0,0.0,1.0,11,2,28,1998792,0,6,8,394833
recursive,8,1048576,0.0,0.0,0.0,1.0,11,2,29,2334416,0,6,8,427666
recursive,8,1048576,0.0,0.0,0.0,1.0,11,2,30,2237292,0,6,8,330084
recursive,8,1048576,0.0,0.0,0.0,1.0,11,2,31,2324000,0,6,8,448209
recursive,8,1048576,0.0,0.0,0.0,1.0,11,2,32,2052209,0,6,8,340709
recursive,8,1048576,0.0,0.0,0.0,1.0,11,2,33,2204292,0,6,8,392375
recursive,8,1048576,0.0,0.0,0.0,1.0,11,2,34,2090541,0,6,8,361583
recursive,8,1048576,0.0,0.0,0.0,1.0,11,2,35,2048375,0,6,8,274375
recursive,8,1048576,0.0,0.0,0.0,1.0,11,2,36,2303083,0,6,8,361916
recursive,8,1048576,0.0,0.0,0.0,1.0,11,2,37,2206791,0,6,8,406000
recursive,8,1048576,0.0,0.0,0.0,1.0,11,2,38,2420417,0,6,8,392542
recursive,8,1048576,0.0,0.0,0.0,1.0,11,2,39,2166125,0,6,8,373750
recursive,8,65536,0.0,0.0,0.0,1.0,11,2,0,742250,0,6,8,124000
recursive,8,65536,0.0,0.0,0.0,1.0,11,2,1,738041,0,6,8,74625
recursive,8,65536,0.0,0.0,0.0,1.0,11,2,2,739875,0,6,8,201250
recursive,8,65536,0.0,0.0,0.0,1.0,11,2,3,807083,0,6,8,169875
recursive,8,65536,0.0,0.0,0.0,1.0,11,2,4,662042,0,6,8,115792
recursive,8,65536,0.0,0.0,0.0,1.0,11,2,5,678583,0,6,8,66250
recursive,8,65536,0.0,0.0,0.0,1.0,11,2,6,692125,0,6,8,91334
recursive,8,65536,0.0,0.0,0.0,1.0,11,2,7,640917,0,6,8,49834
recursive,8,65536,0.0,0.0,0.0,1.0,11,2,8,696542,0,6,8,70084
recursive,8,65536,0.0,0.0,0.0,1.0,11,2,9,684500,0,6,8,51291
recursive,8,65536,0.0,0.0,0.0,1.0,11,2,10,714041,0,6,8,100291
recursive,8,65536,0.0,0.0,0.0,1.0,11,2,11,689000,0,6,8,53000
recursive,8,65536,0.0,0.0,0.0,1.0,11,2,12,791125,0,6,8,152250
recursive,8,65536,0.0,0.0,0.0,1.0,11,2,13,714292,0,6,8,98584
recursive,8,65536,0.0,0.0,0.0,1.0,11,2,14,681166,0,6,8,64166
recursive,8,65536,0.0,0.0,0.0,1.0,11,2,15,666000,0,6,8,111542
recursive,8,65536,0.0,0.0,0.0,1.0,11,2,16,682458,0,6,8,146916
recursive,8,65536,0.0,0.0,0.0,1.0,11,2,17,707084,0,6,8,78667
recursive,8,65536,0.0,0.0,0.0,1.0,11,2,18,671792,0,6,8,63126
recursive,8,65536,0.0,0.0,0.0,1.0,11,2,19,721750,0,6,8,98791
recursive,8,65536,0.0,0.0,0.0,1.0,11,2,20,749292,0,6,8,119750
recursive,8,65536,0.0,0.0,0.0,1.0,11,2,21,719083,0,6,8,39125
recursive,8,65536,0.0,0.0,0.0,1.0,11,2,22,669500,0,6,8,78375
recursive,8,65536,0.0,0.0,0.0,1.0,11,2,23,708791,0,6,8,80624
recursive,8,65536,0.0,0.0,0.0,1.0,11,2,24,741291,0,6,8,111874
recursive,8,65536,0.0,0.0,0.0,1.0,11,2,25,711583,0,6,8,150750
recursive,8,65536,0.0,0.0,0.0,1.0,11,2,26,684000,0,6,8,140708
recursive,8,65536,0.0,0.0,0.0,1.0,11,2,27,726166,0,6,8,111249
recursive,8,65536,0.0,0.0,0.0,1.0,11,2,28,806709,0,6,8,133876
recursive,8,65536,0.0,0.0,0.0,1.0,11,2,29,812333,0,6,8,93833
recursive,8,65536,0.0,0.0,0.0,1.0,11,2,30,770500,0,6,8,162250
recursive,8,65536,0.0,0.0,0.0,1.0,11,2,31,711042,0,6,8,65709
recursive,8,65536,0.0,0.0,0.0,1.0,11,2,32,663625,0,6,8,58167
recursive,8,65536,0.0,0.0,0.0,1.0,11,2,33,662959,0,6,8,95959
recursive,8,65536,0.0,0.0,0.0,1.0,11,2,34,759084,0,6,8,145459
recursive,8,65536,0.0,0.0,0.0,1.0,11,2,35,706917,0,6,8,88833
recursive,8,65536,0.0,0.0,0.0,1.0,11,2,36,711416,0,6,8,132499
recursive,8,65536,0.0,0.0,0.0,1.0,11,2,37,800208,0,6,8,113375
recursive,8,65536,0.0,0.0,0.0,1.0,11,2,38,788417,0,6,8,122334
recursive,8,65536,0.0,0.0,0.0,1.0,11,2,39,680083,0,6,8,106875
ps,8,4096,0.0,0.0,0.0,1.0,11,2,0,432417,0,7,8,65751
ps,8,4096,0.0,0.0,0.0,1.0,11,2,1,474542,0,1,8,122792
ps,8,4096,0.0,0.0,0.0,1.0,11,2,2,521084,0,1,8,90459
ps,8,4096,0.0,0.0,0.0,1.0,11,2,3,448583,0,7,8,76166
ps,8,4096,0.0,0.0,0.0,1.0,11,2,4,656500,0,1,8,131458
ps,8,4096,0.0,0.0,0.0,1.0,11,2,5,541958,0,7,8,90708
ps,8,4096,0.0,0.0,0.0,1.0,11,2,6,423125,0,7,8,90084
ps,8,4096,0.0,0.0,0.0,1.0,11,2,7,448667,0,1,8,117625
ps,8,4096,0.0,0.0,0.0,1.0,11,2,8,460958,0,1,8,86708
ps,8,4096,0.0,0.0,0.0,1.0,11,2,9,491166,0,1,8,119000
ps,8,4096,0.0,0.0,0.0,1.0,11,2,10,424833,0,1,8,49166
ps,8,4096,0.0,0.0,0.0,1.0,11,2,11,454834,0,1,8,84251
ps,8,4096,0.0,0.0,0.0,1.0,11,2,12,478917,0,1,8,101542
ps,8,4096,0.0,0.0,0.0,1.0,11,2,13,424459,0,7,8,66667
ps,8,4096,0.0,0.0,0.0,1.0,11,2,14,477500,0,1,8,79417
ps,8,4096,0.0,0.0,0.0,1.0,11,2,15,439000,0,1,8,98292
ps,8,4096,0.0,0.0,0.0,1.0,11,2,16,531958,0,1,8,79541
ps,8,4096,0.0,0.0,0.0,1.0,11,2,17,461458,0,1,8,55458
ps,8,4096,0.0,0.0,0.0,1.0,11,2,18,452459,0,1,8,99584
ps,8,4096,0.0,0.0,0.0,1.0,11,2,19,469250,0,1,8,84167
ps,8,4096,0.0,0.0,0.0,1.0,11,2,20,427208,0,1,8,57999
ps,8,4096,0.0,0.0,0.0,1.0,11,2,21,516875,0,1,8,120667
ps,8,4096,0.0,0.0,0.0,1.0,11,2,22,465709,0,1,8,79667
ps,8,4096,0.0,0.0,0.0,1.0,11,2,23,510708,0,7,8,96500
ps,8,4096,0.0,0.0,0.0,1.0,11,2,24,428667,0,1,8,64126
ps,8,4096,0.0,0.0,0.0,1.0,11,2,25,468333,0,1,8,85375
ps,8,4096,0.0,0.0,0.0,1.0,11,2,26,426167,0,1,8,56375
ps,8,4096,0.0,0.0,0.0,1.0,11,2,27,452209,0,1,8,86792
ps,8,4096,0.0,0.0,0.0,1.0,11,2,28,526667,0,1,8,84375
ps,8,4096,0.0,0.0,0.0,1.0,11,2,29,483584,0,1,8,94417
ps,8,4096,0.0,0.0,0.0,1.0,11,2,30,536250,0,1,8,114542
ps,8,4096,0.0,0.0,0.0,1.0,11,2,31,457958,0,7,8,67083
ps,8,4096,0.0,0.0,0.0,1.0,11,2,32,478708,0,7,8,78500
ps,8,4096,0.0,0.0,0.0,1.0,11,2,33,527542,0,1,8,101292
ps,8,4096,0.0,0.0,0.0,1.0,11,2,34,442250,0,1,8,57917
ps,8,4096,0.0,0.0,0.0,1.0,11,2,35,492834,0,1,8,105167
ps,8,4096,0.0,0.0,0.0,1.0,11,2,36,459125,0,1,8,77875
ps,8,4096,0.0,0.0,0.0,1.0,11,2,37,434125,0,1,8,69417
ps,8,4096,0.0,0.0,0.0,1.0,11,2,38,596417,0,1,8,124626
ps,8,4096,0.0,0.0,0.0,1.0,11,2,39,549792,0,1,8,139917
ring,8,8388608,0.0,0.0,0.0,1.0,11,2,0,10846375,0,14,8,608500
ring,8,8388608,0.0,0.0,0.0,1.0,11,2,1,10756292,0,14,8,835626
ring,8,8388608,0.0,0.0,0.0,1.0,11,2,2,10365959,0,14,8,481584
ring,8,8388608,0.0,0.0,0.0,1.0,11,2,3,10788042,0,14,8,726417
ring,8,8388608,0.0,0.0,0.0,1.0,11,2,4,11029542,0,14,8,809126
ring,8,8388608,0.0,0.0,0.0,1.0,11,2,5,10937458,0,14,8,739500
ring,8,8388608,0.0,0.0,0.0,1.0,11,2,6,11199750,0,14,8,610292
ring,8,8388608,0.0,0.0,0.0,1.0,11,2,7,11577792,0,14,8,763751
ring,8,8388608,0.0,0.0,0.0,1.0,11,2,8,10046542,0,14,8,800751
ring,8,8388608,0.0,0.0,0.0,1.0,11,2,9,10129458,0,14,8,545458
ring,8,8388608,0.0,0.0,0.0,1.0,11,2,10,10894000,0,14,8,877792
ring,8,8388608,0.0,0.0,0.0,1.0,11,2,11,11349500,0,14,8,806750
ring,8,8388608,0.0,0.0,0.0,1.0,11,2,12,10513750,0,14,8,871750
ring,8,8388608,0.0,0.0,0.0,1.0,11,2,13,10315084,0,14,8,777168
ring,8,8388608,0.0,0.0,0.0,1.0,11,2,14,11278167,0,14,8,579125
ring,8,8388608,0.0,0.0,0.0,1.0,11,2,15,10685708,0,14,8,704291
ring,8,8388608,0.0,0.0,0.0,1.0,11,2,16,9965417,0,14,8,489042
ring,8,8388608,0.0,0.0,0.0,1.0,11,2,17,11316167,0,14,8,805959
ring,8,8388608,0.0,0.0,0.0,1.0,11,2,18,10757000,0,14,8,770125
ring,8,8388608,0.0,0.0,0.0,1.0,11,2,19,8975500,0,14,8,508792
ring,8,8388608,0.0,0.0,0.0,1.0,11,2,20,10263416,0,14,8,432707
ring,8,8388608,0.0,0.0,0.0,1.0,11,2,21,10201083,0,14,8,768749
ring,8,8388608,0.0,0.0,0.0,1.0,11,2,22,10092958,0,14,8,793874
ring,8,8388608,0.0,0.0,0.0,1.0,11,2,23,10450959,0,14,8,730084
ring,8,8388608,0.0,0.0,0.0,1.0,11,2,24,10221667,0,14,8,430208
ring,8,8388608,0.0,0.0,0.0,1.0,11,2,25,10725708,0,14,8,769333
ring,8,8388608,0.0,0.0,0.0,1.0,11,2,26,10227083,0,14,8,671125
ring,8,8388608,0.0,0.0,0.0,1.0,11,2,27,11150917,0,14,8,707959
ring,8,8388608,0.0,0.0,0.0,1.0,11,2,28,9443125,0,14,8,811667
ring,8,8388608,0.0,0.0,0.0,1.0,11,2,29,10791209,0,14,8,726584
ring,8,8388608,0.0,0.0,0.0,1.0,11,2,30,11285500,0,14,8,681042
ring,8,8388608,0.0,0.0,0.0,1.0,11,2,31,10338750,0,14,8,486334
ring,8,8388608,0.0,0.0,0.0,1.0,11,2,32,9605500,0,14,8,734584
ring,8,8388608,0.0,0.0,0.0,1.0,11,2,33,10793167,0,14,8,611375
ring,8,8388608,0.0,0.0,0.0,1.0,11,2,34,10756667,0,14,8,688250
ring,8,8388608,0.0,0.0,0.0,1.0,11,2,35,11046333,0,14,8,470708
ring,8,8388608,0.0,0.0,0.0,1.0,11,2,36,11258584,0,14,8,688834
ring,8,8388608,0.0,0.0,0.0,1.0,11,2,37,9925500,0,14,8,472041
ring,8,8388608,0.0,0.0,0.0,1.0,11,2,38,10237916,0,14,8,538791
ring,8,8388608,0.0,0.0,0.0,1.0,11,2,39,10636208,0,14,8,468624
ps,8,1048576,0.0,0.0,0.0,1.0,11,2,0,1555042,0,7,8,423500
ps,8,1048576,0.0,0.0,0.0,1.0,11,2,1,1588875,0,1,8,495000
ps,8,1048576,0.0,0.0,0.0,1.0,11,2,2,1598334,0,1,8,454376
ps,8,1048576,0.0,0.0,0.0,1.0,11,2,3,1510333,0,1,8,455292
ps,8,1048576,0.0,0.0,0.0,1.0,11,2,4,2065167,0,7,8,598709
ps,8,1048576,0.0,0.0,0.0,1.0,11,2,5,1889709,0,1,8,601584
ps,8,1048576,0.0,0.0,0.0,1.0,11,2,6,2073084,0,1,8,605042
ps,8,1048576,0.0,0.0,0.0,1.0,11,2,7,1736666,0,1,8,491083
ps,8,1048576,0.0,0.0,0.0,1.0,11,2,8,1902958,0,1,8,590499
ps,8,1048576,0.0,0.0,0.0,1.0,11,2,9,1896792,0,1,8,555417
ps,8,1048576,0.0,0.0,0.0,1.0,11,2,10,1998000,0,1,8,635584
ps,8,1048576,0.0,0.0,0.0,1.0,11,2,11,1907833,0,1,8,487292
ps,8,1048576,0.0,0.0,0.0,1.0,11,2,12,1965084,0,1,8,593209
ps,8,1048576,0.0,0.0,0.0,1.0,11,2,13,2059166,0,1,8,551707
ps,8,1048576,0.0,0.0,0.0,1.0,11,2,14,2064458,0,7,8,523500
ps,8,1048576,0.0,0.0,0.0,1.0,11,2,15,2048792,0,1,8,604750
ps,8,1048576,0.0,0.0,0.0,1.0,11,2,16,1651833,0,1,8,491249
ps,8,1048576,0.0,0.0,0.0,1.0,11,2,17,1608500,0,1,8,469166
ps,8,1048576,0.0,0.0,0.0,1.0,11,2,18,1877667,0,1,8,550084
ps,8,1048576,0.0,0.0,0.0,1.0,11,2,19,1902500,0,1,8,490208
ps,8,1048576,0.0,0.0,0.0,1.0,11,2,20,1931292,0,1,8,626250
ps,8,1048576,0.0,0.0,0.0,1.0,11,2,21,2000833,0,1,8,578792
ps,8,1048576,0.0,0.0,0.0,1.0,11,2,22,1825250,0,1,8,489542
ps,8,1048576,0.0,0.0,0.0,1.0,11,2,23,2691500,0,1,8,681875
ps,8,1048576,0.0,0.0,0.0,1.0,11,2,24,1895834,0,1,8,533834
ps,8,1048576,0.0,0.0,0.0,1.0,11,2,25,2116042,0,1,8,641084
ps,8,1048576,0.0,0.0,0.0,1.0,11,2,26,1965708,0,1,8,471750
ps,8,1048576,0.0,0.0,0.0,1.0,11,2,27,1872833,0,1,8,549708
ps,8,1048576,0.0,0.0,0.0,1.0,11,2,28,1903083,0,1,8,517750
ps,8,1048576,0.0,0.0,0.0,1.0,11,2,29,1837041,0,1,8,503166
ps,8,1048576,0.0,0.0,0.0,1.0,11,2,30,1880875,0,7,8,518958
ps,8,1048576,0.0,0.0,0.0,1.0,11,2,31,1774250,0,1,8,516459
ps,8,1048576,0.0,0.0,0.0,1.0,11,2,32,2012125,0,1,8,488250
ps,8,1048576,0.0,0.0,0.0,1.0,11,2,33,1923042,0,1,8,528709
ps,8,1048576,0.0,0.0,0.0,1.0,11,2,34,1627291,0,7,8,475875
ps,8,1048576,0.0,0.0,0.0,1.0,11,2,35,1641792,0,1,8,548542
ps,8,1048576,0.0,0.0,0.0,1.0,11,2,36,1860000,0,1,8,513292
ps,8,1048576,0.0,0.0,0.0,1.0,11,2,37,1948792,0,7,8,530125
ps,8,1048576,0.0,0.0,0.0,1.0,11,2,38,2040542,0,1,8,576417
ps,8,1048576,0.0,0.0,0.0,1.0,11,2,39,2028958,0,1,8,581000
ring,8,1048576,0.0,0.0,0.0,1.0,11,2,0,2374000,0,14,8,145375
ring,8,1048576,0.0,0.0,0.0,1.0,11,2,1,2328750,0,14,8,241042
ring,8,1048576,0.0,0.0,0.0,1.0,11,2,2,2297000,0,14,8,109334
ring,8,1048576,0.0,0.0,0.0,1.0,11,2,3,2488250,0,14,8,262917
ring,8,1048576,0.0,0.0,0.0,1.0,11,2,4,2337708,0,14,8,81625
ring,8,1048576,0.0,0.0,0.0,1.0,11,2,5,2178917,0,14,8,196542
ring,8,1048576,0.0,0.0,0.0,1.0,11,2,6,2357916,0,14,8,179874
ring,8,1048576,0.0,0.0,0.0,1.0,11,2,7,2401458,0,14,8,144833
ring,8,1048576,0.0,0.0,0.0,1.0,11,2,8,2145750,0,14,8,139292
ring,8,1048576,0.0,0.0,0.0,1.0,11,2,9,2283917,0,14,8,156709
ring,8,1048576,0.0,0.0,0.0,1.0,11,2,10,2121583,0,14,8,190250
ring,8,1048576,0.0,0.0,0.0,1.0,11,2,11,2196666,0,14,8,129541
ring,8,1048576,0.0,0.0,0.0,1.0,11,2,12,2475958,0,14,8,226583
ring,8,1048576,0.0,0.0,0.0,1.0,11,2,13,2236625,0,14,8,156458
ring,8,1048576,0.0,0.0,0.0,1.0,11,2,14,2403292,0,14,8,274125
ring,8,1048576,0.0,0.0,0.0,1.0,11,2,15,2202250,0,14,8,200083
ring,8,1048576,0.0,0.0,0.0,1.0,11,2,16,2448125,0,14,8,227792
ring,8,1048576,0.0,0.0,0.0,1.0,11,2,17,2219292,0,14,8,109959
ring,8,1048576,0.0,0.0,0.0,1.0,11,2,18,2267667,0,14,8,163333
ring,8,1048576,0.0,0.0,0.0,1.0,11,2,19,2452458,0,14,8,221208
ring,8,1048576,0.0,0.0,0.0,1.0,11,2,20,2281458,0,14,8,202208
ring,8,1048576,0.0,0.0,0.0,1.0,11,2,21,2439875,0,14,8,210625
ring,8,1048576,0.0,0.0,0.0,1.0,11,2,22,2222000,0,14,8,135250
ring,8,1048576,0.0,0.0,0.0,1.0,11,2,23,2274042,0,14,8,171459
ring,8,1048576,0.0,0.0,0.0,1.0,11,2,24,2279000,0,14,8,142000
ring,8,1048576,0.0,0.0,0.0,1.0,11,2,25,2197875,0,14,8,138667
ring,8,1048576,0.0,0.0,0.0,1.0,11,2,26,2346708,0,14,8,146208
ring,8,1048576,0.0,0.0,0.0,1.0,11,2,27,2231750,0,14,8,125417
ring,8,1048576,0.0,0.0,0.0,1.0,11,2,28,2307417,0,14,8,207542
ring,8,1048576,0.0,0.0,0.0,1.0,11,2,29,2196958,0,14,8,130167
ring,8,1048576,0.0,0.0,0.0,1.0,11,2,30,2397667,0,14,8,225334
ring,8,1048576,0.0,0.0,0.0,1.0,11,2,31,2302875,0,14,8,102459
ring,8,1048576,0.0,0.0,0.0,1.0,11,2,32,2507167,0,14,8,172626
ring,8,1048576,0.0,0.0,0.0,1.0,11,2,33,2633500,0,14,8,208833
ring,8,1048576,0.0,0.0,0.0,1.0,11,2,34,2205584,0,14,8,180625
ring,8,1048576,0.0,0.0,0.0,1.0,11,2,35,2381083,0,14,8,161167
ring,8,1048576,0.0,0.0,0.0,1.0,11,2,36,2371750,0,14,8,143417
ring,8,1048576,0.0,0.0,0.0,1.0,11,2,37,2328000,0,14,8,198250
ring,8,1048576,0.0,0.0,0.0,1.0,11,2,38,2472958,0,14,8,194166
ring,8,1048576,0.0,0.0,0.0,1.0,11,2,39,2440333,0,14,8,220667
ps,8,8388608,0.0,0.0,0.0,1.0,11,2,0,12387209,0,7,8,5345251
ps,8,8388608,0.0,0.0,0.0,1.0,11,2,1,11202625,0,1,8,4436792
ps,8,8388608,0.0,0.0,0.0,1.0,11,2,2,11767292,0,7,8,5247751
ps,8,8388608,0.0,0.0,0.0,1.0,11,2,3,11641125,0,7,8,4634292
ps,8,8388608,0.0,0.0,0.0,1.0,11,2,4,11111625,0,7,8,4567750
ps,8,8388608,0.0,0.0,0.0,1.0,11,2,5,11424000,0,1,8,4805375
ps,8,8388608,0.0,0.0,0.0,1.0,11,2,6,11791792,0,7,8,4994251
ps,8,8388608,0.0,0.0,0.0,1.0,11,2,7,11240167,0,7,8,4598417
ps,8,8388608,0.0,0.0,0.0,1.0,11,2,8,11287834,0,1,8,4612875
ps,8,8388608,0.0,0.0,0.0,1.0,11,2,9,11609875,0,7,8,4670042
ps,8,8388608,0.0,0.0,0.0,1.0,11,2,10,10838666,0,1,8,4518666
ps,8,8388608,0.0,0.0,0.0,1.0,11,2,11,12516458,0,1,8,5423542
ps,8,8388608,0.0,0.0,0.0,1.0,11,2,12,11727625,0,7,8,4805083
ps,8,8388608,0.0,0.0,0.0,1.0,11,2,13,12253000,0,7,8,4931166
ps,8,8388608,0.0,0.0,0.0,1.0,11,2,14,11336042,0,7,8,4719834
ps,8,8388608,0.0,0.0,0.0,1.0,11,2,15,11824667,0,1,8,4887458
ps,8,8388608,0.0,0.0,0.0,1.0,11,2,16,11117083,0,1,8,4414833
ps,8,8388608,0.0,0.0,0.0,1.0,11,2,17,11592208,0,1,8,4955000
ps,8,8388608,0.0,0.0,0.0,1.0,11,2,18,11685292,0,7,8,4654584
ps,8,8388608,0.0,0.0,0.0,1.0,11,2,19,11593125,0,1,8,4955959
ps,8,8388608,0.0,0.0,0.0,1.0,11,2,20,11894709,0,7,8,4932251
ps,8,8388608,0.0,0.0,0.0,1.0,11,2,21,11116583,0,7,8,4627583
ps,8,8388608,0.0,0.0,0.0,1.0,11,2,22,12071292,0,7,8,5001501
ps,8,8388608,0.0,0.0,0.0,1.0,11,2,23,12446792,0,7,8,4820292
ps,8,8388608,0.0,0.0,0.0,1.0,11,2,24,12195875,0,1,8,5026583
ps,8,8388608,0.0,0.0,0.0,1.0,11,2,25,11594458,0,7,8,4569875
ps,8,8388608,0.0,0.0,0.0,1.0,11,2,26,12336542,0,7,8,5304584
ps,8,8388608,0.0,0.0,0.0,1.0,11,2,27,11586042,0,1,8,4679292
ps,8,8388608,0.0,0.0,0.0,1.0,11,2,28,11155375,0,7,8,4467917
ps,8,8388608,0.0,0.0,0.0,1.0,11,2,29,11615250,0,7,8,4587333
ps,8,8388608,0.0,0.0,0.0,1.0,11,2,30,11261750,0,1,8,4664541
ps,8,8388608,0.0,0.0,0.0,1.0,11,2,31,11556208,0,1,8,4698250
ps,8,8388608,0.0,0.0,0.0,1.0,11,2,32,12413250,0,7,8,5077542
ps,8,8388608,0.0,0.0,0.0,1.0,11,2,33,12939583,0,1,8,5164875
ps,8,8388608,0.0,0.0,0.0,1.0,11,2,34,12535042,0,1,8,5091083
ps,8,8388608,0.0,0.0,0.0,1.0,11,2,35,12810875,0,7,8,5273750
ps,8,8388608,0.0,0.0,0.0,1.0,11,2,36,13187875,0,1,8,5358625
ps,8,8388608,0.0,0.0,0.0,1.0,11,2,37,12839625,0,1,8,5341667
ps,8,8388608,0.0,0.0,0.0,1.0,11,2,38,12587500,0,7,8,4988417
ps,8,8388608,0.0,0.0,0.0,1.0,11,2,39,13508667,0,1,8,5842250
recursive,8,4096,0.0,0.0,0.0,1.0,11,3,0,1014959,0,6,8,80000
recursive,8,4096,0.0,0.0,0.0,1.0,11,3,1,925416,0,6,8,93874
recursive,8,4096,0.0,0.0,0.0,1.0,11,3,2,947875,0,6,8,99208
recursive,8,4096,0.0,0.0,0.0,1.0,11,3,3,1003334,0,6,8,106793
recursive,8,4096,0.0,0.0,0.0,1.0,11,3,4,1003375,0,6,8,99625
recursive,8,4096,0.0,0.0,0.0,1.0,11,3,5,1029250,0,6,8,150750
recursive,8,4096,0.0,0.0,0.0,1.0,11,3,6,979458,0,6,8,124875
recursive,8,4096,0.0,0.0,0.0,1.0,11,3,7,1087042,0,6,8,117334
recursive,8,4096,0.0,0.0,0.0,1.0,11,3,8,1194584,0,6,8,103584
recursive,8,4096,0.0,0.0,0.0,1.0,11,3,9,952417,0,6,8,111208
recursive,8,4096,0.0,0.0,0.0,1.0,11,3,10,1054375,0,6,8,156083
recursive,8,4096,0.0,0.0,0.0,1.0,11,3,11,1045500,0,6,8,100250
recursive,8,4096,0.0,0.0,0.0,1.0,11,3,12,934250,0,6,8,68750
recursive,8,4096,0.0,0.0,0.0,1.0,11,3,13,952083,0,6,8,83750
recursive,8,4096,0.0,0.0,0.0,1.0,11,3,14,919250,0,6,8,97542
recursive,8,4096,0.0,0.0,0.0,1.0,11,3,15,926041,0,6,8,75791
recursive,8,4096,0.0,0.0,0.0,1.0,11,3,16,885875,0,6,8,105917
recursive,8,4096,0.0,0.0,0.0,1.0,11,3,17,915583,0,6,8,76125
recursive,8,4096,0.0,0.0,0.0,1.0,11,3,18,880292,0,6,8,65167
recursive,8,4096,0.0,0.0,0.0,1.0,11,3,19,747500,0,6,8,117916
recursive,8,4096,0.0,0.0,0.0,1.0,11,3,20,831750,0,6,8,82458
recursive,8,4096,0.0,0.0,0.0,1.0,11,3,21,730500,0,6,8,69084
recursive,8,4096,0.0,0.0,0.0,1.0,11,3,22,648959,0,6,8,65959
recursive,8,4096,0.0,0.0,0.0,1.0,11,3,23,678834,0,6,8,119126
recursive,8,4096,0.0,0.0,0.0,1.0,11,3,24,654583,0,6,8,105083
recursive,8,4096,0.0,0.0,0.0,1.0,11,3,25,747208,0,6,8,70833
recursive,8,4096,0.0,0.0,0.0,1.0,11,3,26,652208,0,6,8,49250
recursive,8,4096,0.0,0.0,0.0,1.0,11,3,27,678500,0,6,8,61000
recursive,8,4096,0.0,0.0,0.0,1.0,11,3,28,623917,0,6,8,42917
recursive,8,4096,0.0,0.0,0.0,1.0,11,3,29,648625,0,6,8,65292
recursive,8,4096,0.0,0.0,0.0,1.0,11,3,30,721166,0,6,8,98708
recursive,8,4096,0.0,0.0,0.0,1.0,11,3,31,651250,0,6,8,101792
recursive,8,4096,0.0,0.0,0.0,1.0,11,3,32,632250,0,6,8,80916
recursive,8,4096,0.0,0.0,0.0,1.0,11,3,33,729833,0,6,8,209583
recursive,8,4096,0.0,0.0,0.0,1.0,11,3,34,817708,0,6,8,146333
recursive,8,4096,0.0,0.0,0.0,1.0,11,3,35,679791,0,6,8,65624
recursive,8,4096,0.0,0.0,0.0,1.0,11,3,36,604708,0,6,8,50917
recursive,8,4096,0.0,0.0,0.0,1.0,11,3,37,712417,0,6,8,66334
recursive,8,4096,0.0,0.0,0.0,1.0,11,3,38,629625,0,6,8,88959
recursive,8,4096,0.0,0.0,0.0,1.0,11,3,39,706708,0,6,8,64667
ps,8,1048576,0.0,0.0,0.0,1.0,11,3,0,2133833,0,1,8,627833
ps,8,1048576,0.0,0.0,0.0,1.0,11,3,1,1977542,0,7,8,531417
ps,8,1048576,0.0,0.0,0.0,1.0,11,3,2,2000542,0,1,8,524708
ps,8,1048576,0.0,0.0,0.0,1.0,11,3,3,2088791,0,7,8,538708
ps,8,1048576,0.0,0.0,0.0,1.0,11,3,4,1844125,0,7,8,518334
ps,8,1048576,0.0,0.0,0.0,1.0,11,3,5,1918459,0,7,8,665334
ps,8,1048576,0.0,0.0,0.0,1.0,11,3,6,2213250,0,1,8,702708
ps,8,1048576,0.0,0.0,0.0,1.0,11,3,7,1980708,0,1,8,611583
ps,8,1048576,0.0,0.0,0.0,1.0,11,3,8,2081542,0,1,8,617000
ps,8,1048576,0.0,0.0,0.0,1.0,11,3,9,2051125,0,1,8,576125
ps,8,1048576,0.0,0.0,0.0,1.0,11,3,10,1873333,0,1,8,518333
ps,8,1048576,0.0,0.0,0.0,1.0,11,3,11,1973291,0,7,8,635249
ps,8,1048576,0.0,0.0,0.0,1.0,11,3,12,2049209,0,1,8,469084
ps,8,1048576,0.0,0.0,0.0,1.0,11,3,13,2156834,0,1,8,598417
ps,8,1048576,0.0,0.0,0.0,1.0,11,3,14,1938750,0,1,8,546583
ps,8,1048576,0.0,0.0,0.0,1.0,11,3,15,2182417,0,1,8,758625
ps,8,1048576,0.0,0.0,0.0,1.0,11,3,16,1987333,0,1,8,507166
ps,8,1048576,0.0,0.0,0.0,1.0,11,3,17,1970500,0,7,8,609750
ps,8,1048576,0.0,0.0,0.0,1.0,11,3,18,2019541,0,7,8,638957
ps,8,1048576,0.0,0.0,0.0,1.0,11,3,19,1984875,0,1,8,543292
ps,8,1048576,0.0,0.0,0.0,1.0,11,3,20,2051667,0,1,8,638959
ps,8,1048576,0.0,0.0,0.0,1.0,11,3,21,1914792,0,1,8,581500
ps,8,1048576,0.0,0.0,0.0,1.0,11,3,22,1887666,0,1,8,526291
ps,8,1048576,0.0,0.0,0.0,1.0,11,3,23,2136875,0,7,8,525833
ps,8,1048576,0.0,0.0,0.0,1.0,11,3,24,1959334,0,1,8,608834
ps,8,1048576,0.0,0.0,0.0,1.0,11,3,25,2097833,0,1,8,543375
ps,8,1048576,0.0,0.0,0.0,1.0,11,3,26,2100708,0,7,8,633833
ps,8,1048576,0.0,0.0,0.0,1.0,11,3,27,1936333,0,1,8,532833
ps,8,1048576,0.0,0.0,0.0,1.0,11,3,28,1913792,0,1,8,650834
ps,8,1048576,0.0,0.0,0.0,1.0,11,3,29,1988708,0,7,8,596624
ps,8,1048576,0.0,0.0,0.0,1.0,11,3,30,2273250,0,1,8,594125
ps,8,1048576,0.0,0.0,0.0,1.0,11,3,31,1902500,0,7,8,515666
ps,8,1048576,0.0,0.0,0.0,1.0,11,3,32,2102625,0,1,8,590417
ps,8,1048576,0.0,0.0,0.0,1.0,11,3,33,2157750,0,1,8,648875
ps,8,1048576,0.0,0.0,0.0,1.0,11,3,34,2090042,0,1,8,480750
ps,8,1048576,0.0,0.0,0.0,1.0,11,3,35,2219250,0,1,8,706125
ps,8,1048576,0.0,0.0,0.0,1.0,11,3,36,1958375,0,1,8,593542
ps,8,1048576,0.0,0.0,0.0,1.0,11,3,37,2317959,0,1,8,640209
ps,8,1048576,0.0,0.0,0.0,1.0,11,3,38,1920375,0,1,8,621917
ps,8,1048576,0.0,0.0,0.0,1.0,11,3,39,1879792,0,1,8,575917
ring,8,65536,0.0,0.0,0.0,1.0,11,3,0,1436208,0,14,8,120375
ring,8,65536,0.0,0.0,0.0,1.0,11,3,1,1449250,0,14,8,64334
ring,8,65536,0.0,0.0,0.0,1.0,11,3,2,1386291,0,14,8,77124
ring,8,65536,0.0,0.0,0.0,1.0,11,3,3,1524292,0,14,8,149209
ring,8,65536,0.0,0.0,0.0,1.0,11,3,4,1437458,0,14,8,118417
ring,8,65536,0.0,0.0,0.0,1.0,11,3,5,1446209,0,14,8,76959
ring,8,65536,0.0,0.0,0.0,1.0,11,3,6,1578250,0,14,8,179917
ring,8,65536,0.0,0.0,0.0,1.0,11,3,7,1385250,0,14,8,59750
ring,8,65536,0.0,0.0,0.0,1.0,11,3,8,1567167,0,14,8,118292
ring,8,65536,0.0,0.0,0.0,1.0,11,3,9,1432250,0,14,8,40791
ring,8,65536,0.0,0.0,0.0,1.0,11,3,10,1405625,0,14,8,60000
ring,8,65536,0.0,0.0,0.0,1.0,11,3,11,1493875,0,14,8,102750
ring,8,65536,0.0,0.0,0.0,1.0,11,3,12,1592625,0,14,8,164542
ring,8,65536,0.0,0.0,0.0,1.0,11,3,13,1514667,0,14,8,105751
ring,8,65536,0.0,0.0,0.0,1.0,11,3,14,1631500,0,14,8,171417
ring,8,65536,0.0,0.0,0.0,1.0,11,3,15,1556500,0,14,8,105833
ring,8,65536,0.0,0.0,0.0,1.0,11,3,16,1529250,0,14,8,194542
ring,8,65536,0.0,0.0,0.0,1.0,11,3,17,1524584,0,14,8,79959
ring,8,65536,0.0,0.0,0.0,1.0,11,3,18,1445541,0,14,8,95332
ring,8,65536,0.0,0.0,0.0,1.0,11,3,19,1476750,0,14,8,78167
ring,8,65536,0.0,0.0,0.0,1.0,11,3,20,1696166,0,14,8,74125
ring,8,65536,0.0,0.0,0.0,1.0,11,3,21,1554208,0,14,8,174125
ring,8,65536,0.0,0.0,0.0,1.0,11,3,22,1352958,0,14,8,64833
ring,8,65536,0.0,0.0,0.0,1.0,11,3,23,1292125,0,14,8,41708
ring,8,65536,0.0,0.0,0.0,1.0,11,3,24,1375875,0,14,8,107334
ring,8,65536,0.0,0.0,0.0,1.0,11,3,25,1409041,0,14,8,85457
ring,8,65536,0.0,0.0,0.0,1.0,11,3,26,1399167,0,14,8,61709
ring,8,65536,0.0,0.0,0.0,1.0,11,3,27,1467083,0,14,8,73292
ring,8,65536,0.0,0.0,0.0,1.0,11,3,28,1447083,0,14,8,96417
ring,8,65536,0.0,0.0,0.0,1.0,11,3,29,1417791,0,14,8,46582
ring,8,65536,0.0,0.0,0.0,1.0,11,3,30,1467583,0,14,8,115500
ring,8,65536,0.0,0.0,0.0,1.0,11,3,31,1466125,0,14,8,55708
ring,8,65536,0.0,0.0,0.0,1.0,11,3,32,1490125,0,14,8,53500
ring,8,65536,0.0,0.0,0.0,1.0,11,3,33,1465042,0,14,8,106375
ring,8,65536,0.0,0.0,0.0,1.0,11,3,34,1418750,0,14,8,70833
ring,8,65536,0.0,0.0,0.0,1.0,11,3,35,1471458,0,14,8,103333
ring,8,65536,0.0,0.0,0.0,1.0,11,3,36,1485500,0,14,8,136542
ring,8,65536,0.0,0.0,0.0,1.0,11,3,37,1461625,0,14,8,73291
ring,8,65536,0.0,0.0,0.0,1.0,11,3,38,1474083,0,14,8,94166
ring,8,65536,0.0,0.0,0.0,1.0,11,3,39,1387667,0,14,8,96584
ps,8,65536,0.0,0.0,0.0,1.0,11,3,0,514250,0,7,8,115709
ps,8,65536,0.0,0.0,0.0,1.0,11,3,1,539083,0,1,8,105125
ps,8,65536,0.0,0.0,0.0,1.0,11,3,2,509625,0,1,8,96834
ps,8,65536,0.0,0.0,0.0,1.0,11,3,3,502250,0,7,8,80416
ps,8,65536,0.0,0.0,0.0,1.0,11,3,4,508125,0,1,8,62000
ps,8,65536,0.0,0.0,0.0,1.0,11,3,5,535417,0,7,8,102001
ps,8,65536,0.0,0.0,0.0,1.0,11,3,6,560916,0,1,8,112249
ps,8,65536,0.0,0.0,0.0,1.0,11,3,7,552041,0,1,8,112291
ps,8,65536,0.0,0.0,0.0,1.0,11,3,8,496333,0,1,8,103417
ps,8,65536,0.0,0.0,0.0,1.0,11,3,9,496916,0,1,8,111833
ps,8,65536,0.0,0.0,0.0,1.0,11,3,10,521583,0,1,8,104708
ps,8,65536,0.0,0.0,0.0,1.0,11,3,11,526625,0,1,8,109292
ps,8,65536,0.0,0.0,0.0,1.0,11,3,12,496542,0,1,8,93208
ps,8,65536,0.0,0.0,0.0,1.0,11,3,13,538334,0,1,8,140292
ps,8,65536,0.0,0.0,0.0,1.0,11,3,14,522375,0,1,8,119292
ps,8,65536,0.0,0.0,0.0,1.0,11,3,15,514042,0,1,8,103917
ps,8,65536,0.0,0.0,0.0,1.0,11,3,16,534125,0,1,8,119500
ps,8,65536,0.0,0.0,0.0,1.0,11,3,17,557333,0,1,8,97667
ps,8,65536,0.0,0.0,0.0,1.0,11,3,18,556208,0,7,8,136167
ps,8,65536,0.0,0.0,0.0,1.0,11,3,19,561208,0,1,8,104708
ps,8,65536,0.0,0.0,0.0,1.0,11,3,20,513792,0,1,8,73875
ps,8,65536,0.0,0.0,0.0,1.0,11,3,21,550834,0,7,8,130667
ps,8,65536,0.0,0.0,0.0,1.0,11,3,22,519541,0,7,8,79708
ps,8,65536,0.0,0.0,0.0,1.0,11,3,23,540291,0,1,8,128458
ps,8,65536,0.0,0.0,0.0,1.0,11,3,24,538917,0,1,8,121208
ps,8,65536,0.0,0.0,0.0,1.0,11,3,25,475625,0,1,8,133708
ps,8,65536,0.0,0.0,0.0,1.0,11,3,26,452458,0,7,8,57583
ps,8,65536,0.0,0.0,0.0,1.0,11,3,27,439333,0,1,8,95916
ps,8,65536,0.0,0.0,0.0,1.0,11,3,28,580916,0,1,8,73916
ps,8,65536,0.0,0.0,0.0,1.0,11,3,29,679250,0,1,8,111916
ps,8,65536,0.0,0.0,0.0,1.0,11,3,30,540375,0,1,8,90917
ps,8,65536,0.0,0.0,0.0,1.0,11,3,31,569416,0,1,8,136125
ps,8,65536,0.0,0.0,0.0,1.0,11,3,32,560458,0,1,8,110083
ps,8,65536,0.0,0.0,0.0,1.0,11,3,33,523958,0,7,8,100042
ps,8,65536,0.0,0.0,0.0,1.0,11,3,34,523167,0,1,8,108500
ps,8,65536,0.0,0.0,0.0,1.0,11,3,35,467959,0,1,8,59084
ps,8,65536,0.0,0.0,0.0,1.0,11,3,36,502333,0,1,8,70500
ps,8,65536,0.0,0.0,0.0,1.0,11,3,37,518709,0,1,8,85500
ps,8,65536,0.0,0.0,0.0,1.0,11,3,38,550583,0,1,8,99583
ps,8,65536,0.0,0.0,0.0,1.0,11,3,39,552416,0,1,8,133332
ring,8,1048576,0.0,0.0,0.0,1.0,11,3,0,2471542,0,14,8,165584
ring,8,1048576,0.0,0.0,0.0,1.0,11,3,1,2448875,0,14,8,160917
ring,8,1048576,0.0,0.0,0.0,1.0,11,3,2,2525291,0,14,8,224916
ring,8,1048576,0.0,0.0,0.0,1.0,11,3,3,2324667,0,14,8,144667
ring,8,1048576,0.0,0.0,0.0,1.0,11,3,4,2339167,0,14,8,144876
ring,8,1048576,0.0,0.0,0.0,1.0,11,3,5,2329000,0,14,8,141291
ring,8,1048576,0.0,0.0,0.0,1.0,11,3,6,2300417,0,14,8,169875
ring,8,1048576,0.0,0.0,0.0,1.0,11,3,7,2365917,0,14,8,217501
ring,8,1048576,0.0,0.0,0.0,1.0,11,3,8,2340833,0,14,8,113500
ring,8,1048576,0.0,0.0,0.0,1.0,11,3,9,2412750,0,14,8,117000
ring,8,1048576,0.0,0.0,0.0,1.0,11,3,10,2331917,0,14,8,113292
ring,8,1048576,0.0,0.0,0.0,1.0,11,3,11,2549833,0,14,8,168416
ring,8,1048576,0.0,0.0,0.0,1.0,11,3,12,2307042,0,14,8,127208
ring,8,1048576,0.0,0.0,0.0,1.0,11,3,13,2253334,0,14,8,156875
ring,8,1048576,0.0,0.0,0.0,1.0,11,3,14,2407917,0,14,8,157875
ring,8,1048576,0.0,0.0,0.0,1.0,11,3,15,2362208,0,14,8,143750
ring,8,1048576,0.0,0.0,0.0,1.0,11,3,16,2417916,0,14,8,151499
ring,8,1048576,0.0,0.0,0.0,1.0,11,3,17,2265500,0,14,8,155000
ring,8,1048576,0.0,0.0,0.0,1.0,11,3,18,2194833,0,14,8,107833
ring,8,1048576,0.0,0.0,0.0,1.0,11,3,19,2330583,0,14,8,139499
ring,8,1048576,0.0,0.0,0.0,1.0,11,3,20,2384875,0,14,8,229708
ring,8,1048576,0.0,0.0,0.0,1.0,11,3,21,2292750,0,14,8,100042
ring,8,1048576,0.0,0.0,0.0,1.0,11,3,22,2326375,0,14,8,162875
ring,8,1048576,0.0,0.0,0.0,1.0,11,3,23,2341500,0,14,8,194041
ring,8,1048576,0.0,0.0,0.0,1.0,11,3,24,2380209,0,14,8,165167
ring,8,1048576,0.0,0.0,0.0,1.0,11,3,25,2289000,0,14,8,168666
ring,8,1048576,0.0,0.0,0.0,1.0,11,3,26,2308584,0,14,8,140626
ring,8,1048576,0.0,0.0,0.0,1.0,11,3,27,2483542,0,14,8,129251
ring,8,1048576,0.0,0.0,0.0,1.0,11,3,28,2316291,0,14,8,150249
ring,8,1048576,0.0,0.0,0.0,1.0,11,3,29,2433041,0,14,8,97832
ring,8,1048576,0.0,0.0,0.0,1.0,11,3,30,2313958,0,14,8,181458
ring,8,1048576,0.0,0.0,0.0,1.0,11,3,31,2305834,0,14,8,154000
ring,8,1048576,0.0,0.0,0.0,1.0,11,3,32,2441875,0,14,8,293917
ring,8,1048576,0.0,0.0,0.0,1.0,11,3,33,2352625,0,14,8,209667
ring,8,1048576,0.0,0.0,0.0,1.0,11,3,34,2332208,0,14,8,138041
ring,8,1048576,0.0,0.0,0.0,1.0,11,3,35,2332833,0,14,8,134041
ring,8,1048576,0.0,0.0,0.0,1.0,11,3,36,2565208,0,14,8,184208
ring,8,1048576,0.0,0.0,0.0,1.0,11,3,37,2301042,0,14,8,120500
ring,8,1048576,0.0,0.0,0.0,1.0,11,3,38,2594917,0,14,8,169750
ring,8,1048576,0.0,0.0,0.0,1.0,11,3,39,2428083,0,14,8,183999
ring,8,4096,0.0,0.0,0.0,1.0,11,3,0,1409084,0,14,8,100001
ring,8,4096,0.0,0.0,0.0,1.0,11,3,1,1411458,0,14,8,84000
ring,8,4096,0.0,0.0,0.0,1.0,11,3,2,1383458,0,14,8,72333
ring,8,4096,0.0,0.0,0.0,1.0,11,3,3,1441708,0,14,8,89958
ring,8,4096,0.0,0.0,0.0,1.0,11,3,4,1604167,0,14,8,153875
ring,8,4096,0.0,0.0,0.0,1.0,11,3,5,1580584,0,14,8,101043
ring,8,4096,0.0,0.0,0.0,1.0,11,3,6,1665959,0,14,8,185709
ring,8,4096,0.0,0.0,0.0,1.0,11,3,7,1638375,0,14,8,115041
ring,8,4096,0.0,0.0,0.0,1.0,11,3,8,1816916,0,14,8,69833
ring,8,4096,0.0,0.0,0.0,1.0,11,3,9,1914750,0,14,8,177583
ring,8,4096,0.0,0.0,0.0,1.0,11,3,10,1799750,0,14,8,114500
ring,8,4096,0.0,0.0,0.0,1.0,11,3,11,1740209,0,14,8,96251
ring,8,4096,0.0,0.0,0.0,1.0,11,3,12,1798083,0,14,8,114833
ring,8,4096,0.0,0.0,0.0,1.0,11,3,13,1737750,0,14,8,189792
ring,8,4096,0.0,0.0,0.0,1.0,11,3,14,1830542,0,14,8,156167
ring,8,4096,0.0,0.0,0.0,1.0,11,3,15,1869834,0,14,8,123792
ring,8,4096,0.0,0.0,0.0,1.0,11,3,16,1746292,0,14,8,59792
ring,8,4096,0.0,0.0,0.0,1.0,11,3,17,1787375,0,14,8,109833
ring,8,4096,0.0,0.0,0.0,1.0,11,3,18,1694458,0,14,8,31166
ring,8,4096,0.0,0.0,0.0,1.0,11,3,19,1724042,0,14,8,101292
ring,8,4096,0.0,0.0,0.0,1.0,11,3,20,1686000,0,14,8,91041
ring,8,4096,0.0,0.0,0.0,1.0,11,3,21,1472500,0,14,8,131709
ring,8,4096,0.0,0.0,0.0,1.0,11,3,22,1816584,0,14,8,81792
ring,8,4096,0.0,0.0,0.0,1.0,11,3,23,1559458,0,14,8,92083
ring,8,4096,0.0,0.0,0.0,1.0,11,3,24,1622292,0,14,8,107584
ring,8,4096,0.0,0.0,0.0,1.0,11,3,25,1548083,0,14,8,148750
ring,8,4096,0.0,0.0,0.0,1.0,11,3,26,1610916,0,14,8,115500
ring,8,4096,0.0,0.0,0.0,1.0,11,3,27,1547291,0,14,8,79916
ring,8,4096,0.0,0.0,0.0,1.0,11,3,28,1548500,0,14,8,46875
ring,8,4096,0.0,0.0,0.0,1.0,11,3,29,1633250,0,14,8,161125
ring,8,4096,0.0,0.0,0.0,1.0,11,3,30,1732000,0,14,8,121541
ring,8,4096,0.0,0.0,0.0,1.0,11,3,31,1809500,0,14,8,147333
ring,8,4096,0.0,0.0,0.0,1.0,11,3,32,1677750,0,14,8,181250
ring,8,4096,0.0,0.0,0.0,1.0,11,3,33,1696833,0,14,8,156666
ring,8,4096,0.0,0.0,0.0,1.0,11,3,34,1747416,0,14,8,158250
ring,8,4096,0.0,0.0,0.0,1.0,11,3,35,1605000,0,14,8,110500
ring,8,4096,0.0,0.0,0.0,1.0,11,3,36,1753875,0,14,8,215708
ring,8,4096,0.0,0.0,0.0,1.0,11,3,37,1496792,0,14,8,63042
ring,8,4096,0.0,0.0,0.0,1.0,11,3,38,1613625,0,14,8,90500
ring,8,4096,0.0,0.0,0.0,1.0,11,3,39,1922875,0,14,8,385083
recursive,8,1048576,0.0,0.0,0.0,1.0,11,3,0,2247375,0,6,8,447375
recursive,8,1048576,0.0,0.0,0.0,1.0,11,3,1,2242042,0,6,8,380292
recursive,8,1048576,0.0,0.0,0.0,1.0,11,3,2,2232875,0,6,8,424083
recursive,8,1048576,0.0,0.0,0.0,1.0,11,3,3,2213792,0,6,8,318709
recursive,8,1048576,0.0,0.0,0.0,1.0,11,3,4,2307833,0,6,8,383041
recursive,8,1048576,0.0,0.0,0.0,1.0,11,3,5,2370541,0,6,8,404207
recursive,8,1048576,0.0,0.0,0.0,1.0,11,3,6,2314333,0,6,8,431375
recursive,8,1048576,0.0,0.0,0.0,1.0,11,3,7,2386500,0,6,8,343125
recursive,8,1048576,0.0,0.0,0.0,1.0,11,3,8,2261875,0,6,8,372292
recursive,8,1048576,0.0,0.0,0.0,1.0,11,3,9,2206958,0,6,8,489416
recursive,8,1048576,0.0,0.0,0.0,1.0,11,3,10,2267750,0,6,8,437417
recursive,8,1048576,0.0,0.0,0.0,1.0,11,3,11,2164417,0,6,8,412167
recursive,8,1048576,0.0,0.0,0.0,1.0,11,3,12,2137958,0,6,8,366791
recursive,8,1048576,0.0,0.0,0.0,1.0,11,3,13,2147833,0,6,8,419583
recursive,8,1048576,0.0,0.0,0.0,1.0,11,3,14,2294166,0,6,8,420625
recursive,8,1048576,0.0,0.0,0.0,1.0,11,3,15,2170250,0,6,8,327042
recursive,8,1048576,0.0,0.0,0.0,1.0,11,3,16,2152209,0,6,8,351126
recursive,8,1048576,0.0,0.0,0.0,1.0,11,3,17,2139708,0,6,8,440750
recursive,8,1048576,0.0,0.0,0.0,1.0,11,3,18,2240125,0,6,8,391333
recursive,8,1048576,0.0,0.0,0.0,1.0,11,3,19,2159875,0,6,8,414917
recursive,8,1048576,0.0,0.0,0.0,1.0,11,3,20,2180500,0,6,8,337416
recursive,8,1048576,0.0,0.0,0.0,1.0,11,3,21,2164625,0,6,8,397792
recursive,8,1048576,0.0,0.0,0.0,1.0,11,3,22,2067666,0,6,8,371249
recursive,8,1048576,0.0,0.0,0.0,1.0,11,3,23,2238250,0,6,8,406792
recursive,8,1048576,0.0,0.0,0.0,1.0,11,3,24,1931833,0,6,8,317708
recursive,8,1048576,0.0,0.0,0.0,1.0,11,3,25,2209875,0,6,8,470375
recursive,8,1048576,0.0,0.0,0.0,1.0,11,3,26,2124875,0,6,8,461584
recursive,8,1048576,0.0,0.0,0.0,1.0,11,3,27,2276958,0,6,8,532625
recursive,8,1048576,0.0,0.0,0.0,1.0,11,3,28,2199583,0,6,8,334374
recursive,8,1048576,0.0,0.0,0.0,1.0,11,3,29,2346375,0,6,8,294291
recursive,8,1048576,0.0,0.0,0.0,1.0,11,3,30,2069625,0,6,8,371417
recursive,8,1048576,0.0,0.0,0.0,1.0,11,3,31,2219208,0,6,8,426583
recursive,8,1048576,0.0,0.0,0.0,1.0,11,3,32,1994875,0,6,8,387167
recursive,8,1048576,0.0,0.0,0.0,1.0,11,3,33,2561167,0,6,8,312667
recursive,8,1048576,0.0,0.0,0.0,1.0,11,3,34,2368083,0,6,8,379583
recursive,8,1048576,0.0,0.0,0.0,1.0,11,3,35,2223375,0,6,8,313208
recursive,8,1048576,0.0,0.0,0.0,1.0,11,3,36,2326708,0,6,8,297583
recursive,8,1048576,0.0,0.0,0.0,1.0,11,3,37,1970875,0,6,8,350875
recursive,8,1048576,0.0,0.0,0.0,1.0,11,3,38,2125625,0,6,8,411125
recursive,8,1048576,0.0,0.0,0.0,1.0,11,3,39,2208209,0,6,8,321625
recursive,8,65536,0.0,0.0,0.0,1.0,11,3,0,669750,0,6,8,89917
recursive,8,65536,0.0,0.0,0.0,1.0,11,3,1,728292,0,6,8,121959
recursive,8,65536,0.0,0.0,0.0,1.0,11,3,2,741541,0,6,8,91166
recursive,8,65536,0.0,0.0,0.0,1.0,11,3,3,651875,0,6,8,65375
recursive,8,65536,0.0,0.0,0.0,1.0,11,3,4,731500,0,6,8,81416
recursive,8,65536,0.0,0.0,0.0,1.0,11,3,5,663583,0,6,8,112542
recursive,8,65536,0.0,0.0,0.0,1.0,11,3,6,703875,0,6,8,112291
recursive,8,65536,0.0,0.0,0.0,1.0,11,3,7,652750,0,6,8,50958
recursive,8,65536,0.0,0.0,0.0,1.0,11,3,8,726667,0,6,8,71917
recursive,8,65536,0.0,0.0,0.0,1.0,11,3,9,660666,0,6,8,69582
recursive,8,65536,0.0,0.0,0.0,1.0,11,3,10,694666,0,6,8,80791
recursive,8,65536,0.0,0.0,0.0,1.0,11,3,11,743667,0,6,8,145376
recursive,8,65536,0.0,0.0,0.0,1.0,11,3,12,719125,0,6,8,95750
recursive,8,65536,0.0,0.0,0.0,1.0,11,3,13,767291,0,6,8,187958
recursive,8,65536,0.0,0.0,0.0,1.0,11,3,14,702125,0,6,8,155292
recursive,8,65536,0.0,0.0,0.0,1.0,11,3,15,659875,0,6,8,75583
recursive,8,65536,0.0,0.0,0.0,1.0,11,3,16,700292,0,6,8,83708
recursive,8,65536,0.0,0.0,0.0,1.0,11,3,17,680458,0,6,8,60417
recursive,8,65536,0.0,0.0,0.0,1.0,11,3,18,691250,0,6,8,90167
recursive,8,65536,0.0,0.0,0.0,1.0,11,3,19,795750,0,6,8,116625
recursive,8,65536,0.0,0.0,0.0,1.0,11,3,20,760292,0,6,8,103084
recursive,8,65536,0.0,0.0,0.0,1.0,11,3,21,699625,0,6,8,141500
recursive,8,65536,0.0,0.0,0.0,1.0,11,3,22,732750,0,6,8,127709
recursive,8,65536,0.0,0.0,0.0,1.0,11,3,23,737125,0,6,8,113416
recursive,8,65536,0.0,0.0,0.0,1.0,11,3,24,753125,0,6,8,108834
recursive,8,65536,0.0,0.0,0.0,1.0,11,3,25,821333,0,6,8,138291
recursive,8,65536,0.0,0.0,0.0,1.0,11,3,26,696750,0,6,8,66750
recursive,8,65536,0.0,0.0,0.0,1.0,11,3,27,735375,0,6,8,117750
recursive,8,65536,0.0,0.0,0.0,1.0,11,3,28,730375,0,6,8,116167
recursive,8,65536,0.0,0.0,0.0,1.0,11,3,29,680875,0,6,8,82209
recursive,8,65536,0.0,0.0,0.0,1.0,11,3,30,701167,0,6,8,42292
recursive,8,65536,0.0,0.0,0.0,1.0,11,3,31,774958,0,6,8,138750
recursive,8,65536,0.0,0.0,0.0,1.0,11,3,32,694667,0,6,8,52501
recursive,8,65536,0.0,0.0,0.0,1.0,11,3,33,760584,0,6,8,82334
recursive,8,65536,0.0,0.0,0.0,1.0,11,3,34,744542,0,6,8,87875
recursive,8,65536,0.0,0.0,0.0,1.0,11,3,35,711916,0,6,8,101958
recursive,8,65536,0.0,0.0,0.0,1.0,11,3,36,680291,0,6,8,65416
recursive,8,65536,0.0,0.0,0.0,1.0,11,3,37,695458,0,6,8,92958
recursive,8,65536,0.0,0.0,0.0,1.0,11,3,38,765791,0,6,8,127541
recursive,8,65536,0.0,0.0,0.0,1.0,11,3,39,5042417,0,6,8,4446667
ps,8,8388608,0.0,0.0,0.0,1.0,11,3,0,11703625,0,1,8,5061625
ps,8,8388608,0.0,0.0,0.0,1.0,11,3,1,13114584,0,1,8,4157542
ps,8,8388608,0.0,0.0,0.0,1.0,11,3,2,11594750,0,7,8,4665125
ps,8,8388608,0.0,0.0,0.0,1.0,11,3,3,11502958,0,1,8,5102958
ps,8,8388608,0.0,0.0,0.0,1.0,11,3,4,11313416,0,7,8,4483333
ps,8,8388608,0.0,0.0,0.0,1.0,11,3,5,12316083,0,7,8,5031417
ps,8,8388608,0.0,0.0,0.0,1.0,11,3,6,11424875,0,7,8,4147083
ps,8,8388608,0.0,0.0,0.0,1.0,11,3,7,13843292,0,7,8,5732583
ps,8,8388608,0.0,0.0,0.0,1.0,11,3,8,12184167,0,1,8,5125250
ps,8,8388608,0.0,0.0,0.0,1.0,11,3,9,12242958,0,7,8,4755166
ps,8,8388608,0.0,0.0,0.0,1.0,11,3,10,12337208,0,7,8,5027833
ps,8,8388608,0.0,0.0,0.0,1.0,11,3,11,11655833,0,7,8,4371874
ps,8,8388608,0.0,0.0,0.0,1.0,11,3,12,11893209,0,7,8,4933709
ps,8,8388608,0.0,0.0,0.0,1.0,11,3,13,11805542,0,7,8,4430001
ps,8,8388608,0.0,0.0,0.0,1.0,11,3,14,11787416,0,1,8,4832708
ps,8,8388608,0.0,0.0,0.0,1.0,11,3,15,12220042,0,7,8,4742875
ps,8,8388608,0.0,0.0,0.0,1.0,11,3,16,11760125,0,1,8,4908666
ps,8,8388608,0.0,0.0,0.0,1.0,11,3,17,12150542,0,7,8,5582625
ps,8,8388608,0.0,0.0,0.0,1.0,11,3,18,12931625,0,7,8,5504042
ps,8,8388608,0.0,0.0,0.0,1.0,11,3,19,12373000,0,1,8,4986083
ps,8,8388608,0.0,0.0,0.0,1.0,11,3,20,11614417,0,7,8,5008834
ps,8,8388608,0.0,0.0,0.0,1.0,11,3,21,12519666,0,7,8,5086583
ps,8,8388608,0.0,0.0,0.0,1.0,11,3,22,12670583,0,7,8,5127583
ps,8,8388608,0.0,0.0,0.0,1.0,11,3,23,12271667,0,7,8,4995209
ps,8,8388608,0.0,0.0,0.0,1.0,11,3,24,13293042,0,7,8,5116333
ps,8,8388608,0.0,0.0,0.0,1.0,11,3,25,13037292,0,7,8,5469001
ps,8,8388608,0.0,0.0,0.0,1.0,11,3,26,13184125,0,7,8,5701625
ps,8,8388608,0.0,0.0,0.0,1.0,11,3,27,13106459,0,7,8,5279000
ps,8,8388608,0.0,0.0,0.0,1.0,11,3,28,12809791,0,7,8,5479874
ps,8,8388608,0.0,0.0,0.0,1.0,11,3,29,12240250,0,7,8,5357917
ps,8,8388608,0.0,0.0,0.0,1.0,11,3,30,13269208,0,1,8,5525958
ps,8,8388608,0.0,0.0,0.0,1.0,11,3,31,13193834,0,1,8,5218626
ps,8,8388608,0.0,0.0,0.0,1.0,11,3,32,12782292,0,7,8,4909834
ps,8,8388608,0.0,0.0,0.0,1.0,11,3,33,13933417,0,7,8,5668000
ps,8,8388608,0.0,0.0,0.0,1.0,11,3,34,14556375,0,7,8,6267125
ps,8,8388608,0.0,0.0,0.0,1.0,11,3,35,13563458,0,7,8,5143041
ps,8,8388608,0.0,0.0,0.0,1.0,11,3,36,13330375,0,1,8,5345459
ps,8,8388608,0.0,0.0,0.0,1.0,11,3,37,13840042,0,1,8,5614792
ps,8,8388608,0.0,0.0,0.0,1.0,11,3,38,12763791,0,7,8,5291333
ps,8,8388608,0.0,0.0,0.0,1.0,11,3,39,12686292,0,1,8,4907959
ps,8,4096,0.0,0.0,0.0,1.0,11,3,0,533167,0,1,8,79709
ps,8,4096,0.0,0.0,0.0,1.0,11,3,1,408875,0,1,8,43334
ps,8,4096,0.0,0.0,0.0,1.0,11,3,2,523750,0,7,8,84833
ps,8,4096,0.0,0.0,0.0,1.0,11,3,3,534375,0,1,8,116292
ps,8,4096,0.0,0.0,0.0,1.0,11,3,4,591417,0,1,8,81834
ps,8,4096,0.0,0.0,0.0,1.0,11,3,5,1001125,0,1,8,166250
ps,8,4096,0.0,0.0,0.0,1.0,11,3,6,568167,0,1,8,113542
ps,8,4096,0.0,0.0,0.0,1.0,11,3,7,766166,0,1,8,222249
ps,8,4096,0.0,0.0,0.0,1.0,11,3,8,545167,0,1,8,90500
ps,8,4096,0.0,0.0,0.0,1.0,11,3,9,561542,0,7,8,131042
ps,8,4096,0.0,0.0,0.0,1.0,11,3,10,538084,0,1,8,95501
ps,8,4096,0.0,0.0,0.0,1.0,11,3,11,480542,0,1,8,93208
ps,8,4096,0.0,0.0,0.0,1.0,11,3,12,576916,0,1,8,198708
ps,8,4096,0.0,0.0,0.0,1.0,11,3,13,678917,0,1,8,195459
ps,8,4096,0.0,0.0,0.0,1.0,11,3,14,517000,0,1,8,110833
ps,8,4096,0.0,0.0,0.0,1.0,11,3,15,358750,0,1,8,72875
ps,8,4096,0.0,0.0,0.0,1.0,11,3,16,341000,0,1,8,80125
ps,8,4096,0.0,0.0,0.0,1.0,11,3,17,437250,0,1,8,82292
ps,8,4096,0.0,0.0,0.0,1.0,11,3,18,465917,0,1,8,102667
ps,8,4096,0.0,0.0,0.0,1.0,11,3,19,491834,0,7,8,66043
ps,8,4096,0.0,0.0,0.0,1.0,11,3,20,570750,0,1,8,150375
ps,8,4096,0.0,0.0,0.0,1.0,11,3,21,470583,0,1,8,69166
ps,8,4096,0.0,0.0,0.0,1.0,11,3,22,520125,0,1,8,134292
ps,8,4096,0.0,0.0,0.0,1.0,11,3,23,431250,0,1,8,36208
ps,8,4096,0.0,0.0,0.0,1.0,11,3,24,453959,0,1,8,89584
ps,8,4096,0.0,0.0,0.0,1.0,11,3,25,747250,0,1,8,197708
ps,8,4096,0.0,0.0,0.0,1.0,11,3,26,476459,0,1,8,86875
ps,8,4096,0.0,0.0,0.0,1.0,11,3,27,462542,0,7,8,43875
ps,8,4096,0.0,0.0,0.0,1.0,11,3,28,522167,0,1,8,77958
ps,8,4096,0.0,0.0,0.0,1.0,11,3,29,568625,0,1,8,65459
ps,8,4096,0.0,0.0,0.0,1.0,11,3,30,519666,0,7,8,76125
ps,8,4096,0.0,0.0,0.0,1.0,11,3,31,469334,0,1,8,98418
ps,8,4096,0.0,0.0,0.0,1.0,11,3,32,442500,0,7,8,76833
ps,8,4096,0.0,0.0,0.0,1.0,11,3,33,458250,0,7,8,72667
ps,8,4096,0.0,0.0,0.0,1.0,11,3,34,496042,0,1,8,138000
ps,8,4096,0.0,0.0,0.0,1.0,11,3,35,859208,0,1,8,133416
ps,8,4096,0.0,0.0,0.0,1.0,11,3,36,480417,0,7,8,70208
ps,8,4096,0.0,0.0,0.0,1.0,11,3,37,515625,0,1,8,91500
ps,8,4096,0.0,0.0,0.0,1.0,11,3,38,472125,0,1,8,114916
ps,8,4096,0.0,0.0,0.0,1.0,11,3,39,650541,0,1,8,204707
recursive,8,8388608,0.0,0.0,0.0,1.0,11,3,0,11406542,0,6,8,1507167
recursive,8,8388608,0.0,0.0,0.0,1.0,11,3,1,13324000,0,6,8,866500
recursive,8,8388608,0.0,0.0,0.0,1.0,11,3,2,12494834,0,6,8,1070293
recursive,8,8388608,0.0,0.0,0.0,1.0,11,3,3,12162375,0,6,8,1928875
recursive,8,8388608,0.0,0.0,0.0,1.0,11,3,4,11991125,0,6,8,2025583
recursive,8,8388608,0.0,0.0,0.0,1.0,11,3,5,12180667,0,6,8,2034750
recursive,8,8388608,0.0,0.0,0.0,1.0,11,3,6,12314542,0,6,8,1853376
recursive,8,8388608,0.0,0.0,0.0,1.0,11,3,7,12637750,0,6,8,639250
recursive,8,8388608,0.0,0.0,0.0,1.0,11,3,8,12068750,0,6,8,1398417
recursive,8,8388608,0.0,0.0,0.0,1.0,11,3,9,12282750,0,6,8,1393208
recursive,8,8388608,0.0,0.0,0.0,1.0,11,3,10,12117750,0,6,8,1051750
recursive,8,8388608,0.0,0.0,0.0,1.0,11,3,11,12951833,0,6,8,1923750
recursive,8,8388608,0.0,0.0,0.0,1.0,11,3,12,12331750,0,6,8,1822084
recursive,8,8388608,0.0,0.0,0.0,1.0,11,3,13,12750166,0,6,8,996624
recursive,8,8388608,0.0,0.0,0.0,1.0,11,3,14,12048541,0,6,8,2024291
recursive,8,8388608,0.0,0.0,0.0,1.0,11,3,15,11806125,0,6,8,1321750
recursive,8,8388608,0.0,0.0,0.0,1.0,11,3,16,11573458,0,6,8,1877708
recursive,8,8388608,0.0,0.0,0.0,1.0,11,3,17,11886458,0,6,8,1421499
recursive,8,8388608,0.0,0.0,0.0,1.0,11,3,18,12960708,0,6,8,792416
recursive,8,8388608,0.0,0.0,0.0,1.0,11,3,19,12195167,0,6,8,1704959
recursive,8,8388608,0.0,0.0,0.0,1.0,11,3,20,11959833,0,6,8,1286333
recursive,8,8388608,0.0,0.0,0.0,1.0,11,3,21,12689292,0,6,8,1153792
recursive,8,8388608,0.0,0.0,0.0,1.0,11,3,22,13115875,0,6,8,783583
recursive,8,8388608,0.0,0.0,0.0,1.0,11,3,23,13173375,0,6,8,721000
recursive,8,8388608,0.0,0.0,0.0,1.0,11,3,24,12350042,0,6,8,1484875
recursive,8,8388608,0.0,0.0,0.0,1.0,11,3,25,12303958,0,6,8,1047000
recursive,8,8388608,0.0,0.0,0.0,1.0,11,3,26,12319459,0,6,8,1172292
recursive,8,8388608,0.0,0.0,0.0,1.0,11,3,27,12062875,0,6,8,1712208
recursive,8,8388608,0.0,0.0,0.0,1.0,11,3,28,11841000,0,6,8,2052292
recursive,8,8388608,0.0,0.0,0.0,1.0,11,3,29,11999583,0,6,8,1109250
recursive,8,8388608,0.0,0.0,0.0,1.0,11,3,30,11910041,0,6,8,1836957
recursive,8,8388608,0.0,0.0,0.0,1.0,11,3,31,13186166,0,6,8,1729291
recursive,8,8388608,0.0,0.0,0.0,1.0,11,3,32,12176459,0,6,8,2029709
recursive,8,8388608,0.0,0.0,0.0,1.0,11,3,33,11604875,0,6,8,1202750
recursive,8,8388608,0.0,0.0,0.0,1.0,11,3,34,11626875,0,6,8,616042
recursive,8,8388608,0.0,0.0,0.0,1.0,11,3,35,12090542,0,6,8,1140417
recursive,8,8388608,0.0,0.0,0.0,1.0,11,3,36,12558833,0,6,8,1696583
recursive,8,8388608,0.0,0.0,0.0,1.0,11,3,37,12218167,0,6,8,1510667
recursive,8,8388608,0.0,0.0,0.0,1.0,11,3,38,12272375,0,6,8,2153334
recursive,8,8388608,0.0,0.0,0.0,1.0,11,3,39,13415459,0,6,8,960084
ring,8,8388608,0.0,0.0,0.0,1.0,11,3,0,10642667,0,14,8,547625
ring,8,8388608,0.0,0.0,0.0,1.0,11,3,1,10670916,0,14,8,719624
ring,8,8388608,0.0,0.0,0.0,1.0,11,3,2,11313541,0,14,8,1250083
ring,8,8388608,0.0,0.0,0.0,1.0,11,3,3,13786042,0,14,8,1711625
ring,8,8388608,0.0,0.0,0.0,1.0,11,3,4,11676084,0,14,8,897084
ring,8,8388608,0.0,0.0,0.0,1.0,11,3,5,12428583,0,14,8,692416
ring,8,8388608,0.0,0.0,0.0,1.0,11,3,6,10920083,0,14,8,1049208
ring,8,8388608,0.0,0.0,0.0,1.0,11,3,7,10192291,0,14,8,785749
ring,8,8388608,0.0,0.0,0.0,1.0,11,3,8,11386583,0,14,8,935333
ring,8,8388608,0.0,0.0,0.0,1.0,11,3,9,11354750,0,14,8,860834
ring,8,8388608,0.0,0.0,0.0,1.0,11,3,10,10955125,0,14,8,820750
ring,8,8388608,0.0,0.0,0.0,1.0,11,3,11,11329625,0,14,8,547292
ring,8,8388608,0.0,0.0,0.0,1.0,11,3,12,10883125,0,14,8,688334
ring,8,8388608,0.0,0.0,0.0,1.0,11,3,13,10581500,0,14,8,703459
ring,8,8388608,0.0,0.0,0.0,1.0,11,3,14,10935000,0,14,8,821458
ring,8,8388608,0.0,0.0,0.0,1.0,11,3,15,10597375,0,14,8,837583
ring,8,8388608,0.0,0.0,0.0,1.0,11,3,16,10491042,0,14,8,706126
ring,8,8388608,0.0,0.0,0.0,1.0,11,3,17,9942958,0,14,8,482999
ring,8,8388608,0.0,0.0,0.0,1.0,11,3,18,10555959,0,14,8,797500
ring,8,8388608,0.0,0.0,0.0,1.0,11,3,19,15293583,0,14,8,773625
ring,8,8388608,0.0,0.0,0.0,1.0,11,3,20,14279708,0,14,8,533458
ring,8,8388608,0.0,0.0,0.0,1.0,11,3,21,10658666,0,14,8,639374
ring,8,8388608,0.0,0.0,0.0,1.0,11,3,22,11688083,0,14,8,603916
ring,8,8388608,0.0,0.0,0.0,1.0,11,3,23,11980875,0,14,8,751958
ring,8,8388608,0.0,0.0,0.0,1.0,11,3,24,11112917,0,14,8,692708
ring,8,8388608,0.0,0.0,0.0,1.0,11,3,25,11243667,0,14,8,785125
ring,8,8388608,0.0,0.0,0.0,1.0,11,3,26,11089334,0,14,8,765875
ring,8,8388608,0.0,0.0,0.0,1.0,11,3,27,11385292,0,14,8,740417
ring,8,8388608,0.0,0.0,0.0,1.0,11,3,28,10190459,0,14,8,577167
ring,8,8388608,0.0,0.0,0.0,1.0,11,3,29,10977375,0,14,8,768667
ring,8,8388608,0.0,0.0,0.0,1.0,11,3,30,10882541,0,14,8,603250
ring,8,8388608,0.0,0.0,0.0,1.0,11,3,31,11821917,0,14,8,1167626
ring,8,8388608,0.0,0.0,0.0,1.0,11,3,32,10682833,0,14,8,687000
ring,8,8388608,0.0,0.0,0.0,1.0,11,3,33,11128959,0,14,8,709001
ring,8,8388608,0.0,0.0,0.0,1.0,11,3,34,10284667,0,14,8,878792
ring,8,8388608,0.0,0.0,0.0,1.0,11,3,35,11052792,0,14,8,703376
ring,8,8388608,0.0,0.0,0.0,1.0,11,3,36,10870417,0,14,8,607209
ring,8,8388608,0.0,0.0,0.0,1.0,11,3,37,10311333,0,14,8,689708
ring,8,8388608,0.0,0.0,0.0,1.0,11,3,38,10122292,0,14,8,647167
ring,8,8388608,0.0,0.0,0.0,1.0,11,3,39,10055958,0,14,8,407375
ps,8,4096,0.0,0.0,0.0,1.0,11,4,0,857875,0,1,8,183333
ps,8,4096,0.0,0.0,0.0,1.0,11,4,1,554000,0,1,8,90333
ps,8,4096,0.0,0.0,0.0,1.0,11,4,2,475334,0,1,8,18334
ps,8,4096,0.0,0.0,0.0,1.0,11,4,3,485041,0,1,8,38791
ps,8,4096,0.0,0.0,0.0,1.0,11,4,4,474375,0,7,8,34708
ps,8,4096,0.0,0.0,0.0,1.0,11,4,5,527291,0,1,8,38791
ps,8,4096,0.0,0.0,0.0,1.0,11,4,6,552459,0,1,8,36376
ps,8,4096,0.0,0.0,0.0,1.0,11,4,7,506167,0,1,8,28084
ps,8,4096,0.0,0.0,0.0,1.0,11,4,8,517167,0,1,8,36042
ps,8,4096,0.0,0.0,0.0,1.0,11,4,9,611125,0,1,8,83625
ps,8,4096,0.0,0.0,0.0,1.0,11,4,10,600792,0,1,8,53917
ps,8,4096,0.0,0.0,0.0,1.0,11,4,11,576375,0,7,8,54750
ps,8,4096,0.0,0.0,0.0,1.0,11,4,12,612750,0,1,8,61000
ps,8,4096,0.0,0.0,0.0,1.0,11,4,13,682750,0,1,8,64000
ps,8,4096,0.0,0.0,0.0,1.0,11,4,14,682625,0,1,8,61917
ps,8,4096,0.0,0.0,0.0,1.0,11,4,15,750750,0,7,8,87791
ps,8,4096,0.0,0.0,0.0,1.0,11,4,16,3237750,0,1,8,514334
ps,8,4096,0.0,0.0,0.0,1.0,11,4,17,2081250,0,1,8,614458
ps,8,4096,0.0,0.0,0.0,1.0,11,4,18,1407917,0,1,8,612792
ps,8,4096,0.0,0.0,0.0,1.0,11,4,19,1955667,0,1,8,490875
ps,8,4096,0.0,0.0,0.0,1.0,11,4,20,1052583,0,1,8,82333
ps,8,4096,0.0,0.0,0.0,1.0,11,4,21,1036166,0,7,8,87166
ps,8,4096,0.0,0.0,0.0,1.0,11,4,22,828542,0,1,8,57959
ps,8,4096,0.0,0.0,0.0,1.0,11,4,23,1099042,0,1,8,218583
ps,8,4096,0.0,0.0,0.0,1.0,11,4,24,1042792,0,1,8,232417
ps,8,4096,0.0,0.0,0.0,1.0,11,4,25,697958,0,1,8,137458
ps,8,4096,0.0,0.0,0.0,1.0,11,4,26,620000,0,7,8,67500
ps,8,4096,0.0,0.0,0.0,1.0,11,4,27,643209,0,1,8,51917
ps,8,4096,0.0,0.0,0.0,1.0,11,4,28,466875,0,1,8,98542
ps,8,4096,0.0,0.0,0.0,1.0,11,4,29,641042,0,7,8,142917
ps,8,4096,0.0,0.0,0.0,1.0,11,4,30,427458,0,7,8,80249
ps,8,4096,0.0,0.0,0.0,1.0,11,4,31,483834,0,7,8,82668
ps,8,4096,0.0,0.0,0.0,1.0,11,4,32,513833,0,1,8,92041
ps,8,4096,0.0,0.0,0.0,1.0,11,4,33,427500,0,7,8,59958
ps,8,4096,0.0,0.0,0.0,1.0,11,4,34,417125,0,1,8,93250
ps,8,4096,0.0,0.0,0.0,1.0,11,4,35,432125,0,1,8,79250
ps,8,4096,0.0,0.0,0.0,1.0,11,4,36,454458,0,1,8,58416
ps,8,4096,0.0,0.0,0.0,1.0,11,4,37,451541,0,1,8,65249
ps,8,4096,0.0,0.0,0.0,1.0,11,4,38,459167,0,1,8,66126
ps,8,4096,0.0,0.0,0.0,1.0,11,4,39,448167,0,1,8,110709
ps,8,65536,0.0,0.0,0.0,1.0,11,4,0,547500,0,1,8,139333
ps,8,65536,0.0,0.0,0.0,1.0,11,4,1,555125,0,1,8,100583
ps,8,65536,0.0,0.0,0.0,1.0,11,4,2,500042,0,1,8,80417
ps,8,65536,0.0,0.0,0.0,1.0,11,4,3,527459,0,1,8,104292
ps,8,65536,0.0,0.0,0.0,1.0,11,4,4,514958,0,1,8,98958
ps,8,65536,0.0,0.0,0.0,1.0,11,4,5,491958,0,1,8,78583
ps,8,65536,0.0,0.0,0.0,1.0,11,4,6,527250,0,1,8,118958
ps,8,65536,0.0,0.0,0.0,1.0,11,4,7,574416,0,1,8,64416
ps,8,65536,0.0,0.0,0.0,1.0,11,4,8,557416,0,7,8,130958
ps,8,65536,0.0,0.0,0.0,1.0,11,4,9,550208,0,1,8,92666
ps,8,65536,0.0,0.0,0.0,1.0,11,4,10,525667,0,1,8,97084
ps,8,65536,0.0,0.0,0.0,1.0,11,4,11,535291,0,1,8,123458
ps,8,65536,0.0,0.0,0.0,1.0,11,4,12,494042,0,1,8,102000
ps,8,65536,0.0,0.0,0.0,1.0,11,4,13,509834,0,1,8,120251
ps,8,65536,0.0,0.0,0.0,1.0,11,4,14,640458,0,1,8,156208
ps,8,65536,0.0,0.0,0.0,1.0,11,4,15,640459,0,1,8,106459
ps,8,65536,0.0,0.0,0.0,1.0,11,4,16,549000,0,1,8,67125
ps,8,65536,0.0,0.0,0.0,1.0,11,4,17,797167,0,1,8,163250
ps,8,65536,0.0,0.0,0.0,1.0,11,4,18,843750,0,1,8,185791
ps,8,65536,0.0,0.0,0.0,1.0,11,4,19,570625,0,7,8,85750
ps,8,65536,0.0,0.0,0.0,1.0,11,4,20,764125,0,1,8,156792
ps,8,65536,0.0,0.0,0.0,1.0,11,4,21,873333,0,1,8,163958
ps,8,65536,0.0,0.0,0.0,1.0,11,4,22,581625,0,7,8,93459
ps,8,65536,0.0,0.0,0.0,1.0,11,4,23,672500,0,1,8,88334
ps,8,65536,0.0,0.0,0.0,1.0,11,4,24,668500,0,1,8,148209
ps,8,65536,0.0,0.0,0.0,1.0,11,4,25,528125,0,1,8,114042
ps,8,65536,0.0,0.0,0.0,1.0,11,4,26,686917,0,1,8,121875
ps,8,65536,0.0,0.0,0.0,1.0,11,4,27,625792,0,1,8,105542
ps,8,65536,0.0,0.0,0.0,1.0,11,4,28,558625,0,1,8,114042
ps,8,65536,0.0,0.0,0.0,1.0,11,4,29,537167,0,1,8,132250
ps,8,65536,0.0,0.0,0.0,1.0,11,4,30,517833,0,7,8,78999
ps,8,65536,0.0,0.0,0.0,1.0,11,4,31,502875,0,1,8,62500
ps,8,65536,0.0,0.0,0.0,1.0,11,4,32,549458,0,1,8,83708
ps,8,65536,0.0,0.0,0.0,1.0,11,4,33,575208,0,1,8,93083
ps,8,65536,0.0,0.0,0.0,1.0,11,4,34,610375,0,1,8,69500
ps,8,65536,0.0,0.0,0.0,1.0,11,4,35,563292,0,1,8,102333
ps,8,65536,0.0,0.0,0.0,1.0,11,4,36,556375,0,1,8,112166
ps,8,65536,0.0,0.0,0.0,1.0,11,4,37,592292,0,1,8,74292
ps,8,65536,0.0,0.0,0.0,1.0,11,4,38,572125,0,7,8,173166
ps,8,65536,0.0,0.0,0.0,1.0,11,4,39,551917,0,1,8,105251
recursive,8,1048576,0.0,0.0,0.0,1.0,11,4,0,2328458,0,6,8,397167
recursive,8,1048576,0.0,0.0,0.0,1.0,11,4,1,2189167,0,6,8,355292
recursive,8,1048576,0.0,0.0,0.0,1.0,11,4,2,2243500,0,6,8,418458
recursive,8,1048576,0.0,0.0,0.0,1.0,11,4,3,2251458,0,6,8,413375
recursive,8,1048576,0.0,0.0,0.0,1.0,11,4,4,2432250,0,6,8,273500
recursive,8,1048576,0.0,0.0,0.0,1.0,11,4,5,2299167,0,6,8,348000
recursive,8,1048576,0.0,0.0,0.0,1.0,11,4,6,2440250,0,6,8,502417
recursive,8,1048576,0.0,0.0,0.0,1.0,11,4,7,2251667,0,6,8,361625
recursive,8,1048576,0.0,0.0,0.0,1.0,11,4,8,2488209,0,6,8,570126
recursive,8,1048576,0.0,0.0,0.0,1.0,11,4,9,2424000,0,6,8,425375
recursive,8,1048576,0.0,0.0,0.0,1.0,11,4,10,2566542,0,6,8,206833
recursive,8,1048576,0.0,0.0,0.0,1.0,11,4,11,2275334,0,6,8,315876
recursive,8,1048576,0.0,0.0,0.0,1.0,11,4,12,2170042,0,6,8,326750
recursive,8,1048576,0.0,0.0,0.0,1.0,11,4,13,2259750,0,6,8,511500
recursive,8,1048576,0.0,0.0,0.0,1.0,11,4,14,2226250,0,6,8,457333
recursive,8,1048576,0.0,0.0,0.0,1.0,11,4,15,2342667,0,6,8,263750
recursive,8,1048576,0.0,0.0,0.0,1.0,11,4,16,2124708,0,6,8,395375
recursive,8,1048576,0.0,0.0,0.0,1.0,11,4,17,2322208,0,6,8,394083
recursive,8,1048576,0.0,0.0,0.0,1.0,11,4,18,2201792,0,6,8,416167
recursive,8,1048576,0.0,0.0,0.0,1.0,11,4,19,2520666,0,6,8,393750
recursive,8,1048576,0.0,0.0,0.0,1.0,11,4,20,2150583,0,6,8,331291
recursive,8,1048576,0.0,0.0,0.0,1.0,11,4,21,2031917,0,6,8,347834
recursive,8,1048576,0.0,0.0,0.0,1.0,11,4,22,2413500,0,6,8,297917
recursive,8,1048576,0.0,0.0,0.0,1.0,11,4,23,2121416,0,6,8,411250
recursive,8,1048576,0.0,0.0,0.0,1.0,11,4,24,2405417,0,6,8,341084
recursive,8,1048576,0.0,0.0,0.0,1.0,11,4,25,2485375,0,6,8,355083
recursive,8,1048576,0.0,0.0,0.0,1.0,11,4,26,2318709,0,6,8,356168
recursive,8,1048576,0.0,0.0,0.0,1.0,11,4,27,2074792,0,6,8,337708
recursive,8,1048576,0.0,0.0,0.0,1.0,11,4,28,2177833,0,6,8,447000
recursive,8,1048576,0.0,0.0,0.0,1.0,11,4,29,2480000,0,6,8,230083
recursive,8,1048576,0.0,0.0,0.0,1.0,11,4,30,1982542,0,6,8,393376
recursive,8,1048576,0.0,0.0,0.0,1.0,11,4,31,2251083,0,6,8,275833
recursive,8,1048576,0.0,0.0,0.0,1.0,11,4,32,2364250,0,6,8,392958
recursive,8,1048576,0.0,0.0,0.0,1.0,11,4,33,2357667,0,6,8,324417
recursive,8,1048576,0.0,0.0,0.0,1.0,11,4,34,2159250,0,6,8,355916
recursive,8,1048576,0.0,0.0,0.0,1.0,11,4,35,2235292,0,6,8,266084
recursive,8,1048576,0.0,0.0,0.0,1.0,11,4,36,2109541,0,6,8,373291
recursive,8,1048576,0.0,0.0,0.0,1.0,11,4,37,2070750,0,6,8,544833
recursive,8,1048576,0.0,0.0,0.0,1.0,11,4,38,2190792,0,6,8,266208
recursive,8,1048576,0.0,0.0,0.0,1.0,11,4,39,2489458,0,6,8,416000
ps,8,1048576,0.0,0.0,0.0,1.0,11,4,0,2168250,0,1,8,572167
ps,8,1048576,0.0,0.0,0.0,1.0,11,4,1,1894083,0,1,8,507666
ps,8,1048576,0.0,0.0,0.0,1.0,11,4,2,2189458,0,1,8,647083
ps,8,1048576,0.0,0.0,0.0,1.0,11,4,3,2335209,0,7,8,705459
ps,8,1048576,0.0,0.0,0.0,1.0,11,4,4,2060917,0,1,8,707833
ps,8,1048576,0.0,0.0,0.0,1.0,11,4,5,2045666,0,1,8,531082
ps,8,1048576,0.0,0.0,0.0,1.0,11,4,6,2013958,0,1,8,671833
ps,8,1048576,0.0,0.0,0.0,1.0,11,4,7,2126000,0,1,8,490250
ps,8,1048576,0.0,0.0,0.0,1.0,11,4,8,1847750,0,1,8,448042
ps,8,1048576,0.0,0.0,0.0,1.0,11,4,9,1934375,0,7,8,512750
ps,8,1048576,0.0,0.0,0.0,1.0,11,4,10,2207708,0,7,8,646249
ps,8,1048576,0.0,0.0,0.0,1.0,11,4,11,1991125,0,1,8,598958
ps,8,1048576,0.0,0.0,0.0,1.0,11,4,12,1937500,0,1,8,563625
ps,8,1048576,0.0,0.0,0.0,1.0,11,4,13,2224917,0,1,8,700167
ps,8,1048576,0.0,0.0,0.0,1.0,11,4,14,1924791,0,7,8,556708
ps,8,1048576,0.0,0.0,0.0,1.0,11,4,15,1971500,0,1,8,649708
ps,8,1048576,0.0,0.0,0.0,1.0,11,4,16,2006834,0,1,8,597292
ps,8,1048576,0.0,0.0,0.0,1.0,11,4,17,2339041,0,1,8,722791
ps,8,1048576,0.0,0.0,0.0,1.0,11,4,18,2075875,0,1,8,609583
ps,8,1048576,0.0,0.0,0.0,1.0,11,4,19,1995000,0,7,8,636959
ps,8,1048576,0.0,0.0,0.0,1.0,11,4,20,1996542,0,1,8,562583
ps,8,1048576,0.0,0.0,0.0,1.0,11,4,21,2252750,0,7,8,645375
ps,8,1048576,0.0,0.0,0.0,1.0,11,4,22,2041375,0,1,8,619167
ps,8,1048576,0.0,0.0,0.0,1.0,11,4,23,2059541,0,1,8,559541
ps,8,1048576,0.0,0.0,0.0,1.0,11,4,24,2099666,0,1,8,669499
ps,8,1048576,0.0,0.0,0.0,1.0,11,4,25,2165708,0,1,8,566999
ps,8,1048576,0.0,0.0,0.0,1.0,11,4,26,2110542,0,1,8,708501
ps,8,1048576,0.0,0.0,0.0,1.0,11,4,27,1981667,0,7,8,558334
ps,8,1048576,0.0,0.0,0.0,1.0,11,4,28,2049375,0,1,8,648959
ps,8,1048576,0.0,0.0,0.0,1.0,11,4,29,2057625,0,1,8,633583
ps,8,1048576,0.0,0.0,0.0,1.0,11,4,30,2269417,0,1,8,622375
ps,8,1048576,0.0,0.0,0.0,1.0,11,4,31,2263958,0,7,8,750792
ps,8,1048576,0.0,0.0,0.0,1.0,11,4,32,1877333,0,1,8,511166
ps,8,1048576,0.0,0.0,0.0,1.0,11,4,33,2093625,0,1,8,600500
ps,8,1048576,0.0,0.0,0.0,1.0,11,4,34,2152250,0,1,8,705416
ps,8,1048576,0.0,0.0,0.0,1.0,11,4,35,2552583,0,1,8,610833
ps,8,1048576,0.0,0.0,0.0,1.0,11,4,36,2297084,0,7,8,708500
ps,8,1048576,0.0,0.0,0.0,1.0,11,4,37,2298584,0,1,8,646584
ps,8,1048576,0.0,0.0,0.0,1.0,11,4,38,2284584,0,1,8,615917
ps,8,1048576,0.0,0.0,0.0,1.0,11,4,39,2134917,0,1,8,628375
ring,8,65536,0.0,0.0,0.0,1.0,11,4,0,1576000,0,14,8,104959
ring,8,65536,0.0,0.0,0.0,1.0,11,4,1,1591667,0,14,8,138500
ring,8,65536,0.0,0.0,0.0,1.0,11,4,2,1533166,0,14,8,144541
ring,8,65536,0.0,0.0,0.0,1.0,11,4,3,1459917,0,14,8,145209
ring,8,65536,0.0,0.0,0.0,1.0,11,4,4,1558083,0,14,8,82625
ring,8,65536,0.0,0.0,0.0,1.0,11,4,5,1463125,0,14,8,82916
ring,8,65536,0.0,0.0,0.0,1.0,11,4,6,1747916,0,14,8,126875
ring,8,65536,0.0,0.0,0.0,1.0,11,4,7,1562542,0,14,8,116583
ring,8,65536,0.0,0.0,0.0,1.0,11,4,8,1509416,0,14,8,112416
ring,8,65536,0.0,0.0,0.0,1.0,11,4,9,1483333,0,14,8,72708
ring,8,65536,0.0,0.0,0.0,1.0,11,4,10,1502292,0,14,8,103458
ring,8,65536,0.0,0.0,0.0,1.0,11,4,11,1609959,0,14,8,111251
ring,8,65536,0.0,0.0,0.0,1.0,11,4,12,1512792,0,14,8,112042
ring,8,65536,0.0,0.0,0.0,1.0,11,4,13,1409583,0,14,8,66667
ring,8,65536,0.0,0.0,0.0,1.0,11,4,14,1474125,0,14,8,44250
ring,8,65536,0.0,0.0,0.0,1.0,11,4,15,1576250,0,14,8,140333
ring,8,65536,0.0,0.0,0.0,1.0,11,4,16,1485625,0,14,8,80167
ring,8,65536,0.0,0.0,0.0,1.0,11,4,17,1499292,0,14,8,118167
ring,8,65536,0.0,0.0,0.0,1.0,11,4,18,1457208,0,14,8,85916
ring,8,65536,0.0,0.0,0.0,1.0,11,4,19,1528917,0,14,8,127084
ring,8,65536,0.0,0.0,0.0,1.0,11,4,20,1569791,0,14,8,103791
ring,8,65536,0.0,0.0,0.0,1.0,11,4,21,1533792,0,14,8,101417
ring,8,65536,0.0,0.0,0.0,1.0,11,4,22,1488375,0,14,8,85708
ring,8,65536,0.0,0.0,0.0,1.0,11,4,23,1593250,0,14,8,86625
ring,8,65536,0.0,0.0,0.0,1.0,11,4,24,1639500,0,14,8,151833
ring,8,65536,0.0,0.0,0.0,1.0,11,4,25,1549375,0,14,8,81708
ring,8,65536,0.0,0.0,0.0,1.0,11,4,26,1480000,0,14,8,76958
ring,8,65536,0.0,0.0,0.0,1.0,11,4,27,1455917,0,14,8,108917
ring,8,65536,0.0,0.0,0.0,1.0,11,4,28,1491917,0,14,8,103750
ring,8,65536,0.0,0.0,0.0,1.0,11,4,29,1460042,0,14,8,56417
ring,8,65536,0.0,0.0,0.0,1.0,11,4,30,1434584,0,14,8,119667
ring,8,65536,0.0,0.0,0.0,1.0,11,4,31,1507584,0,14,8,85209
ring,8,65536,0.0,0.0,0.0,1.0,11,4,32,1479042,0,14,8,91125
ring,8,65536,0.0,0.0,0.0,1.0,11,4,33,1555875,0,14,8,161709
ring,8,65536,0.0,0.0,0.0,1.0,11,4,34,1471166,0,14,8,126832
ring,8,65536,0.0,0.0,0.0,1.0,11,4,35,1426000,0,14,8,107167
ring,8,65536,0.0,0.0,0.0,1.0,11,4,36,1398375,0,14,8,41875
ring,8,65536,0.0,0.0,0.0,1.0,11,4,37,1494584,0,14,8,148584
ring,8,65536,0.0,0.0,0.0,1.0,11,4,38,1550250,0,14,8,70916
ring,8,65536,0.0,0.0,0.0,1.0,11,4,39,1986709,0,14,8,481334
ring,8,8388608,0.0,0.0,0.0,1.0,11,4,0,12205791,0,14,8,1296916
ring,8,8388608,0.0,0.0,0.0,1.0,11,4,1,12915750,0,14,8,1030083
ring,8,8388608,0.0,0.0,0.0,1.0,11,4,2,11079291,0,14,8,659791
ring,8,8388608,0.0,0.0,0.0,1.0,11,4,3,12173792,0,14,8,674417
ring,8,8388608,0.0,0.0,0.0,1.0,11,4,4,10927083,0,14,8,651875
ring,8,8388608,0.0,0.0,0.0,1.0,11,4,5,11442417,0,14,8,1079167
ring,8,8388608,0.0,0.0,0.0,1.0,11,4,6,10518125,0,14,8,852375
ring,8,8388608,0.0,0.0,0.0,1.0,11,4,7,10655584,0,14,8,579668
ring,8,8388608,0.0,0.0,0.0,1.0,11,4,8,10389542,0,14,8,785042
ring,8,8388608,0.0,0.0,0.0,1.0,11,4,9,10130750,0,14,8,794208
ring,8,8388608,0.0,0.0,0.0,1.0,11,4,10,10818250,0,14,8,828708
ring,8,8388608,0.0,0.0,0.0,1.0,11,4,11,11539000,0,14,8,782916
ring,8,8388608,0.0,0.0,0.0,1.0,11,4,12,10578625,0,14,8,556167
ring,8,8388608,0.0,0.0,0.0,1.0,11,4,13,10543458,0,14,8,707958
ring,8,8388608,0.0,0.0,0.0,1.0,11,4,14,11118042,0,14,8,553542
ring,8,8388608,0.0,0.0,0.0,1.0,11,4,15,10656042,0,14,8,611667
ring,8,8388608,0.0,0.0,0.0,1.0,11,4,16,10714500,0,14,8,599917
ring,8,8388608,0.0,0.0,0.0,1.0,11,4,17,10981708,0,14,8,400292
ring,8,8388608,0.0,0.0,0.0,1.0,11,4,18,10856875,0,14,8,986583
ring,8,8388608,0.0,0.0,0.0,1.0,11,4,19,11316291,0,14,8,669666
ring,8,8388608,0.0,0.0,0.0,1.0,11,4,20,10998042,0,14,8,667792
ring,8,8388608,0.0,0.0,0.0,1.0,11,4,21,11494458,0,14,8,642791
ring,8,8388608,0.0,0.0,0.0,1.0,11,4,22,11742542,0,14,8,768583
ring,8,8388608,0.0,0.0,0.0,1.0,11,4,23,10184333,0,14,8,548750
ring,8,8388608,0.0,0.0,0.0,1.0,11,4,24,10055875,0,14,8,377708
ring,8,8388608,0.0,0.0,0.0,1.0,11,4,25,11353458,0,14,8,714750
ring,8,8388608,0.0,0.0,0.0,1.0,11,4,26,10979000,0,14,8,559916
ring,8,8388608,0.0,0.0,0.0,1.0,11,4,27,10598084,0,14,8,688834
ring,8,8388608,0.0,0.0,0.0,1.0,11,4,28,11451250,0,14,8,850167
ring,8,8388608,0.0,0.0,0.0,1.0,11,4,29,10526708,0,14,8,602208
ring,8,8388608,0.0,0.0,0.0,1.0,11,4,30,11050000,0,14,8,873750
ring,8,8388608,0.0,0.0,0.0,1.0,11,4,31,11371458,0,14,8,732000
ring,8,8388608,0.0,0.0,0.0,1.0,11,4,32,10978334,0,14,8,567417
ring,8,8388608,0.0,0.0,0.0,1.0,11,4,33,10878333,0,14,8,549875
ring,8,8388608,0.0,0.0,0.0,1.0,11,4,34,11951333,0,14,8,1041083
ring,8,8388608,0.0,0.0,0.0,1.0,11,4,35,11771291,0,14,8,867832
ring,8,8388608,0.0,0.0,0.0,1.0,11,4,36,11165917,0,14,8,718459
ring,8,8388608,0.0,0.0,0.0,1.0,11,4,37,10168583,0,14,8,500458
ring,8,8388608,0.0,0.0,0.0,1.0,11,4,38,10826916,0,14,8,1026541
ring,8,8388608,0.0,0.0,0.0,1.0,11,4,39,10450958,0,14,8,218375
recursive,8,4096,0.0,0.0,0.0,1.0,11,4,0,679208,0,6,8,97374
recursive,8,4096,0.0,0.0,0.0,1.0,11,4,1,705917,0,6,8,81083
recursive,8,4096,0.0,0.0,0.0,1.0,11,4,2,651167,0,6,8,89542
recursive,8,4096,0.0,0.0,0.0,1.0,11,4,3,745750,0,6,8,140792
recursive,8,4096,0.0,0.0,0.0,1.0,11,4,4,708292,0,6,8,87333
recursive,8,4096,0.0,0.0,0.0,1.0,11,4,5,708125,0,6,8,108750
recursive,8,4096,0.0,0.0,0.0,1.0,11,4,6,650542,0,6,8,42833
recursive,8,4096,0.0,0.0,0.0,1.0,11,4,7,759375,0,6,8,125084
recursive,8,4096,0.0,0.0,0.0,1.0,11,4,8,823209,0,6,8,115001
recursive,8,4096,0.0,0.0,0.0,1.0,11,4,9,902958,0,6,8,180166
recursive,8,4096,0.0,0.0,0.0,1.0,11,4,10,820083,0,6,8,129625
recursive,8,4096,0.0,0.0,0.0,1.0,11,4,11,727708,0,6,8,127667
recursive,8,4096,0.0,0.0,0.0,1.0,11,4,12,876083,0,6,8,166541
recursive,8,4096,0.0,0.0,0.0,1.0,11,4,13,822750,0,6,8,173542
recursive,8,4096,0.0,0.0,0.0,1.0,11,4,14,838375,0,6,8,139875
recursive,8,4096,0.0,0.0,0.0,1.0,11,4,15,1149291,0,6,8,95499
recursive,8,4096,0.0,0.0,0.0,1.0,11,4,16,631917,0,6,8,49334
recursive,8,4096,0.0,0.0,0.0,1.0,11,4,17,724750,0,6,8,102083
recursive,8,4096,0.0,0.0,0.0,1.0,11,4,18,707875,0,6,8,129792
recursive,8,4096,0.0,0.0,0.0,1.0,11,4,19,750708,0,6,8,137833
recursive,8,4096,0.0,0.0,0.0,1.0,11,4,20,626709,0,6,8,101793
recursive,8,4096,0.0,0.0,0.0,1.0,11,4,21,736250,0,6,8,134583
recursive,8,4096,0.0,0.0,0.0,1.0,11,4,22,769625,0,6,8,180584
recursive,8,4096,0.0,0.0,0.0,1.0,11,4,23,737791,0,6,8,135207
recursive,8,4096,0.0,0.0,0.0,1.0,11,4,24,1015208,0,6,8,174500
recursive,8,4096,0.0,0.0,0.0,1.0,11,4,25,848834,0,6,8,240459
recursive,8,4096,0.0,0.0,0.0,1.0,11,4,26,740792,0,6,8,124917
recursive,8,4096,0.0,0.0,0.0,1.0,11,4,27,663333,0,6,8,64167
recursive,8,4096,0.0,0.0,0.0,1.0,11,4,28,659458,0,6,8,101958
recursive,8,4096,0.0,0.0,0.0,1.0,11,4,29,720000,0,6,8,129166
recursive,8,4096,0.0,0.0,0.0,1.0,11,4,30,727916,0,6,8,130499
recursive,8,4096,0.0,0.0,0.0,1.0,11,4,31,999750,0,6,8,236792
recursive,8,4096,0.0,0.0,0.0,1.0,11,4,32,801041,0,6,8,165416
recursive,8,4096,0.0,0.0,0.0,1.0,11,4,33,736542,0,6,8,72959
recursive,8,4096,0.0,0.0,0.0,1.0,11,4,34,718209,0,6,8,96834
recursive,8,4096,0.0,0.0,0.0,1.0,11,4,35,789375,0,6,8,153375
recursive,8,4096,0.0,0.0,0.0,1.0,11,4,36,774167,0,6,8,134667
recursive,8,4096,0.0,0.0,0.0,1.0,11,4,37,641209,0,6,8,65209
recursive,8,4096,0.0,0.0,0.0,1.0,11,4,38,814792,0,6,8,100584
recursive,8,4096,0.0,0.0,0.0,1.0,11,4,39,1684833,0,6,8,1037708
recursive,8,8388608,0.0,0.0,0.0,1.0,11,4,0,13101041,0,6,8,1353124
recursive,8,8388608,0.0,0.0,0.0,1.0,11,4,1,12141125,0,6,8,1211292
recursive,8,8388608,0.0,0.0,0.0,1.0,11,4,2,13019791,0,6,8,667541
recursive,8,8388608,0.0,0.0,0.0,1.0,11,4,3,11863000,0,6,8,1641625
recursive,8,8388608,0.0,0.0,0.0,1.0,11,4,4,13527917,0,6,8,2226167
recursive,8,8388608,0.0,0.0,0.0,1.0,11,4,5,13189416,0,6,8,789832
recursive,8,8388608,0.0,0.0,0.0,1.0,11,4,6,11859459,0,6,8,1664001
recursive,8,8388608,0.0,0.0,0.0,1.0,11,4,7,12595083,0,6,8,1641208
recursive,8,8388608,0.0,0.0,0.0,1.0,11,4,8,12841500,0,6,8,1986917
recursive,8,8388608,0.0,0.0,0.0,1.0,11,4,9,13495333,0,6,8,2190583
recursive,8,8388608,0.0,0.0,0.0,1.0,11,4,10,12217958,0,6,8,1724458
recursive,8,8388608,0.0,0.0,0.0,1.0,11,4,11,12057208,0,6,8,1384250
recursive,8,8388608,0.0,0.0,0.0,1.0,11,4,12,13090167,0,6,8,1823834
recursive,8,8388608,0.0,0.0,0.0,1.0,11,4,13,12879875,0,6,8,784083
recursive,8,8388608,0.0,0.0,0.0,1.0,11,4,14,12155125,0,6,8,1655833
recursive,8,8388608,0.0,0.0,0.0,1.0,11,4,15,12700000,0,6,8,670667
recursive,8,8388608,0.0,0.0,0.0,1.0,11,4,16,11851083,0,6,8,1522208
recursive,8,8388608,0.0,0.0,0.0,1.0,11,4,17,14430250,0,6,8,2202458
recursive,8,8388608,0.0,0.0,0.0,1.0,11,4,18,13027042,0,6,8,1667125
recursive,8,8388608,0.0,0.0,0.0,1.0,11,4,19,12901584,0,6,8,1584459
recursive,8,8388608,0.0,0.0,0.0,1.0,11,4,20,12727292,0,6,8,1774750
recursive,8,8388608,0.0,0.0,0.0,1.0,11,4,21,14090834,0,6,8,1764750
recursive,8,8388608,0.0,0.0,0.0,1.0,11,4,22,13441917,0,6,8,2054334
recursive,8,8388608,0.0,0.0,0.0,1.0,11,4,23,12426584,0,6,8,953876
recursive,8,8388608,0.0,0.0,0.0,1.0,11,4,24,12673834,0,6,8,1230250
recursive,8,8388608,0.0,0.0,0.0,1.0,11,4,25,13283292,0,6,8,1719709
recursive,8,8388608,0.0,0.0,0.0,1.0,11,4,26,12388500,0,6,8,1322625
recursive,8,8388608,0.0,0.0,0.0,1.0,11,4,27,12684958,0,6,8,1816958
recursive,8,8388608,0.0,0.0,0.0,1.0,11,4,28,11218208,0,6,8,1934375
recursive,8,8388608,0.0,0.0,0.0,1.0,11,4,29,12716458,0,6,8,1328416
recursive,8,8388608,0.0,0.0,0.0,1.0,11,4,30,12776417,0,6,8,1193001
recursive,8,8388608,0.0,0.0,0.0,1.0,11,4,31,12040500,0,6,8,1116667
recursive,8,8388608,0.0,0.0,0.0,1.0,11,4,32,12301333,0,6,8,1354500
recursive,8,8388608,0.0,0.0,0.0,1.0,11,4,33,12621041,0,6,8,1340083
recursive,8,8388608,0.0,0.0,0.0,1.0,11,4,34,12470416,0,6,8,974124
recursive,8,8388608,0.0,0.0,0.0,1.0,11,4,35,12446500,0,6,8,841625
recursive,8,8388608,0.0,0.0,0.0,1.0,11,4,36,12275792,0,6,8,806709
recursive,8,8388608,0.0,0.0,0.0,1.0,11,4,37,11879542,0,6,8,2161167
recursive,8,8388608,0.0,0.0,0.0,1.0,11,4,38,11923333,0,6,8,768208
recursive,8,8388608,0.0,0.0,0.0,1.0,11,4,39,11397458,0,6,8,551458
ring,8,1048576,0.0,0.0,0.0,1.0,11,4,0,2312625,0,14,8,158792
ring,8,1048576,0.0,0.0,0.0,1.0,11,4,1,2260750,0,14,8,153708
ring,8,1048576,0.0,0.0,0.0,1.0,11,4,2,2336000,0,14,8,163459
ring,8,1048576,0.0,0.0,0.0,1.0,11,4,3,2360791,0,14,8,204416
ring,8,1048576,0.0,0.0,0.0,1.0,11,4,4,2228458,0,14,8,138166
ring,8,1048576,0.0,0.0,0.0,1.0,11,4,5,2306458,0,14,8,141916
ring,8,1048576,0.0,0.0,0.0,1.0,11,4,6,2303917,0,14,8,197625
ring,8,1048576,0.0,0.0,0.0,1.0,11,4,7,2435208,0,14,8,205458
ring,8,1048576,0.0,0.0,0.0,1.0,11,4,8,2345416,0,14,8,159458
ring,8,1048576,0.0,0.0,0.0,1.0,11,4,9,2293459,0,14,8,206667
ring,8,1048576,0.0,0.0,0.0,1.0,11,4,10,2315500,0,14,8,107334
ring,8,1048576,0.0,0.0,0.0,1.0,11,4,11,2242125,0,14,8,140292
ring,8,1048576,0.0,0.0,0.0,1.0,11,4,12,2645333,0,14,8,183041
ring,8,1048576,0.0,0.0,0.0,1.0,11,4,13,2394334,0,14,8,187126
ring,8,1048576,0.0,0.0,0.0,1.0,11,4,14,2665708,0,14,8,103958
ring,8,1048576,0.0,0.0,0.0,1.0,11,4,15,2311792,0,14,8,202750
ring,8,1048576,0.0,0.0,0.0,1.0,11,4,16,2394833,0,14,8,131167
ring,8,1048576,0.0,0.0,0.0,1.0,11,4,17,2577333,0,14,8,209708
ring,8,1048576,0.0,0.0,0.0,1.0,11,4,18,2255167,0,14,8,224251
ring,8,1048576,0.0,0.0,0.0,1.0,11,4,19,2277209,0,14,8,124251
ring,8,1048576,0.0,0.0,0.0,1.0,11,4,20,2230709,0,14,8,102292
ring,8,1048576,0.0,0.0,0.0,1.0,11,4,21,2367333,0,14,8,211041
ring,8,1048576,0.0,0.0,0.0,1.0,11,4,22,2173208,0,14,8,158250
ring,8,1048576,0.0,0.0,0.0,1.0,11,4,23,2449000,0,14,8,216667
ring,8,1048576,0.0,0.0,0.0,1.0,11,4,24,2241708,0,14,8,137125
ring,8,1048576,0.0,0.0,0.0,1.0,11,4,25,2397417,0,14,8,241167
ring,8,1048576,0.0,0.0,0.0,1.0,11,4,26,2575459,0,14,8,301293
ring,8,1048576,0.0,0.0,0.0,1.0,11,4,27,2495875,0,14,8,159000
ring,8,1048576,0.0,0.0,0.0,1.0,11,4,28,2208084,0,14,8,115042
ring,8,1048576,0.0,0.0,0.0,1.0,11,4,29,2353375,0,14,8,150000
ring,8,1048576,0.0,0.0,0.0,1.0,11,4,30,2378333,0,14,8,150333
ring,8,1048576,0.0,0.0,0.0,1.0,11,4,31,2314959,0,14,8,121459
ring,8,1048576,0.0,0.0,0.0,1.0,11,4,32,2406625,0,14,8,160250
ring,8,1048576,0.0,0.0,0.0,1.0,11,4,33,2344583,0,14,8,116999
ring,8,1048576,0.0,0.0,0.0,1.0,11,4,34,2363417,0,14,8,226792
ring,8,1048576,0.0,0.0,0.0,1.0,11,4,35,2513083,0,14,8,183416
ring,8,1048576,0.0,0.0,0.0,1.0,11,4,36,2167792,0,14,8,107334
ring,8,1048576,0.0,0.0,0.0,1.0,11,4,37,2251334,0,14,8,181293
ring,8,1048576,0.0,0.0,0.0,1.0,11,4,38,2303125,0,14,8,79625
ring,8,1048576,0.0,0.0,0.0,1.0,11,4,39,2328500,0,14,8,179750
ps,8,8388608,0.0,0.0,0.0,1.0,11,4,0,14994708,0,7,8,6575167
ps,8,8388608,0.0,0.0,0.0,1.0,11,4,1,12181833,0,7,8,5381042
ps,8,8388608,0.0,0.0,0.0,1.0,11,4,2,13194000,0,1,8,5338208
ps,8,8388608,0.0,0.0,0.0,1.0,11,4,3,11892083,0,1,8,4539916
ps,8,8388608,0.0,0.0,0.0,1.0,11,4,4,13330250,0,1,8,5376625
ps,8,8388608,0.0,0.0,0.0,1.0,11,4,5,16284375,0,1,8,8358208
ps,8,8388608,0.0,0.0,0.0,1.0,11,4,6,19494083,0,1,8,6011333
ps,8,8388608,0.0,0.0,0.0,1.0,11,4,7,13146166,0,7,8,5388582
ps,8,8388608,0.0,0.0,0.0,1.0,11,4,8,12474834,0,7,8,5008084
ps,8,8388608,0.0,0.0,0.0,1.0,11,4,9,12417583,0,1,8,4748958
ps,8,8388608,0.0,0.0,0.0,1.0,11,4,10,12982292,0,7,8,5443500
ps,8,8388608,0.0,0.0,0.0,1.0,11,4,11,11944625,0,1,8,4701125
ps,8,8388608,0.0,0.0,0.0,1.0,11,4,12,12536583,0,7,8,5511375
ps,8,8388608,0.0,0.0,0.0,1.0,11,4,13,12019333,0,7,8,5103624
ps,8,8388608,0.0,0.0,0.0,1.0,11,4,14,12477000,0,1,8,5566125
ps,8,8388608,0.0,0.0,0.0,1.0,11,4,15,12089083,0,1,8,4907541
ps,8,8388608,0.0,0.0,0.0,1.0,11,4,16,12779000,0,1,8,5234792
ps,8,8388608,0.0,0.0,0.0,1.0,11,4,17,11225292,0,7,8,4460084
ps,8,8388608,0.0,0.0,0.0,1.0,11,4,18,12184958,0,1,8,4934041
ps,8,8388608,0.0,0.0,0.0,1.0,11,4,19,11594459,0,7,8,4454084
ps,8,8388608,0.0,0.0,0.0,1.0,11,4,20,12264834,0,1,8,4919500
ps,8,8388608,0.0,0.0,0.0,1.0,11,4,21,11390000,0,7,8,4565292
ps,8,8388608,0.0,0.0,0.0,1.0,11,4,22,11448084,0,7,8,4579459
ps,8,8388608,0.0,0.0,0.0,1.0,11,4,23,11133791,0,7,8,4742832
ps,8,8388608,0.0,0.0,0.0,1.0,11,4,24,12292000,0,1,8,4974667
ps,8,8388608,0.0,0.0,0.0,1.0,11,4,25,11629958,0,7,8,4580999
ps,8,8388608,0.0,0.0,0.0,1.0,11,4,26,12487209,0,7,8,5598126
ps,8,8388608,0.0,0.0,0.0,1.0,11,4,27,11395041,0,1,8,4396583
ps,8,8388608,0.0,0.0,0.0,1.0,11,4,28,11919083,0,1,8,4809958
ps,8,8388608,0.0,0.0,0.0,1.0,11,4,29,11703000,0,7,8,4443250
ps,8,8388608,0.0,0.0,0.0,1.0,11,4,30,12755583,0,7,8,5525791
ps,8,8388608,0.0,0.0,0.0,1.0,11,4,31,11391042,0,1,8,4481417
ps,8,8388608,0.0,0.0,0.0,1.0,11,4,32,11992500,0,1,8,4791584
ps,8,8388608,0.0,0.0,0.0,1.0,11,4,33,10938875,0,7,8,4507542
ps,8,8388608,0.0,0.0,0.0,1.0,11,4,34,12049000,0,7,8,5236375
ps,8,8388608,0.0,0.0,0.0,1.0,11,4,35,12238959,0,7,8,5313667
ps,8,8388608,0.0,0.0,0.0,1.0,11,4,36,11254500,0,7,8,4628125
ps,8,8388608,0.0,0.0,0.0,1.0,11,4,37,11755459,0,1,8,4621251
ps,8,8388608,0.0,0.0,0.0,1.0,11,4,38,12197959,0,1,8,4913542
ps,8,8388608,0.0,0.0,0.0,1.0,11,4,39,11155708,0,1,8,4168666
ring,8,4096,0.0,0.0,0.0,1.0,11,4,0,1435708,0,14,8,115208
ring,8,4096,0.0,0.0,0.0,1.0,11,4,1,1415709,0,14,8,104750
ring,8,4096,0.0,0.0,0.0,1.0,11,4,2,1411333,0,14,8,89083
ring,8,4096,0.0,0.0,0.0,1.0,11,4,3,1392791,0,14,8,96875
ring,8,4096,0.0,0.0,0.0,1.0,11,4,4,1488000,0,14,8,92500
ring,8,4096,0.0,0.0,0.0,1.0,11,4,5,1516250,0,14,8,148375
ring,8,4096,0.0,0.0,0.0,1.0,11,4,6,1477250,0,14,8,115667
ring,8,4096,0.0,0.0,0.0,1.0,11,4,7,1541166,0,14,8,107541
ring,8,4096,0.0,0.0,0.0,1.0,11,4,8,1443083,0,14,8,95750
ring,8,4096,0.0,0.0,0.0,1.0,11,4,9,1521458,0,14,8,112583
ring,8,4096,0.0,0.0,0.0,1.0,11,4,10,1451083,0,14,8,68625
ring,8,4096,0.0,0.0,0.0,1.0,11,4,11,1446625,0,14,8,81333
ring,8,4096,0.0,0.0,0.0,1.0,11,4,12,1448458,0,14,8,76250
ring,8,4096,0.0,0.0,0.0,1.0,11,4,13,1530334,0,14,8,79334
ring,8,4096,0.0,0.0,0.0,1.0,11,4,14,1443334,0,14,8,133834
ring,8,4096,0.0,0.0,0.0,1.0,11,4,15,1438916,0,14,8,133791
ring,8,4096,0.0,0.0,0.0,1.0,11,4,16,1483916,0,14,8,82666
ring,8,4096,0.0,0.0,0.0,1.0,11,4,17,1457084,0,14,8,98709
ring,8,4096,0.0,0.0,0.0,1.0,11,4,18,1402375,0,14,8,37250
ring,8,4096,0.0,0.0,0.0,1.0,11,4,19,1446167,0,14,8,147000
ring,8,4096,0.0,0.0,0.0,1.0,11,4,20,1442125,0,14,8,56917
ring,8,4096,0.0,0.0,0.0,1.0,11,4,21,1467500,0,14,8,125416
ring,8,4096,0.0,0.0,0.0,1.0,11,4,22,1540542,0,14,8,230292
ring,8,4096,0.0,0.0,0.0,1.0,11,4,23,1526625,0,14,8,80166
ring,8,4096,0.0,0.0,0.0,1.0,11,4,24,1581208,0,14,8,110042
ring,8,4096,0.0,0.0,0.0,1.0,11,4,25,1424250,0,14,8,107541
ring,8,4096,0.0,0.0,0.0,1.0,11,4,26,1495959,0,14,8,144834
ring,8,4096,0.0,0.0,0.0,1.0,11,4,27,1373667,0,14,8,81625
ring,8,4096,0.0,0.0,0.0,1.0,11,4,28,1473167,0,14,8,91042
ring,8,4096,0.0,0.0,0.0,1.0,11,4,29,1432583,0,14,8,76916
ring,8,4096,0.0,0.0,0.0,1.0,11,4,30,1346667,0,14,8,85917
ring,8,4096,0.0,0.0,0.0,1.0,11,4,31,1470166,0,14,8,95874
ring,8,4096,0.0,0.0,0.0,1.0,11,4,32,1334083,0,14,8,42000
ring,8,4096,0.0,0.0,0.0,1.0,11,4,33,1432375,0,14,8,103750
ring,8,4096,0.0,0.0,0.0,1.0,11,4,34,1418459,0,14,8,52709
ring,8,4096,0.0,0.0,0.0,1.0,11,4,35,1517959,0,14,8,120167
ring,8,4096,0.0,0.0,0.0,1.0,11,4,36,1434417,0,14,8,62042
ring,8,4096,0.0,0.0,0.0,1.0,11,4,37,1421458,0,14,8,92541
ring,8,4096,0.0,0.0,0.0,1.0,11,4,38,1430708,0,14,8,79416
ring,8,4096,0.0,0.0,0.0,1.0,11,4,39,1448250,0,14,8,100167
recursive,8,65536,0.0,0.0,0.0,1.0,11,4,0,684917,0,6,8,63458
recursive,8,65536,0.0,0.0,0.0,1.0,11,4,1,693125,0,6,8,72292
recursive,8,65536,0.0,0.0,0.0,1.0,11,4,2,685709,0,6,8,91459
recursive,8,65536,0.0,0.0,0.0,1.0,11,4,3,686375,0,6,8,88292
recursive,8,65536,0.0,0.0,0.0,1.0,11,4,4,706625,0,6,8,103042
recursive,8,65536,0.0,0.0,0.0,1.0,11,4,5,702917,0,6,8,100792
recursive,8,65536,0.0,0.0,0.0,1.0,11,4,6,701208,0,6,8,101124
recursive,8,65536,0.0,0.0,0.0,1.0,11,4,7,675166,0,6,8,67957
recursive,8,65536,0.0,0.0,0.0,1.0,11,4,8,683208,0,6,8,126250
recursive,8,65536,0.0,0.0,0.0,1.0,11,4,9,706958,0,6,8,124417
recursive,8,65536,0.0,0.0,0.0,1.0,11,4,10,633500,0,6,8,68959
recursive,8,65536,0.0,0.0,0.0,1.0,11,4,11,732375,0,6,8,109708
recursive,8,65536,0.0,0.0,0.0,1.0,11,4,12,738500,0,6,8,151458
recursive,8,65536,0.0,0.0,0.0,1.0,11,4,13,623334,0,6,8,45375
recursive,8,65536,0.0,0.0,0.0,1.0,11,4,14,703084,0,6,8,112000
recursive,8,65536,0.0,0.0,0.0,1.0,11,4,15,686959,0,6,8,74292
recursive,8,65536,0.0,0.0,0.0,1.0,11,4,16,647250,0,6,8,61916
recursive,8,65536,0.0,0.0,0.0,1.0,11,4,17,709292,0,6,8,76167
recursive,8,65536,0.0,0.0,0.0,1.0,11,4,18,673542,0,6,8,92125
recursive,8,65536,0.0,0.0,0.0,1.0,11,4,19,632583,0,6,8,88125
recursive,8,65536,0.0,0.0,0.0,1.0,11,4,20,699416,0,6,8,81125
recursive,8,65536,0.0,0.0,0.0,1.0,11,4,21,642583,0,6,8,87041
recursive,8,65536,0.0,0.0,0.0,1.0,11,4,22,702125,0,6,8,120500
recursive,8,65536,0.0,0.0,0.0,1.0,11,4,23,712583,0,6,8,70667
recursive,8,65536,0.0,0.0,0.0,1.0,11,4,24,781834,0,6,8,135959
recursive,8,65536,0.0,0.0,0.0,1.0,11,4,25,678625,0,6,8,88292
recursive,8,65536,0.0,0.0,0.0,1.0,11,4,26,704167,0,6,8,139376
recursive,8,65536,0.0,0.0,0.0,1.0,11,4,27,676167,0,6,8,111792
recursive,8,65536,0.0,0.0,0.0,1.0,11,4,28,730500,0,6,8,84375
recursive,8,65536,0.0,0.0,0.0,1.0,11,4,29,714542,0,6,8,90750
recursive,8,65536,0.0,0.0,0.0,1.0,11,4,30,723750,0,6,8,96125
recursive,8,65536,0.0,0.0,0.0,1.0,11,4,31,652417,0,6,8,67792
recursive,8,65536,0.0,0.0,0.0,1.0,11,4,32,670500,0,6,8,105625
recursive,8,65536,0.0,0.0,0.0,1.0,11,4,33,706583,0,6,8,116333
recursive,8,65536,0.0,0.0,0.0,1.0,11,4,34,649166,0,6,8,80499
recursive,8,65536,0.0,0.0,0.0,1.0,11,4,35,644875,0,6,8,77458
recursive,8,65536,0.0,0.0,0.0,1.0,11,4,36,715250,0,6,8,107625
recursive,8,65536,0.0,0.0,0.0,1.0,11,4,37,640042,0,6,8,49959
recursive,8,65536,0.0,0.0,0.0,1.0,11,4,38,658041,0,6,8,92749
recursive,8,65536,0.0,0.0,0.0,1.0,11,4,39,663042,0,6,8,108750
