algo,world_size,nbytes,alpha_ns,beta_ns_per_byte,jitter_q,jitter_k,jitter_seed,trial,iter,duration_ns,injected_ns,messages,ranks_observed,spread_ns
ring,2,4194304,200000.0,0.4,0.0,1.0,71,0,0,3786583,2077720,2,2,275583
ring,2,4194304,200000.0,0.4,0.0,1.0,71,0,1,3734625,2077720,2,2,75375
ring,2,4194304,200000.0,0.4,0.0,1.0,71,0,2,3765000,2077720,2,2,54250
ring,2,4194304,200000.0,0.4,0.0,1.0,71,0,3,3536250,2077720,2,2,178584
ring,2,4194304,200000.0,0.4,0.0,1.0,71,0,4,3688458,2077720,2,2,191624
ring,2,4194304,200000.0,0.4,0.0,1.0,71,0,5,3703625,2077720,2,2,170209
ring,2,4194304,200000.0,0.4,0.0,1.0,71,0,6,3686000,2077720,2,2,103875
ring,2,4194304,200000.0,0.4,0.0,1.0,71,0,7,3678792,2077720,2,2,93584
ring,2,4194304,200000.0,0.4,0.0,1.0,71,0,8,3681958,2077720,2,2,71666
ring,2,4194304,200000.0,0.4,0.0,1.0,71,0,9,3559417,2077720,2,2,211750
ring,2,4194304,200000.0,0.4,0.0,1.0,71,0,10,3570166,2077720,2,2,238166
ring,2,4194304,200000.0,0.4,0.0,1.0,71,0,11,3921667,2077720,2,2,99208
ring,2,4194304,200000.0,0.4,0.0,1.0,71,0,12,3983083,2077720,2,2,2083
ring,2,4194304,200000.0,0.4,0.0,1.0,71,0,13,3920917,2077720,2,2,10375
ring,2,4194304,200000.0,0.4,0.0,1.0,71,0,14,3805250,2077720,2,2,119125
ring,2,4194304,200000.0,0.4,0.0,1.0,71,0,15,4077958,2077720,2,2,171333
ring,2,4194304,200000.0,0.4,0.0,1.0,71,0,16,3978792,2077720,2,2,71500
ring,2,4194304,200000.0,0.4,0.0,1.0,71,0,17,4010792,2077720,2,2,27875
ring,2,4194304,200000.0,0.4,0.0,1.0,71,0,18,3991667,2077720,2,2,750
ring,2,4194304,200000.0,0.4,0.0,1.0,71,0,19,3843125,2077720,2,2,2792
ring,2,4194304,200000.0,0.4,0.0,1.0,71,0,20,3913416,2077720,2,2,160374
ring,2,4194304,200000.0,0.4,0.0,1.0,71,0,21,3954875,2077720,2,2,166458
ring,2,4194304,200000.0,0.4,0.0,1.0,71,0,22,3845708,2077720,2,2,7625
ring,2,4194304,200000.0,0.4,0.0,1.0,71,0,23,3830750,2077720,2,2,13750
ring,2,4194304,200000.0,0.4,0.0,1.0,71,0,24,3928334,2077720,2,2,1001
ring,2,4194304,200000.0,0.4,0.0,1.0,71,0,25,3895708,2077720,2,2,17416
ring,2,4194304,200000.0,0.4,0.0,1.0,71,0,26,3777083,2077720,2,2,145874
ring,2,4194304,200000.0,0.4,0.0,1.0,71,0,27,3948791,2077720,2,2,88708
ring,2,4194304,200000.0,0.4,0.0,1.0,71,0,28,3848458,2077720,2,2,59249
ring,2,4194304,200000.0,0.4,0.0,1.0,71,0,29,3811042,2077720,2,2,334250
ring,2,4194304,200000.0,0.4,0.0,1.0,71,0,30,3844791,2077720,2,2,121291
ring,2,4194304,200000.0,0.4,0.0,1.0,71,0,31,3744291,2077720,2,2,44957
ring,2,4194304,200000.0,0.4,0.0,1.0,71,0,32,3670958,2077720,2,2,97291
ring,2,4194304,200000.0,0.4,0.0,1.0,71,0,33,3682667,2077720,2,2,225208
ring,2,4194304,200000.0,0.4,0.0,1.0,71,0,34,3726209,2077720,2,2,111543
ring,2,4194304,200000.0,0.4,0.0,1.0,71,0,35,3774584,2077720,2,2,33918
ring,2,4194304,200000.0,0.4,0.0,1.0,71,0,36,3593209,2077720,2,2,158042
ring,2,4194304,200000.0,0.4,0.0,1.0,71,0,37,3569958,2077720,2,2,235958
ring,2,4194304,200000.0,0.4,0.0,1.0,71,0,38,3839875,2077720,2,2,70875
ring,2,4194304,200000.0,0.4,0.0,1.0,71,0,39,3701042,2077720,2,2,150500
ring,2,4194304,200000.0,0.4,0.0,1.0,71,0,40,3635125,2077720,2,2,176375
ring,2,4194304,200000.0,0.4,0.0,1.0,71,0,41,3712833,2077720,2,2,138041
ring,2,4194304,200000.0,0.4,0.0,1.0,71,0,42,3657125,2077720,2,2,127500
ring,2,4194304,200000.0,0.4,0.0,1.0,71,0,43,3550000,2077720,2,2,237000
ring,2,4194304,200000.0,0.4,0.0,1.0,71,0,44,3660041,2077720,2,2,143375
ring,2,4194304,200000.0,0.4,0.0,1.0,71,0,45,3735708,2077720,2,2,184250
ring,2,4194304,200000.0,0.4,0.0,1.0,71,0,46,3602792,2077720,2,2,222000
ring,2,4194304,200000.0,0.4,0.0,1.0,71,0,47,3622833,2077720,2,2,82958
ring,2,4194304,200000.0,0.4,0.0,1.0,71,0,48,3580500,2077720,2,2,199792
ring,2,4194304,200000.0,0.4,0.0,1.0,71,0,49,3691333,2077720,2,2,130749
ring,2,4194304,200000.0,0.4,0.0,1.0,71,0,50,3690958,2077720,2,2,157208
ring,2,4194304,200000.0,0.4,0.0,1.0,71,0,51,3556500,2077720,2,2,239500
ring,2,4194304,200000.0,0.4,0.0,1.0,71,0,52,3583875,2077720,2,2,174958
ring,2,4194304,200000.0,0.4,0.0,1.0,71,0,53,3597792,2077720,2,2,237709
ring,2,4194304,200000.0,0.4,0.0,1.0,71,0,54,3704542,2077720,2,2,134083
ring,2,4194304,200000.0,0.4,0.0,1.0,71,0,55,3981167,2077720,2,2,75750
ring,2,4194304,200000.0,0.4,0.0,1.0,71,0,56,3707500,2077720,2,2,181666
ring,2,4194304,200000.0,0.4,0.0,1.0,71,0,57,3837542,2077720,2,2,13583
ring,2,4194304,200000.0,0.4,0.0,1.0,71,0,58,3663208,2077720,2,2,125916
ring,2,4194304,200000.0,0.4,0.0,1.0,71,0,59,3467167,2077720,2,2,150667
ring,2,4194304,200000.0,0.4,0.0,1.0,71,0,60,3725208,2077720,2,2,191458
ring,2,4194304,200000.0,0.4,0.0,1.0,71,0,61,3618084,2077720,2,2,200292
ring,2,4194304,200000.0,0.4,0.0,1.0,71,0,62,3762375,2077720,2,2,133041
ring,2,4194304,200000.0,0.4,0.0,1.0,71,0,63,3645250,2077720,2,2,131791
ring,2,4194304,200000.0,0.4,0.0,1.0,71,0,64,3828958,2077720,2,2,79666
ring,2,4194304,200000.0,0.4,0.0,1.0,71,0,65,3627583,2077720,2,2,82375
ring,2,4194304,200000.0,0.4,0.0,1.0,71,0,66,3829459,2077720,2,2,171709
ring,2,4194304,200000.0,0.4,0.0,1.0,71,0,67,3709917,2077720,2,2,77959
ring,2,4194304,200000.0,0.4,0.0,1.0,71,0,68,3664250,2077720,2,2,117750
ring,2,4194304,200000.0,0.4,0.0,1.0,71,0,69,3599791,2077720,2,2,222041
ring,2,4194304,200000.0,0.4,0.0,1.0,71,0,70,3575833,2077720,2,2,180667
ring,2,4194304,200000.0,0.4,0.0,1.0,71,0,71,3521667,2077720,2,2,191667
ring,2,4194304,200000.0,0.4,0.0,1.0,71,0,72,3721666,2077720,2,2,115875
ring,2,4194304,200000.0,0.4,0.0,1.0,71,0,73,3688375,2077720,2,2,281625
ring,2,4194304,200000.0,0.4,0.0,1.0,71,0,74,3676041,2077720,2,2,193207
ring,2,4194304,200000.0,0.4,0.0,1.0,71,0,75,3653500,2077720,2,2,208041
ring,2,4194304,200000.0,0.4,0.0,1.0,71,0,76,3549208,2077720,2,2,197458
ring,2,4194304,200000.0,0.4,0.0,1.0,71,0,77,3611917,2077720,2,2,164083
ring,2,4194304,200000.0,0.4,0.0,1.0,71,0,78,3578500,2077720,2,2,212250
ring,2,4194304,200000.0,0.4,0.0,1.0,71,0,79,3543333,2077720,2,2,200208
ring,2,4194304,200000.0,0.4,0.0,1.0,71,0,80,3573333,2077720,2,2,185458
ring,2,4194304,200000.0,0.4,0.0,1.0,71,0,81,3594334,2077720,2,2,233209
ring,2,4194304,200000.0,0.4,0.0,1.0,71,0,82,3503458,2077720,2,2,191542
ring,2,4194304,200000.0,0.4,0.0,1.0,71,0,83,3684708,2077720,2,2,108458
ring,2,4194304,200000.0,0.4,0.0,1.0,71,0,84,3627000,2077720,2,2,185250
ring,2,4194304,200000.0,0.4,0.0,1.0,71,0,85,3686250,2077720,2,2,198667
ring,2,4194304,200000.0,0.4,0.0,1.0,71,0,86,3706667,2077720,2,2,137417
ring,2,4194304,200000.0,0.4,0.0,1.0,71,0,87,3598750,2077720,2,2,101000
ring,2,4194304,200000.0,0.4,0.0,1.0,71,0,88,3614541,2077720,2,2,211666
ring,2,4194304,200000.0,0.4,0.0,1.0,71,0,89,3552166,2077720,2,2,209083
ring,2,4194304,200000.0,0.4,0.0,1.0,71,0,90,3566834,2077720,2,2,148376
ring,2,4194304,200000.0,0.4,0.0,1.0,71,0,91,3503458,2077720,2,2,201708
ring,2,4194304,200000.0,0.4,0.0,1.0,71,0,92,3491167,2077720,2,2,191334
ring,2,4194304,200000.0,0.4,0.0,1.0,71,0,93,3562541,2077720,2,2,160499
ring,2,4194304,200000.0,0.4,0.0,1.0,71,0,94,3540167,2077720,2,2,211333
ring,2,4194304,200000.0,0.4,0.0,1.0,71,0,95,3594959,2077720,2,2,197001
ring,2,4194304,200000.0,0.4,0.0,1.0,71,0,96,3571916,2077720,2,2,204707
ring,2,4194304,200000.0,0.4,0.0,1.0,71,0,97,3607709,2077720,2,2,157167
ring,2,4194304,200000.0,0.4,0.0,1.0,71,0,98,3550042,2077720,2,2,218875
ring,2,4194304,200000.0,0.4,0.0,1.0,71,0,99,3616292,2077720,2,2,173334
ring,2,4194304,200000.0,0.4,0.0,1.0,71,0,100,3602708,2077720,2,2,183833
ring,2,4194304,200000.0,0.4,0.0,1.0,71,0,101,3597625,2077720,2,2,182917
ring,2,4194304,200000.0,0.4,0.0,1.0,71,0,102,3652166,2077720,2,2,166291
ring,2,4194304,200000.0,0.4,0.0,1.0,71,0,103,3570917,2077720,2,2,156167
ring,2,4194304,200000.0,0.4,0.0,1.0,71,0,104,3608375,2077720,2,2,158042
ring,2,4194304,200000.0,0.4,0.0,1.0,71,0,105,3517875,2077720,2,2,160959
ring,2,4194304,200000.0,0.4,0.0,1.0,71,0,106,3608667,2077720,2,2,145751
ring,2,4194304,200000.0,0.4,0.0,1.0,71,0,107,3650250,2077720,2,2,225583
ring,2,4194304,200000.0,0.4,0.0,1.0,71,0,108,3652917,2077720,2,2,133625
ring,2,4194304,200000.0,0.4,0.0,1.0,71,0,109,3533917,2077720,2,2,170459
ring,2,4194304,200000.0,0.4,0.0,1.0,71,0,110,3500917,2077720,2,2,204959
ring,2,4194304,200000.0,0.4,0.0,1.0,71,0,111,3522125,2077720,2,2,258417
ring,2,4194304,200000.0,0.4,0.0,1.0,71,0,112,3622584,2077720,2,2,163084
ring,2,4194304,200000.0,0.4,0.0,1.0,71,0,113,3636666,2077720,2,2,154166
ring,2,4194304,200000.0,0.4,0.0,1.0,71,0,114,3566875,2077720,2,2,161417
ring,2,4194304,200000.0,0.4,0.0,1.0,71,0,115,3630792,2077720,2,2,162459
ring,2,4194304,200000.0,0.4,0.0,1.0,71,0,116,3583500,2077720,2,2,226083
ring,2,4194304,200000.0,0.4,0.0,1.0,71,0,117,3625792,2077720,2,2,142126
ring,2,4194304,200000.0,0.4,0.0,1.0,71,0,118,3587083,2077720,2,2,178291
ring,2,4194304,200000.0,0.4,0.0,1.0,71,0,119,3619875,2077720,2,2,120750
ring,2,4194304,200000.0,0.4,0.0,1.0,71,0,120,3565500,2077720,2,2,262459
ring,2,4194304,200000.0,0.4,0.0,1.0,71,0,121,3594542,2077720,2,2,226000
ring,2,4194304,200000.0,0.4,0.0,1.0,71,0,122,3619500,2077720,2,2,242291
ring,2,4194304,200000.0,0.4,0.0,1.0,71,0,123,3709250,2077720,2,2,120167
ring,2,4194304,200000.0,0.4,0.0,1.0,71,0,124,3649334,2077720,2,2,136375
ring,2,4194304,200000.0,0.4,0.0,1.0,71,0,125,3674666,2077720,2,2,95333
ring,2,4194304,200000.0,0.4,0.0,1.0,71,0,126,3607667,2077720,2,2,208625
ring,2,4194304,200000.0,0.4,0.0,1.0,71,0,127,3639833,2077720,2,2,112708
ring,2,4194304,200000.0,0.4,0.0,1.0,71,0,128,3581708,2077720,2,2,164833
ring,2,4194304,200000.0,0.4,0.0,1.0,71,0,129,3562875,2077720,2,2,177583
ring,2,4194304,200000.0,0.4,0.0,1.0,71,0,130,3546709,2077720,2,2,203251
ring,2,4194304,200000.0,0.4,0.0,1.0,71,0,131,3595583,2077720,2,2,151041
ring,2,4194304,200000.0,0.4,0.0,1.0,71,0,132,3564708,2077720,2,2,183166
ring,2,4194304,200000.0,0.4,0.0,1.0,71,0,133,3566250,2077720,2,2,223459
ring,2,4194304,200000.0,0.4,0.0,1.0,71,0,134,3646834,2077720,2,2,174292
ring,2,4194304,200000.0,0.4,0.0,1.0,71,0,135,3624292,2077720,2,2,209208
ring,2,4194304,200000.0,0.4,0.0,1.0,71,0,136,3630792,2077720,2,2,246959
ring,2,4194304,200000.0,0.4,0.0,1.0,71,0,137,3799666,2077720,2,2,122791
ring,2,4194304,200000.0,0.4,0.0,1.0,71,0,138,3653708,2077720,2,2,184917
ring,2,4194304,200000.0,0.4,0.0,1.0,71,0,139,3642000,2077720,2,2,196083
ring,2,4194304,200000.0,0.4,0.0,1.0,71,0,140,3596167,2077720,2,2,206292
ring,2,4194304,200000.0,0.4,0.0,1.0,71,0,141,3699125,2077720,2,2,179041
ring,2,4194304,200000.0,0.4,0.0,1.0,71,0,142,3605500,2077720,2,2,258417
ring,2,4194304,200000.0,0.4,0.0,1.0,71,0,143,3605375,2077720,2,2,223833
ring,2,4194304,200000.0,0.4,0.0,1.0,71,0,144,3682458,2077720,2,2,171958
ring,2,4194304,200000.0,0.4,0.0,1.0,71,0,145,3628417,2077720,2,2,154417
ring,2,4194304,200000.0,0.4,0.0,1.0,71,0,146,3706667,2077720,2,2,148750
ring,2,4194304,200000.0,0.4,0.0,1.0,71,0,147,3612125,2077720,2,2,110208
ring,2,4194304,200000.0,0.4,0.0,1.0,71,0,148,3593167,2077720,2,2,192584
ring,2,4194304,200000.0,0.4,0.0,1.0,71,0,149,3698208,2077720,2,2,131041
ring,2,4194304,200000.0,0.4,0.0,1.0,71,0,150,3555000,2077720,2,2,223375
ring,2,4194304,200000.0,0.4,0.0,1.0,71,0,151,3813209,2077720,2,2,87917
ring,2,4194304,200000.0,0.4,0.0,1.0,71,0,152,3798000,2077720,2,2,77459
ring,2,4194304,200000.0,0.4,0.0,1.0,71,0,153,3929542,2077720,2,2,150376
ring,2,4194304,200000.0,0.4,0.0,1.0,71,0,154,3752584,2077720,2,2,149334
ring,2,4194304,200000.0,0.4,0.0,1.0,71,0,155,3655333,2077720,2,2,181166
ring,2,4194304,200000.0,0.4,0.0,1.0,71,0,156,3750625,2077720,2,2,183333
ring,2,4194304,200000.0,0.4,0.0,1.0,71,0,157,3719209,2077720,2,2,97126
ring,2,4194304,200000.0,0.4,0.0,1.0,71,0,158,3870000,2077720,2,2,181167
ring,2,4194304,200000.0,0.4,0.0,1.0,71,0,159,3628917,2077720,2,2,177167
ring,2,4194304,200000.0,0.4,0.0,1.0,71,0,160,3584334,2077720,2,2,210459
ring,2,4194304,200000.0,0.4,0.0,1.0,71,0,161,3794958,2077720,2,2,69833
ring,2,4194304,200000.0,0.4,0.0,1.0,71,0,162,3622209,2077720,2,2,169375
ring,2,4194304,200000.0,0.4,0.0,1.0,71,0,163,3858542,2077720,2,2,44376
ring,2,4194304,200000.0,0.4,0.0,1.0,71,0,164,3767125,2077720,2,2,153916
ring,2,4194304,200000.0,0.4,0.0,1.0,71,0,165,3576791,2077720,2,2,205249
ring,2,4194304,200000.0,0.4,0.0,1.0,71,0,166,3765541,2077720,2,2,36541
ring,2,4194304,200000.0,0.4,0.0,1.0,71,0,167,3752709,2077720,2,2,131834
ring,2,4194304,200000.0,0.4,0.0,1.0,71,0,168,3531208,2077720,2,2,182666
ring,2,4194304,200000.0,0.4,0.0,1.0,71,0,169,3686500,2077720,2,2,180167
ring,2,4194304,200000.0,0.4,0.0,1.0,71,0,170,3565709,2077720,2,2,235209
ring,2,4194304,200000.0,0.4,0.0,1.0,71,0,171,3504417,2077720,2,2,201667
ring,2,4194304,200000.0,0.4,0.0,1.0,71,0,172,3670875,2077720,2,2,178417
ring,2,4194304,200000.0,0.4,0.0,1.0,71,0,173,3582833,2077720,2,2,215416
ring,2,4194304,200000.0,0.4,0.0,1.0,71,0,174,3678250,2077720,2,2,154167
ring,2,4194304,200000.0,0.4,0.0,1.0,71,0,175,3676458,2077720,2,2,137833
ring,2,4194304,200000.0,0.4,0.0,1.0,71,0,176,3764916,2077720,2,2,86332
ring,2,4194304,200000.0,0.4,0.0,1.0,71,0,177,3563792,2077720,2,2,184542
ring,2,4194304,200000.0,0.4,0.0,1.0,71,0,178,3754666,2077720,2,2,74749
ring,2,4194304,200000.0,0.4,0.0,1.0,71,0,179,3681750,2077720,2,2,132000
ring,2,4194304,200000.0,0.4,0.0,1.0,71,0,180,3520833,2077720,2,2,188375
ring,2,4194304,200000.0,0.4,0.0,1.0,71,0,181,3516709,2077720,2,2,195584
ring,2,4194304,200000.0,0.4,0.0,1.0,71,0,182,3592833,2077720,2,2,198541
ring,2,4194304,200000.0,0.4,0.0,1.0,71,0,183,3715000,2077720,2,2,123833
ring,2,4194304,200000.0,0.4,0.0,1.0,71,0,184,3649916,2077720,2,2,167166
ring,2,4194304,200000.0,0.4,0.0,1.0,71,0,185,3635541,2077720,2,2,196166
ring,2,4194304,200000.0,0.4,0.0,1.0,71,0,186,3607750,2077720,2,2,139583
ring,2,4194304,200000.0,0.4,0.0,1.0,71,0,187,3724917,2077720,2,2,120417
ring,2,4194304,200000.0,0.4,0.0,1.0,71,0,188,3690500,2077720,2,2,139542
ring,2,4194304,200000.0,0.4,0.0,1.0,71,0,189,3691042,2077720,2,2,118958
ring,2,4194304,200000.0,0.4,0.0,1.0,71,0,190,3548416,2077720,2,2,190083
ring,2,4194304,200000.0,0.4,0.0,1.0,71,0,191,3676000,2077720,2,2,39375
ring,2,4194304,200000.0,0.4,0.0,1.0,71,0,192,3633084,2077720,2,2,176417
ring,2,4194304,200000.0,0.4,0.0,1.0,71,0,193,3617625,2077720,2,2,256708
ring,2,4194304,200000.0,0.4,0.0,1.0,71,0,194,3680250,2077720,2,2,89541
ring,2,4194304,200000.0,0.4,0.0,1.0,71,0,195,3732667,2077720,2,2,217459
ring,2,4194304,200000.0,0.4,0.0,1.0,71,0,196,3728500,2077720,2,2,152875
ring,2,4194304,200000.0,0.4,0.0,1.0,71,0,197,3503000,2077720,2,2,194875
ring,2,4194304,200000.0,0.4,0.0,1.0,71,0,198,3813250,2077720,2,2,126625
ring,2,4194304,200000.0,0.4,0.0,1.0,71,0,199,3680084,2077720,2,2,121584
ring,2,4194304,200000.0,0.4,0.0,1.0,71,0,200,3703875,2077720,2,2,168250
ring,2,4194304,200000.0,0.4,0.0,1.0,71,0,201,3645333,2077720,2,2,165625
ring,2,4194304,200000.0,0.4,0.0,1.0,71,0,202,3795875,2077720,2,2,62000
ring,2,4194304,200000.0,0.4,0.0,1.0,71,0,203,3783459,2077720,2,2,156709
ring,2,4194304,200000.0,0.4,0.0,1.0,71,0,204,3806333,2077720,2,2,232208
ring,2,4194304,200000.0,0.4,0.0,1.0,71,0,205,3594916,2077720,2,2,213374
ring,2,4194304,200000.0,0.4,0.0,1.0,71,0,206,3728167,2077720,2,2,159209
ring,2,4194304,200000.0,0.4,0.0,1.0,71,0,207,3635583,2077720,2,2,275083
ring,2,4194304,200000.0,0.4,0.0,1.0,71,0,208,3662292,2077720,2,2,78250
ring,2,4194304,200000.0,0.4,0.0,1.0,71,0,209,3561959,2077720,2,2,197543
ring,2,4194304,200000.0,0.4,0.0,1.0,71,0,210,3660916,2077720,2,2,152375
ring,2,4194304,200000.0,0.4,0.0,1.0,71,0,211,3643375,2077720,2,2,211084
ring,2,4194304,200000.0,0.4,0.0,1.0,71,0,212,3621041,2077720,2,2,264583
ring,2,4194304,200000.0,0.4,0.0,1.0,71,0,213,3789208,2077720,2,2,170833
ring,2,4194304,200000.0,0.4,0.0,1.0,71,0,214,3851542,2077720,2,2,120167
ring,2,4194304,200000.0,0.4,0.0,1.0,71,0,215,3743125,2077720,2,2,137875
ring,2,4194304,200000.0,0.4,0.0,1.0,71,0,216,3622542,2077720,2,2,212001
ring,2,4194304,200000.0,0.4,0.0,1.0,71,0,217,3643542,2077720,2,2,180500
ring,2,4194304,200000.0,0.4,0.0,1.0,71,0,218,3553958,2077720,2,2,163708
ring,2,4194304,200000.0,0.4,0.0,1.0,71,0,219,3714333,2077720,2,2,189416
ring,2,4194304,200000.0,0.4,0.0,1.0,71,0,220,3675709,2077720,2,2,190209
ring,2,4194304,200000.0,0.4,0.0,1.0,71,0,221,3655708,2077720,2,2,216125
ring,2,4194304,200000.0,0.4,0.0,1.0,71,0,222,3598417,2077720,2,2,186584
ring,2,4194304,200000.0,0.4,0.0,1.0,71,0,223,3713541,2077720,2,2,149124
ring,2,4194304,200000.0,0.4,0.0,1.0,71,0,224,3675417,2077720,2,2,163000
ring,2,4194304,200000.0,0.4,0.0,1.0,71,0,225,3594958,2077720,2,2,238042
ring,2,4194304,200000.0,0.4,0.0,1.0,71,0,226,3739542,2077720,2,2,184917
ring,2,4194304,200000.0,0.4,0.0,1.0,71,0,227,3690208,2077720,2,2,188208
ring,2,4194304,200000.0,0.4,0.0,1.0,71,0,228,3737750,2077720,2,2,176292
ring,2,4194304,200000.0,0.4,0.0,1.0,71,0,229,3628334,2077720,2,2,190750
ring,2,4194304,200000.0,0.4,0.0,1.0,71,0,230,3644750,2077720,2,2,219792
ring,2,4194304,200000.0,0.4,0.0,1.0,71,0,231,3733292,2077720,2,2,188167
ring,2,4194304,200000.0,0.4,0.0,1.0,71,0,232,3749917,2077720,2,2,187875
ring,2,4194304,200000.0,0.4,0.0,1.0,71,0,233,3638834,2077720,2,2,198750
ring,2,4194304,200000.0,0.4,0.0,1.0,71,0,234,3672125,2077720,2,2,192208
ring,2,4194304,200000.0,0.4,0.0,1.0,71,0,235,3820875,2077720,2,2,155334
ring,2,4194304,200000.0,0.4,0.0,1.0,71,0,236,3735250,2077720,2,2,191625
ring,2,4194304,200000.0,0.4,0.0,1.0,71,0,237,3698041,2077720,2,2,194208
ring,2,4194304,200000.0,0.4,0.0,1.0,71,0,238,3636084,2077720,2,2,148251
ring,2,4194304,200000.0,0.4,0.0,1.0,71,0,239,3632166,2077720,2,2,170833
ring,2,4194304,200000.0,0.4,0.0,1.0,71,0,240,3649667,2077720,2,2,158334
ring,2,4194304,200000.0,0.4,0.0,1.0,71,0,241,3844750,2077720,2,2,184500
ring,2,4194304,200000.0,0.4,0.0,1.0,71,0,242,3739916,2077720,2,2,295500
ring,2,4194304,200000.0,0.4,0.0,1.0,71,0,243,3736042,2077720,2,2,223667
ring,2,4194304,200000.0,0.4,0.0,1.0,71,0,244,3668959,2077720,2,2,232001
ring,2,4194304,200000.0,0.4,0.0,1.0,71,0,245,3923125,2077720,2,2,112125
ring,2,4194304,200000.0,0.4,0.0,1.0,71,0,246,3774166,2077720,2,2,167500
ring,2,4194304,200000.0,0.4,0.0,1.0,71,0,247,3786541,2077720,2,2,50041
ring,2,4194304,200000.0,0.4,0.0,1.0,71,0,248,3699833,2077720,2,2,197500
ring,2,4194304,200000.0,0.4,0.0,1.0,71,0,249,3805708,2077720,2,2,233000
ring,2,1048576,200000.0,0.4,0.0,1.0,71,0,0,1408958,819430,2,2,69083
ring,2,1048576,200000.0,0.4,0.0,1.0,71,0,1,1305958,819430,2,2,37333
ring,2,1048576,200000.0,0.4,0.0,1.0,71,0,2,1402333,819430,2,2,65124
ring,2,1048576,200000.0,0.4,0.0,1.0,71,0,3,1358250,819430,2,2,58958
ring,2,1048576,200000.0,0.4,0.0,1.0,71,0,4,1423750,819430,2,2,34375
ring,2,1048576,200000.0,0.4,0.0,1.0,71,0,5,1404041,819430,2,2,79624
ring,2,1048576,200000.0,0.4,0.0,1.0,71,0,6,1299208,819430,2,2,55333
ring,2,1048576,200000.0,0.4,0.0,1.0,71,0,7,1360500,819430,2,2,71708
ring,2,1048576,200000.0,0.4,0.0,1.0,71,0,8,1351833,819430,2,2,53083
ring,2,1048576,200000.0,0.4,0.0,1.0,71,0,9,1346125,819430,2,2,68917
ring,2,1048576,200000.0,0.4,0.0,1.0,71,0,10,1818917,819430,2,2,24626
ring,2,1048576,200000.0,0.4,0.0,1.0,71,0,11,1475000,819430,2,2,12375
ring,2,1048576,200000.0,0.4,0.0,1.0,71,0,12,1406666,819430,2,2,69666
ring,2,1048576,200000.0,0.4,0.0,1.0,71,0,13,1346958,819430,2,2,46000
ring,2,1048576,200000.0,0.4,0.0,1.0,71,0,14,1497625,819430,2,2,135459
ring,2,1048576,200000.0,0.4,0.0,1.0,71,0,15,1805250,819430,2,2,131291
ring,2,1048576,200000.0,0.4,0.0,1.0,71,0,16,1553459,819430,2,2,129417
ring,2,1048576,200000.0,0.4,0.0,1.0,71,0,17,1415584,819430,2,2,60501
ring,2,1048576,200000.0,0.4,0.0,1.0,71,0,18,1422042,819430,2,2,83417
ring,2,1048576,200000.0,0.4,0.0,1.0,71,0,19,1442125,819430,2,2,35709
ring,2,1048576,200000.0,0.4,0.0,1.0,71,0,20,1359291,819430,2,2,67500
ring,2,1048576,200000.0,0.4,0.0,1.0,71,0,21,1310750,819430,2,2,34959
ring,2,1048576,200000.0,0.4,0.0,1.0,71,0,22,1295375,819430,2,2,33791
ring,2,1048576,200000.0,0.4,0.0,1.0,71,0,23,1387708,819430,2,2,11583
ring,2,1048576,200000.0,0.4,0.0,1.0,71,0,24,1366958,819430,2,2,62458
ring,2,1048576,200000.0,0.4,0.0,1.0,71,0,25,1372542,819430,2,2,53375
ring,2,1048576,200000.0,0.4,0.0,1.0,71,0,26,1339000,819430,2,2,47125
ring,2,1048576,200000.0,0.4,0.0,1.0,71,0,27,1370208,819430,2,2,60125
ring,2,1048576,200000.0,0.4,0.0,1.0,71,0,28,1341208,819430,2,2,58124
ring,2,1048576,200000.0,0.4,0.0,1.0,71,0,29,1312167,819430,2,2,34834
ring,2,1048576,200000.0,0.4,0.0,1.0,71,0,30,1315459,819430,2,2,35668
ring,2,1048576,200000.0,0.4,0.0,1.0,71,0,31,1302584,819430,2,2,28543
ring,2,1048576,200000.0,0.4,0.0,1.0,71,0,32,1348041,819430,2,2,65749
ring,2,1048576,200000.0,0.4,0.0,1.0,71,0,33,1390583,819430,2,2,56583
ring,2,1048576,200000.0,0.4,0.0,1.0,71,0,34,1347584,819430,2,2,69376
ring,2,1048576,200000.0,0.4,0.0,1.0,71,0,35,1372250,819430,2,2,26792
ring,2,1048576,200000.0,0.4,0.0,1.0,71,0,36,1329708,819430,2,2,42458
ring,2,1048576,200000.0,0.4,0.0,1.0,71,0,37,1395250,819430,2,2,32334
ring,2,1048576,200000.0,0.4,0.0,1.0,71,0,38,1347750,819430,2,2,55583
ring,2,1048576,200000.0,0.4,0.0,1.0,71,0,39,1358500,819430,2,2,46792
ring,2,1048576,200000.0,0.4,0.0,1.0,71,0,40,1343166,819430,2,2,49749
ring,2,1048576,200000.0,0.4,0.0,1.0,71,0,41,1441875,819430,2,2,37791
ring,2,1048576,200000.0,0.4,0.0,1.0,71,0,42,1397375,819430,2,2,49292
ring,2,1048576,200000.0,0.4,0.0,1.0,71,0,43,1370375,819430,2,2,56708
ring,2,1048576,200000.0,0.4,0.0,1.0,71,0,44,1347584,819430,2,2,72459
ring,2,1048576,200000.0,0.4,0.0,1.0,71,0,45,1345958,819430,2,2,58125
ring,2,1048576,200000.0,0.4,0.0,1.0,71,0,46,1308041,819430,2,2,61249
ring,2,1048576,200000.0,0.4,0.0,1.0,71,0,47,1451209,819430,2,2,21375
ring,2,1048576,200000.0,0.4,0.0,1.0,71,0,48,1313792,819430,2,2,46833
ring,2,1048576,200000.0,0.4,0.0,1.0,71,0,49,1314666,819430,2,2,35750
ring,2,1048576,200000.0,0.4,0.0,1.0,71,0,50,1327708,819430,2,2,62416
ring,2,1048576,200000.0,0.4,0.0,1.0,71,0,51,1373500,819430,2,2,58250
ring,2,1048576,200000.0,0.4,0.0,1.0,71,0,52,1362125,819430,2,2,79041
ring,2,1048576,200000.0,0.4,0.0,1.0,71,0,53,1367542,819430,2,2,53542
ring,2,1048576,200000.0,0.4,0.0,1.0,71,0,54,1293500,819430,2,2,37000
ring,2,1048576,200000.0,0.4,0.0,1.0,71,0,55,1373167,819430,2,2,67875
ring,2,1048576,200000.0,0.4,0.0,1.0,71,0,56,1347416,819430,2,2,76583
ring,2,1048576,200000.0,0.4,0.0,1.0,71,0,57,1295625,819430,2,2,41208
ring,2,1048576,200000.0,0.4,0.0,1.0,71,0,58,1278459,819430,2,2,35084
ring,2,1048576,200000.0,0.4,0.0,1.0,71,0,59,1415875,819430,2,2,8208
ring,2,1048576,200000.0,0.4,0.0,1.0,71,0,60,1316709,819430,2,2,33917
ring,2,1048576,200000.0,0.4,0.0,1.0,71,0,61,1304500,819430,2,2,34333
ring,2,1048576,200000.0,0.4,0.0,1.0,71,0,62,1299416,819430,2,2,33125
ring,2,1048576,200000.0,0.4,0.0,1.0,71,0,63,1328000,819430,2,2,49917
ring,2,1048576,200000.0,0.4,0.0,1.0,71,0,64,1330583,819430,2,2,62083
ring,2,1048576,200000.0,0.4,0.0,1.0,71,0,65,1372250,819430,2,2,76500
ring,2,1048576,200000.0,0.4,0.0,1.0,71,0,66,1431875,819430,2,2,34333
ring,2,1048576,200000.0,0.4,0.0,1.0,71,0,67,1326833,819430,2,2,47500
ring,2,1048576,200000.0,0.4,0.0,1.0,71,0,68,1315958,819430,2,2,27208
ring,2,1048576,200000.0,0.4,0.0,1.0,71,0,69,1419917,819430,2,2,53792
ring,2,1048576,200000.0,0.4,0.0,1.0,71,0,70,1315500,819430,2,2,47417
ring,2,1048576,200000.0,0.4,0.0,1.0,71,0,71,1344667,819430,2,2,30251
ring,2,1048576,200000.0,0.4,0.0,1.0,71,0,72,1305209,819430,2,2,42292
ring,2,1048576,200000.0,0.4,0.0,1.0,71,0,73,1400000,819430,2,2,80542
ring,2,1048576,200000.0,0.4,0.0,1.0,71,0,74,1343667,819430,2,2,49084
ring,2,1048576,200000.0,0.4,0.0,1.0,71,0,75,1373375,819430,2,2,62125
ring,2,1048576,200000.0,0.4,0.0,1.0,71,0,76,1295042,819430,2,2,36334
ring,2,1048576,200000.0,0.4,0.0,1.0,71,0,77,1326792,819430,2,2,36583
ring,2,1048576,200000.0,0.4,0.0,1.0,71,0,78,1338334,819430,2,2,60626
ring,2,1048576,200000.0,0.4,0.0,1.0,71,0,79,1428250,819430,2,2,39666
ring,2,1048576,200000.0,0.4,0.0,1.0,71,0,80,1318333,819430,2,2,40291
ring,2,1048576,200000.0,0.4,0.0,1.0,71,0,81,1322625,819430,2,2,40667
ring,2,1048576,200000.0,0.4,0.0,1.0,71,0,82,1278791,819430,2,2,18749
ring,2,1048576,200000.0,0.4,0.0,1.0,71,0,83,1346459,819430,2,2,4709
ring,2,1048576,200000.0,0.4,0.0,1.0,71,0,84,1378291,819430,2,2,66833
ring,2,1048576,200000.0,0.4,0.0,1.0,71,0,85,1291584,819430,2,2,25917
ring,2,1048576,200000.0,0.4,0.0,1.0,71,0,86,1350708,819430,2,2,43916
ring,2,1048576,200000.0,0.4,0.0,1.0,71,0,87,1293791,819430,2,2,35166
ring,2,1048576,200000.0,0.4,0.0,1.0,71,0,88,1292292,819430,2,2,26625
ring,2,1048576,200000.0,0.4,0.0,1.0,71,0,89,1406334,819430,2,2,92543
ring,2,1048576,200000.0,0.4,0.0,1.0,71,0,90,1350833,819430,2,2,55166
ring,2,1048576,200000.0,0.4,0.0,1.0,71,0,91,1395000,819430,2,2,102709
ring,2,1048576,200000.0,0.4,0.0,1.0,71,0,92,1328083,819430,2,2,47458
ring,2,1048576,200000.0,0.4,0.0,1.0,71,0,93,1322875,819430,2,2,57250
ring,2,1048576,200000.0,0.4,0.0,1.0,71,0,94,1302834,819430,2,2,33792
ring,2,1048576,200000.0,0.4,0.0,1.0,71,0,95,1361125,819430,2,2,49708
ring,2,1048576,200000.0,0.4,0.0,1.0,71,0,96,1354250,819430,2,2,51458
ring,2,1048576,200000.0,0.4,0.0,1.0,71,0,97,1390083,819430,2,2,57624
ring,2,1048576,200000.0,0.4,0.0,1.0,71,0,98,1357000,819430,2,2,32166
ring,2,1048576,200000.0,0.4,0.0,1.0,71,0,99,1334667,819430,2,2,40084
ring,2,1048576,200000.0,0.4,0.0,1.0,71,0,100,1354250,819430,2,2,62750
ring,2,1048576,200000.0,0.4,0.0,1.0,71,0,101,1446834,819430,2,2,63667
ring,2,1048576,200000.0,0.4,0.0,1.0,71,0,102,1353167,819430,2,2,36792
ring,2,1048576,200000.0,0.4,0.0,1.0,71,0,103,1407000,819430,2,2,63167
ring,2,1048576,200000.0,0.4,0.0,1.0,71,0,104,1374666,819430,2,2,54249
ring,2,1048576,200000.0,0.4,0.0,1.0,71,0,105,1317625,819430,2,2,47000
ring,2,1048576,200000.0,0.4,0.0,1.0,71,0,106,1406208,819430,2,2,75166
ring,2,1048576,200000.0,0.4,0.0,1.0,71,0,107,1330291,819430,2,2,49916
ring,2,1048576,200000.0,0.4,0.0,1.0,71,0,108,1373708,819430,2,2,60583
ring,2,1048576,200000.0,0.4,0.0,1.0,71,0,109,1458625,819430,2,2,1208
ring,2,1048576,200000.0,0.4,0.0,1.0,71,0,110,1401917,819430,2,2,55834
ring,2,1048576,200000.0,0.4,0.0,1.0,71,0,111,1380000,819430,2,2,54500
ring,2,1048576,200000.0,0.4,0.0,1.0,71,0,112,1380042,819430,2,2,48126
ring,2,1048576,200000.0,0.4,0.0,1.0,71,0,113,1396500,819430,2,2,52959
ring,2,1048576,200000.0,0.4,0.0,1.0,71,0,114,1434875,819430,2,2,41375
ring,2,1048576,200000.0,0.4,0.0,1.0,71,0,115,1361625,819430,2,2,64917
ring,2,1048576,200000.0,0.4,0.0,1.0,71,0,116,1373500,819430,2,2,81167
ring,2,1048576,200000.0,0.4,0.0,1.0,71,0,117,1402417,819430,2,2,54084
ring,2,1048576,200000.0,0.4,0.0,1.0,71,0,118,1395167,819430,2,2,86875
ring,2,1048576,200000.0,0.4,0.0,1.0,71,0,119,1414292,819430,2,2,52209
ring,2,1048576,200000.0,0.4,0.0,1.0,71,0,120,1446167,819430,2,2,36126
ring,2,1048576,200000.0,0.4,0.0,1.0,71,0,121,1333416,819430,2,2,50166
ring,2,1048576,200000.0,0.4,0.0,1.0,71,0,122,1422500,819430,2,2,76041
ring,2,1048576,200000.0,0.4,0.0,1.0,71,0,123,1376041,819430,2,2,54124
ring,2,1048576,200000.0,0.4,0.0,1.0,71,0,124,1410584,819430,2,2,63334
ring,2,1048576,200000.0,0.4,0.0,1.0,71,0,125,1382833,819430,2,2,67375
ring,2,1048576,200000.0,0.4,0.0,1.0,71,0,126,1377667,819430,2,2,47251
ring,2,1048576,200000.0,0.4,0.0,1.0,71,0,127,1397625,819430,2,2,57417
ring,2,1048576,200000.0,0.4,0.0,1.0,71,0,128,1370875,819430,2,2,48542
ring,2,1048576,200000.0,0.4,0.0,1.0,71,0,129,1313208,819430,2,2,32208
ring,2,1048576,200000.0,0.4,0.0,1.0,71,0,130,1394166,819430,2,2,47374
ring,2,1048576,200000.0,0.4,0.0,1.0,71,0,131,1372042,819430,2,2,54000
ring,2,1048576,200000.0,0.4,0.0,1.0,71,0,132,1403333,819430,2,2,69125
ring,2,1048576,200000.0,0.4,0.0,1.0,71,0,133,1419333,819430,2,2,81166
ring,2,1048576,200000.0,0.4,0.0,1.0,71,0,134,1382917,819430,2,2,46251
ring,2,1048576,200000.0,0.4,0.0,1.0,71,0,135,1460291,819430,2,2,16541
ring,2,1048576,200000.0,0.4,0.0,1.0,71,0,136,1448875,819430,2,2,4041
ring,2,1048576,200000.0,0.4,0.0,1.0,71,0,137,1460709,819430,2,2,376
ring,2,1048576,200000.0,0.4,0.0,1.0,71,0,138,1428500,819430,2,2,53375
ring,2,1048576,200000.0,0.4,0.0,1.0,71,0,139,1410166,819430,2,2,69958
ring,2,1048576,200000.0,0.4,0.0,1.0,71,0,140,1406292,819430,2,2,66834
ring,2,1048576,200000.0,0.4,0.0,1.0,71,0,141,1422208,819430,2,2,55374
ring,2,1048576,200000.0,0.4,0.0,1.0,71,0,142,1420625,819430,2,2,62792
ring,2,1048576,200000.0,0.4,0.0,1.0,71,0,143,1390208,819430,2,2,54166
ring,2,1048576,200000.0,0.4,0.0,1.0,71,0,144,1393541,819430,2,2,65208
ring,2,1048576,200000.0,0.4,0.0,1.0,71,0,145,1328042,819430,2,2,36292
ring,2,1048576,200000.0,0.4,0.0,1.0,71,0,146,1405125,819430,2,2,76209
ring,2,1048576,200000.0,0.4,0.0,1.0,71,0,147,1446000,819430,2,2,541
ring,2,1048576,200000.0,0.4,0.0,1.0,71,0,148,1423667,819430,2,2,83167
ring,2,1048576,200000.0,0.4,0.0,1.0,71,0,149,1398709,819430,2,2,58001
ring,2,1048576,200000.0,0.4,0.0,1.0,71,0,150,1358917,819430,2,2,58834
ring,2,1048576,200000.0,0.4,0.0,1.0,71,0,151,1364208,819430,2,2,12541
ring,2,1048576,200000.0,0.4,0.0,1.0,71,0,152,1404417,819430,2,2,63709
ring,2,1048576,200000.0,0.4,0.0,1.0,71,0,153,1370667,819430,2,2,45626
ring,2,1048576,200000.0,0.4,0.0,1.0,71,0,154,1343167,819430,2,2,52167
ring,2,1048576,200000.0,0.4,0.0,1.0,71,0,155,1340542,819430,2,2,44167
ring,2,1048576,200000.0,0.4,0.0,1.0,71,0,156,1356833,819430,2,2,55416
ring,2,1048576,200000.0,0.4,0.0,1.0,71,0,157,1393250,819430,2,2,55792
ring,2,1048576,200000.0,0.4,0.0,1.0,71,0,158,1352166,819430,2,2,68249
ring,2,1048576,200000.0,0.4,0.0,1.0,71,0,159,1392292,819430,2,2,62292
ring,2,1048576,200000.0,0.4,0.0,1.0,71,0,160,1389500,819430,2,2,54208
ring,2,1048576,200000.0,0.4,0.0,1.0,71,0,161,1368750,819430,2,2,65417
ring,2,1048576,200000.0,0.4,0.0,1.0,71,0,162,1391708,819430,2,2,61542
ring,2,1048576,200000.0,0.4,0.0,1.0,71,0,163,1375333,819430,2,2,55666
ring,2,1048576,200000.0,0.4,0.0,1.0,71,0,164,1373792,819430,2,2,53458
ring,2,1048576,200000.0,0.4,0.0,1.0,71,0,165,1404667,819430,2,2,29001
ring,2,1048576,200000.0,0.4,0.0,1.0,71,0,166,1385709,819430,2,2,52834
ring,2,1048576,200000.0,0.4,0.0,1.0,71,0,167,1321834,819430,2,2,27501
ring,2,1048576,200000.0,0.4,0.0,1.0,71,0,168,1448000,819430,2,2,24083
ring,2,1048576,200000.0,0.4,0.0,1.0,71,0,169,1391459,819430,2,2,64126
ring,2,1048576,200000.0,0.4,0.0,1.0,71,0,170,1377208,819430,2,2,57250
ring,2,1048576,200000.0,0.4,0.0,1.0,71,0,171,1409875,819430,2,2,84625
ring,2,1048576,200000.0,0.4,0.0,1.0,71,0,172,1372584,819430,2,2,70167
ring,2,1048576,200000.0,0.4,0.0,1.0,71,0,173,1358208,819430,2,2,47166
ring,2,1048576,200000.0,0.4,0.0,1.0,71,0,174,1330333,819430,2,2,55250
ring,2,1048576,200000.0,0.4,0.0,1.0,71,0,175,1374583,819430,2,2,55833
ring,2,1048576,200000.0,0.4,0.0,1.0,71,0,176,1379917,819430,2,2,76292
ring,2,1048576,200000.0,0.4,0.0,1.0,71,0,177,1366834,819430,2,2,79792
ring,2,1048576,200000.0,0.4,0.0,1.0,71,0,178,1314333,819430,2,2,40500
ring,2,1048576,200000.0,0.4,0.0,1.0,71,0,179,1348250,819430,2,2,51042
ring,2,1048576,200000.0,0.4,0.0,1.0,71,0,180,1375000,819430,2,2,56375
ring,2,1048576,200000.0,0.4,0.0,1.0,71,0,181,1435750,819430,2,2,7958
ring,2,1048576,200000.0,0.4,0.0,1.0,71,0,182,1387792,819430,2,2,59583
ring,2,1048576,200000.0,0.4,0.0,1.0,71,0,183,1398084,819430,2,2,65792
ring,2,1048576,200000.0,0.4,0.0,1.0,71,0,184,1354084,819430,2,2,55293
ring,2,1048576,200000.0,0.4,0.0,1.0,71,0,185,1354791,819430,2,2,23375
ring,2,1048576,200000.0,0.4,0.0,1.0,71,0,186,1351875,819430,2,2,45083
ring,2,1048576,200000.0,0.4,0.0,1.0,71,0,187,1330000,819430,2,2,42917
ring,2,1048576,200000.0,0.4,0.0,1.0,71,0,188,1378666,819430,2,2,56875
ring,2,1048576,200000.0,0.4,0.0,1.0,71,0,189,1356750,819430,2,2,43791
ring,2,1048576,200000.0,0.4,0.0,1.0,71,0,190,1413667,819430,2,2,54250
ring,2,1048576,200000.0,0.4,0.0,1.0,71,0,191,1367791,819430,2,2,67458
ring,2,1048576,200000.0,0.4,0.0,1.0,71,0,192,1406708,819430,2,2,78500
ring,2,1048576,200000.0,0.4,0.0,1.0,71,0,193,1380250,819430,2,2,57708
ring,2,1048576,200000.0,0.4,0.0,1.0,71,0,194,1430250,819430,2,2,71375
ring,2,1048576,200000.0,0.4,0.0,1.0,71,0,195,1410458,819430,2,2,67375
ring,2,1048576,200000.0,0.4,0.0,1.0,71,0,196,1318125,819430,2,2,35375
ring,2,1048576,200000.0,0.4,0.0,1.0,71,0,197,1377000,819430,2,2,57291
ring,2,1048576,200000.0,0.4,0.0,1.0,71,0,198,1448167,819430,2,2,17459
ring,2,1048576,200000.0,0.4,0.0,1.0,71,0,199,1380708,819430,2,2,54791
ring,2,1048576,200000.0,0.4,0.0,1.0,71,0,200,1395958,819430,2,2,63958
ring,2,1048576,200000.0,0.4,0.0,1.0,71,0,201,1370834,819430,2,2,60625
ring,2,1048576,200000.0,0.4,0.0,1.0,71,0,202,1326417,819430,2,2,43834
ring,2,1048576,200000.0,0.4,0.0,1.0,71,0,203,1379458,819430,2,2,44583
ring,2,1048576,200000.0,0.4,0.0,1.0,71,0,204,1440208,819430,2,2,3666
ring,2,1048576,200000.0,0.4,0.0,1.0,71,0,205,1479917,819430,2,2,63875
ring,2,1048576,200000.0,0.4,0.0,1.0,71,0,206,1432917,819430,2,2,75376
ring,2,1048576,200000.0,0.4,0.0,1.0,71,0,207,1392375,819430,2,2,58541
ring,2,1048576,200000.0,0.4,0.0,1.0,71,0,208,1394458,819430,2,2,58958
ring,2,1048576,200000.0,0.4,0.0,1.0,71,0,209,1375916,819430,2,2,61291
ring,2,1048576,200000.0,0.4,0.0,1.0,71,0,210,1338291,819430,2,2,40332
ring,2,1048576,200000.0,0.4,0.0,1.0,71,0,211,1424917,819430,2,2,70208
ring,2,1048576,200000.0,0.4,0.0,1.0,71,0,212,1360542,819430,2,2,74084
ring,2,1048576,200000.0,0.4,0.0,1.0,71,0,213,1339084,819430,2,2,38917
ring,2,1048576,200000.0,0.4,0.0,1.0,71,0,214,1392291,819430,2,2,73666
ring,2,1048576,200000.0,0.4,0.0,1.0,71,0,215,1306125,819430,2,2,25916
ring,2,1048576,200000.0,0.4,0.0,1.0,71,0,216,1316500,819430,2,2,34209
ring,2,1048576,200000.0,0.4,0.0,1.0,71,0,217,1423041,819430,2,2,62041
ring,2,1048576,200000.0,0.4,0.0,1.0,71,0,218,1336291,819430,2,2,49458
ring,2,1048576,200000.0,0.4,0.0,1.0,71,0,219,1411208,819430,2,2,26791
ring,2,1048576,200000.0,0.4,0.0,1.0,71,0,220,1330375,819430,2,2,16209
ring,2,1048576,200000.0,0.4,0.0,1.0,71,0,221,1353000,819430,2,2,49375
ring,2,1048576,200000.0,0.4,0.0,1.0,71,0,222,1367417,819430,2,2,72334
ring,2,1048576,200000.0,0.4,0.0,1.0,71,0,223,1370917,819430,2,2,50126
ring,2,1048576,200000.0,0.4,0.0,1.0,71,0,224,1450792,819430,2,2,70959
ring,2,1048576,200000.0,0.4,0.0,1.0,71,0,225,1407417,819430,2,2,62334
ring,2,1048576,200000.0,0.4,0.0,1.0,71,0,226,1383583,819430,2,2,69874
ring,2,1048576,200000.0,0.4,0.0,1.0,71,0,227,1358875,819430,2,2,72375
ring,2,1048576,200000.0,0.4,0.0,1.0,71,0,228,1415875,819430,2,2,45541
ring,2,1048576,200000.0,0.4,0.0,1.0,71,0,229,1327542,819430,2,2,41376
ring,2,1048576,200000.0,0.4,0.0,1.0,71,0,230,1352750,819430,2,2,47959
ring,2,1048576,200000.0,0.4,0.0,1.0,71,0,231,1379458,819430,2,2,51042
ring,2,1048576,200000.0,0.4,0.0,1.0,71,0,232,1325875,819430,2,2,29125
ring,2,1048576,200000.0,0.4,0.0,1.0,71,0,233,1379125,819430,2,2,45958
ring,2,1048576,200000.0,0.4,0.0,1.0,71,0,234,1461834,819430,2,2,5084
ring,2,1048576,200000.0,0.4,0.0,1.0,71,0,235,1428458,819430,2,2,11791
ring,2,1048576,200000.0,0.4,0.0,1.0,71,0,236,1388833,819430,2,2,69208
ring,2,1048576,200000.0,0.4,0.0,1.0,71,0,237,1385833,819430,2,2,50167
ring,2,1048576,200000.0,0.4,0.0,1.0,71,0,238,1343125,819430,2,2,45459
ring,2,1048576,200000.0,0.4,0.0,1.0,71,0,239,1404333,819430,2,2,57208
ring,2,1048576,200000.0,0.4,0.0,1.0,71,0,240,1322667,819430,2,2,48376
ring,2,1048576,200000.0,0.4,0.0,1.0,71,0,241,1351209,819430,2,2,52959
ring,2,1048576,200000.0,0.4,0.0,1.0,71,0,242,1383625,819430,2,2,51542
ring,2,1048576,200000.0,0.4,0.0,1.0,71,0,243,1378958,819430,2,2,59791
ring,2,1048576,200000.0,0.4,0.0,1.0,71,0,244,1373000,819430,2,2,71250
ring,2,1048576,200000.0,0.4,0.0,1.0,71,0,245,1442459,819430,2,2,3209
ring,2,1048576,200000.0,0.4,0.0,1.0,71,0,246,1351917,819430,2,2,61626
ring,2,1048576,200000.0,0.4,0.0,1.0,71,0,247,1341583,819430,2,2,53750
ring,2,1048576,200000.0,0.4,0.0,1.0,71,0,248,1389042,819430,2,2,54708
ring,2,1048576,200000.0,0.4,0.0,1.0,71,0,249,1420000,819430,2,2,54917
ps,2,4194304,200000.0,0.4,0.0,1.0,71,0,0,5324541,1877721,1,2,319791
ps,2,4194304,200000.0,0.4,0.0,1.0,71,0,1,5368958,1877721,1,2,317375
ps,2,4194304,200000.0,0.4,0.0,1.0,71,0,2,5345375,1877721,1,2,298917
ps,2,4194304,200000.0,0.4,0.0,1.0,71,0,3,5571833,1877721,1,2,223958
ps,2,4194304,200000.0,0.4,0.0,1.0,71,0,4,5425209,1877721,1,2,394084
ps,2,4194304,200000.0,0.4,0.0,1.0,71,0,5,5432041,1877721,1,2,301707
ps,2,4194304,200000.0,0.4,0.0,1.0,71,0,6,5373458,1877721,1,2,303249
ps,2,4194304,200000.0,0.4,0.0,1.0,71,0,7,5296250,1877721,1,2,313875
ps,2,4194304,200000.0,0.4,0.0,1.0,71,0,8,5337459,1877721,1,2,337126
ps,2,4194304,200000.0,0.4,0.0,1.0,71,0,9,5389042,1877721,1,2,370292
ps,2,4194304,200000.0,0.4,0.0,1.0,71,0,10,5405542,1877721,1,2,330001
ps,2,4194304,200000.0,0.4,0.0,1.0,71,0,11,5379416,1877721,1,2,304291
ps,2,4194304,200000.0,0.4,0.0,1.0,71,0,12,5444750,1877721,1,2,275667
ps,2,4194304,200000.0,0.4,0.0,1.0,71,0,13,5362834,1877721,1,2,309751
ps,2,4194304,200000.0,0.4,0.0,1.0,71,0,14,5305500,1877721,1,2,362375
ps,2,4194304,200000.0,0.4,0.0,1.0,71,0,15,5366791,1877721,1,2,307457
ps,2,4194304,200000.0,0.4,0.0,1.0,71,0,16,5468042,1877721,1,2,273833
ps,2,4194304,200000.0,0.4,0.0,1.0,71,0,17,5395584,1877721,1,2,329084
ps,2,4194304,200000.0,0.4,0.0,1.0,71,0,18,5425791,1877721,1,2,323332
ps,2,4194304,200000.0,0.4,0.0,1.0,71,0,19,5490542,1877721,1,2,324834
ps,2,4194304,200000.0,0.4,0.0,1.0,71,0,20,5468750,1877721,1,2,422875
ps,2,4194304,200000.0,0.4,0.0,1.0,71,0,21,5788583,1877721,1,2,140625
ps,2,4194304,200000.0,0.4,0.0,1.0,71,0,22,5765459,1877721,1,2,154751
ps,2,4194304,200000.0,0.4,0.0,1.0,71,0,23,5772791,1877721,1,2,146124
ps,2,4194304,200000.0,0.4,0.0,1.0,71,0,24,5806167,1877721,1,2,144959
ps,2,4194304,200000.0,0.4,0.0,1.0,71,0,25,5807917,1877721,1,2,128000
ps,2,4194304,200000.0,0.4,0.0,1.0,71,0,26,6519583,1877721,1,2,222499
ps,2,4194304,200000.0,0.4,0.0,1.0,71,0,27,8142958,1877721,1,2,291791
ps,2,4194304,200000.0,0.4,0.0,1.0,71,0,28,6020542,1877721,1,2,120709
ps,2,4194304,200000.0,0.4,0.0,1.0,71,0,29,6114542,1877721,1,2,55209
ps,2,4194304,200000.0,0.4,0.0,1.0,71,0,30,6041292,1877721,1,2,54334
ps,2,4194304,200000.0,0.4,0.0,1.0,71,0,31,6031208,1877721,1,2,68083
ps,2,4194304,200000.0,0.4,0.0,1.0,71,0,32,5960125,1877721,1,2,140042
ps,2,4194304,200000.0,0.4,0.0,1.0,71,0,33,5591750,1877721,1,2,168792
ps,2,4194304,200000.0,0.4,0.0,1.0,71,0,34,5657250,1877721,1,2,165625
ps,2,4194304,200000.0,0.4,0.0,1.0,71,0,35,5565917,1877721,1,2,351334
ps,2,4194304,200000.0,0.4,0.0,1.0,71,0,36,5508917,1877721,1,2,259167
ps,2,4194304,200000.0,0.4,0.0,1.0,71,0,37,5660250,1877721,1,2,341833
ps,2,4194304,200000.0,0.4,0.0,1.0,71,0,38,5571000,1877721,1,2,249166
ps,2,4194304,200000.0,0.4,0.0,1.0,71,0,39,5576291,1877721,1,2,301708
ps,2,4194304,200000.0,0.4,0.0,1.0,71,0,40,5633209,1877721,1,2,414667
ps,2,4194304,200000.0,0.4,0.0,1.0,71,0,41,5616042,1877721,1,2,249834
ps,2,4194304,200000.0,0.4,0.0,1.0,71,0,42,5450334,1877721,1,2,244042
ps,2,4194304,200000.0,0.4,0.0,1.0,71,0,43,5519166,1877721,1,2,274041
ps,2,4194304,200000.0,0.4,0.0,1.0,71,0,44,5519667,1877721,1,2,258209
ps,2,4194304,200000.0,0.4,0.0,1.0,71,0,45,5507708,1877721,1,2,219541
ps,2,4194304,200000.0,0.4,0.0,1.0,71,0,46,5587583,1877721,1,2,234875
ps,2,4194304,200000.0,0.4,0.0,1.0,71,0,47,5585166,1877721,1,2,375458
ps,2,4194304,200000.0,0.4,0.0,1.0,71,0,48,5538375,1877721,1,2,191542
ps,2,4194304,200000.0,0.4,0.0,1.0,71,0,49,5445208,1877721,1,2,308750
ps,2,4194304,200000.0,0.4,0.0,1.0,71,0,50,5452625,1877721,1,2,347000
ps,2,4194304,200000.0,0.4,0.0,1.0,71,0,51,5424208,1877721,1,2,293958
ps,2,4194304,200000.0,0.4,0.0,1.0,71,0,52,5658583,1877721,1,2,246083
ps,2,4194304,200000.0,0.4,0.0,1.0,71,0,53,10268625,1877721,1,2,288750
ps,2,4194304,200000.0,0.4,0.0,1.0,71,0,54,9780709,1877721,1,2,104959
ps,2,4194304,200000.0,0.4,0.0,1.0,71,0,55,9040292,1877721,1,2,735458
ps,2,4194304,200000.0,0.4,0.0,1.0,71,0,56,11268209,1877721,1,2,1637626
ps,2,4194304,200000.0,0.4,0.0,1.0,71,0,57,6305084,1877721,1,2,48626
ps,2,4194304,200000.0,0.4,0.0,1.0,71,0,58,6696875,1877721,1,2,354000
ps,2,4194304,200000.0,0.4,0.0,1.0,71,0,59,7409625,1877721,1,2,77791
ps,2,4194304,200000.0,0.4,0.0,1.0,71,0,60,5980834,1877721,1,2,183501
ps,2,4194304,200000.0,0.4,0.0,1.0,71,0,61,5576541,1877721,1,2,369916
ps,2,4194304,200000.0,0.4,0.0,1.0,71,0,62,5564542,1877721,1,2,228709
ps,2,4194304,200000.0,0.4,0.0,1.0,71,0,63,5370334,1877721,1,2,338001
ps,2,4194304,200000.0,0.4,0.0,1.0,71,0,64,5490875,1877721,1,2,328959
ps,2,4194304,200000.0,0.4,0.0,1.0,71,0,65,5396583,1877721,1,2,197958
ps,2,4194304,200000.0,0.4,0.0,1.0,71,0,66,5469625,1877721,1,2,353042
ps,2,4194304,200000.0,0.4,0.0,1.0,71,0,67,5400583,1877721,1,2,331208
ps,2,4194304,200000.0,0.4,0.0,1.0,71,0,68,5384292,1877721,1,2,300251
ps,2,4194304,200000.0,0.4,0.0,1.0,71,0,69,5477709,1877721,1,2,207292
ps,2,4194304,200000.0,0.4,0.0,1.0,71,0,70,5505750,1877721,1,2,281625
ps,2,4194304,200000.0,0.4,0.0,1.0,71,0,71,5515834,1877721,1,2,305251
ps,2,4194304,200000.0,0.4,0.0,1.0,71,0,72,5443500,1877721,1,2,268375
ps,2,4194304,200000.0,0.4,0.0,1.0,71,0,73,5470625,1877721,1,2,207542
ps,2,4194304,200000.0,0.4,0.0,1.0,71,0,74,5439750,1877721,1,2,213042
ps,2,4194304,200000.0,0.4,0.0,1.0,71,0,75,5391583,1877721,1,2,311708
ps,2,4194304,200000.0,0.4,0.0,1.0,71,0,76,5493500,1877721,1,2,293417
ps,2,4194304,200000.0,0.4,0.0,1.0,71,0,77,5461000,1877721,1,2,253916
ps,2,4194304,200000.0,0.4,0.0,1.0,71,0,78,5463417,1877721,1,2,302209
ps,2,4194304,200000.0,0.4,0.0,1.0,71,0,79,5536959,1877721,1,2,325543
ps,2,4194304,200000.0,0.4,0.0,1.0,71,0,80,5384291,1877721,1,2,274708
ps,2,4194304,200000.0,0.4,0.0,1.0,71,0,81,5372084,1877721,1,2,338001
ps,2,4194304,200000.0,0.4,0.0,1.0,71,0,82,5442167,1877721,1,2,301792
ps,2,4194304,200000.0,0.4,0.0,1.0,71,0,83,5992416,1877721,1,2,212249
ps,2,4194304,200000.0,0.4,0.0,1.0,71,0,84,5613000,1877721,1,2,202333
ps,2,4194304,200000.0,0.4,0.0,1.0,71,0,85,5555083,1877721,1,2,216333
ps,2,4194304,200000.0,0.4,0.0,1.0,71,0,86,5513708,1877721,1,2,246583
ps,2,4194304,200000.0,0.4,0.0,1.0,71,0,87,5495041,1877721,1,2,337291
ps,2,4194304,200000.0,0.4,0.0,1.0,71,0,88,5530416,1877721,1,2,198082
ps,2,4194304,200000.0,0.4,0.0,1.0,71,0,89,5604958,1877721,1,2,278625
ps,2,4194304,200000.0,0.4,0.0,1.0,71,0,90,5407459,1877721,1,2,331668
ps,2,4194304,200000.0,0.4,0.0,1.0,71,0,91,5507041,1877721,1,2,230041
ps,2,4194304,200000.0,0.4,0.0,1.0,71,0,92,5496166,1877721,1,2,310541
ps,2,4194304,200000.0,0.4,0.0,1.0,71,0,93,5493417,1877721,1,2,202542
ps,2,4194304,200000.0,0.4,0.0,1.0,71,0,94,5467167,1877721,1,2,317542
ps,2,4194304,200000.0,0.4,0.0,1.0,71,0,95,5453958,1877721,1,2,309833
ps,2,4194304,200000.0,0.4,0.0,1.0,71,0,96,5504958,1877721,1,2,312874
ps,2,4194304,200000.0,0.4,0.0,1.0,71,0,97,5468000,1877721,1,2,322334
ps,2,4194304,200000.0,0.4,0.0,1.0,71,0,98,5401250,1877721,1,2,320542
ps,2,4194304,200000.0,0.4,0.0,1.0,71,0,99,5534125,1877721,1,2,286625
ps,2,4194304,200000.0,0.4,0.0,1.0,71,0,100,5450917,1877721,1,2,274501
ps,2,4194304,200000.0,0.4,0.0,1.0,71,0,101,5433500,1877721,1,2,323791
ps,2,4194304,200000.0,0.4,0.0,1.0,71,0,102,5510791,1877721,1,2,352374
ps,2,4194304,200000.0,0.4,0.0,1.0,71,0,103,5431625,1877721,1,2,370917
ps,2,4194304,200000.0,0.4,0.0,1.0,71,0,104,5517583,1877721,1,2,248708
ps,2,4194304,200000.0,0.4,0.0,1.0,71,0,105,5589708,1877721,1,2,166500
ps,2,4194304,200000.0,0.4,0.0,1.0,71,0,106,5467250,1877721,1,2,312083
ps,2,4194304,200000.0,0.4,0.0,1.0,71,0,107,5524125,1877721,1,2,313958
ps,2,4194304,200000.0,0.4,0.0,1.0,71,0,108,5433083,1877721,1,2,271708
ps,2,4194304,200000.0,0.4,0.0,1.0,71,0,109,5478000,1877721,1,2,231417
ps,2,4194304,200000.0,0.4,0.0,1.0,71,0,110,5539125,1877721,1,2,228041
ps,2,4194304,200000.0,0.4,0.0,1.0,71,0,111,6046583,1877721,1,2,340916
ps,2,4194304,200000.0,0.4,0.0,1.0,71,0,112,5636792,1877721,1,2,226125
ps,2,4194304,200000.0,0.4,0.0,1.0,71,0,113,5517583,1877721,1,2,242249
ps,2,4194304,200000.0,0.4,0.0,1.0,71,0,114,5585667,1877721,1,2,358833
ps,2,4194304,200000.0,0.4,0.0,1.0,71,0,115,5446250,1877721,1,2,257792
ps,2,4194304,200000.0,0.4,0.0,1.0,71,0,116,5376583,1877721,1,2,312750
ps,2,4194304,200000.0,0.4,0.0,1.0,71,0,117,5406542,1877721,1,2,284709
ps,2,4194304,200000.0,0.4,0.0,1.0,71,0,118,5584834,1877721,1,2,200292
ps,2,4194304,200000.0,0.4,0.0,1.0,71,0,119,5472500,1877721,1,2,400375
ps,2,4194304,200000.0,0.4,0.0,1.0,71,0,120,5524708,1877721,1,2,269791
ps,2,4194304,200000.0,0.4,0.0,1.0,71,0,121,5493250,1877721,1,2,301292
ps,2,4194304,200000.0,0.4,0.0,1.0,71,0,122,5431125,1877721,1,2,258125
ps,2,4194304,200000.0,0.4,0.0,1.0,71,0,123,5549917,1877721,1,2,105834
ps,2,4194304,200000.0,0.4,0.0,1.0,71,0,124,5447625,1877721,1,2,275291
ps,2,4194304,200000.0,0.4,0.0,1.0,71,0,125,5415166,1877721,1,2,226041
ps,2,4194304,200000.0,0.4,0.0,1.0,71,0,126,5413542,1877721,1,2,283083
ps,2,4194304,200000.0,0.4,0.0,1.0,71,0,127,5414709,1877721,1,2,211709
ps,2,4194304,200000.0,0.4,0.0,1.0,71,0,128,5465458,1877721,1,2,282125
ps,2,4194304,200000.0,0.4,0.0,1.0,71,0,129,5407083,1877721,1,2,345374
ps,2,4194304,200000.0,0.4,0.0,1.0,71,0,130,5400375,1877721,1,2,291417
ps,2,4194304,200000.0,0.4,0.0,1.0,71,0,131,5893833,1877721,1,2,179333
ps,2,4194304,200000.0,0.4,0.0,1.0,71,0,132,5470792,1877721,1,2,243292
ps,2,4194304,200000.0,0.4,0.0,1.0,71,0,133,5434834,1877721,1,2,287584
ps,2,4194304,200000.0,0.4,0.0,1.0,71,0,134,5447375,1877721,1,2,271958
ps,2,4194304,200000.0,0.4,0.0,1.0,71,0,135,5636375,1877721,1,2,328375
ps,2,4194304,200000.0,0.4,0.0,1.0,71,0,136,5713459,1877721,1,2,321875
ps,2,4194304,200000.0,0.4,0.0,1.0,71,0,137,5425000,1877721,1,2,261958
ps,2,4194304,200000.0,0.4,0.0,1.0,71,0,138,5680583,1877721,1,2,67292
ps,2,4194304,200000.0,0.4,0.0,1.0,71,0,139,5503917,1877721,1,2,339083
ps,2,4194304,200000.0,0.4,0.0,1.0,71,0,140,5489000,1877721,1,2,338125
ps,2,4194304,200000.0,0.4,0.0,1.0,71,0,141,5594250,1877721,1,2,260250
ps,2,4194304,200000.0,0.4,0.0,1.0,71,0,142,5352709,1877721,1,2,264668
ps,2,4194304,200000.0,0.4,0.0,1.0,71,0,143,5456250,1877721,1,2,330083
ps,2,4194304,200000.0,0.4,0.0,1.0,71,0,144,5852791,1877721,1,2,169083
ps,2,4194304,200000.0,0.4,0.0,1.0,71,0,145,5597583,1877721,1,2,204458
ps,2,4194304,200000.0,0.4,0.0,1.0,71,0,146,5600375,1877721,1,2,360084
ps,2,4194304,200000.0,0.4,0.0,1.0,71,0,147,5827500,1877721,1,2,175416
ps,2,4194304,200000.0,0.4,0.0,1.0,71,0,148,5393291,1877721,1,2,234291
ps,2,4194304,200000.0,0.4,0.0,1.0,71,0,149,5337250,1877721,1,2,350500
ps,2,4194304,200000.0,0.4,0.0,1.0,71,0,150,5493334,1877721,1,2,323125
ps,2,4194304,200000.0,0.4,0.0,1.0,71,0,151,5389416,1877721,1,2,222083
ps,2,4194304,200000.0,0.4,0.0,1.0,71,0,152,5523708,1877721,1,2,437083
ps,2,4194304,200000.0,0.4,0.0,1.0,71,0,153,5508542,1877721,1,2,317000
ps,2,4194304,200000.0,0.4,0.0,1.0,71,0,154,5536708,1877721,1,2,248917
ps,2,4194304,200000.0,0.4,0.0,1.0,71,0,155,5480042,1877721,1,2,234292
ps,2,4194304,200000.0,0.4,0.0,1.0,71,0,156,5432416,1877721,1,2,374333
ps,2,4194304,200000.0,0.4,0.0,1.0,71,0,157,6004792,1877721,1,2,235917
ps,2,4194304,200000.0,0.4,0.0,1.0,71,0,158,5475250,1877721,1,2,324500
ps,2,4194304,200000.0,0.4,0.0,1.0,71,0,159,5377333,1877721,1,2,312000
ps,2,4194304,200000.0,0.4,0.0,1.0,71,0,160,5530250,1877721,1,2,287250
ps,2,4194304,200000.0,0.4,0.0,1.0,71,0,161,5462833,1877721,1,2,307541
ps,2,4194304,200000.0,0.4,0.0,1.0,71,0,162,5363875,1877721,1,2,321458
ps,2,4194304,200000.0,0.4,0.0,1.0,71,0,163,5525334,1877721,1,2,391918
ps,2,4194304,200000.0,0.4,0.0,1.0,71,0,164,5513167,1877721,1,2,249917
ps,2,4194304,200000.0,0.4,0.0,1.0,71,0,165,5499958,1877721,1,2,325083
ps,2,4194304,200000.0,0.4,0.0,1.0,71,0,166,5389084,1877721,1,2,341793
ps,2,4194304,200000.0,0.4,0.0,1.0,71,0,167,5842292,1877721,1,2,224417
ps,2,4194304,200000.0,0.4,0.0,1.0,71,0,168,5408250,1877721,1,2,257583
ps,2,4194304,200000.0,0.4,0.0,1.0,71,0,169,5451667,1877721,1,2,295500
ps,2,4194304,200000.0,0.4,0.0,1.0,71,0,170,5892625,1877721,1,2,260458
ps,2,4194304,200000.0,0.4,0.0,1.0,71,0,171,5447625,1877721,1,2,205875
ps,2,4194304,200000.0,0.4,0.0,1.0,71,0,172,5496833,1877721,1,2,313750
ps,2,4194304,200000.0,0.4,0.0,1.0,71,0,173,5401084,1877721,1,2,291751
ps,2,4194304,200000.0,0.4,0.0,1.0,71,0,174,5437583,1877721,1,2,315292
ps,2,4194304,200000.0,0.4,0.0,1.0,71,0,175,5220834,1877721,1,2,251959
ps,2,4194304,200000.0,0.4,0.0,1.0,71,0,176,5342833,1877721,1,2,302416
ps,2,4194304,200000.0,0.4,0.0,1.0,71,0,177,5265500,1877721,1,2,282417
ps,2,4194304,200000.0,0.4,0.0,1.0,71,0,178,5350250,1877721,1,2,319708
ps,2,4194304,200000.0,0.4,0.0,1.0,71,0,179,5237417,1877721,1,2,277917
ps,2,4194304,200000.0,0.4,0.0,1.0,71,0,180,5242042,1877721,1,2,317167
ps,2,4194304,200000.0,0.4,0.0,1.0,71,0,181,5370208,1877721,1,2,322541
ps,2,4194304,200000.0,0.4,0.0,1.0,71,0,182,5283125,1877721,1,2,249208
ps,2,4194304,200000.0,0.4,0.0,1.0,71,0,183,5254583,1877721,1,2,312250
ps,2,4194304,200000.0,0.4,0.0,1.0,71,0,184,5257667,1877721,1,2,315334
ps,2,4194304,200000.0,0.4,0.0,1.0,71,0,185,5265375,1877721,1,2,282458
ps,2,4194304,200000.0,0.4,0.0,1.0,71,0,186,5257625,1877721,1,2,316583
ps,2,4194304,200000.0,0.4,0.0,1.0,71,0,187,5238375,1877721,1,2,321042
ps,2,4194304,200000.0,0.4,0.0,1.0,71,0,188,5307208,1877721,1,2,373333
ps,2,4194304,200000.0,0.4,0.0,1.0,71,0,189,5363667,1877721,1,2,360584
ps,2,4194304,200000.0,0.4,0.0,1.0,71,0,190,5249834,1877721,1,2,331543
ps,2,4194304,200000.0,0.4,0.0,1.0,71,0,191,5360625,1877721,1,2,348542
ps,2,4194304,200000.0,0.4,0.0,1.0,71,0,192,5287584,1877721,1,2,291209
ps,2,4194304,200000.0,0.4,0.0,1.0,71,0,193,5305542,1877721,1,2,308875
ps,2,4194304,200000.0,0.4,0.0,1.0,71,0,194,5352875,1877721,1,2,302375
ps,2,4194304,200000.0,0.4,0.0,1.0,71,0,195,5327750,1877721,1,2,314458
ps,2,4194304,200000.0,0.4,0.0,1.0,71,0,196,5396208,1877721,1,2,297125
ps,2,4194304,200000.0,0.4,0.0,1.0,71,0,197,5262500,1877721,1,2,287042
ps,2,4194304,200000.0,0.4,0.0,1.0,71,0,198,5312541,1877721,1,2,299250
ps,2,4194304,200000.0,0.4,0.0,1.0,71,0,199,5352042,1877721,1,2,299375
ps,2,4194304,200000.0,0.4,0.0,1.0,71,0,200,5344542,1877721,1,2,335708
ps,2,4194304,200000.0,0.4,0.0,1.0,71,0,201,5386083,1877721,1,2,316416
ps,2,4194304,200000.0,0.4,0.0,1.0,71,0,202,5357834,1877721,1,2,316709
ps,2,4194304,200000.0,0.4,0.0,1.0,71,0,203,5323459,1877721,1,2,287209
ps,2,4194304,200000.0,0.4,0.0,1.0,71,0,204,5364958,1877721,1,2,402250
ps,2,4194304,200000.0,0.4,0.0,1.0,71,0,205,5393791,1877721,1,2,330374
ps,2,4194304,200000.0,0.4,0.0,1.0,71,0,206,5273000,1877721,1,2,299125
ps,2,4194304,200000.0,0.4,0.0,1.0,71,0,207,5362292,1877721,1,2,266709
ps,2,4194304,200000.0,0.4,0.0,1.0,71,0,208,5288291,1877721,1,2,294458
ps,2,4194304,200000.0,0.4,0.0,1.0,71,0,209,5270916,1877721,1,2,293000
ps,2,4194304,200000.0,0.4,0.0,1.0,71,0,210,5260375,1877721,1,2,314666
ps,2,4194304,200000.0,0.4,0.0,1.0,71,0,211,5273458,1877721,1,2,298250
ps,2,4194304,200000.0,0.4,0.0,1.0,71,0,212,5334833,1877721,1,2,298083
ps,2,4194304,200000.0,0.4,0.0,1.0,71,0,213,5310167,1877721,1,2,348584
ps,2,4194304,200000.0,0.4,0.0,1.0,71,0,214,5307917,1877721,1,2,322876
ps,2,4194304,200000.0,0.4,0.0,1.0,71,0,215,5257416,1877721,1,2,319041
ps,2,4194304,200000.0,0.4,0.0,1.0,71,0,216,5344834,1877721,1,2,372625
ps,2,4194304,200000.0,0.4,0.0,1.0,71,0,217,5261667,1877721,1,2,362501
ps,2,4194304,200000.0,0.4,0.0,1.0,71,0,218,5241125,1877721,1,2,331750
ps,2,4194304,200000.0,0.4,0.0,1.0,71,0,219,5235917,1877721,1,2,317876
ps,2,4194304,200000.0,0.4,0.0,1.0,71,0,220,5277250,1877721,1,2,313667
ps,2,4194304,200000.0,0.4,0.0,1.0,71,0,221,5316291,1877721,1,2,332708
ps,2,4194304,200000.0,0.4,0.0,1.0,71,0,222,5290541,1877721,1,2,266583
ps,2,4194304,200000.0,0.4,0.0,1.0,71,0,223,5346125,1877721,1,2,313708
ps,2,4194304,200000.0,0.4,0.0,1.0,71,0,224,5312709,1877721,1,2,267834
ps,2,4194304,200000.0,0.4,0.0,1.0,71,0,225,5293375,1877721,1,2,320833
ps,2,4194304,200000.0,0.4,0.0,1.0,71,0,226,5305416,1877721,1,2,310874
ps,2,4194304,200000.0,0.4,0.0,1.0,71,0,227,5200250,1877721,1,2,320541
ps,2,4194304,200000.0,0.4,0.0,1.0,71,0,228,5230500,1877721,1,2,325500
ps,2,4194304,200000.0,0.4,0.0,1.0,71,0,229,5202916,1877721,1,2,291958
ps,2,4194304,200000.0,0.4,0.0,1.0,71,0,230,5361667,1877721,1,2,353500
ps,2,4194304,200000.0,0.4,0.0,1.0,71,0,231,5327708,1877721,1,2,349916
ps,2,4194304,200000.0,0.4,0.0,1.0,71,0,232,5309417,1877721,1,2,264250
ps,2,4194304,200000.0,0.4,0.0,1.0,71,0,233,5270000,1877721,1,2,284667
ps,2,4194304,200000.0,0.4,0.0,1.0,71,0,234,5336792,1877721,1,2,284958
ps,2,4194304,200000.0,0.4,0.0,1.0,71,0,235,5313625,1877721,1,2,260125
ps,2,4194304,200000.0,0.4,0.0,1.0,71,0,236,5274167,1877721,1,2,315000
ps,2,4194304,200000.0,0.4,0.0,1.0,71,0,237,5302000,1877721,1,2,346708
ps,2,4194304,200000.0,0.4,0.0,1.0,71,0,238,5374375,1877721,1,2,338042
ps,2,4194304,200000.0,0.4,0.0,1.0,71,0,239,5271375,1877721,1,2,334292
ps,2,4194304,200000.0,0.4,0.0,1.0,71,0,240,5329792,1877721,1,2,296167
ps,2,4194304,200000.0,0.4,0.0,1.0,71,0,241,5454959,1877721,1,2,305459
ps,2,4194304,200000.0,0.4,0.0,1.0,71,0,242,5290583,1877721,1,2,286458
ps,2,4194304,200000.0,0.4,0.0,1.0,71,0,243,5297875,1877721,1,2,306500
ps,2,4194304,200000.0,0.4,0.0,1.0,71,0,244,5314250,1877721,1,2,290292
ps,2,4194304,200000.0,0.4,0.0,1.0,71,0,245,5250792,1877721,1,2,313292
ps,2,4194304,200000.0,0.4,0.0,1.0,71,0,246,5319583,1877721,1,2,338292
ps,2,4194304,200000.0,0.4,0.0,1.0,71,0,247,5344209,1877721,1,2,293001
ps,2,4194304,200000.0,0.4,0.0,1.0,71,0,248,5257833,1877721,1,2,309249
ps,2,4194304,200000.0,0.4,0.0,1.0,71,0,249,5307209,1877721,1,2,317334
ps,2,1048576,200000.0,0.4,0.0,1.0,71,0,0,1775459,619430,1,2,84001
ps,2,1048576,200000.0,0.4,0.0,1.0,71,0,1,1752750,619430,1,2,86125
ps,2,1048576,200000.0,0.4,0.0,1.0,71,0,2,1761375,619430,1,2,79208
ps,2,1048576,200000.0,0.4,0.0,1.0,71,0,3,1714625,619430,1,2,84459
ps,2,1048576,200000.0,0.4,0.0,1.0,71,0,4,1733333,619430,1,2,81708
ps,2,1048576,200000.0,0.4,0.0,1.0,71,0,5,1698292,619430,1,2,66292
ps,2,1048576,200000.0,0.4,0.0,1.0,71,0,6,1769459,619430,1,2,79626
ps,2,1048576,200000.0,0.4,0.0,1.0,71,0,7,1736875,619430,1,2,94917
ps,2,1048576,200000.0,0.4,0.0,1.0,71,0,8,1778375,619430,1,2,99750
ps,2,1048576,200000.0,0.4,0.0,1.0,71,0,9,1758875,619430,1,2,84709
ps,2,1048576,200000.0,0.4,0.0,1.0,71,0,10,1758750,619430,1,2,99666
ps,2,1048576,200000.0,0.4,0.0,1.0,71,0,11,1751959,619430,1,2,103500
ps,2,1048576,200000.0,0.4,0.0,1.0,71,0,12,1761959,619430,1,2,121501
ps,2,1048576,200000.0,0.4,0.0,1.0,71,0,13,1726708,619430,1,2,60917
ps,2,1048576,200000.0,0.4,0.0,1.0,71,0,14,1771833,619430,1,2,99458
ps,2,1048576,200000.0,0.4,0.0,1.0,71,0,15,1763042,619430,1,2,87042
ps,2,1048576,200000.0,0.4,0.0,1.0,71,0,16,1734542,619430,1,2,65292
ps,2,1048576,200000.0,0.4,0.0,1.0,71,0,17,1753792,619430,1,2,82584
ps,2,1048576,200000.0,0.4,0.0,1.0,71,0,18,1721000,619430,1,2,59416
ps,2,1048576,200000.0,0.4,0.0,1.0,71,0,19,1772166,619430,1,2,69958
ps,2,1048576,200000.0,0.4,0.0,1.0,71,0,20,1773958,619430,1,2,83583
ps,2,1048576,200000.0,0.4,0.0,1.0,71,0,21,1720083,619430,1,2,68208
ps,2,1048576,200000.0,0.4,0.0,1.0,71,0,22,1711125,619430,1,2,86833
ps,2,1048576,200000.0,0.4,0.0,1.0,71,0,23,1737917,619430,1,2,106542
ps,2,1048576,200000.0,0.4,0.0,1.0,71,0,24,1736375,619430,1,2,100292
ps,2,1048576,200000.0,0.4,0.0,1.0,71,0,25,1718167,619430,1,2,67626
ps,2,1048576,200000.0,0.4,0.0,1.0,71,0,26,1773375,619430,1,2,92333
ps,2,1048576,200000.0,0.4,0.0,1.0,71,0,27,1744584,619430,1,2,91043
ps,2,1048576,200000.0,0.4,0.0,1.0,71,0,28,1699375,619430,1,2,84958
ps,2,1048576,200000.0,0.4,0.0,1.0,71,0,29,1726292,619430,1,2,92459
ps,2,1048576,200000.0,0.4,0.0,1.0,71,0,30,1738125,619430,1,2,86834
ps,2,1048576,200000.0,0.4,0.0,1.0,71,0,31,1732291,619430,1,2,78041
ps,2,1048576,200000.0,0.4,0.0,1.0,71,0,32,1726791,619430,1,2,63707
ps,2,1048576,200000.0,0.4,0.0,1.0,71,0,33,1757416,619430,1,2,82166
ps,2,1048576,200000.0,0.4,0.0,1.0,71,0,34,1740584,619430,1,2,49501
ps,2,1048576,200000.0,0.4,0.0,1.0,71,0,35,1737709,619430,1,2,82209
ps,2,1048576,200000.0,0.4,0.0,1.0,71,0,36,1737167,619430,1,2,74709
ps,2,1048576,200000.0,0.4,0.0,1.0,71,0,37,1712042,619430,1,2,70000
ps,2,1048576,200000.0,0.4,0.0,1.0,71,0,38,1721333,619430,1,2,83416
ps,2,1048576,200000.0,0.4,0.0,1.0,71,0,39,1703542,619430,1,2,83459
ps,2,1048576,200000.0,0.4,0.0,1.0,71,0,40,1724083,619430,1,2,80666
ps,2,1048576,200000.0,0.4,0.0,1.0,71,0,41,1715167,619430,1,2,82750
ps,2,1048576,200000.0,0.4,0.0,1.0,71,0,42,1706459,619430,1,2,75834
ps,2,1048576,200000.0,0.4,0.0,1.0,71,0,43,1719500,619430,1,2,91292
ps,2,1048576,200000.0,0.4,0.0,1.0,71,0,44,1711000,619430,1,2,80292
ps,2,1048576,200000.0,0.4,0.0,1.0,71,0,45,1736667,619430,1,2,80417
ps,2,1048576,200000.0,0.4,0.0,1.0,71,0,46,1720250,619430,1,2,83250
ps,2,1048576,200000.0,0.4,0.0,1.0,71,0,47,1695083,619430,1,2,48166
ps,2,1048576,200000.0,0.4,0.0,1.0,71,0,48,1708834,619430,1,2,68334
ps,2,1048576,200000.0,0.4,0.0,1.0,71,0,49,1665250,619430,1,2,58792
ps,2,1048576,200000.0,0.4,0.0,1.0,71,0,50,1733042,619430,1,2,101126
ps,2,1048576,200000.0,0.4,0.0,1.0,71,0,51,1706375,619430,1,2,82458
ps,2,1048576,200000.0,0.4,0.0,1.0,71,0,52,1720083,619430,1,2,84666
ps,2,1048576,200000.0,0.4,0.0,1.0,71,0,53,1774125,619430,1,2,62750
ps,2,1048576,200000.0,0.4,0.0,1.0,71,0,54,1771917,619430,1,2,90792
ps,2,1048576,200000.0,0.4,0.0,1.0,71,0,55,1737250,619430,1,2,65459
ps,2,1048576,200000.0,0.4,0.0,1.0,71,0,56,1762375,619430,1,2,95958
ps,2,1048576,200000.0,0.4,0.0,1.0,71,0,57,1754875,619430,1,2,86709
ps,2,1048576,200000.0,0.4,0.0,1.0,71,0,58,1758084,619430,1,2,80959
ps,2,1048576,200000.0,0.4,0.0,1.0,71,0,59,1737916,619430,1,2,86083
ps,2,1048576,200000.0,0.4,0.0,1.0,71,0,60,1716208,619430,1,2,43583
ps,2,1048576,200000.0,0.4,0.0,1.0,71,0,61,1757417,619430,1,2,102125
ps,2,1048576,200000.0,0.4,0.0,1.0,71,0,62,1761708,619430,1,2,88958
ps,2,1048576,200000.0,0.4,0.0,1.0,71,0,63,1709000,619430,1,2,76333
ps,2,1048576,200000.0,0.4,0.0,1.0,71,0,64,1757416,619430,1,2,67666
ps,2,1048576,200000.0,0.4,0.0,1.0,71,0,65,1726083,619430,1,2,72166
ps,2,1048576,200000.0,0.4,0.0,1.0,71,0,66,1718667,619430,1,2,62875
ps,2,1048576,200000.0,0.4,0.0,1.0,71,0,67,1734792,619430,1,2,102209
ps,2,1048576,200000.0,0.4,0.0,1.0,71,0,68,1717458,619430,1,2,59416
ps,2,1048576,200000.0,0.4,0.0,1.0,71,0,69,1741458,619430,1,2,74208
ps,2,1048576,200000.0,0.4,0.0,1.0,71,0,70,1706625,619430,1,2,68209
ps,2,1048576,200000.0,0.4,0.0,1.0,71,0,71,1716958,619430,1,2,75000
ps,2,1048576,200000.0,0.4,0.0,1.0,71,0,72,1732208,619430,1,2,72792
ps,2,1048576,200000.0,0.4,0.0,1.0,71,0,73,1727500,619430,1,2,78875
ps,2,1048576,200000.0,0.4,0.0,1.0,71,0,74,1712125,619430,1,2,72333
ps,2,1048576,200000.0,0.4,0.0,1.0,71,0,75,1707584,619430,1,2,65751
ps,2,1048576,200000.0,0.4,0.0,1.0,71,0,76,1728833,619430,1,2,81666
ps,2,1048576,200000.0,0.4,0.0,1.0,71,0,77,1735041,619430,1,2,91207
ps,2,1048576,200000.0,0.4,0.0,1.0,71,0,78,1706250,619430,1,2,24250
ps,2,1048576,200000.0,0.4,0.0,1.0,71,0,79,1737167,619430,1,2,60459
ps,2,1048576,200000.0,0.4,0.0,1.0,71,0,80,1755000,619430,1,2,72875
ps,2,1048576,200000.0,0.4,0.0,1.0,71,0,81,1732792,619430,1,2,68167
ps,2,1048576,200000.0,0.4,0.0,1.0,71,0,82,1728750,619430,1,2,105083
ps,2,1048576,200000.0,0.4,0.0,1.0,71,0,83,1717375,619430,1,2,77541
ps,2,1048576,200000.0,0.4,0.0,1.0,71,0,84,1717917,619430,1,2,101292
ps,2,1048576,200000.0,0.4,0.0,1.0,71,0,85,1718500,619430,1,2,100000
ps,2,1048576,200000.0,0.4,0.0,1.0,71,0,86,1692875,619430,1,2,55250
ps,2,1048576,200000.0,0.4,0.0,1.0,71,0,87,1712625,619430,1,2,48542
ps,2,1048576,200000.0,0.4,0.0,1.0,71,0,88,1734125,619430,1,2,81750
ps,2,1048576,200000.0,0.4,0.0,1.0,71,0,89,1696000,619430,1,2,73541
ps,2,1048576,200000.0,0.4,0.0,1.0,71,0,90,1709000,619430,1,2,73333
ps,2,1048576,200000.0,0.4,0.0,1.0,71,0,91,1707875,619430,1,2,74916
ps,2,1048576,200000.0,0.4,0.0,1.0,71,0,92,1719792,619430,1,2,82709
ps,2,1048576,200000.0,0.4,0.0,1.0,71,0,93,1709917,619430,1,2,79126
ps,2,1048576,200000.0,0.4,0.0,1.0,71,0,94,1735417,619430,1,2,103834
ps,2,1048576,200000.0,0.4,0.0,1.0,71,0,95,1677291,619430,1,2,79458
ps,2,1048576,200000.0,0.4,0.0,1.0,71,0,96,1697750,619430,1,2,77500
ps,2,1048576,200000.0,0.4,0.0,1.0,71,0,97,1714417,619430,1,2,81292
ps,2,1048576,200000.0,0.4,0.0,1.0,71,0,98,1725875,619430,1,2,84125
ps,2,1048576,200000.0,0.4,0.0,1.0,71,0,99,1707583,619430,1,2,67958
ps,2,1048576,200000.0,0.4,0.0,1.0,71,0,100,1693166,619430,1,2,48416
ps,2,1048576,200000.0,0.4,0.0,1.0,71,0,101,1702167,619430,1,2,61834
ps,2,1048576,200000.0,0.4,0.0,1.0,71,0,102,1729083,619430,1,2,86249
ps,2,1048576,200000.0,0.4,0.0,1.0,71,0,103,1705000,619430,1,2,79041
ps,2,1048576,200000.0,0.4,0.0,1.0,71,0,104,1724958,619430,1,2,93167
ps,2,1048576,200000.0,0.4,0.0,1.0,71,0,105,1756792,619430,1,2,90917
ps,2,1048576,200000.0,0.4,0.0,1.0,71,0,106,1693208,619430,1,2,72499
ps,2,1048576,200000.0,0.4,0.0,1.0,71,0,107,1743583,619430,1,2,72625
ps,2,1048576,200000.0,0.4,0.0,1.0,71,0,108,1753958,619430,1,2,52167
ps,2,1048576,200000.0,0.4,0.0,1.0,71,0,109,1740083,619430,1,2,91416
ps,2,1048576,200000.0,0.4,0.0,1.0,71,0,110,1712333,619430,1,2,71750
ps,2,1048576,200000.0,0.4,0.0,1.0,71,0,111,1706292,619430,1,2,92542
ps,2,1048576,200000.0,0.4,0.0,1.0,71,0,112,1729083,619430,1,2,86375
ps,2,1048576,200000.0,0.4,0.0,1.0,71,0,113,1749417,619430,1,2,92000
ps,2,1048576,200000.0,0.4,0.0,1.0,71,0,114,1713333,619430,1,2,73625
ps,2,1048576,200000.0,0.4,0.0,1.0,71,0,115,1692083,619430,1,2,85000
ps,2,1048576,200000.0,0.4,0.0,1.0,71,0,116,1711875,619430,1,2,88458
ps,2,1048576,200000.0,0.4,0.0,1.0,71,0,117,1727042,619430,1,2,117875
ps,2,1048576,200000.0,0.4,0.0,1.0,71,0,118,1726750,619430,1,2,91833
ps,2,1048576,200000.0,0.4,0.0,1.0,71,0,119,1737625,619430,1,2,86292
ps,2,1048576,200000.0,0.4,0.0,1.0,71,0,120,1706792,619430,1,2,79459
ps,2,1048576,200000.0,0.4,0.0,1.0,71,0,121,1707916,619430,1,2,69875
ps,2,1048576,200000.0,0.4,0.0,1.0,71,0,122,1750417,619430,1,2,112250
ps,2,1048576,200000.0,0.4,0.0,1.0,71,0,123,1696375,619430,1,2,84375
ps,2,1048576,200000.0,0.4,0.0,1.0,71,0,124,1711291,619430,1,2,84708
ps,2,1048576,200000.0,0.4,0.0,1.0,71,0,125,1714083,619430,1,2,99208
ps,2,1048576,200000.0,0.4,0.0,1.0,71,0,126,1701292,619430,1,2,76667
ps,2,1048576,200000.0,0.4,0.0,1.0,71,0,127,1739834,619430,1,2,90334
ps,2,1048576,200000.0,0.4,0.0,1.0,71,0,128,1725292,619430,1,2,75625
ps,2,1048576,200000.0,0.4,0.0,1.0,71,0,129,1727375,619430,1,2,76333
ps,2,1048576,200000.0,0.4,0.0,1.0,71,0,130,1720625,619430,1,2,69166
ps,2,1048576,200000.0,0.4,0.0,1.0,71,0,131,1703250,619430,1,2,48958
ps,2,1048576,200000.0,0.4,0.0,1.0,71,0,132,1726125,619430,1,2,93083
ps,2,1048576,200000.0,0.4,0.0,1.0,71,0,133,1733000,619430,1,2,69250
ps,2,1048576,200000.0,0.4,0.0,1.0,71,0,134,1712916,619430,1,2,82499
ps,2,1048576,200000.0,0.4,0.0,1.0,71,0,135,1735417,619430,1,2,78208
ps,2,1048576,200000.0,0.4,0.0,1.0,71,0,136,1731625,619430,1,2,63417
ps,2,1048576,200000.0,0.4,0.0,1.0,71,0,137,1726000,619430,1,2,77375
ps,2,1048576,200000.0,0.4,0.0,1.0,71,0,138,1755000,619430,1,2,105250
ps,2,1048576,200000.0,0.4,0.0,1.0,71,0,139,1713791,619430,1,2,73916
ps,2,1048576,200000.0,0.4,0.0,1.0,71,0,140,1715042,619430,1,2,74792
ps,2,1048576,200000.0,0.4,0.0,1.0,71,0,141,1752416,619430,1,2,106999
ps,2,1048576,200000.0,0.4,0.0,1.0,71,0,142,1725042,619430,1,2,98292
ps,2,1048576,200000.0,0.4,0.0,1.0,71,0,143,1722375,619430,1,2,93958
ps,2,1048576,200000.0,0.4,0.0,1.0,71,0,144,1699833,619430,1,2,84208
ps,2,1048576,200000.0,0.4,0.0,1.0,71,0,145,1715459,619430,1,2,93209
ps,2,1048576,200000.0,0.4,0.0,1.0,71,0,146,1700042,619430,1,2,82375
ps,2,1048576,200000.0,0.4,0.0,1.0,71,0,147,1722500,619430,1,2,75375
ps,2,1048576,200000.0,0.4,0.0,1.0,71,0,148,1751667,619430,1,2,95958
ps,2,1048576,200000.0,0.4,0.0,1.0,71,0,149,1800041,619430,1,2,89250
ps,2,1048576,200000.0,0.4,0.0,1.0,71,0,150,1754083,619430,1,2,87041
ps,2,1048576,200000.0,0.4,0.0,1.0,71,0,151,1745417,619430,1,2,64376
ps,2,1048576,200000.0,0.4,0.0,1.0,71,0,152,1803042,619430,1,2,58667
ps,2,1048576,200000.0,0.4,0.0,1.0,71,0,153,1773417,619430,1,2,61959
ps,2,1048576,200000.0,0.4,0.0,1.0,71,0,154,1777125,619430,1,2,64375
ps,2,1048576,200000.0,0.4,0.0,1.0,71,0,155,1781584,619430,1,2,60668
ps,2,1048576,200000.0,0.4,0.0,1.0,71,0,156,1753375,619430,1,2,71041
ps,2,1048576,200000.0,0.4,0.0,1.0,71,0,157,1777917,619430,1,2,94834
ps,2,1048576,200000.0,0.4,0.0,1.0,71,0,158,1785041,619430,1,2,92541
ps,2,1048576,200000.0,0.4,0.0,1.0,71,0,159,1777500,619430,1,2,82125
ps,2,1048576,200000.0,0.4,0.0,1.0,71,0,160,1773208,619430,1,2,88833
ps,2,1048576,200000.0,0.4,0.0,1.0,71,0,161,1744459,619430,1,2,108126
ps,2,1048576,200000.0,0.4,0.0,1.0,71,0,162,1772500,619430,1,2,70291
ps,2,1048576,200000.0,0.4,0.0,1.0,71,0,163,1764792,619430,1,2,68209
ps,2,1048576,200000.0,0.4,0.0,1.0,71,0,164,1756584,619430,1,2,57000
ps,2,1048576,200000.0,0.4,0.0,1.0,71,0,165,1788125,619430,1,2,65084
ps,2,1048576,200000.0,0.4,0.0,1.0,71,0,166,1762875,619430,1,2,71917
ps,2,1048576,200000.0,0.4,0.0,1.0,71,0,167,1781958,619430,1,2,102208
ps,2,1048576,200000.0,0.4,0.0,1.0,71,0,168,1747625,619430,1,2,69500
ps,2,1048576,200000.0,0.4,0.0,1.0,71,0,169,1758250,619430,1,2,90250
ps,2,1048576,200000.0,0.4,0.0,1.0,71,0,170,1777250,619430,1,2,101834
ps,2,1048576,200000.0,0.4,0.0,1.0,71,0,171,1758625,619430,1,2,69875
ps,2,1048576,200000.0,0.4,0.0,1.0,71,0,172,1770375,619430,1,2,88834
ps,2,1048576,200000.0,0.4,0.0,1.0,71,0,173,1759375,619430,1,2,50125
ps,2,1048576,200000.0,0.4,0.0,1.0,71,0,174,1778750,619430,1,2,67000
ps,2,1048576,200000.0,0.4,0.0,1.0,71,0,175,1743542,619430,1,2,75959
ps,2,1048576,200000.0,0.4,0.0,1.0,71,0,176,1736667,619430,1,2,48000
ps,2,1048576,200000.0,0.4,0.0,1.0,71,0,177,1755375,619430,1,2,65917
ps,2,1048576,200000.0,0.4,0.0,1.0,71,0,178,1736750,619430,1,2,86708
ps,2,1048576,200000.0,0.4,0.0,1.0,71,0,179,1742458,619430,1,2,76750
ps,2,1048576,200000.0,0.4,0.0,1.0,71,0,180,1786583,619430,1,2,77625
ps,2,1048576,200000.0,0.4,0.0,1.0,71,0,181,1766958,619430,1,2,63708
ps,2,1048576,200000.0,0.4,0.0,1.0,71,0,182,1771333,619430,1,2,95458
ps,2,1048576,200000.0,0.4,0.0,1.0,71,0,183,1741708,619430,1,2,57250
ps,2,1048576,200000.0,0.4,0.0,1.0,71,0,184,1817333,619430,1,2,43874
ps,2,1048576,200000.0,0.4,0.0,1.0,71,0,185,1780542,619430,1,2,61708
ps,2,1048576,200000.0,0.4,0.0,1.0,71,0,186,1819875,619430,1,2,74042
ps,2,1048576,200000.0,0.4,0.0,1.0,71,0,187,1716833,619430,1,2,63874
ps,2,1048576,200000.0,0.4,0.0,1.0,71,0,188,1814500,619430,1,2,70417
ps,2,1048576,200000.0,0.4,0.0,1.0,71,0,189,1737500,619430,1,2,87291
ps,2,1048576,200000.0,0.4,0.0,1.0,71,0,190,1733583,619430,1,2,97333
ps,2,1048576,200000.0,0.4,0.0,1.0,71,0,191,1740292,619430,1,2,73751
ps,2,1048576,200000.0,0.4,0.0,1.0,71,0,192,1718667,619430,1,2,90334
ps,2,1048576,200000.0,0.4,0.0,1.0,71,0,193,1730292,619430,1,2,51667
ps,2,1048576,200000.0,0.4,0.0,1.0,71,0,194,1746958,619430,1,2,81250
ps,2,1048576,200000.0,0.4,0.0,1.0,71,0,195,1699042,619430,1,2,50417
ps,2,1048576,200000.0,0.4,0.0,1.0,71,0,196,1719292,619430,1,2,75000
ps,2,1048576,200000.0,0.4,0.0,1.0,71,0,197,1698541,619430,1,2,69166
ps,2,1048576,200000.0,0.4,0.0,1.0,71,0,198,1735375,619430,1,2,81750
ps,2,1048576,200000.0,0.4,0.0,1.0,71,0,199,1685375,619430,1,2,79750
ps,2,1048576,200000.0,0.4,0.0,1.0,71,0,200,1788750,619430,1,2,94708
ps,2,1048576,200000.0,0.4,0.0,1.0,71,0,201,1755416,619430,1,2,109458
ps,2,1048576,200000.0,0.4,0.0,1.0,71,0,202,1719958,619430,1,2,119166
ps,2,1048576,200000.0,0.4,0.0,1.0,71,0,203,1711833,619430,1,2,83417
ps,2,1048576,200000.0,0.4,0.0,1.0,71,0,204,1703959,619430,1,2,92334
ps,2,1048576,200000.0,0.4,0.0,1.0,71,0,205,1692208,619430,1,2,76875
ps,2,1048576,200000.0,0.4,0.0,1.0,71,0,206,1763917,619430,1,2,90959
ps,2,1048576,200000.0,0.4,0.0,1.0,71,0,207,1716167,619430,1,2,79708
ps,2,1048576,200000.0,0.4,0.0,1.0,71,0,208,1760083,619430,1,2,97917
ps,2,1048576,200000.0,0.4,0.0,1.0,71,0,209,1727125,619430,1,2,72709
ps,2,1048576,200000.0,0.4,0.0,1.0,71,0,210,1719333,619430,1,2,64083
ps,2,1048576,200000.0,0.4,0.0,1.0,71,0,211,1734375,619430,1,2,78000
ps,2,1048576,200000.0,0.4,0.0,1.0,71,0,212,1762583,619430,1,2,83958
ps,2,1048576,200000.0,0.4,0.0,1.0,71,0,213,1730125,619430,1,2,82708
ps,2,1048576,200000.0,0.4,0.0,1.0,71,0,214,1737125,619430,1,2,75917
ps,2,1048576,200000.0,0.4,0.0,1.0,71,0,215,1730083,619430,1,2,97374
ps,2,1048576,200000.0,0.4,0.0,1.0,71,0,216,1761500,619430,1,2,61083
ps,2,1048576,200000.0,0.4,0.0,1.0,71,0,217,1743167,619430,1,2,85125
ps,2,1048576,200000.0,0.4,0.0,1.0,71,0,218,1718125,619430,1,2,48208
ps,2,1048576,200000.0,0.4,0.0,1.0,71,0,219,1738167,619430,1,2,64583
ps,2,1048576,200000.0,0.4,0.0,1.0,71,0,220,1772000,619430,1,2,109542
ps,2,1048576,200000.0,0.4,0.0,1.0,71,0,221,1757375,619430,1,2,79458
ps,2,1048576,200000.0,0.4,0.0,1.0,71,0,222,1717250,619430,1,2,61709
ps,2,1048576,200000.0,0.4,0.0,1.0,71,0,223,1721083,619430,1,2,57708
ps,2,1048576,200000.0,0.4,0.0,1.0,71,0,224,1748208,619430,1,2,68124
ps,2,1048576,200000.0,0.4,0.0,1.0,71,0,225,1727459,619430,1,2,75375
ps,2,1048576,200000.0,0.4,0.0,1.0,71,0,226,1721084,619430,1,2,51459
ps,2,1048576,200000.0,0.4,0.0,1.0,71,0,227,1738083,619430,1,2,85667
ps,2,1048576,200000.0,0.4,0.0,1.0,71,0,228,1718083,619430,1,2,119667
ps,2,1048576,200000.0,0.4,0.0,1.0,71,0,229,1716333,619430,1,2,57291
ps,2,1048576,200000.0,0.4,0.0,1.0,71,0,230,1754583,619430,1,2,103458
ps,2,1048576,200000.0,0.4,0.0,1.0,71,0,231,1740917,619430,1,2,98167
ps,2,1048576,200000.0,0.4,0.0,1.0,71,0,232,1704083,619430,1,2,82999
ps,2,1048576,200000.0,0.4,0.0,1.0,71,0,233,1692916,619430,1,2,67999
ps,2,1048576,200000.0,0.4,0.0,1.0,71,0,234,1714791,619430,1,2,82041
ps,2,1048576,200000.0,0.4,0.0,1.0,71,0,235,1690458,619430,1,2,80000
ps,2,1048576,200000.0,0.4,0.0,1.0,71,0,236,1747875,619430,1,2,108583
ps,2,1048576,200000.0,0.4,0.0,1.0,71,0,237,1713334,619430,1,2,83459
ps,2,1048576,200000.0,0.4,0.0,1.0,71,0,238,1723042,619430,1,2,82167
ps,2,1048576,200000.0,0.4,0.0,1.0,71,0,239,1697375,619430,1,2,86084
ps,2,1048576,200000.0,0.4,0.0,1.0,71,0,240,1740417,619430,1,2,117292
ps,2,1048576,200000.0,0.4,0.0,1.0,71,0,241,1702708,619430,1,2,83583
ps,2,1048576,200000.0,0.4,0.0,1.0,71,0,242,1706000,619430,1,2,81125
ps,2,1048576,200000.0,0.4,0.0,1.0,71,0,243,1714500,619430,1,2,87625
ps,2,1048576,200000.0,0.4,0.0,1.0,71,0,244,1708458,619430,1,2,79083
ps,2,1048576,200000.0,0.4,0.0,1.0,71,0,245,1707167,619430,1,2,57667
ps,2,1048576,200000.0,0.4,0.0,1.0,71,0,246,1730042,619430,1,2,80458
ps,2,1048576,200000.0,0.4,0.0,1.0,71,0,247,1728542,619430,1,2,88959
ps,2,1048576,200000.0,0.4,0.0,1.0,71,0,248,1722042,619430,1,2,62292
ps,2,1048576,200000.0,0.4,0.0,1.0,71,0,249,1693708,619430,1,2,50958
ring,2,4194304,200000.0,0.4,0.0,1.0,71,1,0,3820875,2077720,2,2,324042
ring,2,4194304,200000.0,0.4,0.0,1.0,71,1,1,3561292,2077720,2,2,197501
ring,2,4194304,200000.0,0.4,0.0,1.0,71,1,2,3583292,2077720,2,2,206709
ring,2,4194304,200000.0,0.4,0.0,1.0,71,1,3,3586750,2077720,2,2,205541
ring,2,4194304,200000.0,0.4,0.0,1.0,71,1,4,3662375,2077720,2,2,190500
ring,2,4194304,200000.0,0.4,0.0,1.0,71,1,5,3602833,2077720,2,2,195958
ring,2,4194304,200000.0,0.4,0.0,1.0,71,1,6,3603125,2077720,2,2,186250
ring,2,4194304,200000.0,0.4,0.0,1.0,71,1,7,3661292,2077720,2,2,209459
ring,2,4194304,200000.0,0.4,0.0,1.0,71,1,8,3489209,2077720,2,2,159834
ring,2,4194304,200000.0,0.4,0.0,1.0,71,1,9,3623833,2077720,2,2,156625
ring,2,4194304,200000.0,0.4,0.0,1.0,71,1,10,3560291,2077720,2,2,185333
ring,2,4194304,200000.0,0.4,0.0,1.0,71,1,11,3512709,2077720,2,2,151042
ring,2,4194304,200000.0,0.4,0.0,1.0,71,1,12,3600167,2077720,2,2,145292
ring,2,4194304,200000.0,0.4,0.0,1.0,71,1,13,3594333,2077720,2,2,152499
ring,2,4194304,200000.0,0.4,0.0,1.0,71,1,14,3653708,2077720,2,2,145833
ring,2,4194304,200000.0,0.4,0.0,1.0,71,1,15,3443083,2077720,2,2,197749
ring,2,4194304,200000.0,0.4,0.0,1.0,71,1,16,3556750,2077720,2,2,242333
ring,2,4194304,200000.0,0.4,0.0,1.0,71,1,17,3754292,2077720,2,2,127500
ring,2,4194304,200000.0,0.4,0.0,1.0,71,1,18,3658000,2077720,2,2,254542
ring,2,4194304,200000.0,0.4,0.0,1.0,71,1,19,3538000,2077720,2,2,136375
ring,2,4194304,200000.0,0.4,0.0,1.0,71,1,20,3707583,2077720,2,2,186250
ring,2,4194304,200000.0,0.4,0.0,1.0,71,1,21,3610750,2077720,2,2,196791
ring,2,4194304,200000.0,0.4,0.0,1.0,71,1,22,3549083,2077720,2,2,158041
ring,2,4194304,200000.0,0.4,0.0,1.0,71,1,23,3548875,2077720,2,2,222917
ring,2,4194304,200000.0,0.4,0.0,1.0,71,1,24,3536000,2077720,2,2,262041
ring,2,4194304,200000.0,0.4,0.0,1.0,71,1,25,3570459,2077720,2,2,254667
ring,2,4194304,200000.0,0.4,0.0,1.0,71,1,26,3518916,2077720,2,2,122416
ring,2,4194304,200000.0,0.4,0.0,1.0,71,1,27,3624667,2077720,2,2,210542
ring,2,4194304,200000.0,0.4,0.0,1.0,71,1,28,3664625,2077720,2,2,182625
ring,2,4194304,200000.0,0.4,0.0,1.0,71,1,29,3530417,2077720,2,2,188042
ring,2,4194304,200000.0,0.4,0.0,1.0,71,1,30,3580917,2077720,2,2,217792
ring,2,4194304,200000.0,0.4,0.0,1.0,71,1,31,3650958,2077720,2,2,159292
ring,2,4194304,200000.0,0.4,0.0,1.0,71,1,32,3677583,2077720,2,2,214083
ring,2,4194304,200000.0,0.4,0.0,1.0,71,1,33,3672833,2077720,2,2,156833
ring,2,4194304,200000.0,0.4,0.0,1.0,71,1,34,3708625,2077720,2,2,138709
ring,2,4194304,200000.0,0.4,0.0,1.0,71,1,35,3709000,2077720,2,2,161291
ring,2,4194304,200000.0,0.4,0.0,1.0,71,1,36,3677708,2077720,2,2,165583
ring,2,4194304,200000.0,0.4,0.0,1.0,71,1,37,3683000,2077720,2,2,206917
ring,2,4194304,200000.0,0.4,0.0,1.0,71,1,38,3657583,2077720,2,2,179250
ring,2,4194304,200000.0,0.4,0.0,1.0,71,1,39,3644542,2077720,2,2,107417
ring,2,4194304,200000.0,0.4,0.0,1.0,71,1,40,3559709,2077720,2,2,204626
ring,2,4194304,200000.0,0.4,0.0,1.0,71,1,41,3522375,2077720,2,2,211625
ring,2,4194304,200000.0,0.4,0.0,1.0,71,1,42,3629500,2077720,2,2,110375
ring,2,4194304,200000.0,0.4,0.0,1.0,71,1,43,3673709,2077720,2,2,176625
ring,2,4194304,200000.0,0.4,0.0,1.0,71,1,44,3655667,2077720,2,2,97375
ring,2,4194304,200000.0,0.4,0.0,1.0,71,1,45,3664667,2077720,2,2,173917
ring,2,4194304,200000.0,0.4,0.0,1.0,71,1,46,3506833,2077720,2,2,218292
ring,2,4194304,200000.0,0.4,0.0,1.0,71,1,47,3768125,2077720,2,2,142375
ring,2,4194304,200000.0,0.4,0.0,1.0,71,1,48,3517334,2077720,2,2,195209
ring,2,4194304,200000.0,0.4,0.0,1.0,71,1,49,3517917,2077720,2,2,218083
ring,2,4194304,200000.0,0.4,0.0,1.0,71,1,50,3500792,2077720,2,2,227834
ring,2,4194304,200000.0,0.4,0.0,1.0,71,1,51,3599667,2077720,2,2,227667
ring,2,4194304,200000.0,0.4,0.0,1.0,71,1,52,3584625,2077720,2,2,171292
ring,2,4194304,200000.0,0.4,0.0,1.0,71,1,53,3503583,2077720,2,2,185083
ring,2,4194304,200000.0,0.4,0.0,1.0,71,1,54,3605834,2077720,2,2,161334
ring,2,4194304,200000.0,0.4,0.0,1.0,71,1,55,3549000,2077720,2,2,155833
ring,2,4194304,200000.0,0.4,0.0,1.0,71,1,56,3461916,2077720,2,2,197583
ring,2,4194304,200000.0,0.4,0.0,1.0,71,1,57,3585708,2077720,2,2,241833
ring,2,4194304,200000.0,0.4,0.0,1.0,71,1,58,3584750,2077720,2,2,168416
ring,2,4194304,200000.0,0.4,0.0,1.0,71,1,59,3637541,2077720,2,2,228958
ring,2,4194304,200000.0,0.4,0.0,1.0,71,1,60,3728375,2077720,2,2,253667
ring,2,4194304,200000.0,0.4,0.0,1.0,71,1,61,3932917,2077720,2,2,146292
ring,2,4194304,200000.0,0.4,0.0,1.0,71,1,62,3796875,2077720,2,2,152750
ring,2,4194304,200000.0,0.4,0.0,1.0,71,1,63,4186417,2077720,2,2,132001
ring,2,4194304,200000.0,0.4,0.0,1.0,71,1,64,3921459,2077720,2,2,116584
ring,2,4194304,200000.0,0.4,0.0,1.0,71,1,65,3951042,2077720,2,2,218083
ring,2,4194304,200000.0,0.4,0.0,1.0,71,1,66,3833834,2077720,2,2,138625
ring,2,4194304,200000.0,0.4,0.0,1.0,71,1,67,3718125,2077720,2,2,297791
ring,2,4194304,200000.0,0.4,0.0,1.0,71,1,68,3888000,2077720,2,2,270333
ring,2,4194304,200000.0,0.4,0.0,1.0,71,1,69,3797666,2077720,2,2,201791
ring,2,4194304,200000.0,0.4,0.0,1.0,71,1,70,3785333,2077720,2,2,139333
ring,2,4194304,200000.0,0.4,0.0,1.0,71,1,71,3803875,2077720,2,2,128208
ring,2,4194304,200000.0,0.4,0.0,1.0,71,1,72,4071584,2077720,2,2,183293
ring,2,4194304,200000.0,0.4,0.0,1.0,71,1,73,3848250,2077720,2,2,180709
ring,2,4194304,200000.0,0.4,0.0,1.0,71,1,74,3656375,2077720,2,2,151750
ring,2,4194304,200000.0,0.4,0.0,1.0,71,1,75,3619000,2077720,2,2,174333
ring,2,4194304,200000.0,0.4,0.0,1.0,71,1,76,3652583,2077720,2,2,194791
ring,2,4194304,200000.0,0.4,0.0,1.0,71,1,77,3776583,2077720,2,2,86249
ring,2,4194304,200000.0,0.4,0.0,1.0,71,1,78,3601875,2077720,2,2,216250
ring,2,4194304,200000.0,0.4,0.0,1.0,71,1,79,3577625,2077720,2,2,146958
ring,2,4194304,200000.0,0.4,0.0,1.0,71,1,80,3703459,2077720,2,2,173709
ring,2,4194304,200000.0,0.4,0.0,1.0,71,1,81,6447042,2077720,2,2,192000
ring,2,4194304,200000.0,0.4,0.0,1.0,71,1,82,6321792,2077720,2,2,58334
ring,2,4194304,200000.0,0.4,0.0,1.0,71,1,83,5492917,2077720,2,2,374875
ring,2,4194304,200000.0,0.4,0.0,1.0,71,1,84,3935375,2077720,2,2,216916
ring,2,4194304,200000.0,0.4,0.0,1.0,71,1,85,4796958,2077720,2,2,9624
ring,2,4194304,200000.0,0.4,0.0,1.0,71,1,86,3563791,2077720,2,2,151583
ring,2,4194304,200000.0,0.4,0.0,1.0,71,1,87,3856417,2077720,2,2,272042
ring,2,4194304,200000.0,0.4,0.0,1.0,71,1,88,3728750,2077720,2,2,170166
ring,2,4194304,200000.0,0.4,0.0,1.0,71,1,89,3768500,2077720,2,2,128459
ring,2,4194304,200000.0,0.4,0.0,1.0,71,1,90,3598542,2077720,2,2,178834
ring,2,4194304,200000.0,0.4,0.0,1.0,71,1,91,3909417,2077720,2,2,105958
ring,2,4194304,200000.0,0.4,0.0,1.0,71,1,92,3825959,2077720,2,2,159667
ring,2,4194304,200000.0,0.4,0.0,1.0,71,1,93,3639792,2077720,2,2,192084
ring,2,4194304,200000.0,0.4,0.0,1.0,71,1,94,3880917,2077720,2,2,7376
ring,2,4194304,200000.0,0.4,0.0,1.0,71,1,95,3907167,2077720,2,2,154167
ring,2,4194304,200000.0,0.4,0.0,1.0,71,1,96,3831917,2077720,2,2,115250
ring,2,4194304,200000.0,0.4,0.0,1.0,71,1,97,3837792,2077720,2,2,113709
ring,2,4194304,200000.0,0.4,0.0,1.0,71,1,98,3941625,2077720,2,2,2250
ring,2,4194304,200000.0,0.4,0.0,1.0,71,1,99,3848125,2077720,2,2,151375
ring,2,4194304,200000.0,0.4,0.0,1.0,71,1,100,3980500,2077720,2,2,14167
ring,2,4194304,200000.0,0.4,0.0,1.0,71,1,101,3842542,2077720,2,2,128500
ring,2,4194304,200000.0,0.4,0.0,1.0,71,1,102,3840750,2077720,2,2,5958
ring,2,4194304,200000.0,0.4,0.0,1.0,71,1,103,3962333,2077720,2,2,121416
ring,2,4194304,200000.0,0.4,0.0,1.0,71,1,104,3927042,2077720,2,2,174542
ring,2,4194304,200000.0,0.4,0.0,1.0,71,1,105,3786417,2077720,2,2,41000
ring,2,4194304,200000.0,0.4,0.0,1.0,71,1,106,3851500,2077720,2,2,17958
ring,2,4194304,200000.0,0.4,0.0,1.0,71,1,107,3881583,2077720,2,2,170667
ring,2,4194304,200000.0,0.4,0.0,1.0,71,1,108,3988709,2077720,2,2,131834
ring,2,4194304,200000.0,0.4,0.0,1.0,71,1,109,3835583,2077720,2,2,150583
ring,2,4194304,200000.0,0.4,0.0,1.0,71,1,110,3870833,2077720,2,2,118625
ring,2,4194304,200000.0,0.4,0.0,1.0,71,1,111,4039625,2077720,2,2,80166
ring,2,4194304,200000.0,0.4,0.0,1.0,71,1,112,4023458,2077720,2,2,91458
ring,2,4194304,200000.0,0.4,0.0,1.0,71,1,113,3900000,2077720,2,2,124833
ring,2,4194304,200000.0,0.4,0.0,1.0,71,1,114,3961417,2077720,2,2,118251
ring,2,4194304,200000.0,0.4,0.0,1.0,71,1,115,3584583,2077720,2,2,203583
ring,2,4194304,200000.0,0.4,0.0,1.0,71,1,116,3790333,2077720,2,2,114292
ring,2,4194304,200000.0,0.4,0.0,1.0,71,1,117,3655750,2077720,2,2,227125
ring,2,4194304,200000.0,0.4,0.0,1.0,71,1,118,3724375,2077720,2,2,170917
ring,2,4194304,200000.0,0.4,0.0,1.0,71,1,119,3602750,2077720,2,2,168750
ring,2,4194304,200000.0,0.4,0.0,1.0,71,1,120,3636375,2077720,2,2,208625
ring,2,4194304,200000.0,0.4,0.0,1.0,71,1,121,3618042,2077720,2,2,162292
ring,2,4194304,200000.0,0.4,0.0,1.0,71,1,122,3792792,2077720,2,2,182792
ring,2,4194304,200000.0,0.4,0.0,1.0,71,1,123,3742875,2077720,2,2,226250
ring,2,4194304,200000.0,0.4,0.0,1.0,71,1,124,3638041,2077720,2,2,198250
ring,2,4194304,200000.0,0.4,0.0,1.0,71,1,125,3809541,2077720,2,2,210333
ring,2,4194304,200000.0,0.4,0.0,1.0,71,1,126,3760708,2077720,2,2,118458
ring,2,4194304,200000.0,0.4,0.0,1.0,71,1,127,3779958,2077720,2,2,231416
ring,2,4194304,200000.0,0.4,0.0,1.0,71,1,128,3632833,2077720,2,2,170958
ring,2,4194304,200000.0,0.4,0.0,1.0,71,1,129,3893542,2077720,2,2,11417
ring,2,4194304,200000.0,0.4,0.0,1.0,71,1,130,3674416,2077720,2,2,218333
ring,2,4194304,200000.0,0.4,0.0,1.0,71,1,131,3721000,2077720,2,2,291667
ring,2,4194304,200000.0,0.4,0.0,1.0,71,1,132,3745959,2077720,2,2,76251
ring,2,4194304,200000.0,0.4,0.0,1.0,71,1,133,3635250,2077720,2,2,214167
ring,2,4194304,200000.0,0.4,0.0,1.0,71,1,134,3629250,2077720,2,2,169875
ring,2,4194304,200000.0,0.4,0.0,1.0,71,1,135,3568667,2077720,2,2,158126
ring,2,4194304,200000.0,0.4,0.0,1.0,71,1,136,3622333,2077720,2,2,227625
ring,2,4194304,200000.0,0.4,0.0,1.0,71,1,137,3607625,2077720,2,2,123209
ring,2,4194304,200000.0,0.4,0.0,1.0,71,1,138,3683708,2077720,2,2,165083
ring,2,4194304,200000.0,0.4,0.0,1.0,71,1,139,3650250,2077720,2,2,232916
ring,2,4194304,200000.0,0.4,0.0,1.0,71,1,140,3681583,2077720,2,2,160875
ring,2,4194304,200000.0,0.4,0.0,1.0,71,1,141,6615958,2077720,2,2,1035708
ring,2,4194304,200000.0,0.4,0.0,1.0,71,1,142,5595459,2077720,2,2,81001
ring,2,4194304,200000.0,0.4,0.0,1.0,71,1,143,4656291,2077720,2,2,13374
ring,2,4194304,200000.0,0.4,0.0,1.0,71,1,144,5738459,2077720,2,2,459084
ring,2,4194304,200000.0,0.4,0.0,1.0,71,1,145,3802834,2077720,2,2,125750
ring,2,4194304,200000.0,0.4,0.0,1.0,71,1,146,3787250,2077720,2,2,154250
ring,2,4194304,200000.0,0.4,0.0,1.0,71,1,147,3742500,2077720,2,2,96583
ring,2,4194304,200000.0,0.4,0.0,1.0,71,1,148,3662459,2077720,2,2,180084
ring,2,4194304,200000.0,0.4,0.0,1.0,71,1,149,3661292,2077720,2,2,246292
ring,2,4194304,200000.0,0.4,0.0,1.0,71,1,150,3673459,2077720,2,2,267667
ring,2,4194304,200000.0,0.4,0.0,1.0,71,1,151,3638083,2077720,2,2,233000
ring,2,4194304,200000.0,0.4,0.0,1.0,71,1,152,3623875,2077720,2,2,305000
ring,2,4194304,200000.0,0.4,0.0,1.0,71,1,153,3744875,2077720,2,2,157917
ring,2,4194304,200000.0,0.4,0.0,1.0,71,1,154,3688459,2077720,2,2,179251
ring,2,4194304,200000.0,0.4,0.0,1.0,71,1,155,3800959,2077720,2,2,92917
ring,2,4194304,200000.0,0.4,0.0,1.0,71,1,156,3828500,2077720,2,2,117458
ring,2,4194304,200000.0,0.4,0.0,1.0,71,1,157,3870209,2077720,2,2,179334
ring,2,4194304,200000.0,0.4,0.0,1.0,71,1,158,3741333,2077720,2,2,238499
ring,2,4194304,200000.0,0.4,0.0,1.0,71,1,159,3668958,2077720,2,2,141833
ring,2,4194304,200000.0,0.4,0.0,1.0,71,1,160,3743042,2077720,2,2,146375
ring,2,4194304,200000.0,0.4,0.0,1.0,71,1,161,3719209,2077720,2,2,190292
ring,2,4194304,200000.0,0.4,0.0,1.0,71,1,162,3640542,2077720,2,2,192917
ring,2,4194304,200000.0,0.4,0.0,1.0,71,1,163,3705625,2077720,2,2,221875
ring,2,4194304,200000.0,0.4,0.0,1.0,71,1,164,3672458,2077720,2,2,197083
ring,2,4194304,200000.0,0.4,0.0,1.0,71,1,165,3886167,2077720,2,2,94875
ring,2,4194304,200000.0,0.4,0.0,1.0,71,1,166,3826459,2077720,2,2,2293
ring,2,4194304,200000.0,0.4,0.0,1.0,71,1,167,3767958,2077720,2,2,168583
ring,2,4194304,200000.0,0.4,0.0,1.0,71,1,168,3740833,2077720,2,2,216499
ring,2,4194304,200000.0,0.4,0.0,1.0,71,1,169,3727542,2077720,2,2,176917
ring,2,4194304,200000.0,0.4,0.0,1.0,71,1,170,3708042,2077720,2,2,220959
ring,2,4194304,200000.0,0.4,0.0,1.0,71,1,171,3763084,2077720,2,2,209834
ring,2,4194304,200000.0,0.4,0.0,1.0,71,1,172,3707750,2077720,2,2,177667
ring,2,4194304,200000.0,0.4,0.0,1.0,71,1,173,3670834,2077720,2,2,213251
ring,2,4194304,200000.0,0.4,0.0,1.0,71,1,174,3745916,2077720,2,2,153791
ring,2,4194304,200000.0,0.4,0.0,1.0,71,1,175,3652125,2077720,2,2,150167
ring,2,4194304,200000.0,0.4,0.0,1.0,71,1,176,3658042,2077720,2,2,205625
ring,2,4194304,200000.0,0.4,0.0,1.0,71,1,177,3673209,2077720,2,2,188376
ring,2,4194304,200000.0,0.4,0.0,1.0,71,1,178,3708666,2077720,2,2,237582
ring,2,4194304,200000.0,0.4,0.0,1.0,71,1,179,3648500,2077720,2,2,148292
ring,2,4194304,200000.0,0.4,0.0,1.0,71,1,180,3656167,2077720,2,2,198167
ring,2,4194304,200000.0,0.4,0.0,1.0,71,1,181,3808250,2077720,2,2,140208
ring,2,4194304,200000.0,0.4,0.0,1.0,71,1,182,3903000,2077720,2,2,75417
ring,2,4194304,200000.0,0.4,0.0,1.0,71,1,183,3787625,2077720,2,2,187792
ring,2,4194304,200000.0,0.4,0.0,1.0,71,1,184,3843750,2077720,2,2,224292
ring,2,4194304,200000.0,0.4,0.0,1.0,71,1,185,3715250,2077720,2,2,175709
ring,2,4194304,200000.0,0.4,0.0,1.0,71,1,186,3892750,2077720,2,2,138375
ring,2,4194304,200000.0,0.4,0.0,1.0,71,1,187,3664292,2077720,2,2,209500
ring,2,4194304,200000.0,0.4,0.0,1.0,71,1,188,3732375,2077720,2,2,226166
ring,2,4194304,200000.0,0.4,0.0,1.0,71,1,189,3653375,2077720,2,2,215708
ring,2,4194304,200000.0,0.4,0.0,1.0,71,1,190,3758333,2077720,2,2,227125
ring,2,4194304,200000.0,0.4,0.0,1.0,71,1,191,3696417,2077720,2,2,171125
ring,2,4194304,200000.0,0.4,0.0,1.0,71,1,192,3759708,2077720,2,2,191833
ring,2,4194304,200000.0,0.4,0.0,1.0,71,1,193,3617958,2077720,2,2,165166
ring,2,4194304,200000.0,0.4,0.0,1.0,71,1,194,3619250,2077720,2,2,209875
ring,2,4194304,200000.0,0.4,0.0,1.0,71,1,195,3880792,2077720,2,2,122417
ring,2,4194304,200000.0,0.4,0.0,1.0,71,1,196,3603208,2077720,2,2,226708
ring,2,4194304,200000.0,0.4,0.0,1.0,71,1,197,3649417,2077720,2,2,153708
ring,2,4194304,200000.0,0.4,0.0,1.0,71,1,198,3586917,2077720,2,2,164959
ring,2,4194304,200000.0,0.4,0.0,1.0,71,1,199,3774417,2077720,2,2,183792
ring,2,4194304,200000.0,0.4,0.0,1.0,71,1,200,3705584,2077720,2,2,143792
ring,2,4194304,200000.0,0.4,0.0,1.0,71,1,201,3776666,2077720,2,2,272207
ring,2,4194304,200000.0,0.4,0.0,1.0,71,1,202,3636166,2077720,2,2,218291
ring,2,4194304,200000.0,0.4,0.0,1.0,71,1,203,3749042,2077720,2,2,172083
ring,2,4194304,200000.0,0.4,0.0,1.0,71,1,204,3811791,2077720,2,2,243083
ring,2,4194304,200000.0,0.4,0.0,1.0,71,1,205,3766917,2077720,2,2,166417
ring,2,4194304,200000.0,0.4,0.0,1.0,71,1,206,3720917,2077720,2,2,183542
ring,2,4194304,200000.0,0.4,0.0,1.0,71,1,207,3687292,2077720,2,2,205084
ring,2,4194304,200000.0,0.4,0.0,1.0,71,1,208,3742125,2077720,2,2,177750
ring,2,4194304,200000.0,0.4,0.0,1.0,71,1,209,3657084,2077720,2,2,185126
ring,2,4194304,200000.0,0.4,0.0,1.0,71,1,210,3764833,2077720,2,2,151708
ring,2,4194304,200000.0,0.4,0.0,1.0,71,1,211,3692334,2077720,2,2,158834
ring,2,4194304,200000.0,0.4,0.0,1.0,71,1,212,3906417,2077720,2,2,104042
ring,2,4194304,200000.0,0.4,0.0,1.0,71,1,213,3600875,2077720,2,2,185292
ring,2,4194304,200000.0,0.4,0.0,1.0,71,1,214,3788375,2077720,2,2,162375
ring,2,4194304,200000.0,0.4,0.0,1.0,71,1,215,3842625,2077720,2,2,216042
ring,2,4194304,200000.0,0.4,0.0,1.0,71,1,216,3842625,2077720,2,2,170917
ring,2,4194304,200000.0,0.4,0.0,1.0,71,1,217,3947459,2077720,2,2,190126
ring,2,4194304,200000.0,0.4,0.0,1.0,71,1,218,3866542,2077720,2,2,125792
ring,2,4194304,200000.0,0.4,0.0,1.0,71,1,219,3672709,2077720,2,2,211417
ring,2,4194304,200000.0,0.4,0.0,1.0,71,1,220,3698584,2077720,2,2,142001
ring,2,4194304,200000.0,0.4,0.0,1.0,71,1,221,3725750,2077720,2,2,206250
ring,2,4194304,200000.0,0.4,0.0,1.0,71,1,222,3699000,2077720,2,2,197541
ring,2,4194304,200000.0,0.4,0.0,1.0,71,1,223,3760708,2077720,2,2,175666
ring,2,4194304,200000.0,0.4,0.0,1.0,71,1,224,3793250,2077720,2,2,158000
ring,2,4194304,200000.0,0.4,0.0,1.0,71,1,225,3751084,2077720,2,2,167834
ring,2,4194304,200000.0,0.4,0.0,1.0,71,1,226,3755125,2077720,2,2,226166
ring,2,4194304,200000.0,0.4,0.0,1.0,71,1,227,3819666,2077720,2,2,108582
ring,2,4194304,200000.0,0.4,0.0,1.0,71,1,228,3676417,2077720,2,2,127542
ring,2,4194304,200000.0,0.4,0.0,1.0,71,1,229,3666541,2077720,2,2,214874
ring,2,4194304,200000.0,0.4,0.0,1.0,71,1,230,3816250,2077720,2,2,139708
ring,2,4194304,200000.0,0.4,0.0,1.0,71,1,231,3752292,2077720,2,2,163792
ring,2,4194304,200000.0,0.4,0.0,1.0,71,1,232,3772500,2077720,2,2,248417
ring,2,4194304,200000.0,0.4,0.0,1.0,71,1,233,3800750,2077720,2,2,115167
ring,2,4194304,200000.0,0.4,0.0,1.0,71,1,234,3723500,2077720,2,2,248625
ring,2,4194304,200000.0,0.4,0.0,1.0,71,1,235,3712375,2077720,2,2,177416
ring,2,4194304,200000.0,0.4,0.0,1.0,71,1,236,3717208,2077720,2,2,144958
ring,2,4194304,200000.0,0.4,0.0,1.0,71,1,237,3689917,2077720,2,2,156459
ring,2,4194304,200000.0,0.4,0.0,1.0,71,1,238,3665667,2077720,2,2,196250
ring,2,4194304,200000.0,0.4,0.0,1.0,71,1,239,3844000,2077720,2,2,7834
ring,2,4194304,200000.0,0.4,0.0,1.0,71,1,240,4153875,2077720,2,2,53666
ring,2,4194304,200000.0,0.4,0.0,1.0,71,1,241,3908000,2077720,2,2,168916
ring,2,4194304,200000.0,0.4,0.0,1.0,71,1,242,5481208,2077720,2,2,279791
ring,2,4194304,200000.0,0.4,0.0,1.0,71,1,243,3905667,2077720,2,2,107042
ring,2,4194304,200000.0,0.4,0.0,1.0,71,1,244,3711417,2077720,2,2,234833
ring,2,4194304,200000.0,0.4,0.0,1.0,71,1,245,3686958,2077720,2,2,223499
ring,2,4194304,200000.0,0.4,0.0,1.0,71,1,246,3691292,2077720,2,2,240501
ring,2,4194304,200000.0,0.4,0.0,1.0,71,1,247,3764417,2077720,2,2,155292
ring,2,4194304,200000.0,0.4,0.0,1.0,71,1,248,3720375,2077720,2,2,265583
ring,2,4194304,200000.0,0.4,0.0,1.0,71,1,249,3672042,2077720,2,2,187250
ps,2,1048576,200000.0,0.4,0.0,1.0,71,1,0,1804417,619430,1,2,76042
ps,2,1048576,200000.0,0.4,0.0,1.0,71,1,1,1775791,619430,1,2,110416
ps,2,1048576,200000.0,0.4,0.0,1.0,71,1,2,1757042,619430,1,2,91042
ps,2,1048576,200000.0,0.4,0.0,1.0,71,1,3,1778792,619430,1,2,74001
ps,2,1048576,200000.0,0.4,0.0,1.0,71,1,4,1771291,619430,1,2,65374
ps,2,1048576,200000.0,0.4,0.0,1.0,71,1,5,1766292,619430,1,2,104000
ps,2,1048576,200000.0,0.4,0.0,1.0,71,1,6,1767000,619430,1,2,67458
ps,2,1048576,200000.0,0.4,0.0,1.0,71,1,7,1771667,619430,1,2,68917
ps,2,1048576,200000.0,0.4,0.0,1.0,71,1,8,1776167,619430,1,2,73000
ps,2,1048576,200000.0,0.4,0.0,1.0,71,1,9,1798000,619430,1,2,89666
ps,2,1048576,200000.0,0.4,0.0,1.0,71,1,10,1727917,619430,1,2,95958
ps,2,1048576,200000.0,0.4,0.0,1.0,71,1,11,1733750,619430,1,2,72084
ps,2,1048576,200000.0,0.4,0.0,1.0,71,1,12,1725709,619430,1,2,84375
ps,2,1048576,200000.0,0.4,0.0,1.0,71,1,13,1746833,619430,1,2,76750
ps,2,1048576,200000.0,0.4,0.0,1.0,71,1,14,1719291,619430,1,2,82958
ps,2,1048576,200000.0,0.4,0.0,1.0,71,1,15,1726875,619430,1,2,104167
ps,2,1048576,200000.0,0.4,0.0,1.0,71,1,16,1735000,619430,1,2,87875
ps,2,1048576,200000.0,0.4,0.0,1.0,71,1,17,1712292,619430,1,2,83584
ps,2,1048576,200000.0,0.4,0.0,1.0,71,1,18,1739667,619430,1,2,47834
ps,2,1048576,200000.0,0.4,0.0,1.0,71,1,19,1717333,619430,1,2,77583
ps,2,1048576,200000.0,0.4,0.0,1.0,71,1,20,1764541,619430,1,2,92541
ps,2,1048576,200000.0,0.4,0.0,1.0,71,1,21,1728666,619430,1,2,50041
ps,2,1048576,200000.0,0.4,0.0,1.0,71,1,22,1757250,619430,1,2,113125
ps,2,1048576,200000.0,0.4,0.0,1.0,71,1,23,1771583,619430,1,2,68458
ps,2,1048576,200000.0,0.4,0.0,1.0,71,1,24,1764416,619430,1,2,105416
ps,2,1048576,200000.0,0.4,0.0,1.0,71,1,25,1802209,619430,1,2,56750
ps,2,1048576,200000.0,0.4,0.0,1.0,71,1,26,1847500,619430,1,2,85791
ps,2,1048576,200000.0,0.4,0.0,1.0,71,1,27,1753459,619430,1,2,80876
ps,2,1048576,200000.0,0.4,0.0,1.0,71,1,28,1797667,619430,1,2,130125
ps,2,1048576,200000.0,0.4,0.0,1.0,71,1,29,1782625,619430,1,2,121250
ps,2,1048576,200000.0,0.4,0.0,1.0,71,1,30,1807084,619430,1,2,120792
ps,2,1048576,200000.0,0.4,0.0,1.0,71,1,31,1825833,619430,1,2,114208
ps,2,1048576,200000.0,0.4,0.0,1.0,71,1,32,1802208,619430,1,2,113125
ps,2,1048576,200000.0,0.4,0.0,1.0,71,1,33,1751000,619430,1,2,106958
ps,2,1048576,200000.0,0.4,0.0,1.0,71,1,34,1769708,619430,1,2,96875
ps,2,1048576,200000.0,0.4,0.0,1.0,71,1,35,1715209,619430,1,2,110792
ps,2,1048576,200000.0,0.4,0.0,1.0,71,1,36,1774583,619430,1,2,84666
ps,2,1048576,200000.0,0.4,0.0,1.0,71,1,37,1816416,619430,1,2,89458
ps,2,1048576,200000.0,0.4,0.0,1.0,71,1,38,1814042,619430,1,2,67208
ps,2,1048576,200000.0,0.4,0.0,1.0,71,1,39,1749291,619430,1,2,84208
ps,2,1048576,200000.0,0.4,0.0,1.0,71,1,40,1739250,619430,1,2,65250
ps,2,1048576,200000.0,0.4,0.0,1.0,71,1,41,1793250,619430,1,2,79333
ps,2,1048576,200000.0,0.4,0.0,1.0,71,1,42,1770292,619430,1,2,85126
ps,2,1048576,200000.0,0.4,0.0,1.0,71,1,43,1736791,619430,1,2,83624
ps,2,1048576,200000.0,0.4,0.0,1.0,71,1,44,1730291,619430,1,2,73457
ps,2,1048576,200000.0,0.4,0.0,1.0,71,1,45,1754792,619430,1,2,82584
ps,2,1048576,200000.0,0.4,0.0,1.0,71,1,46,1752250,619430,1,2,86625
ps,2,1048576,200000.0,0.4,0.0,1.0,71,1,47,1774958,619430,1,2,107249
ps,2,1048576,200000.0,0.4,0.0,1.0,71,1,48,1763500,619430,1,2,97333
ps,2,1048576,200000.0,0.4,0.0,1.0,71,1,49,1759709,619430,1,2,98543
ps,2,1048576,200000.0,0.4,0.0,1.0,71,1,50,1744291,619430,1,2,86083
ps,2,1048576,200000.0,0.4,0.0,1.0,71,1,51,1725459,619430,1,2,75250
ps,2,1048576,200000.0,0.4,0.0,1.0,71,1,52,1759417,619430,1,2,64084
ps,2,1048576,200000.0,0.4,0.0,1.0,71,1,53,1769833,619430,1,2,99666
ps,2,1048576,200000.0,0.4,0.0,1.0,71,1,54,1751417,619430,1,2,84792
ps,2,1048576,200000.0,0.4,0.0,1.0,71,1,55,1801375,619430,1,2,123375
ps,2,1048576,200000.0,0.4,0.0,1.0,71,1,56,1776667,619430,1,2,118625
ps,2,1048576,200000.0,0.4,0.0,1.0,71,1,57,1763000,619430,1,2,52958
ps,2,1048576,200000.0,0.4,0.0,1.0,71,1,58,1802042,619430,1,2,37000
ps,2,1048576,200000.0,0.4,0.0,1.0,71,1,59,1776417,619430,1,2,102083
ps,2,1048576,200000.0,0.4,0.0,1.0,71,1,60,1823750,619430,1,2,102458
ps,2,1048576,200000.0,0.4,0.0,1.0,71,1,61,1755000,619430,1,2,93792
ps,2,1048576,200000.0,0.4,0.0,1.0,71,1,62,1756125,619430,1,2,63500
ps,2,1048576,200000.0,0.4,0.0,1.0,71,1,63,1756250,619430,1,2,108584
ps,2,1048576,200000.0,0.4,0.0,1.0,71,1,64,1744584,619430,1,2,81376
ps,2,1048576,200000.0,0.4,0.0,1.0,71,1,65,1769167,619430,1,2,85959
ps,2,1048576,200000.0,0.4,0.0,1.0,71,1,66,1729292,619430,1,2,70375
ps,2,1048576,200000.0,0.4,0.0,1.0,71,1,67,1764458,619430,1,2,93750
ps,2,1048576,200000.0,0.4,0.0,1.0,71,1,68,1778750,619430,1,2,97542
ps,2,1048576,200000.0,0.4,0.0,1.0,71,1,69,1789375,619430,1,2,107458
ps,2,1048576,200000.0,0.4,0.0,1.0,71,1,70,1709000,619430,1,2,65000
ps,2,1048576,200000.0,0.4,0.0,1.0,71,1,71,1761333,619430,1,2,72666
ps,2,1048576,200000.0,0.4,0.0,1.0,71,1,72,1752541,619430,1,2,104833
ps,2,1048576,200000.0,0.4,0.0,1.0,71,1,73,1755666,619430,1,2,71458
ps,2,1048576,200000.0,0.4,0.0,1.0,71,1,74,1765708,619430,1,2,89292
ps,2,1048576,200000.0,0.4,0.0,1.0,71,1,75,1734583,619430,1,2,72542
ps,2,1048576,200000.0,0.4,0.0,1.0,71,1,76,1786875,619430,1,2,133791
ps,2,1048576,200000.0,0.4,0.0,1.0,71,1,77,1741250,619430,1,2,81792
ps,2,1048576,200000.0,0.4,0.0,1.0,71,1,78,1788167,619430,1,2,111167
ps,2,1048576,200000.0,0.4,0.0,1.0,71,1,79,1768916,619430,1,2,115582
ps,2,1048576,200000.0,0.4,0.0,1.0,71,1,80,1762167,619430,1,2,50501
ps,2,1048576,200000.0,0.4,0.0,1.0,71,1,81,1746208,619430,1,2,93791
ps,2,1048576,200000.0,0.4,0.0,1.0,71,1,82,1705209,619430,1,2,33917
ps,2,1048576,200000.0,0.4,0.0,1.0,71,1,83,1727375,619430,1,2,73667
ps,2,1048576,200000.0,0.4,0.0,1.0,71,1,84,1750583,619430,1,2,96958
ps,2,1048576,200000.0,0.4,0.0,1.0,71,1,85,1711042,619430,1,2,78042
ps,2,1048576,200000.0,0.4,0.0,1.0,71,1,86,1679834,619430,1,2,60209
ps,2,1048576,200000.0,0.4,0.0,1.0,71,1,87,1739125,619430,1,2,100667
ps,2,1048576,200000.0,0.4,0.0,1.0,71,1,88,1749583,619430,1,2,66791
ps,2,1048576,200000.0,0.4,0.0,1.0,71,1,89,1704916,619430,1,2,78916
ps,2,1048576,200000.0,0.4,0.0,1.0,71,1,90,1720458,619430,1,2,50458
ps,2,1048576,200000.0,0.4,0.0,1.0,71,1,91,1716292,619430,1,2,53709
ps,2,1048576,200000.0,0.4,0.0,1.0,71,1,92,1729958,619430,1,2,68833
ps,2,1048576,200000.0,0.4,0.0,1.0,71,1,93,1839709,619430,1,2,136626
ps,2,1048576,200000.0,0.4,0.0,1.0,71,1,94,1810125,619430,1,2,98541
ps,2,1048576,200000.0,0.4,0.0,1.0,71,1,95,1834584,619430,1,2,97917
ps,2,1048576,200000.0,0.4,0.0,1.0,71,1,96,1834209,619430,1,2,59917
ps,2,1048576,200000.0,0.4,0.0,1.0,71,1,97,1897583,619430,1,2,67958
ps,2,1048576,200000.0,0.4,0.0,1.0,71,1,98,1797375,619430,1,2,105375
ps,2,1048576,200000.0,0.4,0.0,1.0,71,1,99,1776584,619430,1,2,67501
ps,2,1048576,200000.0,0.4,0.0,1.0,71,1,100,2174916,619430,1,2,131999
ps,2,1048576,200000.0,0.4,0.0,1.0,71,1,101,2736500,619430,1,2,343917
ps,2,1048576,200000.0,0.4,0.0,1.0,71,1,102,10097250,619430,1,2,121541
ps,2,1048576,200000.0,0.4,0.0,1.0,71,1,103,2552625,619430,1,2,20792
ps,2,1048576,200000.0,0.4,0.0,1.0,71,1,104,2184375,619430,1,2,235541
ps,2,1048576,200000.0,0.4,0.0,1.0,71,1,105,3379334,619430,1,2,98459
ps,2,1048576,200000.0,0.4,0.0,1.0,71,1,106,1900084,619430,1,2,139042
ps,2,1048576,200000.0,0.4,0.0,1.0,71,1,107,1880292,619430,1,2,103875
ps,2,1048576,200000.0,0.4,0.0,1.0,71,1,108,1825250,619430,1,2,94750
ps,2,1048576,200000.0,0.4,0.0,1.0,71,1,109,1843875,619430,1,2,97291
ps,2,1048576,200000.0,0.4,0.0,1.0,71,1,110,1933333,619430,1,2,69083
ps,2,1048576,200000.0,0.4,0.0,1.0,71,1,111,1813917,619430,1,2,99834
ps,2,1048576,200000.0,0.4,0.0,1.0,71,1,112,1802250,619430,1,2,91416
ps,2,1048576,200000.0,0.4,0.0,1.0,71,1,113,1787792,619430,1,2,79042
ps,2,1048576,200000.0,0.4,0.0,1.0,71,1,114,1798125,619430,1,2,88583
ps,2,1048576,200000.0,0.4,0.0,1.0,71,1,115,1811250,619430,1,2,83625
ps,2,1048576,200000.0,0.4,0.0,1.0,71,1,116,1865166,619430,1,2,136375
ps,2,1048576,200000.0,0.4,0.0,1.0,71,1,117,1963667,619430,1,2,68209
ps,2,1048576,200000.0,0.4,0.0,1.0,71,1,118,1881500,619430,1,2,72625
ps,2,1048576,200000.0,0.4,0.0,1.0,71,1,119,1909250,619430,1,2,26750
ps,2,1048576,200000.0,0.4,0.0,1.0,71,1,120,1858209,619430,1,2,84042
ps,2,1048576,200000.0,0.4,0.0,1.0,71,1,121,1830541,619430,1,2,91374
ps,2,1048576,200000.0,0.4,0.0,1.0,71,1,122,1790583,619430,1,2,88917
ps,2,1048576,200000.0,0.4,0.0,1.0,71,1,123,1840209,619430,1,2,108584
ps,2,1048576,200000.0,0.4,0.0,1.0,71,1,124,1818292,619430,1,2,39667
ps,2,1048576,200000.0,0.4,0.0,1.0,71,1,125,1844625,619430,1,2,89292
ps,2,1048576,200000.0,0.4,0.0,1.0,71,1,126,1799416,619430,1,2,97958
ps,2,1048576,200000.0,0.4,0.0,1.0,71,1,127,1777167,619430,1,2,88834
ps,2,1048576,200000.0,0.4,0.0,1.0,71,1,128,1784667,619430,1,2,89750
ps,2,1048576,200000.0,0.4,0.0,1.0,71,1,129,1758792,619430,1,2,79125
ps,2,1048576,200000.0,0.4,0.0,1.0,71,1,130,1765291,619430,1,2,104916
ps,2,1048576,200000.0,0.4,0.0,1.0,71,1,131,1772292,619430,1,2,85709
ps,2,1048576,200000.0,0.4,0.0,1.0,71,1,132,1769625,619430,1,2,67500
ps,2,1048576,200000.0,0.4,0.0,1.0,71,1,133,1864875,619430,1,2,88250
ps,2,1048576,200000.0,0.4,0.0,1.0,71,1,134,1796958,619430,1,2,76792
ps,2,1048576,200000.0,0.4,0.0,1.0,71,1,135,1809833,619430,1,2,49167
ps,2,1048576,200000.0,0.4,0.0,1.0,71,1,136,1808542,619430,1,2,108709
ps,2,1048576,200000.0,0.4,0.0,1.0,71,1,137,1792708,619430,1,2,20833
ps,2,1048576,200000.0,0.4,0.0,1.0,71,1,138,1836833,619430,1,2,27250
ps,2,1048576,200000.0,0.4,0.0,1.0,71,1,139,1838833,619430,1,2,84791
ps,2,1048576,200000.0,0.4,0.0,1.0,71,1,140,1845250,619430,1,2,94750
ps,2,1048576,200000.0,0.4,0.0,1.0,71,1,141,2119417,619430,1,2,11084
ps,2,1048576,200000.0,0.4,0.0,1.0,71,1,142,2167000,619430,1,2,296292
ps,2,1048576,200000.0,0.4,0.0,1.0,71,1,143,1976250,619430,1,2,83666
ps,2,1048576,200000.0,0.4,0.0,1.0,71,1,144,1887458,619430,1,2,54666
ps,2,1048576,200000.0,0.4,0.0,1.0,71,1,145,1824875,619430,1,2,97083
ps,2,1048576,200000.0,0.4,0.0,1.0,71,1,146,1815791,619430,1,2,62666
ps,2,1048576,200000.0,0.4,0.0,1.0,71,1,147,1828875,619430,1,2,117666
ps,2,1048576,200000.0,0.4,0.0,1.0,71,1,148,1749166,619430,1,2,76749
ps,2,1048576,200000.0,0.4,0.0,1.0,71,1,149,1755500,619430,1,2,69125
ps,2,1048576,200000.0,0.4,0.0,1.0,71,1,150,1825917,619430,1,2,101167
ps,2,1048576,200000.0,0.4,0.0,1.0,71,1,151,1790083,619430,1,2,86874
ps,2,1048576,200000.0,0.4,0.0,1.0,71,1,152,1752084,619430,1,2,77751
ps,2,1048576,200000.0,0.4,0.0,1.0,71,1,153,1758125,619430,1,2,85000
ps,2,1048576,200000.0,0.4,0.0,1.0,71,1,154,1771875,619430,1,2,62708
ps,2,1048576,200000.0,0.4,0.0,1.0,71,1,155,1788833,619430,1,2,73542
ps,2,1048576,200000.0,0.4,0.0,1.0,71,1,156,1742125,619430,1,2,87292
ps,2,1048576,200000.0,0.4,0.0,1.0,71,1,157,1788333,619430,1,2,69375
ps,2,1048576,200000.0,0.4,0.0,1.0,71,1,158,1771125,619430,1,2,75000
ps,2,1048576,200000.0,0.4,0.0,1.0,71,1,159,1751375,619430,1,2,93750
ps,2,1048576,200000.0,0.4,0.0,1.0,71,1,160,1757458,619430,1,2,84374
ps,2,1048576,200000.0,0.4,0.0,1.0,71,1,161,1822625,619430,1,2,97916
ps,2,1048576,200000.0,0.4,0.0,1.0,71,1,162,1784541,619430,1,2,77041
ps,2,1048576,200000.0,0.4,0.0,1.0,71,1,163,1777917,619430,1,2,91459
ps,2,1048576,200000.0,0.4,0.0,1.0,71,1,164,1792750,619430,1,2,79000
ps,2,1048576,200000.0,0.4,0.0,1.0,71,1,165,1765166,619430,1,2,73499
ps,2,1048576,200000.0,0.4,0.0,1.0,71,1,166,1767625,619430,1,2,101958
ps,2,1048576,200000.0,0.4,0.0,1.0,71,1,167,1797875,619430,1,2,93000
ps,2,1048576,200000.0,0.4,0.0,1.0,71,1,168,1783584,619430,1,2,70251
ps,2,1048576,200000.0,0.4,0.0,1.0,71,1,169,1796291,619430,1,2,96333
ps,2,1048576,200000.0,0.4,0.0,1.0,71,1,170,1763875,619430,1,2,98916
ps,2,1048576,200000.0,0.4,0.0,1.0,71,1,171,1767750,619430,1,2,70709
ps,2,1048576,200000.0,0.4,0.0,1.0,71,1,172,1750708,619430,1,2,86125
ps,2,1048576,200000.0,0.4,0.0,1.0,71,1,173,1747167,619430,1,2,70792
ps,2,1048576,200000.0,0.4,0.0,1.0,71,1,174,1782334,619430,1,2,88417
ps,2,1048576,200000.0,0.4,0.0,1.0,71,1,175,1781000,619430,1,2,81125
ps,2,1048576,200000.0,0.4,0.0,1.0,71,1,176,1772541,619430,1,2,108000
ps,2,1048576,200000.0,0.4,0.0,1.0,71,1,177,1734584,619430,1,2,26292
ps,2,1048576,200000.0,0.4,0.0,1.0,71,1,178,1774792,619430,1,2,77125
ps,2,1048576,200000.0,0.4,0.0,1.0,71,1,179,1753375,619430,1,2,92333
ps,2,1048576,200000.0,0.4,0.0,1.0,71,1,180,1791458,619430,1,2,88708
ps,2,1048576,200000.0,0.4,0.0,1.0,71,1,181,1770542,619430,1,2,79209
ps,2,1048576,200000.0,0.4,0.0,1.0,71,1,182,1753375,619430,1,2,85958
ps,2,1048576,200000.0,0.4,0.0,1.0,71,1,183,1763583,619430,1,2,101500
ps,2,1048576,200000.0,0.4,0.0,1.0,71,1,184,1770042,619430,1,2,98834
ps,2,1048576,200000.0,0.4,0.0,1.0,71,1,185,1745875,619430,1,2,99666
ps,2,1048576,200000.0,0.4,0.0,1.0,71,1,186,1749458,619430,1,2,54291
ps,2,1048576,200000.0,0.4,0.0,1.0,71,1,187,1754333,619430,1,2,87500
ps,2,1048576,200000.0,0.4,0.0,1.0,71,1,188,1764583,619430,1,2,95667
ps,2,1048576,200000.0,0.4,0.0,1.0,71,1,189,1758542,619430,1,2,94626
ps,2,1048576,200000.0,0.4,0.0,1.0,71,1,190,1750833,619430,1,2,82083
ps,2,1048576,200000.0,0.4,0.0,1.0,71,1,191,1774000,619430,1,2,71375
ps,2,1048576,200000.0,0.4,0.0,1.0,71,1,192,1780542,619430,1,2,85458
ps,2,1048576,200000.0,0.4,0.0,1.0,71,1,193,1768333,619430,1,2,83166
ps,2,1048576,200000.0,0.4,0.0,1.0,71,1,194,1718292,619430,1,2,43959
ps,2,1048576,200000.0,0.4,0.0,1.0,71,1,195,1789208,619430,1,2,52958
ps,2,1048576,200000.0,0.4,0.0,1.0,71,1,196,1795792,619430,1,2,92834
ps,2,1048576,200000.0,0.4,0.0,1.0,71,1,197,1746458,619430,1,2,68458
ps,2,1048576,200000.0,0.4,0.0,1.0,71,1,198,1779708,619430,1,2,78083
ps,2,1048576,200000.0,0.4,0.0,1.0,71,1,199,1776541,619430,1,2,107499
ps,2,1048576,200000.0,0.4,0.0,1.0,71,1,200,1826458,619430,1,2,90333
ps,2,1048576,200000.0,0.4,0.0,1.0,71,1,201,1744208,619430,1,2,66000
ps,2,1048576,200000.0,0.4,0.0,1.0,71,1,202,1783959,619430,1,2,116084
ps,2,1048576,200000.0,0.4,0.0,1.0,71,1,203,1794458,619430,1,2,90875
ps,2,1048576,200000.0,0.4,0.0,1.0,71,1,204,1822208,619430,1,2,96833
ps,2,1048576,200000.0,0.4,0.0,1.0,71,1,205,1839375,619430,1,2,105209
ps,2,1048576,200000.0,0.4,0.0,1.0,71,1,206,1800208,619430,1,2,89583
ps,2,1048576,200000.0,0.4,0.0,1.0,71,1,207,1819625,619430,1,2,114750
ps,2,1048576,200000.0,0.4,0.0,1.0,71,1,208,1767542,619430,1,2,97125
ps,2,1048576,200000.0,0.4,0.0,1.0,71,1,209,1764417,619430,1,2,68417
ps,2,1048576,200000.0,0.4,0.0,1.0,71,1,210,1786625,619430,1,2,87667
ps,2,1048576,200000.0,0.4,0.0,1.0,71,1,211,1777917,619430,1,2,96167
ps,2,1048576,200000.0,0.4,0.0,1.0,71,1,212,1751708,619430,1,2,76833
ps,2,1048576,200000.0,0.4,0.0,1.0,71,1,213,1742875,619430,1,2,66958
ps,2,1048576,200000.0,0.4,0.0,1.0,71,1,214,1766625,619430,1,2,63958
ps,2,1048576,200000.0,0.4,0.0,1.0,71,1,215,1758167,619430,1,2,99251
ps,2,1048576,200000.0,0.4,0.0,1.0,71,1,216,1739500,619430,1,2,72625
ps,2,1048576,200000.0,0.4,0.0,1.0,71,1,217,1740084,619430,1,2,88792
ps,2,1048576,200000.0,0.4,0.0,1.0,71,1,218,1730584,619430,1,2,79584
ps,2,1048576,200000.0,0.4,0.0,1.0,71,1,219,1766834,619430,1,2,66584
ps,2,1048576,200000.0,0.4,0.0,1.0,71,1,220,1750500,619430,1,2,48833
ps,2,1048576,200000.0,0.4,0.0,1.0,71,1,221,1771583,619430,1,2,79916
ps,2,1048576,200000.0,0.4,0.0,1.0,71,1,222,1769250,619430,1,2,89542
ps,2,1048576,200000.0,0.4,0.0,1.0,71,1,223,1741667,619430,1,2,63292
ps,2,1048576,200000.0,0.4,0.0,1.0,71,1,224,1776333,619430,1,2,98250
ps,2,1048576,200000.0,0.4,0.0,1.0,71,1,225,1743916,619430,1,2,73166
ps,2,1048576,200000.0,0.4,0.0,1.0,71,1,226,1770708,619430,1,2,73875
ps,2,1048576,200000.0,0.4,0.0,1.0,71,1,227,1770417,619430,1,2,73376
ps,2,1048576,200000.0,0.4,0.0,1.0,71,1,228,1787375,619430,1,2,88833
ps,2,1048576,200000.0,0.4,0.0,1.0,71,1,229,1761667,619430,1,2,77167
ps,2,1048576,200000.0,0.4,0.0,1.0,71,1,230,1790750,619430,1,2,111916
ps,2,1048576,200000.0,0.4,0.0,1.0,71,1,231,1759000,619430,1,2,77667
ps,2,1048576,200000.0,0.4,0.0,1.0,71,1,232,1781166,619430,1,2,89958
ps,2,1048576,200000.0,0.4,0.0,1.0,71,1,233,1754042,619430,1,2,69792
ps,2,1048576,200000.0,0.4,0.0,1.0,71,1,234,1761667,619430,1,2,61292
ps,2,1048576,200000.0,0.4,0.0,1.0,71,1,235,1749875,619430,1,2,69291
ps,2,1048576,200000.0,0.4,0.0,1.0,71,1,236,1768750,619430,1,2,77625
ps,2,1048576,200000.0,0.4,0.0,1.0,71,1,237,1726166,619430,1,2,60500
ps,2,1048576,200000.0,0.4,0.0,1.0,71,1,238,1734042,619430,1,2,92209
ps,2,1048576,200000.0,0.4,0.0,1.0,71,1,239,1757833,619430,1,2,61125
ps,2,1048576,200000.0,0.4,0.0,1.0,71,1,240,1751125,619430,1,2,76167
ps,2,1048576,200000.0,0.4,0.0,1.0,71,1,241,1741791,619430,1,2,113582
ps,2,1048576,200000.0,0.4,0.0,1.0,71,1,242,1764750,619430,1,2,95167
ps,2,1048576,200000.0,0.4,0.0,1.0,71,1,243,1775667,619430,1,2,118876
ps,2,1048576,200000.0,0.4,0.0,1.0,71,1,244,1752250,619430,1,2,81292
ps,2,1048576,200000.0,0.4,0.0,1.0,71,1,245,1752791,619430,1,2,77124
ps,2,1048576,200000.0,0.4,0.0,1.0,71,1,246,1770208,619430,1,2,99583
ps,2,1048576,200000.0,0.4,0.0,1.0,71,1,247,1758167,619430,1,2,82167
ps,2,1048576,200000.0,0.4,0.0,1.0,71,1,248,1749167,619430,1,2,112000
ps,2,1048576,200000.0,0.4,0.0,1.0,71,1,249,1770208,619430,1,2,108916
ps,2,4194304,200000.0,0.4,0.0,1.0,71,1,0,5368375,1877721,1,2,330416
ps,2,4194304,200000.0,0.4,0.0,1.0,71,1,1,5329583,1877721,1,2,302958
ps,2,4194304,200000.0,0.4,0.0,1.0,71,1,2,5299958,1877721,1,2,288583
ps,2,4194304,200000.0,0.4,0.0,1.0,71,1,3,5324041,1877721,1,2,314041
ps,2,4194304,200000.0,0.4,0.0,1.0,71,1,4,5272042,1877721,1,2,359000
ps,2,4194304,200000.0,0.4,0.0,1.0,71,1,5,5340208,1877721,1,2,183166
ps,2,4194304,200000.0,0.4,0.0,1.0,71,1,6,5402667,1877721,1,2,300042
ps,2,4194304,200000.0,0.4,0.0,1.0,71,1,7,5450791,1877721,1,2,356291
ps,2,4194304,200000.0,0.4,0.0,1.0,71,1,8,5358417,1877721,1,2,346834
ps,2,4194304,200000.0,0.4,0.0,1.0,71,1,9,5352000,1877721,1,2,325375
ps,2,4194304,200000.0,0.4,0.0,1.0,71,1,10,5489000,1877721,1,2,334083
ps,2,4194304,200000.0,0.4,0.0,1.0,71,1,11,5423042,1877721,1,2,327126
ps,2,4194304,200000.0,0.4,0.0,1.0,71,1,12,5475917,1877721,1,2,373000
ps,2,4194304,200000.0,0.4,0.0,1.0,71,1,13,5360041,1877721,1,2,243207
ps,2,4194304,200000.0,0.4,0.0,1.0,71,1,14,5504916,1877721,1,2,345250
ps,2,4194304,200000.0,0.4,0.0,1.0,71,1,15,5441834,1877721,1,2,344792
ps,2,4194304,200000.0,0.4,0.0,1.0,71,1,16,5500875,1877721,1,2,349042
ps,2,4194304,200000.0,0.4,0.0,1.0,71,1,17,5448541,1877721,1,2,319208
ps,2,4194304,200000.0,0.4,0.0,1.0,71,1,18,5444458,1877721,1,2,337333
ps,2,4194304,200000.0,0.4,0.0,1.0,71,1,19,5540917,1877721,1,2,320667
ps,2,4194304,200000.0,0.4,0.0,1.0,71,1,20,5428583,1877721,1,2,319000
ps,2,4194304,200000.0,0.4,0.0,1.0,71,1,21,5441416,1877721,1,2,324082
ps,2,4194304,200000.0,0.4,0.0,1.0,71,1,22,5314542,1877721,1,2,211500
ps,2,4194304,200000.0,0.4,0.0,1.0,71,1,23,5328792,1877721,1,2,324459
ps,2,4194304,200000.0,0.4,0.0,1.0,71,1,24,5358917,1877721,1,2,331375
ps,2,4194304,200000.0,0.4,0.0,1.0,71,1,25,5444625,1877721,1,2,225000
ps,2,4194304,200000.0,0.4,0.0,1.0,71,1,26,5412292,1877721,1,2,279417
ps,2,4194304,200000.0,0.4,0.0,1.0,71,1,27,5379708,1877721,1,2,308874
ps,2,4194304,200000.0,0.4,0.0,1.0,71,1,28,5389167,1877721,1,2,313251
ps,2,4194304,200000.0,0.4,0.0,1.0,71,1,29,5371750,1877721,1,2,276042
ps,2,4194304,200000.0,0.4,0.0,1.0,71,1,30,5316583,1877721,1,2,287958
ps,2,4194304,200000.0,0.4,0.0,1.0,71,1,31,5407500,1877721,1,2,311041
ps,2,4194304,200000.0,0.4,0.0,1.0,71,1,32,5371500,1877721,1,2,246000
ps,2,4194304,200000.0,0.4,0.0,1.0,71,1,33,5325333,1877721,1,2,361542
ps,2,4194304,200000.0,0.4,0.0,1.0,71,1,34,5350916,1877721,1,2,299208
ps,2,4194304,200000.0,0.4,0.0,1.0,71,1,35,5400625,1877721,1,2,301250
ps,2,4194304,200000.0,0.4,0.0,1.0,71,1,36,5327167,1877721,1,2,258417
ps,2,4194304,200000.0,0.4,0.0,1.0,71,1,37,5473250,1877721,1,2,267625
ps,2,4194304,200000.0,0.4,0.0,1.0,71,1,38,5568875,1877721,1,2,360083
ps,2,4194304,200000.0,0.4,0.0,1.0,71,1,39,5479583,1877721,1,2,316916
ps,2,4194304,200000.0,0.4,0.0,1.0,71,1,40,5333708,1877721,1,2,294958
ps,2,4194304,200000.0,0.4,0.0,1.0,71,1,41,5305375,1877721,1,2,371625
ps,2,4194304,200000.0,0.4,0.0,1.0,71,1,42,5265292,1877721,1,2,324083
ps,2,4194304,200000.0,0.4,0.0,1.0,71,1,43,5256709,1877721,1,2,317709
ps,2,4194304,200000.0,0.4,0.0,1.0,71,1,44,5286167,1877721,1,2,335959
ps,2,4194304,200000.0,0.4,0.0,1.0,71,1,45,5319500,1877721,1,2,314084
ps,2,4194304,200000.0,0.4,0.0,1.0,71,1,46,5311667,1877721,1,2,375333
ps,2,4194304,200000.0,0.4,0.0,1.0,71,1,47,5382583,1877721,1,2,320208
ps,2,4194304,200000.0,0.4,0.0,1.0,71,1,48,5362583,1877721,1,2,377000
ps,2,4194304,200000.0,0.4,0.0,1.0,71,1,49,5346208,1877721,1,2,348333
ps,2,4194304,200000.0,0.4,0.0,1.0,71,1,50,5355875,1877721,1,2,346708
ps,2,4194304,200000.0,0.4,0.0,1.0,71,1,51,5319875,1877721,1,2,377917
ps,2,4194304,200000.0,0.4,0.0,1.0,71,1,52,5307459,1877721,1,2,368584
ps,2,4194304,200000.0,0.4,0.0,1.0,71,1,53,5279333,1877721,1,2,307583
ps,2,4194304,200000.0,0.4,0.0,1.0,71,1,54,5307459,1877721,1,2,312542
ps,2,4194304,200000.0,0.4,0.0,1.0,71,1,55,5362709,1877721,1,2,255709
ps,2,4194304,200000.0,0.4,0.0,1.0,71,1,56,5504917,1877721,1,2,430750
ps,2,4194304,200000.0,0.4,0.0,1.0,71,1,57,5353125,1877721,1,2,310584
ps,2,4194304,200000.0,0.4,0.0,1.0,71,1,58,5386833,1877721,1,2,361083
ps,2,4194304,200000.0,0.4,0.0,1.0,71,1,59,5381417,1877721,1,2,381750
ps,2,4194304,200000.0,0.4,0.0,1.0,71,1,60,5408708,1877721,1,2,320000
ps,2,4194304,200000.0,0.4,0.0,1.0,71,1,61,5351584,1877721,1,2,339125
ps,2,4194304,200000.0,0.4,0.0,1.0,71,1,62,5321750,1877721,1,2,376458
ps,2,4194304,200000.0,0.4,0.0,1.0,71,1,63,5360125,1877721,1,2,368292
ps,2,4194304,200000.0,0.4,0.0,1.0,71,1,64,5266625,1877721,1,2,362167
ps,2,4194304,200000.0,0.4,0.0,1.0,71,1,65,5316333,1877721,1,2,333500
ps,2,4194304,200000.0,0.4,0.0,1.0,71,1,66,5314375,1877721,1,2,288792
ps,2,4194304,200000.0,0.4,0.0,1.0,71,1,67,5309708,1877721,1,2,361416
ps,2,4194304,200000.0,0.4,0.0,1.0,71,1,68,5305667,1877721,1,2,255875
ps,2,4194304,200000.0,0.4,0.0,1.0,71,1,69,5295333,1877721,1,2,314208
ps,2,4194304,200000.0,0.4,0.0,1.0,71,1,70,5324833,1877721,1,2,294124
ps,2,4194304,200000.0,0.4,0.0,1.0,71,1,71,5258833,1877721,1,2,329833
ps,2,4194304,200000.0,0.4,0.0,1.0,71,1,72,5324959,1877721,1,2,322459
ps,2,4194304,200000.0,0.4,0.0,1.0,71,1,73,5260542,1877721,1,2,344834
ps,2,4194304,200000.0,0.4,0.0,1.0,71,1,74,5385292,1877721,1,2,226000
ps,2,4194304,200000.0,0.4,0.0,1.0,71,1,75,5300792,1877721,1,2,312792
ps,2,4194304,200000.0,0.4,0.0,1.0,71,1,76,5346166,1877721,1,2,381374
ps,2,4194304,200000.0,0.4,0.0,1.0,71,1,77,5370666,1877721,1,2,387582
ps,2,4194304,200000.0,0.4,0.0,1.0,71,1,78,5330292,1877721,1,2,326209
ps,2,4194304,200000.0,0.4,0.0,1.0,71,1,79,5302625,1877721,1,2,303750
ps,2,4194304,200000.0,0.4,0.0,1.0,71,1,80,5395625,1877721,1,2,253792
ps,2,4194304,200000.0,0.4,0.0,1.0,71,1,81,5520708,1877721,1,2,173500
ps,2,4194304,200000.0,0.4,0.0,1.0,71,1,82,5592667,1877721,1,2,277750
ps,2,4194304,200000.0,0.4,0.0,1.0,71,1,83,5368375,1877721,1,2,340708
ps,2,4194304,200000.0,0.4,0.0,1.0,71,1,84,5423333,1877721,1,2,252417
ps,2,4194304,200000.0,0.4,0.0,1.0,71,1,85,5393792,1877721,1,2,385083
ps,2,4194304,200000.0,0.4,0.0,1.0,71,1,86,5375042,1877721,1,2,300042
ps,2,4194304,200000.0,0.4,0.0,1.0,71,1,87,5350667,1877721,1,2,351584
ps,2,4194304,200000.0,0.4,0.0,1.0,71,1,88,5278042,1877721,1,2,184625
ps,2,4194304,200000.0,0.4,0.0,1.0,71,1,89,5352583,1877721,1,2,284000
ps,2,4194304,200000.0,0.4,0.0,1.0,71,1,90,5314791,1877721,1,2,367082
ps,2,4194304,200000.0,0.4,0.0,1.0,71,1,91,5292958,1877721,1,2,358166
ps,2,4194304,200000.0,0.4,0.0,1.0,71,1,92,5301792,1877721,1,2,278250
ps,2,4194304,200000.0,0.4,0.0,1.0,71,1,93,5338916,1877721,1,2,331874
ps,2,4194304,200000.0,0.4,0.0,1.0,71,1,94,5291708,1877721,1,2,286500
ps,2,4194304,200000.0,0.4,0.0,1.0,71,1,95,5385709,1877721,1,2,387751
ps,2,4194304,200000.0,0.4,0.0,1.0,71,1,96,5499792,1877721,1,2,281375
ps,2,4194304,200000.0,0.4,0.0,1.0,71,1,97,5461958,1877721,1,2,274958
ps,2,4194304,200000.0,0.4,0.0,1.0,71,1,98,5457667,1877721,1,2,330959
ps,2,4194304,200000.0,0.4,0.0,1.0,71,1,99,5471417,1877721,1,2,285334
ps,2,4194304,200000.0,0.4,0.0,1.0,71,1,100,5314208,1877721,1,2,320917
ps,2,4194304,200000.0,0.4,0.0,1.0,71,1,101,5382209,1877721,1,2,307917
ps,2,4194304,200000.0,0.4,0.0,1.0,71,1,102,5319750,1877721,1,2,313958
ps,2,4194304,200000.0,0.4,0.0,1.0,71,1,103,5349083,1877721,1,2,280208
ps,2,4194304,200000.0,0.4,0.0,1.0,71,1,104,5389792,1877721,1,2,299167
ps,2,4194304,200000.0,0.4,0.0,1.0,71,1,105,5386958,1877721,1,2,323583
ps,2,4194304,200000.0,0.4,0.0,1.0,71,1,106,5346333,1877721,1,2,343542
ps,2,4194304,200000.0,0.4,0.0,1.0,71,1,107,5340542,1877721,1,2,362875
ps,2,4194304,200000.0,0.4,0.0,1.0,71,1,108,5294000,1877721,1,2,287500
ps,2,4194304,200000.0,0.4,0.0,1.0,71,1,109,5364666,1877721,1,2,385874
ps,2,4194304,200000.0,0.4,0.0,1.0,71,1,110,5404000,1877721,1,2,270125
ps,2,4194304,200000.0,0.4,0.0,1.0,71,1,111,5414542,1877721,1,2,291250
ps,2,4194304,200000.0,0.4,0.0,1.0,71,1,112,5329500,1877721,1,2,309917
ps,2,4194304,200000.0,0.4,0.0,1.0,71,1,113,5421500,1877721,1,2,333292
ps,2,4194304,200000.0,0.4,0.0,1.0,71,1,114,5465291,1877721,1,2,383249
ps,2,4194304,200000.0,0.4,0.0,1.0,71,1,115,5509000,1877721,1,2,264709
ps,2,4194304,200000.0,0.4,0.0,1.0,71,1,116,5380125,1877721,1,2,306625
ps,2,4194304,200000.0,0.4,0.0,1.0,71,1,117,5396750,1877721,1,2,314000
ps,2,4194304,200000.0,0.4,0.0,1.0,71,1,118,5369292,1877721,1,2,250417
ps,2,4194304,200000.0,0.4,0.0,1.0,71,1,119,5419750,1877721,1,2,335042
ps,2,4194304,200000.0,0.4,0.0,1.0,71,1,120,5352875,1877721,1,2,315084
ps,2,4194304,200000.0,0.4,0.0,1.0,71,1,121,5371958,1877721,1,2,402625
ps,2,4194304,200000.0,0.4,0.0,1.0,71,1,122,5529083,1877721,1,2,442000
ps,2,4194304,200000.0,0.4,0.0,1.0,71,1,123,5344333,1877721,1,2,278417
ps,2,4194304,200000.0,0.4,0.0,1.0,71,1,124,5408375,1877721,1,2,303750
ps,2,4194304,200000.0,0.4,0.0,1.0,71,1,125,5379209,1877721,1,2,298918
ps,2,4194304,200000.0,0.4,0.0,1.0,71,1,126,5342375,1877721,1,2,336000
ps,2,4194304,200000.0,0.4,0.0,1.0,71,1,127,5405500,1877721,1,2,387375
ps,2,4194304,200000.0,0.4,0.0,1.0,71,1,128,5433875,1877721,1,2,455541
ps,2,4194304,200000.0,0.4,0.0,1.0,71,1,129,5473834,1877721,1,2,226542
ps,2,4194304,200000.0,0.4,0.0,1.0,71,1,130,5492875,1877721,1,2,272250
ps,2,4194304,200000.0,0.4,0.0,1.0,71,1,131,5421667,1877721,1,2,349792
ps,2,4194304,200000.0,0.4,0.0,1.0,71,1,132,5530500,1877721,1,2,307250
ps,2,4194304,200000.0,0.4,0.0,1.0,71,1,133,5369125,1877721,1,2,260292
ps,2,4194304,200000.0,0.4,0.0,1.0,71,1,134,5322625,1877721,1,2,236292
ps,2,4194304,200000.0,0.4,0.0,1.0,71,1,135,5411583,1877721,1,2,289333
ps,2,4194304,200000.0,0.4,0.0,1.0,71,1,136,5355791,1877721,1,2,298499
ps,2,4194304,200000.0,0.4,0.0,1.0,71,1,137,5339083,1877721,1,2,296000
ps,2,4194304,200000.0,0.4,0.0,1.0,71,1,138,5372583,1877721,1,2,352833
ps,2,4194304,200000.0,0.4,0.0,1.0,71,1,139,5421334,1877721,1,2,317292
ps,2,4194304,200000.0,0.4,0.0,1.0,71,1,140,5458458,1877721,1,2,339083
ps,2,4194304,200000.0,0.4,0.0,1.0,71,1,141,5327709,1877721,1,2,318709
ps,2,4194304,200000.0,0.4,0.0,1.0,71,1,142,5458583,1877721,1,2,295208
ps,2,4194304,200000.0,0.4,0.0,1.0,71,1,143,5418750,1877721,1,2,288083
ps,2,4194304,200000.0,0.4,0.0,1.0,71,1,144,5560209,1877721,1,2,196250
ps,2,4194304,200000.0,0.4,0.0,1.0,71,1,145,5626958,1877721,1,2,247625
ps,2,4194304,200000.0,0.4,0.0,1.0,71,1,146,5426708,1877721,1,2,287541
ps,2,4194304,200000.0,0.4,0.0,1.0,71,1,147,5268792,1877721,1,2,274125
ps,2,4194304,200000.0,0.4,0.0,1.0,71,1,148,5302334,1877721,1,2,307792
ps,2,4194304,200000.0,0.4,0.0,1.0,71,1,149,5312750,1877721,1,2,303167
ps,2,4194304,200000.0,0.4,0.0,1.0,71,1,150,5342750,1877721,1,2,308250
ps,2,4194304,200000.0,0.4,0.0,1.0,71,1,151,5414209,1877721,1,2,297126
ps,2,4194304,200000.0,0.4,0.0,1.0,71,1,152,5348125,1877721,1,2,363083
ps,2,4194304,200000.0,0.4,0.0,1.0,71,1,153,5374625,1877721,1,2,355667
ps,2,4194304,200000.0,0.4,0.0,1.0,71,1,154,5412583,1877721,1,2,329083
ps,2,4194304,200000.0,0.4,0.0,1.0,71,1,155,5366916,1877721,1,2,251916
ps,2,4194304,200000.0,0.4,0.0,1.0,71,1,156,5456667,1877721,1,2,215042
ps,2,4194304,200000.0,0.4,0.0,1.0,71,1,157,5444625,1877721,1,2,346667
ps,2,4194304,200000.0,0.4,0.0,1.0,71,1,158,5426250,1877721,1,2,338333
ps,2,4194304,200000.0,0.4,0.0,1.0,71,1,159,5367708,1877721,1,2,212000
ps,2,4194304,200000.0,0.4,0.0,1.0,71,1,160,5401500,1877721,1,2,360000
ps,2,4194304,200000.0,0.4,0.0,1.0,71,1,161,5348083,1877721,1,2,295041
ps,2,4194304,200000.0,0.4,0.0,1.0,71,1,162,5339625,1877721,1,2,321917
ps,2,4194304,200000.0,0.4,0.0,1.0,71,1,163,5411958,1877721,1,2,349541
ps,2,4194304,200000.0,0.4,0.0,1.0,71,1,164,5461042,1877721,1,2,315083
ps,2,4194304,200000.0,0.4,0.0,1.0,71,1,165,7423458,1877721,1,2,27041
ps,2,4194304,200000.0,0.4,0.0,1.0,71,1,166,7267333,1877721,1,2,225124
ps,2,4194304,200000.0,0.4,0.0,1.0,71,1,167,8423292,1877721,1,2,2000
ps,2,4194304,200000.0,0.4,0.0,1.0,71,1,168,6848542,1877721,1,2,71584
ps,2,4194304,200000.0,0.4,0.0,1.0,71,1,169,6166458,1877721,1,2,63916
ps,2,4194304,200000.0,0.4,0.0,1.0,71,1,170,6032542,1877721,1,2,148292
ps,2,4194304,200000.0,0.4,0.0,1.0,71,1,171,5844125,1877721,1,2,190125
ps,2,4194304,200000.0,0.4,0.0,1.0,71,1,172,5876416,1877721,1,2,139208
ps,2,4194304,200000.0,0.4,0.0,1.0,71,1,173,5900416,1877721,1,2,177749
ps,2,4194304,200000.0,0.4,0.0,1.0,71,1,174,5673875,1877721,1,2,235459
ps,2,4194304,200000.0,0.4,0.0,1.0,71,1,175,5656875,1877721,1,2,75917
ps,2,4194304,200000.0,0.4,0.0,1.0,71,1,176,5464375,1877721,1,2,266291
ps,2,4194304,200000.0,0.4,0.0,1.0,71,1,177,5438333,1877721,1,2,263374
ps,2,4194304,200000.0,0.4,0.0,1.0,71,1,178,5357000,1877721,1,2,331750
ps,2,4194304,200000.0,0.4,0.0,1.0,71,1,179,5467375,1877721,1,2,350292
ps,2,4194304,200000.0,0.4,0.0,1.0,71,1,180,5340417,1877721,1,2,276792
ps,2,4194304,200000.0,0.4,0.0,1.0,71,1,181,5342875,1877721,1,2,282083
ps,2,4194304,200000.0,0.4,0.0,1.0,71,1,182,5385208,1877721,1,2,345333
ps,2,4194304,200000.0,0.4,0.0,1.0,71,1,183,5370958,1877721,1,2,356791
ps,2,4194304,200000.0,0.4,0.0,1.0,71,1,184,5358125,1877721,1,2,341125
ps,2,4194304,200000.0,0.4,0.0,1.0,71,1,185,5379917,1877721,1,2,354376
ps,2,4194304,200000.0,0.4,0.0,1.0,71,1,186,5284292,1877721,1,2,293542
ps,2,4194304,200000.0,0.4,0.0,1.0,71,1,187,5257083,1877721,1,2,318708
ps,2,4194304,200000.0,0.4,0.0,1.0,71,1,188,5304167,1877721,1,2,337209
ps,2,4194304,200000.0,0.4,0.0,1.0,71,1,189,5251167,1877721,1,2,302417
ps,2,4194304,200000.0,0.4,0.0,1.0,71,1,190,5400958,1877721,1,2,259333
ps,2,4194304,200000.0,0.4,0.0,1.0,71,1,191,5335750,1877721,1,2,319417
ps,2,4194304,200000.0,0.4,0.0,1.0,71,1,192,5322875,1877721,1,2,323875
ps,2,4194304,200000.0,0.4,0.0,1.0,71,1,193,5257375,1877721,1,2,239458
ps,2,4194304,200000.0,0.4,0.0,1.0,71,1,194,5421291,1877721,1,2,310541
ps,2,4194304,200000.0,0.4,0.0,1.0,71,1,195,5671917,1877721,1,2,300209
ps,2,4194304,200000.0,0.4,0.0,1.0,71,1,196,5360584,1877721,1,2,294876
ps,2,4194304,200000.0,0.4,0.0,1.0,71,1,197,5466334,1877721,1,2,336043
ps,2,4194304,200000.0,0.4,0.0,1.0,71,1,198,5317458,1877721,1,2,256749
ps,2,4194304,200000.0,0.4,0.0,1.0,71,1,199,5383500,1877721,1,2,388542
ps,2,4194304,200000.0,0.4,0.0,1.0,71,1,200,5378042,1877721,1,2,228126
ps,2,4194304,200000.0,0.4,0.0,1.0,71,1,201,5294334,1877721,1,2,287917
ps,2,4194304,200000.0,0.4,0.0,1.0,71,1,202,5396875,1877721,1,2,399750
ps,2,4194304,200000.0,0.4,0.0,1.0,71,1,203,5403625,1877721,1,2,269041
ps,2,4194304,200000.0,0.4,0.0,1.0,71,1,204,5395250,1877721,1,2,353917
ps,2,4194304,200000.0,0.4,0.0,1.0,71,1,205,5338084,1877721,1,2,277376
ps,2,4194304,200000.0,0.4,0.0,1.0,71,1,206,5376167,1877721,1,2,368542
ps,2,4194304,200000.0,0.4,0.0,1.0,71,1,207,5411958,1877721,1,2,323875
ps,2,4194304,200000.0,0.4,0.0,1.0,71,1,208,5285750,1877721,1,2,317375
ps,2,4194304,200000.0,0.4,0.0,1.0,71,1,209,5328375,1877721,1,2,312708
ps,2,4194304,200000.0,0.4,0.0,1.0,71,1,210,5309459,1877721,1,2,293043
ps,2,4194304,200000.0,0.4,0.0,1.0,71,1,211,5431375,1877721,1,2,296916
ps,2,4194304,200000.0,0.4,0.0,1.0,71,1,212,5489125,1877721,1,2,293958
ps,2,4194304,200000.0,0.4,0.0,1.0,71,1,213,5439000,1877721,1,2,312166
ps,2,4194304,200000.0,0.4,0.0,1.0,71,1,214,5437833,1877721,1,2,296583
ps,2,4194304,200000.0,0.4,0.0,1.0,71,1,215,5360000,1877721,1,2,258250
ps,2,4194304,200000.0,0.4,0.0,1.0,71,1,216,5363625,1877721,1,2,311083
ps,2,4194304,200000.0,0.4,0.0,1.0,71,1,217,5377375,1877721,1,2,334417
ps,2,4194304,200000.0,0.4,0.0,1.0,71,1,218,5401709,1877721,1,2,301709
ps,2,4194304,200000.0,0.4,0.0,1.0,71,1,219,5353084,1877721,1,2,305792
ps,2,4194304,200000.0,0.4,0.0,1.0,71,1,220,5393791,1877721,1,2,279000
ps,2,4194304,200000.0,0.4,0.0,1.0,71,1,221,5367375,1877721,1,2,273750
ps,2,4194304,200000.0,0.4,0.0,1.0,71,1,222,5400833,1877721,1,2,290458
ps,2,4194304,200000.0,0.4,0.0,1.0,71,1,223,5397208,1877721,1,2,354749
ps,2,4194304,200000.0,0.4,0.0,1.0,71,1,224,5310458,1877721,1,2,216416
ps,2,4194304,200000.0,0.4,0.0,1.0,71,1,225,5415000,1877721,1,2,274000
ps,2,4194304,200000.0,0.4,0.0,1.0,71,1,226,5309875,1877721,1,2,288375
ps,2,4194304,200000.0,0.4,0.0,1.0,71,1,227,5362209,1877721,1,2,328000
ps,2,4194304,200000.0,0.4,0.0,1.0,71,1,228,5307375,1877721,1,2,286583
ps,2,4194304,200000.0,0.4,0.0,1.0,71,1,229,5291333,1877721,1,2,260624
ps,2,4194304,200000.0,0.4,0.0,1.0,71,1,230,5419208,1877721,1,2,333417
ps,2,4194304,200000.0,0.4,0.0,1.0,71,1,231,5484583,1877721,1,2,334749
ps,2,4194304,200000.0,0.4,0.0,1.0,71,1,232,5354500,1877721,1,2,324250
ps,2,4194304,200000.0,0.4,0.0,1.0,71,1,233,5353916,1877721,1,2,294125
ps,2,4194304,200000.0,0.4,0.0,1.0,71,1,234,5357959,1877721,1,2,354292
ps,2,4194304,200000.0,0.4,0.0,1.0,71,1,235,5273333,1877721,1,2,242042
ps,2,4194304,200000.0,0.4,0.0,1.0,71,1,236,5448375,1877721,1,2,196500
ps,2,4194304,200000.0,0.4,0.0,1.0,71,1,237,5439250,1877721,1,2,220208
ps,2,4194304,200000.0,0.4,0.0,1.0,71,1,238,5353125,1877721,1,2,284541
ps,2,4194304,200000.0,0.4,0.0,1.0,71,1,239,5482958,1877721,1,2,215458
ps,2,4194304,200000.0,0.4,0.0,1.0,71,1,240,5429333,1877721,1,2,292291
ps,2,4194304,200000.0,0.4,0.0,1.0,71,1,241,5330042,1877721,1,2,297376
ps,2,4194304,200000.0,0.4,0.0,1.0,71,1,242,5330959,1877721,1,2,242709
ps,2,4194304,200000.0,0.4,0.0,1.0,71,1,243,5407917,1877721,1,2,325250
ps,2,4194304,200000.0,0.4,0.0,1.0,71,1,244,5310750,1877721,1,2,329792
ps,2,4194304,200000.0,0.4,0.0,1.0,71,1,245,5422542,1877721,1,2,236875
ps,2,4194304,200000.0,0.4,0.0,1.0,71,1,246,5366417,1877721,1,2,270292
ps,2,4194304,200000.0,0.4,0.0,1.0,71,1,247,5370458,1877721,1,2,378458
ps,2,4194304,200000.0,0.4,0.0,1.0,71,1,248,5388333,1877721,1,2,267375
ps,2,4194304,200000.0,0.4,0.0,1.0,71,1,249,5326375,1877721,1,2,323792
ring,2,1048576,200000.0,0.4,0.0,1.0,71,1,0,1476833,819430,2,2,91958
ring,2,1048576,200000.0,0.4,0.0,1.0,71,1,1,1481792,819430,2,2,75334
ring,2,1048576,200000.0,0.4,0.0,1.0,71,1,2,1550292,819430,2,2,19625
ring,2,1048576,200000.0,0.4,0.0,1.0,71,1,3,1468000,819430,2,2,87334
ring,2,1048576,200000.0,0.4,0.0,1.0,71,1,4,1453208,819430,2,2,62916
ring,2,1048576,200000.0,0.4,0.0,1.0,71,1,5,1524833,819430,2,2,17583
ring,2,1048576,200000.0,0.4,0.0,1.0,71,1,6,1460250,819430,2,2,60000
ring,2,1048576,200000.0,0.4,0.0,1.0,71,1,7,1358208,819430,2,2,65125
ring,2,1048576,200000.0,0.4,0.0,1.0,71,1,8,1392667,819430,2,2,73042
ring,2,1048576,200000.0,0.4,0.0,1.0,71,1,9,1427334,819430,2,2,5959
ring,2,1048576,200000.0,0.4,0.0,1.0,71,1,10,1413041,819430,2,2,65583
ring,2,1048576,200000.0,0.4,0.0,1.0,71,1,11,1585167,819430,2,2,17834
ring,2,1048576,200000.0,0.4,0.0,1.0,71,1,12,1497000,819430,2,2,30708
ring,2,1048576,200000.0,0.4,0.0,1.0,71,1,13,1493750,819430,2,2,48458
ring,2,1048576,200000.0,0.4,0.0,1.0,71,1,14,1421958,819430,2,2,42624
ring,2,1048576,200000.0,0.4,0.0,1.0,71,1,15,1468958,819430,2,2,56625
ring,2,1048576,200000.0,0.4,0.0,1.0,71,1,16,1383542,819430,2,2,58959
ring,2,1048576,200000.0,0.4,0.0,1.0,71,1,17,1386333,819430,2,2,79000
ring,2,1048576,200000.0,0.4,0.0,1.0,71,1,18,1371708,819430,2,2,48958
ring,2,1048576,200000.0,0.4,0.0,1.0,71,1,19,1474250,819430,2,2,47958
ring,2,1048576,200000.0,0.4,0.0,1.0,71,1,20,1414083,819430,2,2,54541
ring,2,1048576,200000.0,0.4,0.0,1.0,71,1,21,1387917,819430,2,2,47167
ring,2,1048576,200000.0,0.4,0.0,1.0,71,1,22,1406541,819430,2,2,61166
ring,2,1048576,200000.0,0.4,0.0,1.0,71,1,23,1451667,819430,2,2,1500
ring,2,1048576,200000.0,0.4,0.0,1.0,71,1,24,1458667,819430,2,2,6917
ring,2,1048576,200000.0,0.4,0.0,1.0,71,1,25,1458666,819430,2,2,74124
ring,2,1048576,200000.0,0.4,0.0,1.0,71,1,26,1417375,819430,2,2,43833
ring,2,1048576,200000.0,0.4,0.0,1.0,71,1,27,1430375,819430,2,2,60209
ring,2,1048576,200000.0,0.4,0.0,1.0,71,1,28,1406000,819430,2,2,50833
ring,2,1048576,200000.0,0.4,0.0,1.0,71,1,29,1434458,819430,2,2,82541
ring,2,1048576,200000.0,0.4,0.0,1.0,71,1,30,1496750,819430,2,2,62041
ring,2,1048576,200000.0,0.4,0.0,1.0,71,1,31,1427917,819430,2,2,67751
ring,2,1048576,200000.0,0.4,0.0,1.0,71,1,32,1420500,819430,2,2,39542
ring,2,1048576,200000.0,0.4,0.0,1.0,71,1,33,1471958,819430,2,2,74416
ring,2,1048576,200000.0,0.4,0.0,1.0,71,1,34,1489125,819430,2,2,27125
ring,2,1048576,200000.0,0.4,0.0,1.0,71,1,35,1479292,819430,2,2,43083
ring,2,1048576,200000.0,0.4,0.0,1.0,71,1,36,1466875,819430,2,2,78458
ring,2,1048576,200000.0,0.4,0.0,1.0,71,1,37,1403042,819430,2,2,78500
ring,2,1048576,200000.0,0.4,0.0,1.0,71,1,38,1383375,819430,2,2,76583
ring,2,1048576,200000.0,0.4,0.0,1.0,71,1,39,1367750,819430,2,2,54792
ring,2,1048576,200000.0,0.4,0.0,1.0,71,1,40,1427667,819430,2,2,35751
ring,2,1048576,200000.0,0.4,0.0,1.0,71,1,41,1396042,819430,2,2,61626
ring,2,1048576,200000.0,0.4,0.0,1.0,71,1,42,1434667,819430,2,2,62459
ring,2,1048576,200000.0,0.4,0.0,1.0,71,1,43,1490208,819430,2,2,41417
ring,2,1048576,200000.0,0.4,0.0,1.0,71,1,44,1458084,819430,2,2,3709
ring,2,1048576,200000.0,0.4,0.0,1.0,71,1,45,1427208,819430,2,2,76125
ring,2,1048576,200000.0,0.4,0.0,1.0,71,1,46,1428584,819430,2,2,4626
ring,2,1048576,200000.0,0.4,0.0,1.0,71,1,47,1410542,819430,2,2,47459
ring,2,1048576,200000.0,0.4,0.0,1.0,71,1,48,1417959,819430,2,2,69626
ring,2,1048576,200000.0,0.4,0.0,1.0,71,1,49,1383958,819430,2,2,47083
ring,2,1048576,200000.0,0.4,0.0,1.0,71,1,50,1369084,819430,2,2,40959
ring,2,1048576,200000.0,0.4,0.0,1.0,71,1,51,1509250,819430,2,2,15542
ring,2,1048576,200000.0,0.4,0.0,1.0,71,1,52,1441125,819430,2,2,75875
ring,2,1048576,200000.0,0.4,0.0,1.0,71,1,53,1454667,819430,2,2,32334
ring,2,1048576,200000.0,0.4,0.0,1.0,71,1,54,1462791,819430,2,2,85125
ring,2,1048576,200000.0,0.4,0.0,1.0,71,1,55,1487458,819430,2,2,86083
ring,2,1048576,200000.0,0.4,0.0,1.0,71,1,56,1453042,819430,2,2,11500
ring,2,1048576,200000.0,0.4,0.0,1.0,71,1,57,1478292,819430,2,2,129458
ring,2,1048576,200000.0,0.4,0.0,1.0,71,1,58,1459584,819430,2,2,85459
ring,2,1048576,200000.0,0.4,0.0,1.0,71,1,59,1347750,819430,2,2,28500
ring,2,1048576,200000.0,0.4,0.0,1.0,71,1,60,1376166,819430,2,2,49875
ring,2,1048576,200000.0,0.4,0.0,1.0,71,1,61,1421500,819430,2,2,65042
ring,2,1048576,200000.0,0.4,0.0,1.0,71,1,62,1451125,819430,2,2,78625
ring,2,1048576,200000.0,0.4,0.0,1.0,71,1,63,1502708,819430,2,2,103208
ring,2,1048576,200000.0,0.4,0.0,1.0,71,1,64,1515375,819430,2,2,72917
ring,2,1048576,200000.0,0.4,0.0,1.0,71,1,65,1495542,819430,2,2,6042
ring,2,1048576,200000.0,0.4,0.0,1.0,71,1,66,1457959,819430,2,2,69584
ring,2,1048576,200000.0,0.4,0.0,1.0,71,1,67,1393042,819430,2,2,55709
ring,2,1048576,200000.0,0.4,0.0,1.0,71,1,68,1482417,819430,2,2,60417
ring,2,1048576,200000.0,0.4,0.0,1.0,71,1,69,1481500,819430,2,2,38125
ring,2,1048576,200000.0,0.4,0.0,1.0,71,1,70,1469833,819430,2,2,1917
ring,2,1048576,200000.0,0.4,0.0,1.0,71,1,71,1500042,819430,2,2,48958
ring,2,1048576,200000.0,0.4,0.0,1.0,71,1,72,1449250,819430,2,2,70750
ring,2,1048576,200000.0,0.4,0.0,1.0,71,1,73,1521042,819430,2,2,6042
ring,2,1048576,200000.0,0.4,0.0,1.0,71,1,74,1459917,819430,2,2,59708
ring,2,1048576,200000.0,0.4,0.0,1.0,71,1,75,1464375,819430,2,2,67917
ring,2,1048576,200000.0,0.4,0.0,1.0,71,1,76,1472792,819430,2,2,86709
ring,2,1048576,200000.0,0.4,0.0,1.0,71,1,77,1537500,819430,2,2,16542
ring,2,1048576,200000.0,0.4,0.0,1.0,71,1,78,1496958,819430,2,2,12292
ring,2,1048576,200000.0,0.4,0.0,1.0,71,1,79,1527000,819430,2,2,62917
ring,2,1048576,200000.0,0.4,0.0,1.0,71,1,80,1418667,819430,2,2,66333
ring,2,1048576,200000.0,0.4,0.0,1.0,71,1,81,1475333,819430,2,2,58874
ring,2,1048576,200000.0,0.4,0.0,1.0,71,1,82,1441416,819430,2,2,77457
ring,2,1048576,200000.0,0.4,0.0,1.0,71,1,83,1407709,819430,2,2,70793
ring,2,1048576,200000.0,0.4,0.0,1.0,71,1,84,1403625,819430,2,2,58958
ring,2,1048576,200000.0,0.4,0.0,1.0,71,1,85,1413375,819430,2,2,24667
ring,2,1048576,200000.0,0.4,0.0,1.0,71,1,86,1421083,819430,2,2,58875
ring,2,1048576,200000.0,0.4,0.0,1.0,71,1,87,1378417,819430,2,2,45417
ring,2,1048576,200000.0,0.4,0.0,1.0,71,1,88,1433583,819430,2,2,77958
ring,2,1048576,200000.0,0.4,0.0,1.0,71,1,89,1370334,819430,2,2,55209
ring,2,1048576,200000.0,0.4,0.0,1.0,71,1,90,1468000,819430,2,2,84333
ring,2,1048576,200000.0,0.4,0.0,1.0,71,1,91,1482792,819430,2,2,11417
ring,2,1048576,200000.0,0.4,0.0,1.0,71,1,92,1431625,819430,2,2,74667
ring,2,1048576,200000.0,0.4,0.0,1.0,71,1,93,1398750,819430,2,2,56333
ring,2,1048576,200000.0,0.4,0.0,1.0,71,1,94,1419209,819430,2,2,57876
ring,2,1048576,200000.0,0.4,0.0,1.0,71,1,95,1372792,819430,2,2,58084
ring,2,1048576,200000.0,0.4,0.0,1.0,71,1,96,1381833,819430,2,2,59167
ring,2,1048576,200000.0,0.4,0.0,1.0,71,1,97,1480292,819430,2,2,27542
ring,2,1048576,200000.0,0.4,0.0,1.0,71,1,98,1357208,819430,2,2,63250
ring,2,1048576,200000.0,0.4,0.0,1.0,71,1,99,1374917,819430,2,2,52875
ring,2,1048576,200000.0,0.4,0.0,1.0,71,1,100,1383750,819430,2,2,64084
ring,2,1048576,200000.0,0.4,0.0,1.0,71,1,101,1460375,819430,2,2,16042
ring,2,1048576,200000.0,0.4,0.0,1.0,71,1,102,1472125,819430,2,2,46167
ring,2,1048576,200000.0,0.4,0.0,1.0,71,1,103,1476666,819430,2,2,52749
ring,2,1048576,200000.0,0.4,0.0,1.0,71,1,104,1418792,819430,2,2,55292
ring,2,1048576,200000.0,0.4,0.0,1.0,71,1,105,1422500,819430,2,2,62542
ring,2,1048576,200000.0,0.4,0.0,1.0,71,1,106,1398375,819430,2,2,61583
ring,2,1048576,200000.0,0.4,0.0,1.0,71,1,107,1362500,819430,2,2,59417
ring,2,1048576,200000.0,0.4,0.0,1.0,71,1,108,1445917,819430,2,2,32834
ring,2,1048576,200000.0,0.4,0.0,1.0,71,1,109,1453209,819430,2,2,52084
ring,2,1048576,200000.0,0.4,0.0,1.0,71,1,110,1425500,819430,2,2,90750
ring,2,1048576,200000.0,0.4,0.0,1.0,71,1,111,1350000,819430,2,2,25458
ring,2,1048576,200000.0,0.4,0.0,1.0,71,1,112,1433709,819430,2,2,70126
ring,2,1048576,200000.0,0.4,0.0,1.0,71,1,113,1461333,819430,2,2,33583
ring,2,1048576,200000.0,0.4,0.0,1.0,71,1,114,1363334,819430,2,2,43334
ring,2,1048576,200000.0,0.4,0.0,1.0,71,1,115,1481084,819430,2,2,39293
ring,2,1048576,200000.0,0.4,0.0,1.0,71,1,116,1357875,819430,2,2,43250
ring,2,1048576,200000.0,0.4,0.0,1.0,71,1,117,1451791,819430,2,2,11707
ring,2,1048576,200000.0,0.4,0.0,1.0,71,1,118,1483541,819430,2,2,50707
ring,2,1048576,200000.0,0.4,0.0,1.0,71,1,119,3015250,819430,2,2,27041
ring,2,1048576,200000.0,0.4,0.0,1.0,71,1,120,2231417,819430,2,2,127500
ring,2,1048576,200000.0,0.4,0.0,1.0,71,1,121,1671375,819430,2,2,62625
ring,2,1048576,200000.0,0.4,0.0,1.0,71,1,122,1829583,819430,2,2,20625
ring,2,1048576,200000.0,0.4,0.0,1.0,71,1,123,1636333,819430,2,2,1041
ring,2,1048576,200000.0,0.4,0.0,1.0,71,1,124,1785959,819430,2,2,104084
ring,2,1048576,200000.0,0.4,0.0,1.0,71,1,125,1628333,819430,2,2,10125
ring,2,1048576,200000.0,0.4,0.0,1.0,71,1,126,1595750,819430,2,2,5833
ring,2,1048576,200000.0,0.4,0.0,1.0,71,1,127,1628875,819430,2,2,7500
ring,2,1048576,200000.0,0.4,0.0,1.0,71,1,128,1592375,819430,2,2,53916
ring,2,1048576,200000.0,0.4,0.0,1.0,71,1,129,1857375,819430,2,2,8959
ring,2,1048576,200000.0,0.4,0.0,1.0,71,1,130,1543792,819430,2,2,54375
ring,2,1048576,200000.0,0.4,0.0,1.0,71,1,131,1442084,819430,2,2,71001
ring,2,1048576,200000.0,0.4,0.0,1.0,71,1,132,1433417,819430,2,2,70625
ring,2,1048576,200000.0,0.4,0.0,1.0,71,1,133,1755750,819430,2,2,27125
ring,2,1048576,200000.0,0.4,0.0,1.0,71,1,134,1765750,819430,2,2,28167
ring,2,1048576,200000.0,0.4,0.0,1.0,71,1,135,1602375,819430,2,2,917
ring,2,1048576,200000.0,0.4,0.0,1.0,71,1,136,1474833,819430,2,2,82333
ring,2,1048576,200000.0,0.4,0.0,1.0,71,1,137,1468000,819430,2,2,916
ring,2,1048576,200000.0,0.4,0.0,1.0,71,1,138,1405417,819430,2,2,54501
ring,2,1048576,200000.0,0.4,0.0,1.0,71,1,139,1416833,819430,2,2,53708
ring,2,1048576,200000.0,0.4,0.0,1.0,71,1,140,1459417,819430,2,2,3334
ring,2,1048576,200000.0,0.4,0.0,1.0,71,1,141,1417125,819430,2,2,54333
ring,2,1048576,200000.0,0.4,0.0,1.0,71,1,142,1444917,819430,2,2,69208
ring,2,1048576,200000.0,0.4,0.0,1.0,71,1,143,1422708,819430,2,2,65792
ring,2,1048576,200000.0,0.4,0.0,1.0,71,1,144,1437500,819430,2,2,6541
ring,2,1048576,200000.0,0.4,0.0,1.0,71,1,145,1465334,819430,2,2,26375
ring,2,1048576,200000.0,0.4,0.0,1.0,71,1,146,1439959,819430,2,2,70876
ring,2,1048576,200000.0,0.4,0.0,1.0,71,1,147,1399959,819430,2,2,64292
ring,2,1048576,200000.0,0.4,0.0,1.0,71,1,148,1537125,819430,2,2,68500
ring,2,1048576,200000.0,0.4,0.0,1.0,71,1,149,1430208,819430,2,2,48624
ring,2,1048576,200000.0,0.4,0.0,1.0,71,1,150,1478875,819430,2,2,81625
ring,2,1048576,200000.0,0.4,0.0,1.0,71,1,151,1499917,819430,2,2,57542
ring,2,1048576,200000.0,0.4,0.0,1.0,71,1,152,1426459,819430,2,2,60376
ring,2,1048576,200000.0,0.4,0.0,1.0,71,1,153,1378792,819430,2,2,37709
ring,2,1048576,200000.0,0.4,0.0,1.0,71,1,154,1441750,819430,2,2,62459
ring,2,1048576,200000.0,0.4,0.0,1.0,71,1,155,1433500,819430,2,2,52583
ring,2,1048576,200000.0,0.4,0.0,1.0,71,1,156,1433375,819430,2,2,53959
ring,2,1048576,200000.0,0.4,0.0,1.0,71,1,157,1490375,819430,2,2,14459
ring,2,1048576,200000.0,0.4,0.0,1.0,71,1,158,1390500,819430,2,2,56708
ring,2,1048576,200000.0,0.4,0.0,1.0,71,1,159,1488666,819430,2,2,49958
ring,2,1048576,200000.0,0.4,0.0,1.0,71,1,160,1381209,819430,2,2,51917
ring,2,1048576,200000.0,0.4,0.0,1.0,71,1,161,1428166,819430,2,2,84791
ring,2,1048576,200000.0,0.4,0.0,1.0,71,1,162,1490667,819430,2,2,88958
ring,2,1048576,200000.0,0.4,0.0,1.0,71,1,163,1469625,819430,2,2,62458
ring,2,1048576,200000.0,0.4,0.0,1.0,71,1,164,1423500,819430,2,2,68792
ring,2,1048576,200000.0,0.4,0.0,1.0,71,1,165,1439958,819430,2,2,43916
ring,2,1048576,200000.0,0.4,0.0,1.0,71,1,166,1395292,819430,2,2,55667
ring,2,1048576,200000.0,0.4,0.0,1.0,71,1,167,1376709,819430,2,2,56542
ring,2,1048576,200000.0,0.4,0.0,1.0,71,1,168,1461250,819430,2,2,49333
ring,2,1048576,200000.0,0.4,0.0,1.0,71,1,169,1422333,819430,2,2,15249
ring,2,1048576,200000.0,0.4,0.0,1.0,71,1,170,1408042,819430,2,2,70084
ring,2,1048576,200000.0,0.4,0.0,1.0,71,1,171,1478542,819430,2,2,7500
ring,2,1048576,200000.0,0.4,0.0,1.0,71,1,172,1442417,819430,2,2,50834
ring,2,1048576,200000.0,0.4,0.0,1.0,71,1,173,1417917,819430,2,2,83584
ring,2,1048576,200000.0,0.4,0.0,1.0,71,1,174,1427875,819430,2,2,33833
ring,2,1048576,200000.0,0.4,0.0,1.0,71,1,175,1392708,819430,2,2,54166
ring,2,1048576,200000.0,0.4,0.0,1.0,71,1,176,1438291,819430,2,2,71791
ring,2,1048576,200000.0,0.4,0.0,1.0,71,1,177,1409666,819430,2,2,67833
ring,2,1048576,200000.0,0.4,0.0,1.0,71,1,178,1391625,819430,2,2,67500
ring,2,1048576,200000.0,0.4,0.0,1.0,71,1,179,1397708,819430,2,2,56583
ring,2,1048576,200000.0,0.4,0.0,1.0,71,1,180,1421834,819430,2,2,36500
ring,2,1048576,200000.0,0.4,0.0,1.0,71,1,181,1350458,819430,2,2,48999
ring,2,1048576,200000.0,0.4,0.0,1.0,71,1,182,1476833,819430,2,2,50750
ring,2,1048576,200000.0,0.4,0.0,1.0,71,1,183,1511750,819430,2,2,45500
ring,2,1048576,200000.0,0.4,0.0,1.0,71,1,184,1440917,819430,2,2,73250
ring,2,1048576,200000.0,0.4,0.0,1.0,71,1,185,1405917,819430,2,2,19667
ring,2,1048576,200000.0,0.4,0.0,1.0,71,1,186,1490334,819430,2,2,65917
ring,2,1048576,200000.0,0.4,0.0,1.0,71,1,187,1441083,819430,2,2,84541
ring,2,1048576,200000.0,0.4,0.0,1.0,71,1,188,1470833,819430,2,2,58708
ring,2,1048576,200000.0,0.4,0.0,1.0,71,1,189,1407417,819430,2,2,59250
ring,2,1048576,200000.0,0.4,0.0,1.0,71,1,190,1446375,819430,2,2,66750
ring,2,1048576,200000.0,0.4,0.0,1.0,71,1,191,1467167,819430,2,2,87292
ring,2,1048576,200000.0,0.4,0.0,1.0,71,1,192,1408667,819430,2,2,60876
ring,2,1048576,200000.0,0.4,0.0,1.0,71,1,193,1409708,819430,2,2,75333
ring,2,1048576,200000.0,0.4,0.0,1.0,71,1,194,1341750,819430,2,2,36250
ring,2,1048576,200000.0,0.4,0.0,1.0,71,1,195,1476084,819430,2,2,3584
ring,2,1048576,200000.0,0.4,0.0,1.0,71,1,196,1430709,819430,2,2,18001
ring,2,1048576,200000.0,0.4,0.0,1.0,71,1,197,1411000,819430,2,2,61333
ring,2,1048576,200000.0,0.4,0.0,1.0,71,1,198,1372916,819430,2,2,52666
ring,2,1048576,200000.0,0.4,0.0,1.0,71,1,199,1451625,819430,2,2,53209
ring,2,1048576,200000.0,0.4,0.0,1.0,71,1,200,1441625,819430,2,2,99291
ring,2,1048576,200000.0,0.4,0.0,1.0,71,1,201,1367208,819430,2,2,50250
ring,2,1048576,200000.0,0.4,0.0,1.0,71,1,202,1392792,819430,2,2,53459
ring,2,1048576,200000.0,0.4,0.0,1.0,71,1,203,1381750,819430,2,2,46875
ring,2,1048576,200000.0,0.4,0.0,1.0,71,1,204,1394167,819430,2,2,46375
ring,2,1048576,200000.0,0.4,0.0,1.0,71,1,205,1364042,819430,2,2,56833
ring,2,1048576,200000.0,0.4,0.0,1.0,71,1,206,1420083,819430,2,2,51375
ring,2,1048576,200000.0,0.4,0.0,1.0,71,1,207,1472250,819430,2,2,28416
ring,2,1048576,200000.0,0.4,0.0,1.0,71,1,208,1426417,819430,2,2,67459
ring,2,1048576,200000.0,0.4,0.0,1.0,71,1,209,1381458,819430,2,2,60500
ring,2,1048576,200000.0,0.4,0.0,1.0,71,1,210,1451250,819430,2,2,39833
ring,2,1048576,200000.0,0.4,0.0,1.0,71,1,211,1460750,819430,2,2,33625
ring,2,1048576,200000.0,0.4,0.0,1.0,71,1,212,1442416,819430,2,2,64374
ring,2,1048576,200000.0,0.4,0.0,1.0,71,1,213,1498292,819430,2,2,13542
ring,2,1048576,200000.0,0.4,0.0,1.0,71,1,214,1474584,819430,2,2,83084
ring,2,1048576,200000.0,0.4,0.0,1.0,71,1,215,1365875,819430,2,2,39208
ring,2,1048576,200000.0,0.4,0.0,1.0,71,1,216,1468125,819430,2,2,9084
ring,2,1048576,200000.0,0.4,0.0,1.0,71,1,217,1466500,819430,2,2,3833
ring,2,1048576,200000.0,0.4,0.0,1.0,71,1,218,1492417,819430,2,2,28000
ring,2,1048576,200000.0,0.4,0.0,1.0,71,1,219,1416709,819430,2,2,53209
ring,2,1048576,200000.0,0.4,0.0,1.0,71,1,220,1419250,819430,2,2,73916
ring,2,1048576,200000.0,0.4,0.0,1.0,71,1,221,1421917,819430,2,2,46042
ring,2,1048576,200000.0,0.4,0.0,1.0,71,1,222,1492125,819430,2,2,13333
ring,2,1048576,200000.0,0.4,0.0,1.0,71,1,223,1436417,819430,2,2,73375
ring,2,1048576,200000.0,0.4,0.0,1.0,71,1,224,1448834,819430,2,2,61668
ring,2,1048576,200000.0,0.4,0.0,1.0,71,1,225,1488041,819430,2,2,45874
ring,2,1048576,200000.0,0.4,0.0,1.0,71,1,226,1496541,819430,2,2,65458
ring,2,1048576,200000.0,0.4,0.0,1.0,71,1,227,1412959,819430,2,2,71418
ring,2,1048576,200000.0,0.4,0.0,1.0,71,1,228,1433625,819430,2,2,61167
ring,2,1048576,200000.0,0.4,0.0,1.0,71,1,229,1385333,819430,2,2,13583
ring,2,1048576,200000.0,0.4,0.0,1.0,71,1,230,1400875,819430,2,2,41083
ring,2,1048576,200000.0,0.4,0.0,1.0,71,1,231,1397750,819430,2,2,60750
ring,2,1048576,200000.0,0.4,0.0,1.0,71,1,232,1449333,819430,2,2,73208
ring,2,1048576,200000.0,0.4,0.0,1.0,71,1,233,1383167,819430,2,2,53459
ring,2,1048576,200000.0,0.4,0.0,1.0,71,1,234,1385792,819430,2,2,39834
ring,2,1048576,200000.0,0.4,0.0,1.0,71,1,235,1348750,819430,2,2,60166
ring,2,1048576,200000.0,0.4,0.0,1.0,71,1,236,1396792,819430,2,2,39001
ring,2,1048576,200000.0,0.4,0.0,1.0,71,1,237,1435708,819430,2,2,69333
ring,2,1048576,200000.0,0.4,0.0,1.0,71,1,238,1404833,819430,2,2,41208
ring,2,1048576,200000.0,0.4,0.0,1.0,71,1,239,1399292,819430,2,2,44584
ring,2,1048576,200000.0,0.4,0.0,1.0,71,1,240,1433417,819430,2,2,40209
ring,2,1048576,200000.0,0.4,0.0,1.0,71,1,241,1352292,819430,2,2,50709
ring,2,1048576,200000.0,0.4,0.0,1.0,71,1,242,1469875,819430,2,2,55166
ring,2,1048576,200000.0,0.4,0.0,1.0,71,1,243,1448750,819430,2,2,69875
ring,2,1048576,200000.0,0.4,0.0,1.0,71,1,244,1446125,819430,2,2,78292
ring,2,1048576,200000.0,0.4,0.0,1.0,71,1,245,1348417,819430,2,2,39126
ring,2,1048576,200000.0,0.4,0.0,1.0,71,1,246,1400750,819430,2,2,75500
ring,2,1048576,200000.0,0.4,0.0,1.0,71,1,247,1419000,819430,2,2,2958
ring,2,1048576,200000.0,0.4,0.0,1.0,71,1,248,1405667,819430,2,2,64625
ring,2,1048576,200000.0,0.4,0.0,1.0,71,1,249,1390833,819430,2,2,38250
ps,2,1048576,200000.0,0.4,0.0,1.0,71,2,0,1969250,619430,1,2,109875
ps,2,1048576,200000.0,0.4,0.0,1.0,71,2,1,1906459,619430,1,2,89959
ps,2,1048576,200000.0,0.4,0.0,1.0,71,2,2,1922083,619430,1,2,98666
ps,2,1048576,200000.0,0.4,0.0,1.0,71,2,3,1905042,619430,1,2,98209
ps,2,1048576,200000.0,0.4,0.0,1.0,71,2,4,1852375,619430,1,2,97417
ps,2,1048576,200000.0,0.4,0.0,1.0,71,2,5,1881792,619430,1,2,113792
ps,2,1048576,200000.0,0.4,0.0,1.0,71,2,6,1859291,619430,1,2,105791
ps,2,1048576,200000.0,0.4,0.0,1.0,71,2,7,1872375,619430,1,2,81667
ps,2,1048576,200000.0,0.4,0.0,1.0,71,2,8,1814750,619430,1,2,97500
ps,2,1048576,200000.0,0.4,0.0,1.0,71,2,9,1865250,619430,1,2,86208
ps,2,1048576,200000.0,0.4,0.0,1.0,71,2,10,1840667,619430,1,2,78958
ps,2,1048576,200000.0,0.4,0.0,1.0,71,2,11,1846292,619430,1,2,58083
ps,2,1048576,200000.0,0.4,0.0,1.0,71,2,12,1854042,619430,1,2,97751
ps,2,1048576,200000.0,0.4,0.0,1.0,71,2,13,1808416,619430,1,2,96041
ps,2,1048576,200000.0,0.4,0.0,1.0,71,2,14,1813792,619430,1,2,59000
ps,2,1048576,200000.0,0.4,0.0,1.0,71,2,15,1809667,619430,1,2,66751
ps,2,1048576,200000.0,0.4,0.0,1.0,71,2,16,2059625,619430,1,2,99541
ps,2,1048576,200000.0,0.4,0.0,1.0,71,2,17,1817334,619430,1,2,64334
ps,2,1048576,200000.0,0.4,0.0,1.0,71,2,18,1846625,619430,1,2,75875
ps,2,1048576,200000.0,0.4,0.0,1.0,71,2,19,1900417,619430,1,2,101709
ps,2,1048576,200000.0,0.4,0.0,1.0,71,2,20,1847375,619430,1,2,58625
ps,2,1048576,200000.0,0.4,0.0,1.0,71,2,21,2087000,619430,1,2,13625
ps,2,1048576,200000.0,0.4,0.0,1.0,71,2,22,1849209,619430,1,2,82209
ps,2,1048576,200000.0,0.4,0.0,1.0,71,2,23,1781916,619430,1,2,32916
ps,2,1048576,200000.0,0.4,0.0,1.0,71,2,24,1801250,619430,1,2,104333
ps,2,1048576,200000.0,0.4,0.0,1.0,71,2,25,1791417,619430,1,2,43667
ps,2,1048576,200000.0,0.4,0.0,1.0,71,2,26,1791708,619430,1,2,99167
ps,2,1048576,200000.0,0.4,0.0,1.0,71,2,27,1776709,619430,1,2,86543
ps,2,1048576,200000.0,0.4,0.0,1.0,71,2,28,1794500,619430,1,2,92125
ps,2,1048576,200000.0,0.4,0.0,1.0,71,2,29,1802208,619430,1,2,88458
ps,2,1048576,200000.0,0.4,0.0,1.0,71,2,30,1776875,619430,1,2,75250
ps,2,1048576,200000.0,0.4,0.0,1.0,71,2,31,1793750,619430,1,2,78375
ps,2,1048576,200000.0,0.4,0.0,1.0,71,2,32,1795167,619430,1,2,94667
ps,2,1048576,200000.0,0.4,0.0,1.0,71,2,33,1770291,619430,1,2,99541
ps,2,1048576,200000.0,0.4,0.0,1.0,71,2,34,1756541,619430,1,2,75083
ps,2,1048576,200000.0,0.4,0.0,1.0,71,2,35,1810166,619430,1,2,106124
ps,2,1048576,200000.0,0.4,0.0,1.0,71,2,36,1766375,619430,1,2,57000
ps,2,1048576,200000.0,0.4,0.0,1.0,71,2,37,1781125,619430,1,2,83000
ps,2,1048576,200000.0,0.4,0.0,1.0,71,2,38,1821084,619430,1,2,92750
ps,2,1048576,200000.0,0.4,0.0,1.0,71,2,39,1766583,619430,1,2,54916
ps,2,1048576,200000.0,0.4,0.0,1.0,71,2,40,1801792,619430,1,2,109709
ps,2,1048576,200000.0,0.4,0.0,1.0,71,2,41,1779917,619430,1,2,101167
ps,2,1048576,200000.0,0.4,0.0,1.0,71,2,42,1738416,619430,1,2,58666
ps,2,1048576,200000.0,0.4,0.0,1.0,71,2,43,1795708,619430,1,2,66958
ps,2,1048576,200000.0,0.4,0.0,1.0,71,2,44,1846959,619430,1,2,84292
ps,2,1048576,200000.0,0.4,0.0,1.0,71,2,45,1778500,619430,1,2,82000
ps,2,1048576,200000.0,0.4,0.0,1.0,71,2,46,1786584,619430,1,2,91542
ps,2,1048576,200000.0,0.4,0.0,1.0,71,2,47,1778416,619430,1,2,74958
ps,2,1048576,200000.0,0.4,0.0,1.0,71,2,48,1769125,619430,1,2,68916
ps,2,1048576,200000.0,0.4,0.0,1.0,71,2,49,1803208,619430,1,2,69333
ps,2,1048576,200000.0,0.4,0.0,1.0,71,2,50,1779125,619430,1,2,83125
ps,2,1048576,200000.0,0.4,0.0,1.0,71,2,51,1802459,619430,1,2,99918
ps,2,1048576,200000.0,0.4,0.0,1.0,71,2,52,1780959,619430,1,2,72625
ps,2,1048576,200000.0,0.4,0.0,1.0,71,2,53,1790792,619430,1,2,80334
ps,2,1048576,200000.0,0.4,0.0,1.0,71,2,54,1762708,619430,1,2,100500
ps,2,1048576,200000.0,0.4,0.0,1.0,71,2,55,1748750,619430,1,2,79500
ps,2,1048576,200000.0,0.4,0.0,1.0,71,2,56,1796000,619430,1,2,74209
ps,2,1048576,200000.0,0.4,0.0,1.0,71,2,57,1783375,619430,1,2,55375
ps,2,1048576,200000.0,0.4,0.0,1.0,71,2,58,1782750,619430,1,2,90625
ps,2,1048576,200000.0,0.4,0.0,1.0,71,2,59,1769834,619430,1,2,87001
ps,2,1048576,200000.0,0.4,0.0,1.0,71,2,60,1800708,619430,1,2,70333
ps,2,1048576,200000.0,0.4,0.0,1.0,71,2,61,1805542,619430,1,2,75584
ps,2,1048576,200000.0,0.4,0.0,1.0,71,2,62,1783125,619430,1,2,54542
ps,2,1048576,200000.0,0.4,0.0,1.0,71,2,63,1822833,619430,1,2,73292
ps,2,1048576,200000.0,0.4,0.0,1.0,71,2,64,1789833,619430,1,2,94208
ps,2,1048576,200000.0,0.4,0.0,1.0,71,2,65,1805750,619430,1,2,81791
ps,2,1048576,200000.0,0.4,0.0,1.0,71,2,66,1799541,619430,1,2,68374
ps,2,1048576,200000.0,0.4,0.0,1.0,71,2,67,1803625,619430,1,2,86250
ps,2,1048576,200000.0,0.4,0.0,1.0,71,2,68,1792750,619430,1,2,90625
ps,2,1048576,200000.0,0.4,0.0,1.0,71,2,69,1856541,619430,1,2,104124
ps,2,1048576,200000.0,0.4,0.0,1.0,71,2,70,1785208,619430,1,2,72000
ps,2,1048576,200000.0,0.4,0.0,1.0,71,2,71,1791875,619430,1,2,58459
ps,2,1048576,200000.0,0.4,0.0,1.0,71,2,72,1813416,619430,1,2,98832
ps,2,1048576,200000.0,0.4,0.0,1.0,71,2,73,1797375,619430,1,2,89458
ps,2,1048576,200000.0,0.4,0.0,1.0,71,2,74,1791167,619430,1,2,90000
ps,2,1048576,200000.0,0.4,0.0,1.0,71,2,75,1771750,619430,1,2,79875
ps,2,1048576,200000.0,0.4,0.0,1.0,71,2,76,1781750,619430,1,2,43292
ps,2,1048576,200000.0,0.4,0.0,1.0,71,2,77,1857500,619430,1,2,84292
ps,2,1048576,200000.0,0.4,0.0,1.0,71,2,78,1797834,619430,1,2,105084
ps,2,1048576,200000.0,0.4,0.0,1.0,71,2,79,1793792,619430,1,2,56751
ps,2,1048576,200000.0,0.4,0.0,1.0,71,2,80,1771333,619430,1,2,94875
ps,2,1048576,200000.0,0.4,0.0,1.0,71,2,81,1815208,619430,1,2,121208
ps,2,1048576,200000.0,0.4,0.0,1.0,71,2,82,1788292,619430,1,2,68959
ps,2,1048576,200000.0,0.4,0.0,1.0,71,2,83,1836792,619430,1,2,68083
ps,2,1048576,200000.0,0.4,0.0,1.0,71,2,84,1879291,619430,1,2,73374
ps,2,1048576,200000.0,0.4,0.0,1.0,71,2,85,1957083,619430,1,2,94749
ps,2,1048576,200000.0,0.4,0.0,1.0,71,2,86,1918125,619430,1,2,84417
ps,2,1048576,200000.0,0.4,0.0,1.0,71,2,87,1873541,619430,1,2,116416
ps,2,1048576,200000.0,0.4,0.0,1.0,71,2,88,1804625,619430,1,2,90875
ps,2,1048576,200000.0,0.4,0.0,1.0,71,2,89,1850000,619430,1,2,62417
ps,2,1048576,200000.0,0.4,0.0,1.0,71,2,90,1858250,619430,1,2,57333
ps,2,1048576,200000.0,0.4,0.0,1.0,71,2,91,1843000,619430,1,2,65417
ps,2,1048576,200000.0,0.4,0.0,1.0,71,2,92,1862333,619430,1,2,120833
ps,2,1048576,200000.0,0.4,0.0,1.0,71,2,93,1855000,619430,1,2,70667
ps,2,1048576,200000.0,0.4,0.0,1.0,71,2,94,1844875,619430,1,2,25416
ps,2,1048576,200000.0,0.4,0.0,1.0,71,2,95,1836917,619430,1,2,75167
ps,2,1048576,200000.0,0.4,0.0,1.0,71,2,96,1909625,619430,1,2,124250
ps,2,1048576,200000.0,0.4,0.0,1.0,71,2,97,1956083,619430,1,2,125291
ps,2,1048576,200000.0,0.4,0.0,1.0,71,2,98,1830250,619430,1,2,96542
ps,2,1048576,200000.0,0.4,0.0,1.0,71,2,99,1859833,619430,1,2,75499
ps,2,1048576,200000.0,0.4,0.0,1.0,71,2,100,1859041,619430,1,2,92083
ps,2,1048576,200000.0,0.4,0.0,1.0,71,2,101,1847500,619430,1,2,66500
ps,2,1048576,200000.0,0.4,0.0,1.0,71,2,102,1823292,619430,1,2,50417
ps,2,1048576,200000.0,0.4,0.0,1.0,71,2,103,1873917,619430,1,2,105334
ps,2,1048576,200000.0,0.4,0.0,1.0,71,2,104,1826208,619430,1,2,101999
ps,2,1048576,200000.0,0.4,0.0,1.0,71,2,105,1834625,619430,1,2,75875
ps,2,1048576,200000.0,0.4,0.0,1.0,71,2,106,1821209,619430,1,2,11626
ps,2,1048576,200000.0,0.4,0.0,1.0,71,2,107,1826083,619430,1,2,79583
ps,2,1048576,200000.0,0.4,0.0,1.0,71,2,108,1827542,619430,1,2,47292
ps,2,1048576,200000.0,0.4,0.0,1.0,71,2,109,1822125,619430,1,2,100167
ps,2,1048576,200000.0,0.4,0.0,1.0,71,2,110,1840833,619430,1,2,73917
ps,2,1048576,200000.0,0.4,0.0,1.0,71,2,111,1803458,619430,1,2,64916
ps,2,1048576,200000.0,0.4,0.0,1.0,71,2,112,1830791,619430,1,2,50832
ps,2,1048576,200000.0,0.4,0.0,1.0,71,2,113,1832875,619430,1,2,57000
ps,2,1048576,200000.0,0.4,0.0,1.0,71,2,114,1847958,619430,1,2,25583
ps,2,1048576,200000.0,0.4,0.0,1.0,71,2,115,1835583,619430,1,2,88000
ps,2,1048576,200000.0,0.4,0.0,1.0,71,2,116,1807792,619430,1,2,66209
ps,2,1048576,200000.0,0.4,0.0,1.0,71,2,117,1796709,619430,1,2,78000
ps,2,1048576,200000.0,0.4,0.0,1.0,71,2,118,1819792,619430,1,2,95292
ps,2,1048576,200000.0,0.4,0.0,1.0,71,2,119,1838625,619430,1,2,91042
ps,2,1048576,200000.0,0.4,0.0,1.0,71,2,120,1795917,619430,1,2,61667
ps,2,1048576,200000.0,0.4,0.0,1.0,71,2,121,1816083,619430,1,2,94166
ps,2,1048576,200000.0,0.4,0.0,1.0,71,2,122,1746417,619430,1,2,84501
ps,2,1048576,200000.0,0.4,0.0,1.0,71,2,123,1786584,619430,1,2,84793
ps,2,1048576,200000.0,0.4,0.0,1.0,71,2,124,1787125,619430,1,2,91458
ps,2,1048576,200000.0,0.4,0.0,1.0,71,2,125,1785583,619430,1,2,95916
ps,2,1048576,200000.0,0.4,0.0,1.0,71,2,126,1802917,619430,1,2,110625
ps,2,1048576,200000.0,0.4,0.0,1.0,71,2,127,1785000,619430,1,2,75875
ps,2,1048576,200000.0,0.4,0.0,1.0,71,2,128,1781209,619430,1,2,101375
ps,2,1048576,200000.0,0.4,0.0,1.0,71,2,129,1816084,619430,1,2,103167
ps,2,1048576,200000.0,0.4,0.0,1.0,71,2,130,1752834,619430,1,2,84917
ps,2,1048576,200000.0,0.4,0.0,1.0,71,2,131,1757000,619430,1,2,91500
ps,2,1048576,200000.0,0.4,0.0,1.0,71,2,132,1795125,619430,1,2,81583
ps,2,1048576,200000.0,0.4,0.0,1.0,71,2,133,1806750,619430,1,2,98708
ps,2,1048576,200000.0,0.4,0.0,1.0,71,2,134,1787292,619430,1,2,85542
ps,2,1048576,200000.0,0.4,0.0,1.0,71,2,135,1799042,619430,1,2,76250
ps,2,1048576,200000.0,0.4,0.0,1.0,71,2,136,1793375,619430,1,2,90500
ps,2,1048576,200000.0,0.4,0.0,1.0,71,2,137,1785459,619430,1,2,79084
ps,2,1048576,200000.0,0.4,0.0,1.0,71,2,138,1775459,619430,1,2,86751
ps,2,1048576,200000.0,0.4,0.0,1.0,71,2,139,1778500,619430,1,2,96166
ps,2,1048576,200000.0,0.4,0.0,1.0,71,2,140,1773542,619430,1,2,89125
ps,2,1048576,200000.0,0.4,0.0,1.0,71,2,141,1813375,619430,1,2,67125
ps,2,1048576,200000.0,0.4,0.0,1.0,71,2,142,1857833,619430,1,2,73542
ps,2,1048576,200000.0,0.4,0.0,1.0,71,2,143,1808167,619430,1,2,69417
ps,2,1048576,200000.0,0.4,0.0,1.0,71,2,144,1840042,619430,1,2,90083
ps,2,1048576,200000.0,0.4,0.0,1.0,71,2,145,1807167,619430,1,2,77417
ps,2,1048576,200000.0,0.4,0.0,1.0,71,2,146,1833000,619430,1,2,92041
ps,2,1048576,200000.0,0.4,0.0,1.0,71,2,147,1811583,619430,1,2,75291
ps,2,1048576,200000.0,0.4,0.0,1.0,71,2,148,1809375,619430,1,2,71958
ps,2,1048576,200000.0,0.4,0.0,1.0,71,2,149,1821917,619430,1,2,81292
ps,2,1048576,200000.0,0.4,0.0,1.0,71,2,150,1778625,619430,1,2,80667
ps,2,1048576,200000.0,0.4,0.0,1.0,71,2,151,1807209,619430,1,2,87793
ps,2,1048576,200000.0,0.4,0.0,1.0,71,2,152,1800125,619430,1,2,83417
ps,2,1048576,200000.0,0.4,0.0,1.0,71,2,153,1822500,619430,1,2,75959
ps,2,1048576,200000.0,0.4,0.0,1.0,71,2,154,1829584,619430,1,2,118459
ps,2,1048576,200000.0,0.4,0.0,1.0,71,2,155,1816166,619430,1,2,96916
ps,2,1048576,200000.0,0.4,0.0,1.0,71,2,156,1808667,619430,1,2,68583
ps,2,1048576,200000.0,0.4,0.0,1.0,71,2,157,1956542,619430,1,2,114667
ps,2,1048576,200000.0,0.4,0.0,1.0,71,2,158,1762875,619430,1,2,68334
ps,2,1048576,200000.0,0.4,0.0,1.0,71,2,159,1842542,619430,1,2,83167
ps,2,1048576,200000.0,0.4,0.0,1.0,71,2,160,1818625,619430,1,2,53500
ps,2,1048576,200000.0,0.4,0.0,1.0,71,2,161,1835000,619430,1,2,73125
ps,2,1048576,200000.0,0.4,0.0,1.0,71,2,162,1803250,619430,1,2,82041
ps,2,1048576,200000.0,0.4,0.0,1.0,71,2,163,1827166,619430,1,2,67041
ps,2,1048576,200000.0,0.4,0.0,1.0,71,2,164,1836500,619430,1,2,35166
ps,2,1048576,200000.0,0.4,0.0,1.0,71,2,165,1861584,619430,1,2,62375
ps,2,1048576,200000.0,0.4,0.0,1.0,71,2,166,1799500,619430,1,2,91500
ps,2,1048576,200000.0,0.4,0.0,1.0,71,2,167,1805208,619430,1,2,79292
ps,2,1048576,200000.0,0.4,0.0,1.0,71,2,168,1816750,619430,1,2,83583
ps,2,1048576,200000.0,0.4,0.0,1.0,71,2,169,1825208,619430,1,2,80250
ps,2,1048576,200000.0,0.4,0.0,1.0,71,2,170,1850416,619430,1,2,24583
ps,2,1048576,200000.0,0.4,0.0,1.0,71,2,171,2271500,619430,1,2,41834
ps,2,1048576,200000.0,0.4,0.0,1.0,71,2,172,5452833,619430,1,2,749
ps,2,1048576,200000.0,0.4,0.0,1.0,71,2,173,4651666,619430,1,2,62124
ps,2,1048576,200000.0,0.4,0.0,1.0,71,2,174,3126917,619430,1,2,24167
ps,2,1048576,200000.0,0.4,0.0,1.0,71,2,175,2037500,619430,1,2,93041
ps,2,1048576,200000.0,0.4,0.0,1.0,71,2,176,2267250,619430,1,2,55000
ps,2,1048576,200000.0,0.4,0.0,1.0,71,2,177,1947042,619430,1,2,50250
ps,2,1048576,200000.0,0.4,0.0,1.0,71,2,178,1784375,619430,1,2,94417
ps,2,1048576,200000.0,0.4,0.0,1.0,71,2,179,1842500,619430,1,2,92334
ps,2,1048576,200000.0,0.4,0.0,1.0,71,2,180,1796584,619430,1,2,73959
ps,2,1048576,200000.0,0.4,0.0,1.0,71,2,181,9837042,619430,1,2,167208
ps,2,1048576,200000.0,0.4,0.0,1.0,71,2,182,3774792,619430,1,2,60584
ps,2,1048576,200000.0,0.4,0.0,1.0,71,2,183,3799084,619430,1,2,48084
ps,2,1048576,200000.0,0.4,0.0,1.0,71,2,184,1925291,619430,1,2,45291
ps,2,1048576,200000.0,0.4,0.0,1.0,71,2,185,2006000,619430,1,2,33250
ps,2,1048576,200000.0,0.4,0.0,1.0,71,2,186,2717000,619430,1,2,14500
ps,2,1048576,200000.0,0.4,0.0,1.0,71,2,187,3853125,619430,1,2,430709
ps,2,1048576,200000.0,0.4,0.0,1.0,71,2,188,2186333,619430,1,2,131083
ps,2,1048576,200000.0,0.4,0.0,1.0,71,2,189,2180875,619430,1,2,116083
ps,2,1048576,200000.0,0.4,0.0,1.0,71,2,190,1807250,619430,1,2,56208
ps,2,1048576,200000.0,0.4,0.0,1.0,71,2,191,1830292,619430,1,2,115084
ps,2,1048576,200000.0,0.4,0.0,1.0,71,2,192,1860292,619430,1,2,99501
ps,2,1048576,200000.0,0.4,0.0,1.0,71,2,193,1826084,619430,1,2,15876
ps,2,1048576,200000.0,0.4,0.0,1.0,71,2,194,1876167,619430,1,2,66250
ps,2,1048576,200000.0,0.4,0.0,1.0,71,2,195,1818042,619430,1,2,40625
ps,2,1048576,200000.0,0.4,0.0,1.0,71,2,196,1817625,619430,1,2,100625
ps,2,1048576,200000.0,0.4,0.0,1.0,71,2,197,1798333,619430,1,2,68291
ps,2,1048576,200000.0,0.4,0.0,1.0,71,2,198,1796416,619430,1,2,101875
ps,2,1048576,200000.0,0.4,0.0,1.0,71,2,199,1794375,619430,1,2,79708
ps,2,1048576,200000.0,0.4,0.0,1.0,71,2,200,1825750,619430,1,2,60209
ps,2,1048576,200000.0,0.4,0.0,1.0,71,2,201,1822084,619430,1,2,98834
ps,2,1048576,200000.0,0.4,0.0,1.0,71,2,202,1774708,619430,1,2,81875
ps,2,1048576,200000.0,0.4,0.0,1.0,71,2,203,1770334,619430,1,2,53626
ps,2,1048576,200000.0,0.4,0.0,1.0,71,2,204,1791750,619430,1,2,103875
ps,2,1048576,200000.0,0.4,0.0,1.0,71,2,205,1787333,619430,1,2,70333
ps,2,1048576,200000.0,0.4,0.0,1.0,71,2,206,1821583,619430,1,2,39708
ps,2,1048576,200000.0,0.4,0.0,1.0,71,2,207,1799208,619430,1,2,89208
ps,2,1048576,200000.0,0.4,0.0,1.0,71,2,208,1816792,619430,1,2,65042
ps,2,1048576,200000.0,0.4,0.0,1.0,71,2,209,1825333,619430,1,2,97875
ps,2,1048576,200000.0,0.4,0.0,1.0,71,2,210,1804833,619430,1,2,97708
ps,2,1048576,200000.0,0.4,0.0,1.0,71,2,211,1819542,619430,1,2,86958
ps,2,1048576,200000.0,0.4,0.0,1.0,71,2,212,1774083,619430,1,2,14249
ps,2,1048576,200000.0,0.4,0.0,1.0,71,2,213,1787250,619430,1,2,63583
ps,2,1048576,200000.0,0.4,0.0,1.0,71,2,214,1821666,619430,1,2,86583
ps,2,1048576,200000.0,0.4,0.0,1.0,71,2,215,1778125,619430,1,2,68875
ps,2,1048576,200000.0,0.4,0.0,1.0,71,2,216,1791791,619430,1,2,83624
ps,2,1048576,200000.0,0.4,0.0,1.0,71,2,217,1769250,619430,1,2,81792
ps,2,1048576,200000.0,0.4,0.0,1.0,71,2,218,1775500,619430,1,2,80459
ps,2,1048576,200000.0,0.4,0.0,1.0,71,2,219,1791792,619430,1,2,59500
ps,2,1048576,200000.0,0.4,0.0,1.0,71,2,220,1837709,619430,1,2,79875
ps,2,1048576,200000.0,0.4,0.0,1.0,71,2,221,1868834,619430,1,2,103168
ps,2,1048576,200000.0,0.4,0.0,1.0,71,2,222,1777208,619430,1,2,86458
ps,2,1048576,200000.0,0.4,0.0,1.0,71,2,223,1786542,619430,1,2,73125
ps,2,1048576,200000.0,0.4,0.0,1.0,71,2,224,1832542,619430,1,2,80209
ps,2,1048576,200000.0,0.4,0.0,1.0,71,2,225,1805000,619430,1,2,84500
ps,2,1048576,200000.0,0.4,0.0,1.0,71,2,226,1848500,619430,1,2,54041
ps,2,1048576,200000.0,0.4,0.0,1.0,71,2,227,1795208,619430,1,2,84250
ps,2,1048576,200000.0,0.4,0.0,1.0,71,2,228,1960667,619430,1,2,75292
ps,2,1048576,200000.0,0.4,0.0,1.0,71,2,229,1814125,619430,1,2,70667
ps,2,1048576,200000.0,0.4,0.0,1.0,71,2,230,1780792,619430,1,2,41417
ps,2,1048576,200000.0,0.4,0.0,1.0,71,2,231,1787667,619430,1,2,85501
ps,2,1048576,200000.0,0.4,0.0,1.0,71,2,232,1858709,619430,1,2,2709
ps,2,1048576,200000.0,0.4,0.0,1.0,71,2,233,1831500,619430,1,2,81625
ps,2,1048576,200000.0,0.4,0.0,1.0,71,2,234,1775375,619430,1,2,81250
ps,2,1048576,200000.0,0.4,0.0,1.0,71,2,235,1795625,619430,1,2,81583
ps,2,1048576,200000.0,0.4,0.0,1.0,71,2,236,1896292,619430,1,2,131167
ps,2,1048576,200000.0,0.4,0.0,1.0,71,2,237,1821917,619430,1,2,107084
ps,2,1048576,200000.0,0.4,0.0,1.0,71,2,238,1809125,619430,1,2,103083
ps,2,1048576,200000.0,0.4,0.0,1.0,71,2,239,1774208,619430,1,2,89583
ps,2,1048576,200000.0,0.4,0.0,1.0,71,2,240,1787250,619430,1,2,76500
ps,2,1048576,200000.0,0.4,0.0,1.0,71,2,241,1831709,619430,1,2,107126
ps,2,1048576,200000.0,0.4,0.0,1.0,71,2,242,1872708,619430,1,2,109499
ps,2,1048576,200000.0,0.4,0.0,1.0,71,2,243,1829583,619430,1,2,65958
ps,2,1048576,200000.0,0.4,0.0,1.0,71,2,244,1807000,619430,1,2,118000
ps,2,1048576,200000.0,0.4,0.0,1.0,71,2,245,1826625,619430,1,2,88167
ps,2,1048576,200000.0,0.4,0.0,1.0,71,2,246,1797500,619430,1,2,86875
ps,2,1048576,200000.0,0.4,0.0,1.0,71,2,247,1813042,619430,1,2,112833
ps,2,1048576,200000.0,0.4,0.0,1.0,71,2,248,1838542,619430,1,2,99834
ps,2,1048576,200000.0,0.4,0.0,1.0,71,2,249,1822833,619430,1,2,74458
ring,2,4194304,200000.0,0.4,0.0,1.0,71,2,0,3887125,2077720,2,2,287000
ring,2,4194304,200000.0,0.4,0.0,1.0,71,2,1,3650000,2077720,2,2,195083
ring,2,4194304,200000.0,0.4,0.0,1.0,71,2,2,3776584,2077720,2,2,204584
ring,2,4194304,200000.0,0.4,0.0,1.0,71,2,3,3688916,2077720,2,2,182958
ring,2,4194304,200000.0,0.4,0.0,1.0,71,2,4,3817334,2077720,2,2,244126
ring,2,4194304,200000.0,0.4,0.0,1.0,71,2,5,3980375,2077720,2,2,35000
ring,2,4194304,200000.0,0.4,0.0,1.0,71,2,6,3817959,2077720,2,2,227626
ring,2,4194304,200000.0,0.4,0.0,1.0,71,2,7,3727417,2077720,2,2,169917
ring,2,4194304,200000.0,0.4,0.0,1.0,71,2,8,3580417,2077720,2,2,172958
ring,2,4194304,200000.0,0.4,0.0,1.0,71,2,9,3660792,2077720,2,2,190000
ring,2,4194304,200000.0,0.4,0.0,1.0,71,2,10,3690542,2077720,2,2,152209
ring,2,4194304,200000.0,0.4,0.0,1.0,71,2,11,3689375,2077720,2,2,168750
ring,2,4194304,200000.0,0.4,0.0,1.0,71,2,12,3793042,2077720,2,2,216334
ring,2,4194304,200000.0,0.4,0.0,1.0,71,2,13,3656333,2077720,2,2,229958
ring,2,4194304,200000.0,0.4,0.0,1.0,71,2,14,3692375,2077720,2,2,88041
ring,2,4194304,200000.0,0.4,0.0,1.0,71,2,15,3644791,2077720,2,2,209708
ring,2,4194304,200000.0,0.4,0.0,1.0,71,2,16,3599208,2077720,2,2,211625
ring,2,4194304,200000.0,0.4,0.0,1.0,71,2,17,3666208,2077720,2,2,179667
ring,2,4194304,200000.0,0.4,0.0,1.0,71,2,18,3729208,2077720,2,2,245041
ring,2,4194304,200000.0,0.4,0.0,1.0,71,2,19,3689958,2077720,2,2,158166
ring,2,4194304,200000.0,0.4,0.0,1.0,71,2,20,3765250,2077720,2,2,180125
ring,2,4194304,200000.0,0.4,0.0,1.0,71,2,21,3673750,2077720,2,2,122417
ring,2,4194304,200000.0,0.4,0.0,1.0,71,2,22,3634042,2077720,2,2,208250
ring,2,4194304,200000.0,0.4,0.0,1.0,71,2,23,3775833,2077720,2,2,221875
ring,2,4194304,200000.0,0.4,0.0,1.0,71,2,24,3704084,2077720,2,2,253209
ring,2,4194304,200000.0,0.4,0.0,1.0,71,2,25,3794333,2077720,2,2,221250
ring,2,4194304,200000.0,0.4,0.0,1.0,71,2,26,3676958,2077720,2,2,271583
ring,2,4194304,200000.0,0.4,0.0,1.0,71,2,27,3633500,2077720,2,2,170000
ring,2,4194304,200000.0,0.4,0.0,1.0,71,2,28,3783333,2077720,2,2,296583
ring,2,4194304,200000.0,0.4,0.0,1.0,71,2,29,3686167,2077720,2,2,184459
ring,2,4194304,200000.0,0.4,0.0,1.0,71,2,30,3698750,2077720,2,2,214542
ring,2,4194304,200000.0,0.4,0.0,1.0,71,2,31,3631792,2077720,2,2,141167
ring,2,4194304,200000.0,0.4,0.0,1.0,71,2,32,3613000,2077720,2,2,174041
ring,2,4194304,200000.0,0.4,0.0,1.0,71,2,33,3623250,2077720,2,2,152708
ring,2,4194304,200000.0,0.4,0.0,1.0,71,2,34,3863500,2077720,2,2,239458
ring,2,4194304,200000.0,0.4,0.0,1.0,71,2,35,3770208,2077720,2,2,215750
ring,2,4194304,200000.0,0.4,0.0,1.0,71,2,36,3839458,2077720,2,2,102167
ring,2,4194304,200000.0,0.4,0.0,1.0,71,2,37,3806125,2077720,2,2,160625
ring,2,4194304,200000.0,0.4,0.0,1.0,71,2,38,3689584,2077720,2,2,181834
ring,2,4194304,200000.0,0.4,0.0,1.0,71,2,39,3703458,2077720,2,2,221416
ring,2,4194304,200000.0,0.4,0.0,1.0,71,2,40,3712083,2077720,2,2,202166
ring,2,4194304,200000.0,0.4,0.0,1.0,71,2,41,3623458,2077720,2,2,210416
ring,2,4194304,200000.0,0.4,0.0,1.0,71,2,42,3712166,2077720,2,2,193374
ring,2,4194304,200000.0,0.4,0.0,1.0,71,2,43,3696875,2077720,2,2,171917
ring,2,4194304,200000.0,0.4,0.0,1.0,71,2,44,3710750,2077720,2,2,177875
ring,2,4194304,200000.0,0.4,0.0,1.0,71,2,45,3613041,2077720,2,2,151458
ring,2,4194304,200000.0,0.4,0.0,1.0,71,2,46,3749834,2077720,2,2,177418
ring,2,4194304,200000.0,0.4,0.0,1.0,71,2,47,3677541,2077720,2,2,193582
ring,2,4194304,200000.0,0.4,0.0,1.0,71,2,48,3937792,2077720,2,2,19834
ring,2,4194304,200000.0,0.4,0.0,1.0,71,2,49,3623500,2077720,2,2,212000
ring,2,4194304,200000.0,0.4,0.0,1.0,71,2,50,3655125,2077720,2,2,298292
ring,2,4194304,200000.0,0.4,0.0,1.0,71,2,51,3636500,2077720,2,2,193792
ring,2,4194304,200000.0,0.4,0.0,1.0,71,2,52,3753959,2077720,2,2,251250
ring,2,4194304,200000.0,0.4,0.0,1.0,71,2,53,3641250,2077720,2,2,205583
ring,2,4194304,200000.0,0.4,0.0,1.0,71,2,54,3601167,2077720,2,2,195209
ring,2,4194304,200000.0,0.4,0.0,1.0,71,2,55,3577250,2077720,2,2,168000
ring,2,4194304,200000.0,0.4,0.0,1.0,71,2,56,3599208,2077720,2,2,244083
ring,2,4194304,200000.0,0.4,0.0,1.0,71,2,57,3628917,2077720,2,2,205000
ring,2,4194304,200000.0,0.4,0.0,1.0,71,2,58,3684541,2077720,2,2,202000
ring,2,4194304,200000.0,0.4,0.0,1.0,71,2,59,3716417,2077720,2,2,213458
ring,2,4194304,200000.0,0.4,0.0,1.0,71,2,60,3609875,2077720,2,2,215875
ring,2,4194304,200000.0,0.4,0.0,1.0,71,2,61,3709541,2077720,2,2,161708
ring,2,4194304,200000.0,0.4,0.0,1.0,71,2,62,3640125,2077720,2,2,199209
ring,2,4194304,200000.0,0.4,0.0,1.0,71,2,63,3671541,2077720,2,2,138708
ring,2,4194304,200000.0,0.4,0.0,1.0,71,2,64,3587416,2077720,2,2,188707
ring,2,4194304,200000.0,0.4,0.0,1.0,71,2,65,3662875,2077720,2,2,236917
ring,2,4194304,200000.0,0.4,0.0,1.0,71,2,66,3590042,2077720,2,2,250084
ring,2,4194304,200000.0,0.4,0.0,1.0,71,2,67,3628375,2077720,2,2,152542
ring,2,4194304,200000.0,0.4,0.0,1.0,71,2,68,3723625,2077720,2,2,160250
ring,2,4194304,200000.0,0.4,0.0,1.0,71,2,69,3652458,2077720,2,2,131875
ring,2,4194304,200000.0,0.4,0.0,1.0,71,2,70,3911625,2077720,2,2,207292
ring,2,4194304,200000.0,0.4,0.0,1.0,71,2,71,3753667,2077720,2,2,173042
ring,2,4194304,200000.0,0.4,0.0,1.0,71,2,72,3750958,2077720,2,2,163958
ring,2,4194304,200000.0,0.4,0.0,1.0,71,2,73,3671500,2077720,2,2,156958
ring,2,4194304,200000.0,0.4,0.0,1.0,71,2,74,3654375,2077720,2,2,188667
ring,2,4194304,200000.0,0.4,0.0,1.0,71,2,75,3705666,2077720,2,2,217958
ring,2,4194304,200000.0,0.4,0.0,1.0,71,2,76,3690750,2077720,2,2,253542
ring,2,4194304,200000.0,0.4,0.0,1.0,71,2,77,3656625,2077720,2,2,218416
ring,2,4194304,200000.0,0.4,0.0,1.0,71,2,78,3621625,2077720,2,2,207041
ring,2,4194304,200000.0,0.4,0.0,1.0,71,2,79,3567541,2077720,2,2,203791
ring,2,4194304,200000.0,0.4,0.0,1.0,71,2,80,3695083,2077720,2,2,227583
ring,2,4194304,200000.0,0.4,0.0,1.0,71,2,81,3574375,2077720,2,2,214292
ring,2,4194304,200000.0,0.4,0.0,1.0,71,2,82,3642917,2077720,2,2,239833
ring,2,4194304,200000.0,0.4,0.0,1.0,71,2,83,3655875,2077720,2,2,132958
ring,2,4194304,200000.0,0.4,0.0,1.0,71,2,84,3799333,2077720,2,2,200375
ring,2,4194304,200000.0,0.4,0.0,1.0,71,2,85,3662792,2077720,2,2,244084
ring,2,4194304,200000.0,0.4,0.0,1.0,71,2,86,4110375,2077720,2,2,291709
ring,2,4194304,200000.0,0.4,0.0,1.0,71,2,87,4180250,2077720,2,2,137500
ring,2,4194304,200000.0,0.4,0.0,1.0,71,2,88,3804958,2077720,2,2,99625
ring,2,4194304,200000.0,0.4,0.0,1.0,71,2,89,3842459,2077720,2,2,111418
ring,2,4194304,200000.0,0.4,0.0,1.0,71,2,90,3864084,2077720,2,2,159042
ring,2,4194304,200000.0,0.4,0.0,1.0,71,2,91,3872791,2077720,2,2,227291
ring,2,4194304,200000.0,0.4,0.0,1.0,71,2,92,3640167,2077720,2,2,131125
ring,2,4194304,200000.0,0.4,0.0,1.0,71,2,93,3782167,2077720,2,2,156251
ring,2,4194304,200000.0,0.4,0.0,1.0,71,2,94,3641083,2077720,2,2,195249
ring,2,4194304,200000.0,0.4,0.0,1.0,71,2,95,3850500,2077720,2,2,186375
ring,2,4194304,200000.0,0.4,0.0,1.0,71,2,96,3615084,2077720,2,2,201876
ring,2,4194304,200000.0,0.4,0.0,1.0,71,2,97,3757084,2077720,2,2,175168
ring,2,4194304,200000.0,0.4,0.0,1.0,71,2,98,3509334,2077720,2,2,198167
ring,2,4194304,200000.0,0.4,0.0,1.0,71,2,99,3670417,2077720,2,2,111500
ring,2,4194304,200000.0,0.4,0.0,1.0,71,2,100,3641833,2077720,2,2,216708
ring,2,4194304,200000.0,0.4,0.0,1.0,71,2,101,3667333,2077720,2,2,257166
ring,2,4194304,200000.0,0.4,0.0,1.0,71,2,102,3651916,2077720,2,2,221791
ring,2,4194304,200000.0,0.4,0.0,1.0,71,2,103,3736500,2077720,2,2,171375
ring,2,4194304,200000.0,0.4,0.0,1.0,71,2,104,3636584,2077720,2,2,230251
ring,2,4194304,200000.0,0.4,0.0,1.0,71,2,105,3579458,2077720,2,2,172583
ring,2,4194304,200000.0,0.4,0.0,1.0,71,2,106,3603625,2077720,2,2,215083
ring,2,4194304,200000.0,0.4,0.0,1.0,71,2,107,3675917,2077720,2,2,177501
ring,2,4194304,200000.0,0.4,0.0,1.0,71,2,108,3598542,2077720,2,2,235500
ring,2,4194304,200000.0,0.4,0.0,1.0,71,2,109,3585500,2077720,2,2,210459
ring,2,4194304,200000.0,0.4,0.0,1.0,71,2,110,3557834,2077720,2,2,236293
ring,2,4194304,200000.0,0.4,0.0,1.0,71,2,111,3544375,2077720,2,2,153042
ring,2,4194304,200000.0,0.4,0.0,1.0,71,2,112,3623625,2077720,2,2,136583
ring,2,4194304,200000.0,0.4,0.0,1.0,71,2,113,3605167,2077720,2,2,223001
ring,2,4194304,200000.0,0.4,0.0,1.0,71,2,114,3620375,2077720,2,2,254250
ring,2,4194304,200000.0,0.4,0.0,1.0,71,2,115,3602875,2077720,2,2,199667
ring,2,4194304,200000.0,0.4,0.0,1.0,71,2,116,3636833,2077720,2,2,196875
ring,2,4194304,200000.0,0.4,0.0,1.0,71,2,117,3581041,2077720,2,2,201791
ring,2,4194304,200000.0,0.4,0.0,1.0,71,2,118,3599666,2077720,2,2,157083
ring,2,4194304,200000.0,0.4,0.0,1.0,71,2,119,3604125,2077720,2,2,164250
ring,2,4194304,200000.0,0.4,0.0,1.0,71,2,120,3539584,2077720,2,2,208459
ring,2,4194304,200000.0,0.4,0.0,1.0,71,2,121,3584334,2077720,2,2,211418
ring,2,4194304,200000.0,0.4,0.0,1.0,71,2,122,3612958,2077720,2,2,115333
ring,2,4194304,200000.0,0.4,0.0,1.0,71,2,123,3733666,2077720,2,2,122958
ring,2,4194304,200000.0,0.4,0.0,1.0,71,2,124,3581000,2077720,2,2,111542
ring,2,4194304,200000.0,0.4,0.0,1.0,71,2,125,3616292,2077720,2,2,172584
ring,2,4194304,200000.0,0.4,0.0,1.0,71,2,126,3782250,2077720,2,2,186708
ring,2,4194304,200000.0,0.4,0.0,1.0,71,2,127,3665666,2077720,2,2,189624
ring,2,4194304,200000.0,0.4,0.0,1.0,71,2,128,3617250,2077720,2,2,209542
ring,2,4194304,200000.0,0.4,0.0,1.0,71,2,129,3646667,2077720,2,2,258292
ring,2,4194304,200000.0,0.4,0.0,1.0,71,2,130,3575459,2077720,2,2,162167
ring,2,4194304,200000.0,0.4,0.0,1.0,71,2,131,3629958,2077720,2,2,300875
ring,2,4194304,200000.0,0.4,0.0,1.0,71,2,132,3621500,2077720,2,2,184709
ring,2,4194304,200000.0,0.4,0.0,1.0,71,2,133,3621500,2077720,2,2,229792
ring,2,4194304,200000.0,0.4,0.0,1.0,71,2,134,3586458,2077720,2,2,124291
ring,2,4194304,200000.0,0.4,0.0,1.0,71,2,135,3608542,2077720,2,2,183125
ring,2,4194304,200000.0,0.4,0.0,1.0,71,2,136,3573500,2077720,2,2,217833
ring,2,4194304,200000.0,0.4,0.0,1.0,71,2,137,3561250,2077720,2,2,167166
ring,2,4194304,200000.0,0.4,0.0,1.0,71,2,138,3570500,2077720,2,2,197917
ring,2,4194304,200000.0,0.4,0.0,1.0,71,2,139,3621666,2077720,2,2,196541
ring,2,4194304,200000.0,0.4,0.0,1.0,71,2,140,3599792,2077720,2,2,140000
ring,2,4194304,200000.0,0.4,0.0,1.0,71,2,141,3630041,2077720,2,2,209874
ring,2,4194304,200000.0,0.4,0.0,1.0,71,2,142,3596541,2077720,2,2,246874
ring,2,4194304,200000.0,0.4,0.0,1.0,71,2,143,3726334,2077720,2,2,156209
ring,2,4194304,200000.0,0.4,0.0,1.0,71,2,144,3575416,2077720,2,2,191416
ring,2,4194304,200000.0,0.4,0.0,1.0,71,2,145,3587291,2077720,2,2,158124
ring,2,4194304,200000.0,0.4,0.0,1.0,71,2,146,3584625,2077720,2,2,261291
ring,2,4194304,200000.0,0.4,0.0,1.0,71,2,147,3614666,2077720,2,2,154666
ring,2,4194304,200000.0,0.4,0.0,1.0,71,2,148,3545708,2077720,2,2,205791
ring,2,4194304,200000.0,0.4,0.0,1.0,71,2,149,3715584,2077720,2,2,181667
ring,2,4194304,200000.0,0.4,0.0,1.0,71,2,150,3832333,2077720,2,2,244083
ring,2,4194304,200000.0,0.4,0.0,1.0,71,2,151,3792792,2077720,2,2,244126
ring,2,4194304,200000.0,0.4,0.0,1.0,71,2,152,3622375,2077720,2,2,184167
ring,2,4194304,200000.0,0.4,0.0,1.0,71,2,153,3688458,2077720,2,2,218625
ring,2,4194304,200000.0,0.4,0.0,1.0,71,2,154,3644167,2077720,2,2,179000
ring,2,4194304,200000.0,0.4,0.0,1.0,71,2,155,3809333,2077720,2,2,288124
ring,2,4194304,200000.0,0.4,0.0,1.0,71,2,156,3572042,2077720,2,2,227500
ring,2,4194304,200000.0,0.4,0.0,1.0,71,2,157,3663958,2077720,2,2,162166
ring,2,4194304,200000.0,0.4,0.0,1.0,71,2,158,3763833,2077720,2,2,96208
ring,2,4194304,200000.0,0.4,0.0,1.0,71,2,159,3679459,2077720,2,2,184876
ring,2,4194304,200000.0,0.4,0.0,1.0,71,2,160,3717834,2077720,2,2,184834
ring,2,4194304,200000.0,0.4,0.0,1.0,71,2,161,3584791,2077720,2,2,246416
ring,2,4194304,200000.0,0.4,0.0,1.0,71,2,162,3670084,2077720,2,2,132501
ring,2,4194304,200000.0,0.4,0.0,1.0,71,2,163,3560042,2077720,2,2,197709
ring,2,4194304,200000.0,0.4,0.0,1.0,71,2,164,3572750,2077720,2,2,191292
ring,2,4194304,200000.0,0.4,0.0,1.0,71,2,165,3614917,2077720,2,2,257084
ring,2,4194304,200000.0,0.4,0.0,1.0,71,2,166,3565916,2077720,2,2,136958
ring,2,4194304,200000.0,0.4,0.0,1.0,71,2,167,3595416,2077720,2,2,163500
ring,2,4194304,200000.0,0.4,0.0,1.0,71,2,168,3627959,2077720,2,2,281251
ring,2,4194304,200000.0,0.4,0.0,1.0,71,2,169,3734917,2077720,2,2,155167
ring,2,4194304,200000.0,0.4,0.0,1.0,71,2,170,3595333,2077720,2,2,136416
ring,2,4194304,200000.0,0.4,0.0,1.0,71,2,171,3751458,2077720,2,2,190333
ring,2,4194304,200000.0,0.4,0.0,1.0,71,2,172,3579916,2077720,2,2,229999
ring,2,4194304,200000.0,0.4,0.0,1.0,71,2,173,3650542,2077720,2,2,262876
ring,2,4194304,200000.0,0.4,0.0,1.0,71,2,174,3558875,2077720,2,2,229417
ring,2,4194304,200000.0,0.4,0.0,1.0,71,2,175,3619250,2077720,2,2,147375
ring,2,4194304,200000.0,0.4,0.0,1.0,71,2,176,3553292,2077720,2,2,205042
ring,2,4194304,200000.0,0.4,0.0,1.0,71,2,177,3635209,2077720,2,2,248959
ring,2,4194304,200000.0,0.4,0.0,1.0,71,2,178,3610125,2077720,2,2,240167
ring,2,4194304,200000.0,0.4,0.0,1.0,71,2,179,3502208,2077720,2,2,184666
ring,2,4194304,200000.0,0.4,0.0,1.0,71,2,180,3611208,2077720,2,2,245000
ring,2,4194304,200000.0,0.4,0.0,1.0,71,2,181,3520500,2077720,2,2,189167
ring,2,4194304,200000.0,0.4,0.0,1.0,71,2,182,3646000,2077720,2,2,156750
ring,2,4194304,200000.0,0.4,0.0,1.0,71,2,183,3563666,2077720,2,2,220499
ring,2,4194304,200000.0,0.4,0.0,1.0,71,2,184,3596292,2077720,2,2,247167
ring,2,4194304,200000.0,0.4,0.0,1.0,71,2,185,3620000,2077720,2,2,231333
ring,2,4194304,200000.0,0.4,0.0,1.0,71,2,186,3593542,2077720,2,2,152125
ring,2,4194304,200000.0,0.4,0.0,1.0,71,2,187,3681375,2077720,2,2,195417
ring,2,4194304,200000.0,0.4,0.0,1.0,71,2,188,3652458,2077720,2,2,153833
ring,2,4194304,200000.0,0.4,0.0,1.0,71,2,189,3539542,2077720,2,2,235417
ring,2,4194304,200000.0,0.4,0.0,1.0,71,2,190,3762500,2077720,2,2,116584
ring,2,4194304,200000.0,0.4,0.0,1.0,71,2,191,3570250,2077720,2,2,186750
ring,2,4194304,200000.0,0.4,0.0,1.0,71,2,192,3484667,2077720,2,2,196500
ring,2,4194304,200000.0,0.4,0.0,1.0,71,2,193,3561792,2077720,2,2,165875
ring,2,4194304,200000.0,0.4,0.0,1.0,71,2,194,3552958,2077720,2,2,227167
ring,2,4194304,200000.0,0.4,0.0,1.0,71,2,195,3651875,2077720,2,2,122250
ring,2,4194304,200000.0,0.4,0.0,1.0,71,2,196,3736958,2077720,2,2,187416
ring,2,4194304,200000.0,0.4,0.0,1.0,71,2,197,3625917,2077720,2,2,242542
ring,2,4194304,200000.0,0.4,0.0,1.0,71,2,198,3553375,2077720,2,2,242667
ring,2,4194304,200000.0,0.4,0.0,1.0,71,2,199,3617083,2077720,2,2,188916
ring,2,4194304,200000.0,0.4,0.0,1.0,71,2,200,3600959,2077720,2,2,230876
ring,2,4194304,200000.0,0.4,0.0,1.0,71,2,201,3605208,2077720,2,2,246374
ring,2,4194304,200000.0,0.4,0.0,1.0,71,2,202,3617458,2077720,2,2,198208
ring,2,4194304,200000.0,0.4,0.0,1.0,71,2,203,3586583,2077720,2,2,188166
ring,2,4194304,200000.0,0.4,0.0,1.0,71,2,204,3666833,2077720,2,2,162000
ring,2,4194304,200000.0,0.4,0.0,1.0,71,2,205,3508375,2077720,2,2,204250
ring,2,4194304,200000.0,0.4,0.0,1.0,71,2,206,3503375,2077720,2,2,203083
ring,2,4194304,200000.0,0.4,0.0,1.0,71,2,207,3523209,2077720,2,2,167293
ring,2,4194304,200000.0,0.4,0.0,1.0,71,2,208,3604917,2077720,2,2,186583
ring,2,4194304,200000.0,0.4,0.0,1.0,71,2,209,3700667,2077720,2,2,91042
ring,2,4194304,200000.0,0.4,0.0,1.0,71,2,210,3519625,2077720,2,2,202833
ring,2,4194304,200000.0,0.4,0.0,1.0,71,2,211,3587334,2077720,2,2,193292
ring,2,4194304,200000.0,0.4,0.0,1.0,71,2,212,3542875,2077720,2,2,200041
ring,2,4194304,200000.0,0.4,0.0,1.0,71,2,213,3647417,2077720,2,2,209167
ring,2,4194304,200000.0,0.4,0.0,1.0,71,2,214,3640209,2077720,2,2,200376
ring,2,4194304,200000.0,0.4,0.0,1.0,71,2,215,3601750,2077720,2,2,241542
ring,2,4194304,200000.0,0.4,0.0,1.0,71,2,216,3582000,2077720,2,2,226125
ring,2,4194304,200000.0,0.4,0.0,1.0,71,2,217,3525875,2077720,2,2,184959
ring,2,4194304,200000.0,0.4,0.0,1.0,71,2,218,3567500,2077720,2,2,148917
ring,2,4194304,200000.0,0.4,0.0,1.0,71,2,219,3950375,2077720,2,2,156583
ring,2,4194304,200000.0,0.4,0.0,1.0,71,2,220,3564500,2077720,2,2,216375
ring,2,4194304,200000.0,0.4,0.0,1.0,71,2,221,3651125,2077720,2,2,150625
ring,2,4194304,200000.0,0.4,0.0,1.0,71,2,222,3604084,2077720,2,2,193376
ring,2,4194304,200000.0,0.4,0.0,1.0,71,2,223,3455125,2077720,2,2,158792
ring,2,4194304,200000.0,0.4,0.0,1.0,71,2,224,3561000,2077720,2,2,225292
ring,2,4194304,200000.0,0.4,0.0,1.0,71,2,225,3567042,2077720,2,2,272542
ring,2,4194304,200000.0,0.4,0.0,1.0,71,2,226,3763625,2077720,2,2,109208
ring,2,4194304,200000.0,0.4,0.0,1.0,71,2,227,3544333,2077720,2,2,224333
ring,2,4194304,200000.0,0.4,0.0,1.0,71,2,228,3560750,2077720,2,2,250583
ring,2,4194304,200000.0,0.4,0.0,1.0,71,2,229,3625167,2077720,2,2,180251
ring,2,4194304,200000.0,0.4,0.0,1.0,71,2,230,3668583,2077720,2,2,205000
ring,2,4194304,200000.0,0.4,0.0,1.0,71,2,231,3447084,2077720,2,2,184042
ring,2,4194304,200000.0,0.4,0.0,1.0,71,2,232,3669916,2077720,2,2,173458
ring,2,4194304,200000.0,0.4,0.0,1.0,71,2,233,3618333,2077720,2,2,133000
ring,2,4194304,200000.0,0.4,0.0,1.0,71,2,234,3582292,2077720,2,2,213125
ring,2,4194304,200000.0,0.4,0.0,1.0,71,2,235,3697875,2077720,2,2,187167
ring,2,4194304,200000.0,0.4,0.0,1.0,71,2,236,3634041,2077720,2,2,179582
ring,2,4194304,200000.0,0.4,0.0,1.0,71,2,237,3658500,2077720,2,2,187542
ring,2,4194304,200000.0,0.4,0.0,1.0,71,2,238,3512125,2077720,2,2,163208
ring,2,4194304,200000.0,0.4,0.0,1.0,71,2,239,3602334,2077720,2,2,206376
ring,2,4194304,200000.0,0.4,0.0,1.0,71,2,240,3567292,2077720,2,2,159500
ring,2,4194304,200000.0,0.4,0.0,1.0,71,2,241,3547625,2077720,2,2,163542
ring,2,4194304,200000.0,0.4,0.0,1.0,71,2,242,3704875,2077720,2,2,140208
ring,2,4194304,200000.0,0.4,0.0,1.0,71,2,243,3843625,2077720,2,2,218833
ring,2,4194304,200000.0,0.4,0.0,1.0,71,2,244,3583375,2077720,2,2,169208
ring,2,4194304,200000.0,0.4,0.0,1.0,71,2,245,3666417,2077720,2,2,134834
ring,2,4194304,200000.0,0.4,0.0,1.0,71,2,246,3641000,2077720,2,2,186250
ring,2,4194304,200000.0,0.4,0.0,1.0,71,2,247,3632292,2077720,2,2,190250
ring,2,4194304,200000.0,0.4,0.0,1.0,71,2,248,3594291,2077720,2,2,196708
ring,2,4194304,200000.0,0.4,0.0,1.0,71,2,249,3601792,2077720,2,2,228167
ring,2,1048576,200000.0,0.4,0.0,1.0,71,2,0,1298417,819430,2,2,43750
ring,2,1048576,200000.0,0.4,0.0,1.0,71,2,1,1373833,819430,2,2,57666
ring,2,1048576,200000.0,0.4,0.0,1.0,71,2,2,1284959,819430,2,2,50709
ring,2,1048576,200000.0,0.4,0.0,1.0,71,2,3,1395792,819430,2,2,61959
ring,2,1048576,200000.0,0.4,0.0,1.0,71,2,4,1268625,819430,2,2,40958
ring,2,1048576,200000.0,0.4,0.0,1.0,71,2,5,1249625,819430,2,2,23125
ring,2,1048576,200000.0,0.4,0.0,1.0,71,2,6,1291875,819430,2,2,30625
ring,2,1048576,200000.0,0.4,0.0,1.0,71,2,7,1338125,819430,2,2,56084
ring,2,1048576,200000.0,0.4,0.0,1.0,71,2,8,1313417,819430,2,2,64792
ring,2,1048576,200000.0,0.4,0.0,1.0,71,2,9,1251458,819430,2,2,32874
ring,2,1048576,200000.0,0.4,0.0,1.0,71,2,10,1288583,819430,2,2,46249
ring,2,1048576,200000.0,0.4,0.0,1.0,71,2,11,1333417,819430,2,2,77376
ring,2,1048576,200000.0,0.4,0.0,1.0,71,2,12,1281584,819430,2,2,36168
ring,2,1048576,200000.0,0.4,0.0,1.0,71,2,13,1305167,819430,2,2,52917
ring,2,1048576,200000.0,0.4,0.0,1.0,71,2,14,1398709,819430,2,2,73334
ring,2,1048576,200000.0,0.4,0.0,1.0,71,2,15,1394041,819430,2,2,50832
ring,2,1048576,200000.0,0.4,0.0,1.0,71,2,16,1289500,819430,2,2,45250
ring,2,1048576,200000.0,0.4,0.0,1.0,71,2,17,1324375,819430,2,2,56334
ring,2,1048576,200000.0,0.4,0.0,1.0,71,2,18,1275958,819430,2,2,32916
ring,2,1048576,200000.0,0.4,0.0,1.0,71,2,19,1269750,819430,2,2,43417
ring,2,1048576,200000.0,0.4,0.0,1.0,71,2,20,1284459,819430,2,2,42417
ring,2,1048576,200000.0,0.4,0.0,1.0,71,2,21,1269708,819430,2,2,33916
ring,2,1048576,200000.0,0.4,0.0,1.0,71,2,22,1284959,819430,2,2,27001
ring,2,1048576,200000.0,0.4,0.0,1.0,71,2,23,1398083,819430,2,2,17125
ring,2,1048576,200000.0,0.4,0.0,1.0,71,2,24,1285084,819430,2,2,42834
ring,2,1048576,200000.0,0.4,0.0,1.0,71,2,25,1292292,819430,2,2,46501
ring,2,1048576,200000.0,0.4,0.0,1.0,71,2,26,1298500,819430,2,2,4292
ring,2,1048576,200000.0,0.4,0.0,1.0,71,2,27,1395334,819430,2,2,70125
ring,2,1048576,200000.0,0.4,0.0,1.0,71,2,28,1285042,819430,2,2,43126
ring,2,1048576,200000.0,0.4,0.0,1.0,71,2,29,1303208,819430,2,2,35416
ring,2,1048576,200000.0,0.4,0.0,1.0,71,2,30,1406834,819430,2,2,67584
ring,2,1048576,200000.0,0.4,0.0,1.0,71,2,31,1338458,819430,2,2,54083
ring,2,1048576,200000.0,0.4,0.0,1.0,71,2,32,1324083,819430,2,2,61375
ring,2,1048576,200000.0,0.4,0.0,1.0,71,2,33,1285084,819430,2,2,54709
ring,2,1048576,200000.0,0.4,0.0,1.0,71,2,34,1329375,819430,2,2,62792
ring,2,1048576,200000.0,0.4,0.0,1.0,71,2,35,1310792,819430,2,2,65958
ring,2,1048576,200000.0,0.4,0.0,1.0,71,2,36,1261666,819430,2,2,29291
ring,2,1048576,200000.0,0.4,0.0,1.0,71,2,37,1357375,819430,2,2,64292
ring,2,1048576,200000.0,0.4,0.0,1.0,71,2,38,1436083,819430,2,2,65792
ring,2,1048576,200000.0,0.4,0.0,1.0,71,2,39,1325333,819430,2,2,55417
ring,2,1048576,200000.0,0.4,0.0,1.0,71,2,40,1287334,819430,2,2,49501
ring,2,1048576,200000.0,0.4,0.0,1.0,71,2,41,1342708,819430,2,2,54374
ring,2,1048576,200000.0,0.4,0.0,1.0,71,2,42,1347709,819430,2,2,67667
ring,2,1048576,200000.0,0.4,0.0,1.0,71,2,43,1265666,819430,2,2,40499
ring,2,1048576,200000.0,0.4,0.0,1.0,71,2,44,1273375,819430,2,2,46084
ring,2,1048576,200000.0,0.4,0.0,1.0,71,2,45,1267792,819430,2,2,42667
ring,2,1048576,200000.0,0.4,0.0,1.0,71,2,46,1330417,819430,2,2,70875
ring,2,1048576,200000.0,0.4,0.0,1.0,71,2,47,1277000,819430,2,2,38917
ring,2,1048576,200000.0,0.4,0.0,1.0,71,2,48,1304458,819430,2,2,44833
ring,2,1048576,200000.0,0.4,0.0,1.0,71,2,49,1350917,819430,2,2,60167
ring,2,1048576,200000.0,0.4,0.0,1.0,71,2,50,1287250,819430,2,2,46834
ring,2,1048576,200000.0,0.4,0.0,1.0,71,2,51,1308834,819430,2,2,65500
ring,2,1048576,200000.0,0.4,0.0,1.0,71,2,52,1310167,819430,2,2,48126
ring,2,1048576,200000.0,0.4,0.0,1.0,71,2,53,1344416,819430,2,2,69374
ring,2,1048576,200000.0,0.4,0.0,1.0,71,2,54,1262750,819430,2,2,21333
ring,2,1048576,200000.0,0.4,0.0,1.0,71,2,55,1324041,819430,2,2,65416
ring,2,1048576,200000.0,0.4,0.0,1.0,71,2,56,1274000,819430,2,2,42792
ring,2,1048576,200000.0,0.4,0.0,1.0,71,2,57,1300167,819430,2,2,56500
ring,2,1048576,200000.0,0.4,0.0,1.0,71,2,58,1306166,819430,2,2,49041
ring,2,1048576,200000.0,0.4,0.0,1.0,71,2,59,1310208,819430,2,2,41000
ring,2,1048576,200000.0,0.4,0.0,1.0,71,2,60,1277792,819430,2,2,39542
ring,2,1048576,200000.0,0.4,0.0,1.0,71,2,61,1402708,819430,2,2,10124
ring,2,1048576,200000.0,0.4,0.0,1.0,71,2,62,1273292,819430,2,2,53876
ring,2,1048576,200000.0,0.4,0.0,1.0,71,2,63,1332125,819430,2,2,39875
ring,2,1048576,200000.0,0.4,0.0,1.0,71,2,64,1326042,819430,2,2,71000
ring,2,1048576,200000.0,0.4,0.0,1.0,71,2,65,1277333,819430,2,2,59208
ring,2,1048576,200000.0,0.4,0.0,1.0,71,2,66,1281875,819430,2,2,60708
ring,2,1048576,200000.0,0.4,0.0,1.0,71,2,67,1404167,819430,2,2,51292
ring,2,1048576,200000.0,0.4,0.0,1.0,71,2,68,1297583,819430,2,2,57375
ring,2,1048576,200000.0,0.4,0.0,1.0,71,2,69,1295125,819430,2,2,46292
ring,2,1048576,200000.0,0.4,0.0,1.0,71,2,70,1288542,819430,2,2,51334
ring,2,1048576,200000.0,0.4,0.0,1.0,71,2,71,1300292,819430,2,2,50000
ring,2,1048576,200000.0,0.4,0.0,1.0,71,2,72,1320375,819430,2,2,57458
ring,2,1048576,200000.0,0.4,0.0,1.0,71,2,73,1304584,819430,2,2,46251
ring,2,1048576,200000.0,0.4,0.0,1.0,71,2,74,1337375,819430,2,2,56083
ring,2,1048576,200000.0,0.4,0.0,1.0,71,2,75,1336333,819430,2,2,68208
ring,2,1048576,200000.0,0.4,0.0,1.0,71,2,76,1319416,819430,2,2,54791
ring,2,1048576,200000.0,0.4,0.0,1.0,71,2,77,1293375,819430,2,2,49917
ring,2,1048576,200000.0,0.4,0.0,1.0,71,2,78,1443333,819430,2,2,54000
ring,2,1048576,200000.0,0.4,0.0,1.0,71,2,79,1293209,819430,2,2,50459
ring,2,1048576,200000.0,0.4,0.0,1.0,71,2,80,1308375,819430,2,2,54000
ring,2,1048576,200000.0,0.4,0.0,1.0,71,2,81,1308958,819430,2,2,44541
ring,2,1048576,200000.0,0.4,0.0,1.0,71,2,82,1282291,819430,2,2,42999
ring,2,1048576,200000.0,0.4,0.0,1.0,71,2,83,1310458,819430,2,2,53750
ring,2,1048576,200000.0,0.4,0.0,1.0,71,2,84,1381667,819430,2,2,53125
ring,2,1048576,200000.0,0.4,0.0,1.0,71,2,85,1271542,819430,2,2,29709
ring,2,1048576,200000.0,0.4,0.0,1.0,71,2,86,1304333,819430,2,2,55833
ring,2,1048576,200000.0,0.4,0.0,1.0,71,2,87,1271166,819430,2,2,33416
ring,2,1048576,200000.0,0.4,0.0,1.0,71,2,88,1283708,819430,2,2,59166
ring,2,1048576,200000.0,0.4,0.0,1.0,71,2,89,1374417,819430,2,2,69667
ring,2,1048576,200000.0,0.4,0.0,1.0,71,2,90,1332000,819430,2,2,70166
ring,2,1048576,200000.0,0.4,0.0,1.0,71,2,91,1272209,819430,2,2,36959
ring,2,1048576,200000.0,0.4,0.0,1.0,71,2,92,1287375,819430,2,2,29458
ring,2,1048576,200000.0,0.4,0.0,1.0,71,2,93,1276250,819430,2,2,57042
ring,2,1048576,200000.0,0.4,0.0,1.0,71,2,94,1307542,819430,2,2,69458
ring,2,1048576,200000.0,0.4,0.0,1.0,71,2,95,1267416,819430,2,2,45749
ring,2,1048576,200000.0,0.4,0.0,1.0,71,2,96,1293458,819430,2,2,49667
ring,2,1048576,200000.0,0.4,0.0,1.0,71,2,97,1282417,819430,2,2,56834
ring,2,1048576,200000.0,0.4,0.0,1.0,71,2,98,1354750,819430,2,2,77792
ring,2,1048576,200000.0,0.4,0.0,1.0,71,2,99,1316542,819430,2,2,66167
ring,2,1048576,200000.0,0.4,0.0,1.0,71,2,100,1296750,819430,2,2,59209
ring,2,1048576,200000.0,0.4,0.0,1.0,71,2,101,1274291,819430,2,2,41708
ring,2,1048576,200000.0,0.4,0.0,1.0,71,2,102,1316917,819430,2,2,48375
ring,2,1048576,200000.0,0.4,0.0,1.0,71,2,103,1315833,819430,2,2,57208
ring,2,1048576,200000.0,0.4,0.0,1.0,71,2,104,1331042,819430,2,2,59459
ring,2,1048576,200000.0,0.4,0.0,1.0,71,2,105,1262791,819430,2,2,48124
ring,2,1048576,200000.0,0.4,0.0,1.0,71,2,106,1397167,819430,2,2,37792
ring,2,1048576,200000.0,0.4,0.0,1.0,71,2,107,1336125,819430,2,2,59250
ring,2,1048576,200000.0,0.4,0.0,1.0,71,2,108,1350500,819430,2,2,68750
ring,2,1048576,200000.0,0.4,0.0,1.0,71,2,109,1356125,819430,2,2,63792
ring,2,1048576,200000.0,0.4,0.0,1.0,71,2,110,1580167,819430,2,2,159542
ring,2,1048576,200000.0,0.4,0.0,1.0,71,2,111,1521375,819430,2,2,57333
ring,2,1048576,200000.0,0.4,0.0,1.0,71,2,112,1391292,819430,2,2,76792
ring,2,1048576,200000.0,0.4,0.0,1.0,71,2,113,1435208,819430,2,2,31583
ring,2,1048576,200000.0,0.4,0.0,1.0,71,2,114,1365541,819430,2,2,71416
ring,2,1048576,200000.0,0.4,0.0,1.0,71,2,115,1410166,819430,2,2,72666
ring,2,1048576,200000.0,0.4,0.0,1.0,71,2,116,1646416,819430,2,2,124708
ring,2,1048576,200000.0,0.4,0.0,1.0,71,2,117,1366834,819430,2,2,64959
ring,2,1048576,200000.0,0.4,0.0,1.0,71,2,118,1354708,819430,2,2,58791
ring,2,1048576,200000.0,0.4,0.0,1.0,71,2,119,1334250,819430,2,2,66083
ring,2,1048576,200000.0,0.4,0.0,1.0,71,2,120,1378917,819430,2,2,26917
ring,2,1048576,200000.0,0.4,0.0,1.0,71,2,121,1311792,819430,2,2,36126
ring,2,1048576,200000.0,0.4,0.0,1.0,71,2,122,1443208,819430,2,2,48083
ring,2,1048576,200000.0,0.4,0.0,1.0,71,2,123,1322917,819430,2,2,49167
ring,2,1048576,200000.0,0.4,0.0,1.0,71,2,124,1277500,819430,2,2,45042
ring,2,1048576,200000.0,0.4,0.0,1.0,71,2,125,1252833,819430,2,2,21625
ring,2,1048576,200000.0,0.4,0.0,1.0,71,2,126,1370084,819430,2,2,20543
ring,2,1048576,200000.0,0.4,0.0,1.0,71,2,127,1289708,819430,2,2,5167
ring,2,1048576,200000.0,0.4,0.0,1.0,71,2,128,1331500,819430,2,2,58792
ring,2,1048576,200000.0,0.4,0.0,1.0,71,2,129,1381333,819430,2,2,67625
ring,2,1048576,200000.0,0.4,0.0,1.0,71,2,130,1332792,819430,2,2,35876
ring,2,1048576,200000.0,0.4,0.0,1.0,71,2,131,1357500,819430,2,2,6083
ring,2,1048576,200000.0,0.4,0.0,1.0,71,2,132,1308500,819430,2,2,51750
ring,2,1048576,200000.0,0.4,0.0,1.0,71,2,133,1285875,819430,2,2,55041
ring,2,1048576,200000.0,0.4,0.0,1.0,71,2,134,1325917,819430,2,2,61334
ring,2,1048576,200000.0,0.4,0.0,1.0,71,2,135,1360375,819430,2,2,37375
ring,2,1048576,200000.0,0.4,0.0,1.0,71,2,136,1276250,819430,2,2,42875
ring,2,1048576,200000.0,0.4,0.0,1.0,71,2,137,1249042,819430,2,2,20876
ring,2,1048576,200000.0,0.4,0.0,1.0,71,2,138,1345792,819430,2,2,9459
ring,2,1048576,200000.0,0.4,0.0,1.0,71,2,139,1335625,819430,2,2,68667
ring,2,1048576,200000.0,0.4,0.0,1.0,71,2,140,1322792,819430,2,2,53250
ring,2,1048576,200000.0,0.4,0.0,1.0,71,2,141,1325916,819430,2,2,68916
ring,2,1048576,200000.0,0.4,0.0,1.0,71,2,142,1321500,819430,2,2,68333
ring,2,1048576,200000.0,0.4,0.0,1.0,71,2,143,1271125,819430,2,2,35292
ring,2,1048576,200000.0,0.4,0.0,1.0,71,2,144,1253334,819430,2,2,35709
ring,2,1048576,200000.0,0.4,0.0,1.0,71,2,145,1286750,819430,2,2,44833
ring,2,1048576,200000.0,0.4,0.0,1.0,71,2,146,1294417,819430,2,2,37626
ring,2,1048576,200000.0,0.4,0.0,1.0,71,2,147,1276625,819430,2,2,35500
ring,2,1048576,200000.0,0.4,0.0,1.0,71,2,148,1351708,819430,2,2,44041
ring,2,1048576,200000.0,0.4,0.0,1.0,71,2,149,1285208,819430,2,2,58750
ring,2,1048576,200000.0,0.4,0.0,1.0,71,2,150,1300125,819430,2,2,5000
ring,2,1048576,200000.0,0.4,0.0,1.0,71,2,151,1430208,819430,2,2,51166
ring,2,1048576,200000.0,0.4,0.0,1.0,71,2,152,1256875,819430,2,2,44625
ring,2,1048576,200000.0,0.4,0.0,1.0,71,2,153,1378375,819430,2,2,30250
ring,2,1048576,200000.0,0.4,0.0,1.0,71,2,154,1378375,819430,2,2,56917
ring,2,1048576,200000.0,0.4,0.0,1.0,71,2,155,1267542,819430,2,2,52417
ring,2,1048576,200000.0,0.4,0.0,1.0,71,2,156,1406584,819430,2,2,2293
ring,2,1048576,200000.0,0.4,0.0,1.0,71,2,157,1450458,819430,2,2,55166
ring,2,1048576,200000.0,0.4,0.0,1.0,71,2,158,1320083,819430,2,2,3000
ring,2,1048576,200000.0,0.4,0.0,1.0,71,2,159,1349583,819430,2,2,58333
ring,2,1048576,200000.0,0.4,0.0,1.0,71,2,160,1306459,819430,2,2,51625
ring,2,1048576,200000.0,0.4,0.0,1.0,71,2,161,1296083,819430,2,2,26667
ring,2,1048576,200000.0,0.4,0.0,1.0,71,2,162,1389000,819430,2,2,73542
ring,2,1048576,200000.0,0.4,0.0,1.0,71,2,163,1383250,819430,2,2,86000
ring,2,1048576,200000.0,0.4,0.0,1.0,71,2,164,1392541,819430,2,2,42999
ring,2,1048576,200000.0,0.4,0.0,1.0,71,2,165,1279500,819430,2,2,38667
ring,2,1048576,200000.0,0.4,0.0,1.0,71,2,166,1272083,819430,2,2,43750
ring,2,1048576,200000.0,0.4,0.0,1.0,71,2,167,1320875,819430,2,2,48958
ring,2,1048576,200000.0,0.4,0.0,1.0,71,2,168,1307750,819430,2,2,44791
ring,2,1048576,200000.0,0.4,0.0,1.0,71,2,169,1278083,819430,2,2,30166
ring,2,1048576,200000.0,0.4,0.0,1.0,71,2,170,1355833,819430,2,2,91542
ring,2,1048576,200000.0,0.4,0.0,1.0,71,2,171,1286250,819430,2,2,37416
ring,2,1048576,200000.0,0.4,0.0,1.0,71,2,172,1316375,819430,2,2,61792
ring,2,1048576,200000.0,0.4,0.0,1.0,71,2,173,1242834,819430,2,2,42084
ring,2,1048576,200000.0,0.4,0.0,1.0,71,2,174,1341083,819430,2,2,166
ring,2,1048576,200000.0,0.4,0.0,1.0,71,2,175,1319084,819430,2,2,64126
ring,2,1048576,200000.0,0.4,0.0,1.0,71,2,176,1371291,819430,2,2,76125
ring,2,1048576,200000.0,0.4,0.0,1.0,71,2,177,1365792,819430,2,2,87417
ring,2,1048576,200000.0,0.4,0.0,1.0,71,2,178,1314875,819430,2,2,64416
ring,2,1048576,200000.0,0.4,0.0,1.0,71,2,179,1349333,819430,2,2,60208
ring,2,1048576,200000.0,0.4,0.0,1.0,71,2,180,1346958,819430,2,2,42250
ring,2,1048576,200000.0,0.4,0.0,1.0,71,2,181,1351250,819430,2,2,19125
ring,2,1048576,200000.0,0.4,0.0,1.0,71,2,182,1323167,819430,2,2,78917
ring,2,1048576,200000.0,0.4,0.0,1.0,71,2,183,1269708,819430,2,2,53583
ring,2,1048576,200000.0,0.4,0.0,1.0,71,2,184,1255292,819430,2,2,35542
ring,2,1048576,200000.0,0.4,0.0,1.0,71,2,185,1351000,819430,2,2,66708
ring,2,1048576,200000.0,0.4,0.0,1.0,71,2,186,1329417,819430,2,2,60709
ring,2,1048576,200000.0,0.4,0.0,1.0,71,2,187,1328084,819430,2,2,55917
ring,2,1048576,200000.0,0.4,0.0,1.0,71,2,188,1356958,819430,2,2,79125
ring,2,1048576,200000.0,0.4,0.0,1.0,71,2,189,1272541,819430,2,2,51582
ring,2,1048576,200000.0,0.4,0.0,1.0,71,2,190,1306083,819430,2,2,60708
ring,2,1048576,200000.0,0.4,0.0,1.0,71,2,191,1339875,819430,2,2,61667
ring,2,1048576,200000.0,0.4,0.0,1.0,71,2,192,1308833,819430,2,2,48542
ring,2,1048576,200000.0,0.4,0.0,1.0,71,2,193,1373166,819430,2,2,35708
ring,2,1048576,200000.0,0.4,0.0,1.0,71,2,194,1329625,819430,2,2,50500
ring,2,1048576,200000.0,0.4,0.0,1.0,71,2,195,1301500,819430,2,2,57042
ring,2,1048576,200000.0,0.4,0.0,1.0,71,2,196,1269583,819430,2,2,33291
ring,2,1048576,200000.0,0.4,0.0,1.0,71,2,197,1299458,819430,2,2,42458
ring,2,1048576,200000.0,0.4,0.0,1.0,71,2,198,1365583,819430,2,2,80791
ring,2,1048576,200000.0,0.4,0.0,1.0,71,2,199,1368041,819430,2,2,60499
ring,2,1048576,200000.0,0.4,0.0,1.0,71,2,200,1434500,819430,2,2,21625
ring,2,1048576,200000.0,0.4,0.0,1.0,71,2,201,1294667,819430,2,2,53542
ring,2,1048576,200000.0,0.4,0.0,1.0,71,2,202,1318333,819430,2,2,59708
ring,2,1048576,200000.0,0.4,0.0,1.0,71,2,203,1306125,819430,2,2,59583
ring,2,1048576,200000.0,0.4,0.0,1.0,71,2,204,1324250,819430,2,2,77292
ring,2,1048576,200000.0,0.4,0.0,1.0,71,2,205,1315459,819430,2,2,67584
ring,2,1048576,200000.0,0.4,0.0,1.0,71,2,206,1281666,819430,2,2,36999
ring,2,1048576,200000.0,0.4,0.0,1.0,71,2,207,1363667,819430,2,2,8000
ring,2,1048576,200000.0,0.4,0.0,1.0,71,2,208,1342083,819430,2,2,53999
ring,2,1048576,200000.0,0.4,0.0,1.0,71,2,209,1281959,819430,2,2,55625
ring,2,1048576,200000.0,0.4,0.0,1.0,71,2,210,1289334,819430,2,2,59709
ring,2,1048576,200000.0,0.4,0.0,1.0,71,2,211,1299792,819430,2,2,56375
ring,2,1048576,200000.0,0.4,0.0,1.0,71,2,212,1387125,819430,2,2,85542
ring,2,1048576,200000.0,0.4,0.0,1.0,71,2,213,1423708,819430,2,2,6833
ring,2,1048576,200000.0,0.4,0.0,1.0,71,2,214,1361667,819430,2,2,56209
ring,2,1048576,200000.0,0.4,0.0,1.0,71,2,215,1319083,819430,2,2,60250
ring,2,1048576,200000.0,0.4,0.0,1.0,71,2,216,1363208,819430,2,2,49583
ring,2,1048576,200000.0,0.4,0.0,1.0,71,2,217,1266750,819430,2,2,49791
ring,2,1048576,200000.0,0.4,0.0,1.0,71,2,218,1288167,819430,2,2,51042
ring,2,1048576,200000.0,0.4,0.0,1.0,71,2,219,1282834,819430,2,2,60792
ring,2,1048576,200000.0,0.4,0.0,1.0,71,2,220,1295250,819430,2,2,44584
ring,2,1048576,200000.0,0.4,0.0,1.0,71,2,221,1387292,819430,2,2,19876
ring,2,1048576,200000.0,0.4,0.0,1.0,71,2,222,1329584,819430,2,2,84126
ring,2,1048576,200000.0,0.4,0.0,1.0,71,2,223,1267584,819430,2,2,33709
ring,2,1048576,200000.0,0.4,0.0,1.0,71,2,224,1294375,819430,2,2,33834
ring,2,1048576,200000.0,0.4,0.0,1.0,71,2,225,1272083,819430,2,2,49625
ring,2,1048576,200000.0,0.4,0.0,1.0,71,2,226,1341459,819430,2,2,75959
ring,2,1048576,200000.0,0.4,0.0,1.0,71,2,227,1324500,819430,2,2,52708
ring,2,1048576,200000.0,0.4,0.0,1.0,71,2,228,1287833,819430,2,2,43541
ring,2,1048576,200000.0,0.4,0.0,1.0,71,2,229,1350083,819430,2,2,43291
ring,2,1048576,200000.0,0.4,0.0,1.0,71,2,230,1292833,819430,2,2,53958
ring,2,1048576,200000.0,0.4,0.0,1.0,71,2,231,1340000,819430,2,2,67042
ring,2,1048576,200000.0,0.4,0.0,1.0,71,2,232,1356709,819430,2,2,24293
ring,2,1048576,200000.0,0.4,0.0,1.0,71,2,233,1302958,819430,2,2,50292
ring,2,1048576,200000.0,0.4,0.0,1.0,71,2,234,1319792,819430,2,2,72667
ring,2,1048576,200000.0,0.4,0.0,1.0,71,2,235,1299208,819430,2,2,52333
ring,2,1048576,200000.0,0.4,0.0,1.0,71,2,236,1278166,819430,2,2,33666
ring,2,1048576,200000.0,0.4,0.0,1.0,71,2,237,1271833,819430,2,2,44333
ring,2,1048576,200000.0,0.4,0.0,1.0,71,2,238,1301625,819430,2,2,52667
ring,2,1048576,200000.0,0.4,0.0,1.0,71,2,239,1313875,819430,2,2,63750
ring,2,1048576,200000.0,0.4,0.0,1.0,71,2,240,1329291,819430,2,2,65874
ring,2,1048576,200000.0,0.4,0.0,1.0,71,2,241,1273292,819430,2,2,59750
ring,2,1048576,200000.0,0.4,0.0,1.0,71,2,242,1314500,819430,2,2,28667
ring,2,1048576,200000.0,0.4,0.0,1.0,71,2,243,1275542,819430,2,2,29667
ring,2,1048576,200000.0,0.4,0.0,1.0,71,2,244,1313541,819430,2,2,67416
ring,2,1048576,200000.0,0.4,0.0,1.0,71,2,245,1264750,819430,2,2,46459
ring,2,1048576,200000.0,0.4,0.0,1.0,71,2,246,1290334,819430,2,2,55417
ring,2,1048576,200000.0,0.4,0.0,1.0,71,2,247,1360167,819430,2,2,47751
ring,2,1048576,200000.0,0.4,0.0,1.0,71,2,248,1359000,819430,2,2,63083
ring,2,1048576,200000.0,0.4,0.0,1.0,71,2,249,1292292,819430,2,2,59625
ps,2,4194304,200000.0,0.4,0.0,1.0,71,2,0,5168000,1877721,1,2,353459
ps,2,4194304,200000.0,0.4,0.0,1.0,71,2,1,5217459,1877721,1,2,346501
ps,2,4194304,200000.0,0.4,0.0,1.0,71,2,2,5154708,1877721,1,2,328666
ps,2,4194304,200000.0,0.4,0.0,1.0,71,2,3,5333000,1877721,1,2,296375
ps,2,4194304,200000.0,0.4,0.0,1.0,71,2,4,5232791,1877721,1,2,315874
ps,2,4194304,200000.0,0.4,0.0,1.0,71,2,5,5222083,1877721,1,2,331708
ps,2,4194304,200000.0,0.4,0.0,1.0,71,2,6,5315000,1877721,1,2,294750
ps,2,4194304,200000.0,0.4,0.0,1.0,71,2,7,5204083,1877721,1,2,223083
ps,2,4194304,200000.0,0.4,0.0,1.0,71,2,8,5244834,1877721,1,2,359375
ps,2,4194304,200000.0,0.4,0.0,1.0,71,2,9,5309083,1877721,1,2,375916
ps,2,4194304,200000.0,0.4,0.0,1.0,71,2,10,5238125,1877721,1,2,294416
ps,2,4194304,200000.0,0.4,0.0,1.0,71,2,11,5255666,1877721,1,2,282208
ps,2,4194304,200000.0,0.4,0.0,1.0,71,2,12,5248833,1877721,1,2,353124
ps,2,4194304,200000.0,0.4,0.0,1.0,71,2,13,5242291,1877721,1,2,349249
ps,2,4194304,200000.0,0.4,0.0,1.0,71,2,14,5275125,1877721,1,2,274333
ps,2,4194304,200000.0,0.4,0.0,1.0,71,2,15,5228375,1877721,1,2,336917
ps,2,4194304,200000.0,0.4,0.0,1.0,71,2,16,5201834,1877721,1,2,325418
ps,2,4194304,200000.0,0.4,0.0,1.0,71,2,17,5196334,1877721,1,2,311000
ps,2,4194304,200000.0,0.4,0.0,1.0,71,2,18,5264542,1877721,1,2,371625
ps,2,4194304,200000.0,0.4,0.0,1.0,71,2,19,5201416,1877721,1,2,311958
ps,2,4194304,200000.0,0.4,0.0,1.0,71,2,20,5186750,1877721,1,2,322875
ps,2,4194304,200000.0,0.4,0.0,1.0,71,2,21,5295125,1877721,1,2,323834
ps,2,4194304,200000.0,0.4,0.0,1.0,71,2,22,5128333,1877721,1,2,334333
ps,2,4194304,200000.0,0.4,0.0,1.0,71,2,23,5234542,1877721,1,2,308709
ps,2,4194304,200000.0,0.4,0.0,1.0,71,2,24,5175209,1877721,1,2,333750
ps,2,4194304,200000.0,0.4,0.0,1.0,71,2,25,5235458,1877721,1,2,346458
ps,2,4194304,200000.0,0.4,0.0,1.0,71,2,26,5088458,1877721,1,2,316874
ps,2,4194304,200000.0,0.4,0.0,1.0,71,2,27,5199375,1877721,1,2,393083
ps,2,4194304,200000.0,0.4,0.0,1.0,71,2,28,5152583,1877721,1,2,367583
ps,2,4194304,200000.0,0.4,0.0,1.0,71,2,29,5068917,1877721,1,2,310126
ps,2,4194304,200000.0,0.4,0.0,1.0,71,2,30,5252833,1877721,1,2,360874
ps,2,4194304,200000.0,0.4,0.0,1.0,71,2,31,5195375,1877721,1,2,339875
ps,2,4194304,200000.0,0.4,0.0,1.0,71,2,32,5172417,1877721,1,2,325709
ps,2,4194304,200000.0,0.4,0.0,1.0,71,2,33,5238083,1877721,1,2,363458
ps,2,4194304,200000.0,0.4,0.0,1.0,71,2,34,5169292,1877721,1,2,343458
ps,2,4194304,200000.0,0.4,0.0,1.0,71,2,35,5139958,1877721,1,2,275750
ps,2,4194304,200000.0,0.4,0.0,1.0,71,2,36,5162542,1877721,1,2,331333
ps,2,4194304,200000.0,0.4,0.0,1.0,71,2,37,5141750,1877721,1,2,348209
ps,2,4194304,200000.0,0.4,0.0,1.0,71,2,38,5168583,1877721,1,2,290625
ps,2,4194304,200000.0,0.4,0.0,1.0,71,2,39,5172834,1877721,1,2,349376
ps,2,4194304,200000.0,0.4,0.0,1.0,71,2,40,5212416,1877721,1,2,421041
ps,2,4194304,200000.0,0.4,0.0,1.0,71,2,41,5264459,1877721,1,2,324417
ps,2,4194304,200000.0,0.4,0.0,1.0,71,2,42,5296000,1877721,1,2,327291
ps,2,4194304,200000.0,0.4,0.0,1.0,71,2,43,5269625,1877721,1,2,339375
ps,2,4194304,200000.0,0.4,0.0,1.0,71,2,44,5338750,1877721,1,2,231208
ps,2,4194304,200000.0,0.4,0.0,1.0,71,2,45,5313917,1877721,1,2,260875
ps,2,4194304,200000.0,0.4,0.0,1.0,71,2,46,5192250,1877721,1,2,323541
ps,2,4194304,200000.0,0.4,0.0,1.0,71,2,47,5265917,1877721,1,2,333501
ps,2,4194304,200000.0,0.4,0.0,1.0,71,2,48,5232292,1877721,1,2,360292
ps,2,4194304,200000.0,0.4,0.0,1.0,71,2,49,5150667,1877721,1,2,355459
ps,2,4194304,200000.0,0.4,0.0,1.0,71,2,50,5183916,1877721,1,2,314833
ps,2,4194304,200000.0,0.4,0.0,1.0,71,2,51,5163583,1877721,1,2,298874
ps,2,4194304,200000.0,0.4,0.0,1.0,71,2,52,5269375,1877721,1,2,341583
ps,2,4194304,200000.0,0.4,0.0,1.0,71,2,53,5168334,1877721,1,2,300668
ps,2,4194304,200000.0,0.4,0.0,1.0,71,2,54,5218208,1877721,1,2,308417
ps,2,4194304,200000.0,0.4,0.0,1.0,71,2,55,5233042,1877721,1,2,331667
ps,2,4194304,200000.0,0.4,0.0,1.0,71,2,56,5199542,1877721,1,2,320667
ps,2,4194304,200000.0,0.4,0.0,1.0,71,2,57,5267750,1877721,1,2,336125
ps,2,4194304,200000.0,0.4,0.0,1.0,71,2,58,5281875,1877721,1,2,256166
ps,2,4194304,200000.0,0.4,0.0,1.0,71,2,59,5260625,1877721,1,2,304458
ps,2,4194304,200000.0,0.4,0.0,1.0,71,2,60,5529041,1877721,1,2,144624
ps,2,4194304,200000.0,0.4,0.0,1.0,71,2,61,5497208,1877721,1,2,286583
ps,2,4194304,200000.0,0.4,0.0,1.0,71,2,62,5527167,1877721,1,2,128750
ps,2,4194304,200000.0,0.4,0.0,1.0,71,2,63,5583042,1877721,1,2,245625
ps,2,4194304,200000.0,0.4,0.0,1.0,71,2,64,5673834,1877721,1,2,182750
ps,2,4194304,200000.0,0.4,0.0,1.0,71,2,65,5635875,1877721,1,2,217625
ps,2,4194304,200000.0,0.4,0.0,1.0,71,2,66,5529000,1877721,1,2,128417
ps,2,4194304,200000.0,0.4,0.0,1.0,71,2,67,5525334,1877721,1,2,143876
ps,2,4194304,200000.0,0.4,0.0,1.0,71,2,68,5573209,1877721,1,2,194251
ps,2,4194304,200000.0,0.4,0.0,1.0,71,2,69,5650834,1877721,1,2,87292
ps,2,4194304,200000.0,0.4,0.0,1.0,71,2,70,5369875,1877721,1,2,344083
ps,2,4194304,200000.0,0.4,0.0,1.0,71,2,71,5449292,1877721,1,2,141834
ps,2,4194304,200000.0,0.4,0.0,1.0,71,2,72,5409500,1877721,1,2,336250
ps,2,4194304,200000.0,0.4,0.0,1.0,71,2,73,5343333,1877721,1,2,382417
ps,2,4194304,200000.0,0.4,0.0,1.0,71,2,74,5294917,1877721,1,2,290417
ps,2,4194304,200000.0,0.4,0.0,1.0,71,2,75,5308500,1877721,1,2,316666
ps,2,4194304,200000.0,0.4,0.0,1.0,71,2,76,5264334,1877721,1,2,276417
ps,2,4194304,200000.0,0.4,0.0,1.0,71,2,77,5218209,1877721,1,2,340584
ps,2,4194304,200000.0,0.4,0.0,1.0,71,2,78,5246125,1877721,1,2,399875
ps,2,4194304,200000.0,0.4,0.0,1.0,71,2,79,5169667,1877721,1,2,310376
ps,2,4194304,200000.0,0.4,0.0,1.0,71,2,80,5165750,1877721,1,2,329042
ps,2,4194304,200000.0,0.4,0.0,1.0,71,2,81,5244292,1877721,1,2,295792
ps,2,4194304,200000.0,0.4,0.0,1.0,71,2,82,5215667,1877721,1,2,349917
ps,2,4194304,200000.0,0.4,0.0,1.0,71,2,83,5192917,1877721,1,2,312833
ps,2,4194304,200000.0,0.4,0.0,1.0,71,2,84,5211458,1877721,1,2,343833
ps,2,4194304,200000.0,0.4,0.0,1.0,71,2,85,5188709,1877721,1,2,308625
ps,2,4194304,200000.0,0.4,0.0,1.0,71,2,86,5167291,1877721,1,2,292666
ps,2,4194304,200000.0,0.4,0.0,1.0,71,2,87,5203709,1877721,1,2,324625
ps,2,4194304,200000.0,0.4,0.0,1.0,71,2,88,5200875,1877721,1,2,360500
ps,2,4194304,200000.0,0.4,0.0,1.0,71,2,89,5199458,1877721,1,2,282167
ps,2,4194304,200000.0,0.4,0.0,1.0,71,2,90,5204875,1877721,1,2,320250
ps,2,4194304,200000.0,0.4,0.0,1.0,71,2,91,5101000,1877721,1,2,319000
ps,2,4194304,200000.0,0.4,0.0,1.0,71,2,92,5250750,1877721,1,2,329416
ps,2,4194304,200000.0,0.4,0.0,1.0,71,2,93,5167833,1877721,1,2,293333
ps,2,4194304,200000.0,0.4,0.0,1.0,71,2,94,5127792,1877721,1,2,318167
ps,2,4194304,200000.0,0.4,0.0,1.0,71,2,95,5156209,1877721,1,2,317667
ps,2,4194304,200000.0,0.4,0.0,1.0,71,2,96,5131250,1877721,1,2,301250
ps,2,4194304,200000.0,0.4,0.0,1.0,71,2,97,5274583,1877721,1,2,337208
ps,2,4194304,200000.0,0.4,0.0,1.0,71,2,98,5146791,1877721,1,2,324041
ps,2,4194304,200000.0,0.4,0.0,1.0,71,2,99,5143250,1877721,1,2,311959
ps,2,4194304,200000.0,0.4,0.0,1.0,71,2,100,5178583,1877721,1,2,259249
ps,2,4194304,200000.0,0.4,0.0,1.0,71,2,101,5178125,1877721,1,2,311084
ps,2,4194304,200000.0,0.4,0.0,1.0,71,2,102,5274709,1877721,1,2,340793
ps,2,4194304,200000.0,0.4,0.0,1.0,71,2,103,5160375,1877721,1,2,287209
ps,2,4194304,200000.0,0.4,0.0,1.0,71,2,104,5222083,1877721,1,2,293999
ps,2,4194304,200000.0,0.4,0.0,1.0,71,2,105,5157958,1877721,1,2,310875
ps,2,4194304,200000.0,0.4,0.0,1.0,71,2,106,5181750,1877721,1,2,305875
ps,2,4194304,200000.0,0.4,0.0,1.0,71,2,107,5138250,1877721,1,2,358042
ps,2,4194304,200000.0,0.4,0.0,1.0,71,2,108,5184208,1877721,1,2,397791
ps,2,4194304,200000.0,0.4,0.0,1.0,71,2,109,5055458,1877721,1,2,155333
ps,2,4194304,200000.0,0.4,0.0,1.0,71,2,110,5231583,1877721,1,2,332666
ps,2,4194304,200000.0,0.4,0.0,1.0,71,2,111,5233458,1877721,1,2,306791
ps,2,4194304,200000.0,0.4,0.0,1.0,71,2,112,5212834,1877721,1,2,324667
ps,2,4194304,200000.0,0.4,0.0,1.0,71,2,113,5246958,1877721,1,2,279750
ps,2,4194304,200000.0,0.4,0.0,1.0,71,2,114,5213834,1877721,1,2,296751
ps,2,4194304,200000.0,0.4,0.0,1.0,71,2,115,5251291,1877721,1,2,379832
ps,2,4194304,200000.0,0.4,0.0,1.0,71,2,116,5158333,1877721,1,2,308125
ps,2,4194304,200000.0,0.4,0.0,1.0,71,2,117,5198209,1877721,1,2,365543
ps,2,4194304,200000.0,0.4,0.0,1.0,71,2,118,5157375,1877721,1,2,302334
ps,2,4194304,200000.0,0.4,0.0,1.0,71,2,119,5296416,1877721,1,2,303458
ps,2,4194304,200000.0,0.4,0.0,1.0,71,2,120,5206334,1877721,1,2,252500
ps,2,4194304,200000.0,0.4,0.0,1.0,71,2,121,5255500,1877721,1,2,313958
ps,2,4194304,200000.0,0.4,0.0,1.0,71,2,122,5203958,1877721,1,2,307250
ps,2,4194304,200000.0,0.4,0.0,1.0,71,2,123,5214583,1877721,1,2,341417
ps,2,4194304,200000.0,0.4,0.0,1.0,71,2,124,5246250,1877721,1,2,276208
ps,2,4194304,200000.0,0.4,0.0,1.0,71,2,125,5248833,1877721,1,2,356250
ps,2,4194304,200000.0,0.4,0.0,1.0,71,2,126,5177250,1877721,1,2,338708
ps,2,4194304,200000.0,0.4,0.0,1.0,71,2,127,5240458,1877721,1,2,261333
ps,2,4194304,200000.0,0.4,0.0,1.0,71,2,128,5174125,1877721,1,2,353750
ps,2,4194304,200000.0,0.4,0.0,1.0,71,2,129,5287083,1877721,1,2,322500
ps,2,4194304,200000.0,0.4,0.0,1.0,71,2,130,5240542,1877721,1,2,307167
ps,2,4194304,200000.0,0.4,0.0,1.0,71,2,131,5169083,1877721,1,2,311458
ps,2,4194304,200000.0,0.4,0.0,1.0,71,2,132,5213375,1877721,1,2,343917
ps,2,4194304,200000.0,0.4,0.0,1.0,71,2,133,5196792,1877721,1,2,241500
ps,2,4194304,200000.0,0.4,0.0,1.0,71,2,134,5222459,1877721,1,2,349001
ps,2,4194304,200000.0,0.4,0.0,1.0,71,2,135,5177666,1877721,1,2,337333
ps,2,4194304,200000.0,0.4,0.0,1.0,71,2,136,5193791,1877721,1,2,312874
ps,2,4194304,200000.0,0.4,0.0,1.0,71,2,137,5173625,1877721,1,2,323917
ps,2,4194304,200000.0,0.4,0.0,1.0,71,2,138,5267917,1877721,1,2,384500
ps,2,4194304,200000.0,0.4,0.0,1.0,71,2,139,5203584,1877721,1,2,314668
ps,2,4194304,200000.0,0.4,0.0,1.0,71,2,140,5135166,1877721,1,2,340666
ps,2,4194304,200000.0,0.4,0.0,1.0,71,2,141,5141458,1877721,1,2,304083
ps,2,4194304,200000.0,0.4,0.0,1.0,71,2,142,5138167,1877721,1,2,289167
ps,2,4194304,200000.0,0.4,0.0,1.0,71,2,143,5164083,1877721,1,2,272583
ps,2,4194304,200000.0,0.4,0.0,1.0,71,2,144,5147625,1877721,1,2,317750
ps,2,4194304,200000.0,0.4,0.0,1.0,71,2,145,5209333,1877721,1,2,324333
ps,2,4194304,200000.0,0.4,0.0,1.0,71,2,146,5169375,1877721,1,2,358042
ps,2,4194304,200000.0,0.4,0.0,1.0,71,2,147,5157167,1877721,1,2,350334
ps,2,4194304,200000.0,0.4,0.0,1.0,71,2,148,5171125,1877721,1,2,285916
ps,2,4194304,200000.0,0.4,0.0,1.0,71,2,149,5199459,1877721,1,2,340292
ps,2,4194304,200000.0,0.4,0.0,1.0,71,2,150,5288041,1877721,1,2,453374
ps,2,4194304,200000.0,0.4,0.0,1.0,71,2,151,5174792,1877721,1,2,343750
ps,2,4194304,200000.0,0.4,0.0,1.0,71,2,152,5194167,1877721,1,2,334292
ps,2,4194304,200000.0,0.4,0.0,1.0,71,2,153,5252375,1877721,1,2,352625
ps,2,4194304,200000.0,0.4,0.0,1.0,71,2,154,5192625,1877721,1,2,367417
ps,2,4194304,200000.0,0.4,0.0,1.0,71,2,155,5234041,1877721,1,2,393083
ps,2,4194304,200000.0,0.4,0.0,1.0,71,2,156,5093958,1877721,1,2,290625
ps,2,4194304,200000.0,0.4,0.0,1.0,71,2,157,5200041,1877721,1,2,305541
ps,2,4194304,200000.0,0.4,0.0,1.0,71,2,158,5144500,1877721,1,2,336125
ps,2,4194304,200000.0,0.4,0.0,1.0,71,2,159,5160041,1877721,1,2,342083
ps,2,4194304,200000.0,0.4,0.0,1.0,71,2,160,5266625,1877721,1,2,363333
ps,2,4194304,200000.0,0.4,0.0,1.0,71,2,161,5220542,1877721,1,2,338917
ps,2,4194304,200000.0,0.4,0.0,1.0,71,2,162,5194333,1877721,1,2,236000
ps,2,4194304,200000.0,0.4,0.0,1.0,71,2,163,5155833,1877721,1,2,301833
ps,2,4194304,200000.0,0.4,0.0,1.0,71,2,164,5223250,1877721,1,2,319084
ps,2,4194304,200000.0,0.4,0.0,1.0,71,2,165,5168792,1877721,1,2,273542
ps,2,4194304,200000.0,0.4,0.0,1.0,71,2,166,5173416,1877721,1,2,355291
ps,2,4194304,200000.0,0.4,0.0,1.0,71,2,167,5246125,1877721,1,2,323750
ps,2,4194304,200000.0,0.4,0.0,1.0,71,2,168,5177042,1877721,1,2,325250
ps,2,4194304,200000.0,0.4,0.0,1.0,71,2,169,5239750,1877721,1,2,332958
ps,2,4194304,200000.0,0.4,0.0,1.0,71,2,170,5186125,1877721,1,2,270208
ps,2,4194304,200000.0,0.4,0.0,1.0,71,2,171,5277541,1877721,1,2,325333
ps,2,4194304,200000.0,0.4,0.0,1.0,71,2,172,5186000,1877721,1,2,322500
ps,2,4194304,200000.0,0.4,0.0,1.0,71,2,173,5158291,1877721,1,2,348375
ps,2,4194304,200000.0,0.4,0.0,1.0,71,2,174,5202417,1877721,1,2,333750
ps,2,4194304,200000.0,0.4,0.0,1.0,71,2,175,5115667,1877721,1,2,314542
ps,2,4194304,200000.0,0.4,0.0,1.0,71,2,176,5245334,1877721,1,2,275625
ps,2,4194304,200000.0,0.4,0.0,1.0,71,2,177,5174750,1877721,1,2,361292
ps,2,4194304,200000.0,0.4,0.0,1.0,71,2,178,5206000,1877721,1,2,354708
ps,2,4194304,200000.0,0.4,0.0,1.0,71,2,179,5124834,1877721,1,2,324793
ps,2,4194304,200000.0,0.4,0.0,1.0,71,2,180,5211666,1877721,1,2,267708
ps,2,4194304,200000.0,0.4,0.0,1.0,71,2,181,5139834,1877721,1,2,341626
ps,2,4194304,200000.0,0.4,0.0,1.0,71,2,182,5117542,1877721,1,2,323709
ps,2,4194304,200000.0,0.4,0.0,1.0,71,2,183,5226166,1877721,1,2,393666
ps,2,4194304,200000.0,0.4,0.0,1.0,71,2,184,5200125,1877721,1,2,383875
ps,2,4194304,200000.0,0.4,0.0,1.0,71,2,185,5120250,1877721,1,2,265750
ps,2,4194304,200000.0,0.4,0.0,1.0,71,2,186,5213417,1877721,1,2,317459
ps,2,4194304,200000.0,0.4,0.0,1.0,71,2,187,5218833,1877721,1,2,329042
ps,2,4194304,200000.0,0.4,0.0,1.0,71,2,188,5190125,1877721,1,2,337500
ps,2,4194304,200000.0,0.4,0.0,1.0,71,2,189,5181791,1877721,1,2,315499
ps,2,4194304,200000.0,0.4,0.0,1.0,71,2,190,5224250,1877721,1,2,339583
ps,2,4194304,200000.0,0.4,0.0,1.0,71,2,191,5207334,1877721,1,2,360625
ps,2,4194304,200000.0,0.4,0.0,1.0,71,2,192,5176125,1877721,1,2,274208
ps,2,4194304,200000.0,0.4,0.0,1.0,71,2,193,5134959,1877721,1,2,310168
ps,2,4194304,200000.0,0.4,0.0,1.0,71,2,194,5142916,1877721,1,2,311833
ps,2,4194304,200000.0,0.4,0.0,1.0,71,2,195,5190958,1877721,1,2,263083
ps,2,4194304,200000.0,0.4,0.0,1.0,71,2,196,5168458,1877721,1,2,301708
ps,2,4194304,200000.0,0.4,0.0,1.0,71,2,197,5257875,1877721,1,2,357375
ps,2,4194304,200000.0,0.4,0.0,1.0,71,2,198,5135791,1877721,1,2,329832
ps,2,4194304,200000.0,0.4,0.0,1.0,71,2,199,5153208,1877721,1,2,335125
ps,2,4194304,200000.0,0.4,0.0,1.0,71,2,200,5243334,1877721,1,2,301042
ps,2,4194304,200000.0,0.4,0.0,1.0,71,2,201,5204875,1877721,1,2,347750
ps,2,4194304,200000.0,0.4,0.0,1.0,71,2,202,5209792,1877721,1,2,274250
ps,2,4194304,200000.0,0.4,0.0,1.0,71,2,203,5280209,1877721,1,2,345251
ps,2,4194304,200000.0,0.4,0.0,1.0,71,2,204,5208500,1877721,1,2,313500
ps,2,4194304,200000.0,0.4,0.0,1.0,71,2,205,5294166,1877721,1,2,294166
ps,2,4194304,200000.0,0.4,0.0,1.0,71,2,206,5343500,1877721,1,2,376833
ps,2,4194304,200000.0,0.4,0.0,1.0,71,2,207,5192250,1877721,1,2,251167
ps,2,4194304,200000.0,0.4,0.0,1.0,71,2,208,5239792,1877721,1,2,236917
ps,2,4194304,200000.0,0.4,0.0,1.0,71,2,209,5280500,1877721,1,2,265125
ps,2,4194304,200000.0,0.4,0.0,1.0,71,2,210,5221708,1877721,1,2,304958
ps,2,4194304,200000.0,0.4,0.0,1.0,71,2,211,5200333,1877721,1,2,309250
ps,2,4194304,200000.0,0.4,0.0,1.0,71,2,212,5211917,1877721,1,2,288542
ps,2,4194304,200000.0,0.4,0.0,1.0,71,2,213,5333667,1877721,1,2,300833
ps,2,4194304,200000.0,0.4,0.0,1.0,71,2,214,5304209,1877721,1,2,434501
ps,2,4194304,200000.0,0.4,0.0,1.0,71,2,215,5234291,1877721,1,2,336708
ps,2,4194304,200000.0,0.4,0.0,1.0,71,2,216,5281167,1877721,1,2,275375
ps,2,4194304,200000.0,0.4,0.0,1.0,71,2,217,5278875,1877721,1,2,367375
ps,2,4194304,200000.0,0.4,0.0,1.0,71,2,218,5251959,1877721,1,2,372918
ps,2,4194304,200000.0,0.4,0.0,1.0,71,2,219,5175834,1877721,1,2,338959
ps,2,4194304,200000.0,0.4,0.0,1.0,71,2,220,5205625,1877721,1,2,359834
ps,2,4194304,200000.0,0.4,0.0,1.0,71,2,221,5215334,1877721,1,2,346542
ps,2,4194304,200000.0,0.4,0.0,1.0,71,2,222,5223833,1877721,1,2,279875
ps,2,4194304,200000.0,0.4,0.0,1.0,71,2,223,5268708,1877721,1,2,316041
ps,2,4194304,200000.0,0.4,0.0,1.0,71,2,224,5183666,1877721,1,2,261458
ps,2,4194304,200000.0,0.4,0.0,1.0,71,2,225,5221250,1877721,1,2,357375
ps,2,4194304,200000.0,0.4,0.0,1.0,71,2,226,5243459,1877721,1,2,366793
ps,2,4194304,200000.0,0.4,0.0,1.0,71,2,227,5213083,1877721,1,2,332000
ps,2,4194304,200000.0,0.4,0.0,1.0,71,2,228,5213375,1877721,1,2,329625
ps,2,4194304,200000.0,0.4,0.0,1.0,71,2,229,5245458,1877721,1,2,316708
ps,2,4194304,200000.0,0.4,0.0,1.0,71,2,230,5250500,1877721,1,2,346500
ps,2,4194304,200000.0,0.4,0.0,1.0,71,2,231,5232500,1877721,1,2,299709
ps,2,4194304,200000.0,0.4,0.0,1.0,71,2,232,5227000,1877721,1,2,378167
ps,2,4194304,200000.0,0.4,0.0,1.0,71,2,233,5270833,1877721,1,2,275166
ps,2,4194304,200000.0,0.4,0.0,1.0,71,2,234,5240333,1877721,1,2,321166
ps,2,4194304,200000.0,0.4,0.0,1.0,71,2,235,5334250,1877721,1,2,316750
ps,2,4194304,200000.0,0.4,0.0,1.0,71,2,236,5252333,1877721,1,2,335875
ps,2,4194304,200000.0,0.4,0.0,1.0,71,2,237,5281125,1877721,1,2,319625
ps,2,4194304,200000.0,0.4,0.0,1.0,71,2,238,5260417,1877721,1,2,345334
ps,2,4194304,200000.0,0.4,0.0,1.0,71,2,239,5259666,1877721,1,2,349166
ps,2,4194304,200000.0,0.4,0.0,1.0,71,2,240,5201209,1877721,1,2,348542
ps,2,4194304,200000.0,0.4,0.0,1.0,71,2,241,5275375,1877721,1,2,331750
ps,2,4194304,200000.0,0.4,0.0,1.0,71,2,242,5374625,1877721,1,2,257250
ps,2,4194304,200000.0,0.4,0.0,1.0,71,2,243,5180250,1877721,1,2,337833
ps,2,4194304,200000.0,0.4,0.0,1.0,71,2,244,5183583,1877721,1,2,324458
ps,2,4194304,200000.0,0.4,0.0,1.0,71,2,245,5194500,1877721,1,2,338541
ps,2,4194304,200000.0,0.4,0.0,1.0,71,2,246,5172208,1877721,1,2,342083
ps,2,4194304,200000.0,0.4,0.0,1.0,71,2,247,5131417,1877721,1,2,290667
ps,2,4194304,200000.0,0.4,0.0,1.0,71,2,248,5203500,1877721,1,2,317583
ps,2,4194304,200000.0,0.4,0.0,1.0,71,2,249,5255583,1877721,1,2,373375
ps,2,4194304,200000.0,0.4,0.0,1.0,71,3,0,5294791,1877721,1,2,323999
ps,2,4194304,200000.0,0.4,0.0,1.0,71,3,1,5340959,1877721,1,2,346418
ps,2,4194304,200000.0,0.4,0.0,1.0,71,3,2,5348500,1877721,1,2,322166
ps,2,4194304,200000.0,0.4,0.0,1.0,71,3,3,5256041,1877721,1,2,308583
ps,2,4194304,200000.0,0.4,0.0,1.0,71,3,4,5222125,1877721,1,2,315583
ps,2,4194304,200000.0,0.4,0.0,1.0,71,3,5,5245291,1877721,1,2,307666
ps,2,4194304,200000.0,0.4,0.0,1.0,71,3,6,5281292,1877721,1,2,219875
ps,2,4194304,200000.0,0.4,0.0,1.0,71,3,7,5359375,1877721,1,2,332125
ps,2,4194304,200000.0,0.4,0.0,1.0,71,3,8,5349125,1877721,1,2,304500
ps,2,4194304,200000.0,0.4,0.0,1.0,71,3,9,5388166,1877721,1,2,300166
ps,2,4194304,200000.0,0.4,0.0,1.0,71,3,10,5279625,1877721,1,2,296959
ps,2,4194304,200000.0,0.4,0.0,1.0,71,3,11,5326459,1877721,1,2,296750
ps,2,4194304,200000.0,0.4,0.0,1.0,71,3,12,5291250,1877721,1,2,326792
ps,2,4194304,200000.0,0.4,0.0,1.0,71,3,13,5351875,1877721,1,2,317166
ps,2,4194304,200000.0,0.4,0.0,1.0,71,3,14,5323458,1877721,1,2,305333
ps,2,4194304,200000.0,0.4,0.0,1.0,71,3,15,5278833,1877721,1,2,283249
ps,2,4194304,200000.0,0.4,0.0,1.0,71,3,16,5642666,1877721,1,2,311749
ps,2,4194304,200000.0,0.4,0.0,1.0,71,3,17,5364458,1877721,1,2,321833
ps,2,4194304,200000.0,0.4,0.0,1.0,71,3,18,5613334,1877721,1,2,63375
ps,2,4194304,200000.0,0.4,0.0,1.0,71,3,19,5627875,1877721,1,2,193917
ps,2,4194304,200000.0,0.4,0.0,1.0,71,3,20,5627209,1877721,1,2,218292
ps,2,4194304,200000.0,0.4,0.0,1.0,71,3,21,5678792,1877721,1,2,189959
ps,2,4194304,200000.0,0.4,0.0,1.0,71,3,22,5628167,1877721,1,2,219959
ps,2,4194304,200000.0,0.4,0.0,1.0,71,3,23,5564208,1877721,1,2,161417
ps,2,4194304,200000.0,0.4,0.0,1.0,71,3,24,5618208,1877721,1,2,172708
ps,2,4194304,200000.0,0.4,0.0,1.0,71,3,25,5844166,1877721,1,2,167041
ps,2,4194304,200000.0,0.4,0.0,1.0,71,3,26,5452084,1877721,1,2,230459
ps,2,4194304,200000.0,0.4,0.0,1.0,71,3,27,6337750,1877721,1,2,152042
ps,2,4194304,200000.0,0.4,0.0,1.0,71,3,28,5309625,1877721,1,2,315709
ps,2,4194304,200000.0,0.4,0.0,1.0,71,3,29,5268416,1877721,1,2,277874
ps,2,4194304,200000.0,0.4,0.0,1.0,71,3,30,5344292,1877721,1,2,338333
ps,2,4194304,200000.0,0.4,0.0,1.0,71,3,31,5176208,1877721,1,2,316292
ps,2,4194304,200000.0,0.4,0.0,1.0,71,3,32,5220250,1877721,1,2,293125
ps,2,4194304,200000.0,0.4,0.0,1.0,71,3,33,5273875,1877721,1,2,301708
ps,2,4194304,200000.0,0.4,0.0,1.0,71,3,34,5236667,1877721,1,2,319584
ps,2,4194304,200000.0,0.4,0.0,1.0,71,3,35,5461292,1877721,1,2,316042
ps,2,4194304,200000.0,0.4,0.0,1.0,71,3,36,5259167,1877721,1,2,294958
ps,2,4194304,200000.0,0.4,0.0,1.0,71,3,37,5396292,1877721,1,2,388500
ps,2,4194304,200000.0,0.4,0.0,1.0,71,3,38,5329666,1877721,1,2,284250
ps,2,4194304,200000.0,0.4,0.0,1.0,71,3,39,5334625,1877721,1,2,319083
ps,2,4194304,200000.0,0.4,0.0,1.0,71,3,40,5339875,1877721,1,2,358500
ps,2,4194304,200000.0,0.4,0.0,1.0,71,3,41,5288333,1877721,1,2,330833
ps,2,4194304,200000.0,0.4,0.0,1.0,71,3,42,5329375,1877721,1,2,306042
ps,2,4194304,200000.0,0.4,0.0,1.0,71,3,43,5305208,1877721,1,2,299666
ps,2,4194304,200000.0,0.4,0.0,1.0,71,3,44,5365958,1877721,1,2,326375
ps,2,4194304,200000.0,0.4,0.0,1.0,71,3,45,5216459,1877721,1,2,313626
ps,2,4194304,200000.0,0.4,0.0,1.0,71,3,46,5303375,1877721,1,2,339375
ps,2,4194304,200000.0,0.4,0.0,1.0,71,3,47,5407750,1877721,1,2,268542
ps,2,4194304,200000.0,0.4,0.0,1.0,71,3,48,5417708,1877721,1,2,283416
ps,2,4194304,200000.0,0.4,0.0,1.0,71,3,49,5216542,1877721,1,2,323667
ps,2,4194304,200000.0,0.4,0.0,1.0,71,3,50,5279375,1877721,1,2,311042
ps,2,4194304,200000.0,0.4,0.0,1.0,71,3,51,5329875,1877721,1,2,308292
ps,2,4194304,200000.0,0.4,0.0,1.0,71,3,52,5283291,1877721,1,2,334833
ps,2,4194304,200000.0,0.4,0.0,1.0,71,3,53,5404000,1877721,1,2,280667
ps,2,4194304,200000.0,0.4,0.0,1.0,71,3,54,5268417,1877721,1,2,311542
ps,2,4194304,200000.0,0.4,0.0,1.0,71,3,55,5326833,1877721,1,2,321458
ps,2,4194304,200000.0,0.4,0.0,1.0,71,3,56,5319167,1877721,1,2,291250
ps,2,4194304,200000.0,0.4,0.0,1.0,71,3,57,5254459,1877721,1,2,340709
ps,2,4194304,200000.0,0.4,0.0,1.0,71,3,58,5241208,1877721,1,2,316708
ps,2,4194304,200000.0,0.4,0.0,1.0,71,3,59,5356958,1877721,1,2,310333
ps,2,4194304,200000.0,0.4,0.0,1.0,71,3,60,5143042,1877721,1,2,291417
ps,2,4194304,200000.0,0.4,0.0,1.0,71,3,61,5242709,1877721,1,2,316917
ps,2,4194304,200000.0,0.4,0.0,1.0,71,3,62,5333334,1877721,1,2,319334
ps,2,4194304,200000.0,0.4,0.0,1.0,71,3,63,5270541,1877721,1,2,351207
ps,2,4194304,200000.0,0.4,0.0,1.0,71,3,64,5282083,1877721,1,2,320249
ps,2,4194304,200000.0,0.4,0.0,1.0,71,3,65,5154416,1877721,1,2,320582
ps,2,4194304,200000.0,0.4,0.0,1.0,71,3,66,5296625,1877721,1,2,263167
ps,2,4194304,200000.0,0.4,0.0,1.0,71,3,67,5319834,1877721,1,2,296376
ps,2,4194304,200000.0,0.4,0.0,1.0,71,3,68,5307875,1877721,1,2,283166
ps,2,4194304,200000.0,0.4,0.0,1.0,71,3,69,5272625,1877721,1,2,335666
ps,2,4194304,200000.0,0.4,0.0,1.0,71,3,70,5278458,1877721,1,2,273000
ps,2,4194304,200000.0,0.4,0.0,1.0,71,3,71,5187750,1877721,1,2,309583
ps,2,4194304,200000.0,0.4,0.0,1.0,71,3,72,5191792,1877721,1,2,295917
ps,2,4194304,200000.0,0.4,0.0,1.0,71,3,73,5235250,1877721,1,2,367333
ps,2,4194304,200000.0,0.4,0.0,1.0,71,3,74,5300709,1877721,1,2,303001
ps,2,4194304,200000.0,0.4,0.0,1.0,71,3,75,5242000,1877721,1,2,301875
ps,2,4194304,200000.0,0.4,0.0,1.0,71,3,76,5189750,1877721,1,2,316584
ps,2,4194304,200000.0,0.4,0.0,1.0,71,3,77,5215625,1877721,1,2,298083
ps,2,4194304,200000.0,0.4,0.0,1.0,71,3,78,5179458,1877721,1,2,201458
ps,2,4194304,200000.0,0.4,0.0,1.0,71,3,79,5158542,1877721,1,2,320001
ps,2,4194304,200000.0,0.4,0.0,1.0,71,3,80,5193958,1877721,1,2,267167
ps,2,4194304,200000.0,0.4,0.0,1.0,71,3,81,5264459,1877721,1,2,327792
ps,2,4194304,200000.0,0.4,0.0,1.0,71,3,82,5249833,1877721,1,2,301291
ps,2,4194304,200000.0,0.4,0.0,1.0,71,3,83,5261625,1877721,1,2,365958
ps,2,4194304,200000.0,0.4,0.0,1.0,71,3,84,5327375,1877721,1,2,296666
ps,2,4194304,200000.0,0.4,0.0,1.0,71,3,85,5350375,1877721,1,2,295250
ps,2,4194304,200000.0,0.4,0.0,1.0,71,3,86,5241709,1877721,1,2,331917
ps,2,4194304,200000.0,0.4,0.0,1.0,71,3,87,5290292,1877721,1,2,356708
ps,2,4194304,200000.0,0.4,0.0,1.0,71,3,88,5241875,1877721,1,2,306375
ps,2,4194304,200000.0,0.4,0.0,1.0,71,3,89,5358417,1877721,1,2,310708
ps,2,4194304,200000.0,0.4,0.0,1.0,71,3,90,5294208,1877721,1,2,333875
ps,2,4194304,200000.0,0.4,0.0,1.0,71,3,91,5194458,1877721,1,2,342291
ps,2,4194304,200000.0,0.4,0.0,1.0,71,3,92,5197458,1877721,1,2,307083
ps,2,4194304,200000.0,0.4,0.0,1.0,71,3,93,5276166,1877721,1,2,304916
ps,2,4194304,200000.0,0.4,0.0,1.0,71,3,94,5378250,1877721,1,2,310209
ps,2,4194304,200000.0,0.4,0.0,1.0,71,3,95,5357666,1877721,1,2,317291
ps,2,4194304,200000.0,0.4,0.0,1.0,71,3,96,5521166,1877721,1,2,202208
ps,2,4194304,200000.0,0.4,0.0,1.0,71,3,97,5521458,1877721,1,2,309833
ps,2,4194304,200000.0,0.4,0.0,1.0,71,3,98,5428791,1877721,1,2,226791
ps,2,4194304,200000.0,0.4,0.0,1.0,71,3,99,5233291,1877721,1,2,319957
ps,2,4194304,200000.0,0.4,0.0,1.0,71,3,100,5339250,1877721,1,2,316250
ps,2,4194304,200000.0,0.4,0.0,1.0,71,3,101,5236542,1877721,1,2,344250
ps,2,4194304,200000.0,0.4,0.0,1.0,71,3,102,5272291,1877721,1,2,309124
ps,2,4194304,200000.0,0.4,0.0,1.0,71,3,103,5449917,1877721,1,2,410667
ps,2,4194304,200000.0,0.4,0.0,1.0,71,3,104,5253292,1877721,1,2,329084
ps,2,4194304,200000.0,0.4,0.0,1.0,71,3,105,5245792,1877721,1,2,309667
ps,2,4194304,200000.0,0.4,0.0,1.0,71,3,106,5278250,1877721,1,2,331292
ps,2,4194304,200000.0,0.4,0.0,1.0,71,3,107,5220750,1877721,1,2,317750
ps,2,4194304,200000.0,0.4,0.0,1.0,71,3,108,5360584,1877721,1,2,299001
ps,2,4194304,200000.0,0.4,0.0,1.0,71,3,109,5354291,1877721,1,2,318832
ps,2,4194304,200000.0,0.4,0.0,1.0,71,3,110,5259375,1877721,1,2,310792
ps,2,4194304,200000.0,0.4,0.0,1.0,71,3,111,5243958,1877721,1,2,324249
ps,2,4194304,200000.0,0.4,0.0,1.0,71,3,112,5277666,1877721,1,2,318083
ps,2,4194304,200000.0,0.4,0.0,1.0,71,3,113,5209208,1877721,1,2,307667
ps,2,4194304,200000.0,0.4,0.0,1.0,71,3,114,5255958,1877721,1,2,321750
ps,2,4194304,200000.0,0.4,0.0,1.0,71,3,115,5204916,1877721,1,2,314291
ps,2,4194304,200000.0,0.4,0.0,1.0,71,3,116,5295875,1877721,1,2,335292
ps,2,4194304,200000.0,0.4,0.0,1.0,71,3,117,5242666,1877721,1,2,336999
ps,2,4194304,200000.0,0.4,0.0,1.0,71,3,118,5235208,1877721,1,2,314208
ps,2,4194304,200000.0,0.4,0.0,1.0,71,3,119,5261459,1877721,1,2,334917
ps,2,4194304,200000.0,0.4,0.0,1.0,71,3,120,5352791,1877721,1,2,322124
ps,2,4194304,200000.0,0.4,0.0,1.0,71,3,121,5250166,1877721,1,2,361999
ps,2,4194304,200000.0,0.4,0.0,1.0,71,3,122,5209833,1877721,1,2,275874
ps,2,4194304,200000.0,0.4,0.0,1.0,71,3,123,5263416,1877721,1,2,312958
ps,2,4194304,200000.0,0.4,0.0,1.0,71,3,124,5348708,1877721,1,2,352375
ps,2,4194304,200000.0,0.4,0.0,1.0,71,3,125,5241708,1877721,1,2,307083
ps,2,4194304,200000.0,0.4,0.0,1.0,71,3,126,5259375,1877721,1,2,304125
ps,2,4194304,200000.0,0.4,0.0,1.0,71,3,127,5396250,1877721,1,2,342042
ps,2,4194304,200000.0,0.4,0.0,1.0,71,3,128,5482167,1877721,1,2,57917
ps,2,4194304,200000.0,0.4,0.0,1.0,71,3,129,5446750,1877721,1,2,286042
ps,2,4194304,200000.0,0.4,0.0,1.0,71,3,130,5268125,1877721,1,2,317625
ps,2,4194304,200000.0,0.4,0.0,1.0,71,3,131,5370458,1877721,1,2,322791
ps,2,4194304,200000.0,0.4,0.0,1.0,71,3,132,5389166,1877721,1,2,329124
ps,2,4194304,200000.0,0.4,0.0,1.0,71,3,133,5305375,1877721,1,2,279750
ps,2,4194304,200000.0,0.4,0.0,1.0,71,3,134,5296084,1877721,1,2,256834
ps,2,4194304,200000.0,0.4,0.0,1.0,71,3,135,5223875,1877721,1,2,283958
ps,2,4194304,200000.0,0.4,0.0,1.0,71,3,136,5329375,1877721,1,2,342791
ps,2,4194304,200000.0,0.4,0.0,1.0,71,3,137,5300292,1877721,1,2,279292
ps,2,4194304,200000.0,0.4,0.0,1.0,71,3,138,5310167,1877721,1,2,327917
ps,2,4194304,200000.0,0.4,0.0,1.0,71,3,139,5352083,1877721,1,2,312083
ps,2,4194304,200000.0,0.4,0.0,1.0,71,3,140,5321375,1877721,1,2,351208
ps,2,4194304,200000.0,0.4,0.0,1.0,71,3,141,5206583,1877721,1,2,315917
ps,2,4194304,200000.0,0.4,0.0,1.0,71,3,142,5234958,1877721,1,2,313708
ps,2,4194304,200000.0,0.4,0.0,1.0,71,3,143,5218458,1877721,1,2,330250
ps,2,4194304,200000.0,0.4,0.0,1.0,71,3,144,5291334,1877721,1,2,319668
ps,2,4194304,200000.0,0.4,0.0,1.0,71,3,145,5235208,1877721,1,2,310374
ps,2,4194304,200000.0,0.4,0.0,1.0,71,3,146,5329250,1877721,1,2,280208
ps,2,4194304,200000.0,0.4,0.0,1.0,71,3,147,5262125,1877721,1,2,305542
ps,2,4194304,200000.0,0.4,0.0,1.0,71,3,148,5383833,1877721,1,2,292208
ps,2,4194304,200000.0,0.4,0.0,1.0,71,3,149,5285833,1877721,1,2,325749
ps,2,4194304,200000.0,0.4,0.0,1.0,71,3,150,5237291,1877721,1,2,315125
ps,2,4194304,200000.0,0.4,0.0,1.0,71,3,151,5262042,1877721,1,2,300667
ps,2,4194304,200000.0,0.4,0.0,1.0,71,3,152,5357375,1877721,1,2,278417
ps,2,4194304,200000.0,0.4,0.0,1.0,71,3,153,5193125,1877721,1,2,292375
ps,2,4194304,200000.0,0.4,0.0,1.0,71,3,154,5208583,1877721,1,2,273583
ps,2,4194304,200000.0,0.4,0.0,1.0,71,3,155,5150958,1877721,1,2,232708
ps,2,4194304,200000.0,0.4,0.0,1.0,71,3,156,5209292,1877721,1,2,281917
ps,2,4194304,200000.0,0.4,0.0,1.0,71,3,157,5176000,1877721,1,2,312583
ps,2,4194304,200000.0,0.4,0.0,1.0,71,3,158,5256250,1877721,1,2,325791
ps,2,4194304,200000.0,0.4,0.0,1.0,71,3,159,5226375,1877721,1,2,307041
ps,2,4194304,200000.0,0.4,0.0,1.0,71,3,160,5243917,1877721,1,2,293167
ps,2,4194304,200000.0,0.4,0.0,1.0,71,3,161,5240125,1877721,1,2,273709
ps,2,4194304,200000.0,0.4,0.0,1.0,71,3,162,5285750,1877721,1,2,355333
ps,2,4194304,200000.0,0.4,0.0,1.0,71,3,163,5235375,1877721,1,2,303583
ps,2,4194304,200000.0,0.4,0.0,1.0,71,3,164,5209792,1877721,1,2,255334
ps,2,4194304,200000.0,0.4,0.0,1.0,71,3,165,5288125,1877721,1,2,292167
ps,2,4194304,200000.0,0.4,0.0,1.0,71,3,166,5320125,1877721,1,2,229042
ps,2,4194304,200000.0,0.4,0.0,1.0,71,3,167,5347083,1877721,1,2,281666
ps,2,4194304,200000.0,0.4,0.0,1.0,71,3,168,5248083,1877721,1,2,201458
ps,2,4194304,200000.0,0.4,0.0,1.0,71,3,169,5356917,1877721,1,2,293125
ps,2,4194304,200000.0,0.4,0.0,1.0,71,3,170,5376250,1877721,1,2,334375
ps,2,4194304,200000.0,0.4,0.0,1.0,71,3,171,5295708,1877721,1,2,284250
ps,2,4194304,200000.0,0.4,0.0,1.0,71,3,172,5371125,1877721,1,2,373167
ps,2,4194304,200000.0,0.4,0.0,1.0,71,3,173,5442166,1877721,1,2,214375
ps,2,4194304,200000.0,0.4,0.0,1.0,71,3,174,5743083,1877721,1,2,221833
ps,2,4194304,200000.0,0.4,0.0,1.0,71,3,175,5375541,1877721,1,2,231499
ps,2,4194304,200000.0,0.4,0.0,1.0,71,3,176,5439875,1877721,1,2,337125
ps,2,4194304,200000.0,0.4,0.0,1.0,71,3,177,5353875,1877721,1,2,292750
ps,2,4194304,200000.0,0.4,0.0,1.0,71,3,178,5345833,1877721,1,2,281333
ps,2,4194304,200000.0,0.4,0.0,1.0,71,3,179,5338083,1877721,1,2,323000
ps,2,4194304,200000.0,0.4,0.0,1.0,71,3,180,5287333,1877721,1,2,343458
ps,2,4194304,200000.0,0.4,0.0,1.0,71,3,181,5671500,1877721,1,2,271292
ps,2,4194304,200000.0,0.4,0.0,1.0,71,3,182,5347792,1877721,1,2,220917
ps,2,4194304,200000.0,0.4,0.0,1.0,71,3,183,5335083,1877721,1,2,324375
ps,2,4194304,200000.0,0.4,0.0,1.0,71,3,184,5301208,1877721,1,2,265958
ps,2,4194304,200000.0,0.4,0.0,1.0,71,3,185,5304292,1877721,1,2,312709
ps,2,4194304,200000.0,0.4,0.0,1.0,71,3,186,5285292,1877721,1,2,305875
ps,2,4194304,200000.0,0.4,0.0,1.0,71,3,187,5236708,1877721,1,2,314041
ps,2,4194304,200000.0,0.4,0.0,1.0,71,3,188,5313000,1877721,1,2,323375
ps,2,4194304,200000.0,0.4,0.0,1.0,71,3,189,5262750,1877721,1,2,351250
ps,2,4194304,200000.0,0.4,0.0,1.0,71,3,190,5264916,1877721,1,2,315499
ps,2,4194304,200000.0,0.4,0.0,1.0,71,3,191,5249417,1877721,1,2,303959
ps,2,4194304,200000.0,0.4,0.0,1.0,71,3,192,5218084,1877721,1,2,309417
ps,2,4194304,200000.0,0.4,0.0,1.0,71,3,193,5266208,1877721,1,2,357375
ps,2,4194304,200000.0,0.4,0.0,1.0,71,3,194,5238291,1877721,1,2,343375
ps,2,4194304,200000.0,0.4,0.0,1.0,71,3,195,5215875,1877721,1,2,334375
ps,2,4194304,200000.0,0.4,0.0,1.0,71,3,196,5215833,1877721,1,2,283666
ps,2,4194304,200000.0,0.4,0.0,1.0,71,3,197,5258041,1877721,1,2,307124
ps,2,4194304,200000.0,0.4,0.0,1.0,71,3,198,5214625,1877721,1,2,273167
ps,2,4194304,200000.0,0.4,0.0,1.0,71,3,199,5288666,1877721,1,2,339582
ps,2,4194304,200000.0,0.4,0.0,1.0,71,3,200,5244584,1877721,1,2,254084
ps,2,4194304,200000.0,0.4,0.0,1.0,71,3,201,5257375,1877721,1,2,309542
ps,2,4194304,200000.0,0.4,0.0,1.0,71,3,202,5305791,1877721,1,2,327291
ps,2,4194304,200000.0,0.4,0.0,1.0,71,3,203,5155875,1877721,1,2,327917
ps,2,4194304,200000.0,0.4,0.0,1.0,71,3,204,5178250,1877721,1,2,292625
ps,2,4194304,200000.0,0.4,0.0,1.0,71,3,205,5280875,1877721,1,2,377292
ps,2,4194304,200000.0,0.4,0.0,1.0,71,3,206,5326000,1877721,1,2,343417
ps,2,4194304,200000.0,0.4,0.0,1.0,71,3,207,5444875,1877721,1,2,323500
ps,2,4194304,200000.0,0.4,0.0,1.0,71,3,208,5326291,1877721,1,2,318291
ps,2,4194304,200000.0,0.4,0.0,1.0,71,3,209,5269083,1877721,1,2,331958
ps,2,4194304,200000.0,0.4,0.0,1.0,71,3,210,5348958,1877721,1,2,271291
ps,2,4194304,200000.0,0.4,0.0,1.0,71,3,211,5359917,1877721,1,2,316334
ps,2,4194304,200000.0,0.4,0.0,1.0,71,3,212,5334542,1877721,1,2,332792
ps,2,4194304,200000.0,0.4,0.0,1.0,71,3,213,5310375,1877721,1,2,361333
ps,2,4194304,200000.0,0.4,0.0,1.0,71,3,214,5250416,1877721,1,2,313791
ps,2,4194304,200000.0,0.4,0.0,1.0,71,3,215,5206958,1877721,1,2,305958
ps,2,4194304,200000.0,0.4,0.0,1.0,71,3,216,5358125,1877721,1,2,326583
ps,2,4194304,200000.0,0.4,0.0,1.0,71,3,217,5310625,1877721,1,2,311083
ps,2,4194304,200000.0,0.4,0.0,1.0,71,3,218,5313792,1877721,1,2,341583
ps,2,4194304,200000.0,0.4,0.0,1.0,71,3,219,5299875,1877721,1,2,313416
ps,2,4194304,200000.0,0.4,0.0,1.0,71,3,220,5283750,1877721,1,2,325417
ps,2,4194304,200000.0,0.4,0.0,1.0,71,3,221,5328291,1877721,1,2,292625
ps,2,4194304,200000.0,0.4,0.0,1.0,71,3,222,5263875,1877721,1,2,330334
ps,2,4194304,200000.0,0.4,0.0,1.0,71,3,223,5298541,1877721,1,2,375666
ps,2,4194304,200000.0,0.4,0.0,1.0,71,3,224,5282292,1877721,1,2,321709
ps,2,4194304,200000.0,0.4,0.0,1.0,71,3,225,5302000,1877721,1,2,350041
ps,2,4194304,200000.0,0.4,0.0,1.0,71,3,226,5382542,1877721,1,2,254292
ps,2,4194304,200000.0,0.4,0.0,1.0,71,3,227,5173125,1877721,1,2,333792
ps,2,4194304,200000.0,0.4,0.0,1.0,71,3,228,5262959,1877721,1,2,293750
ps,2,4194304,200000.0,0.4,0.0,1.0,71,3,229,5301125,1877721,1,2,323416
ps,2,4194304,200000.0,0.4,0.0,1.0,71,3,230,5238666,1877721,1,2,330458
ps,2,4194304,200000.0,0.4,0.0,1.0,71,3,231,5254792,1877721,1,2,317917
ps,2,4194304,200000.0,0.4,0.0,1.0,71,3,232,5229916,1877721,1,2,298291
ps,2,4194304,200000.0,0.4,0.0,1.0,71,3,233,5251458,1877721,1,2,278666
ps,2,4194304,200000.0,0.4,0.0,1.0,71,3,234,5211250,1877721,1,2,303625
ps,2,4194304,200000.0,0.4,0.0,1.0,71,3,235,5227167,1877721,1,2,336917
ps,2,4194304,200000.0,0.4,0.0,1.0,71,3,236,5149875,1877721,1,2,331959
ps,2,4194304,200000.0,0.4,0.0,1.0,71,3,237,5310375,1877721,1,2,245167
ps,2,4194304,200000.0,0.4,0.0,1.0,71,3,238,5200250,1877721,1,2,287167
ps,2,4194304,200000.0,0.4,0.0,1.0,71,3,239,5194083,1877721,1,2,322208
ps,2,4194304,200000.0,0.4,0.0,1.0,71,3,240,5181625,1877721,1,2,300875
ps,2,4194304,200000.0,0.4,0.0,1.0,71,3,241,5272875,1877721,1,2,311792
ps,2,4194304,200000.0,0.4,0.0,1.0,71,3,242,5292375,1877721,1,2,331792
ps,2,4194304,200000.0,0.4,0.0,1.0,71,3,243,5315292,1877721,1,2,254459
ps,2,4194304,200000.0,0.4,0.0,1.0,71,3,244,5259208,1877721,1,2,301333
ps,2,4194304,200000.0,0.4,0.0,1.0,71,3,245,5389000,1877721,1,2,374125
ps,2,4194304,200000.0,0.4,0.0,1.0,71,3,246,5237458,1877721,1,2,320750
ps,2,4194304,200000.0,0.4,0.0,1.0,71,3,247,5328083,1877721,1,2,301541
ps,2,4194304,200000.0,0.4,0.0,1.0,71,3,248,5308833,1877721,1,2,288458
ps,2,4194304,200000.0,0.4,0.0,1.0,71,3,249,5399583,1877721,1,2,208624
ring,2,1048576,200000.0,0.4,0.0,1.0,71,3,0,1350459,819430,2,2,64168
ring,2,1048576,200000.0,0.4,0.0,1.0,71,3,1,1520667,819430,2,2,59834
ring,2,1048576,200000.0,0.4,0.0,1.0,71,3,2,1461916,819430,2,2,13166
ring,2,1048576,200000.0,0.4,0.0,1.0,71,3,3,1426833,819430,2,2,76666
ring,2,1048576,200000.0,0.4,0.0,1.0,71,3,4,1386750,819430,2,2,73042
ring,2,1048576,200000.0,0.4,0.0,1.0,71,3,5,1430750,819430,2,2,26167
ring,2,1048576,200000.0,0.4,0.0,1.0,71,3,6,1401000,819430,2,2,111666
ring,2,1048576,200000.0,0.4,0.0,1.0,71,3,7,1308000,819430,2,2,44416
ring,2,1048576,200000.0,0.4,0.0,1.0,71,3,8,1351208,819430,2,2,50541
ring,2,1048576,200000.0,0.4,0.0,1.0,71,3,9,1348458,819430,2,2,74749
ring,2,1048576,200000.0,0.4,0.0,1.0,71,3,10,1352958,819430,2,2,75833
ring,2,1048576,200000.0,0.4,0.0,1.0,71,3,11,1272959,819430,2,2,47501
ring,2,1048576,200000.0,0.4,0.0,1.0,71,3,12,1298042,819430,2,2,36333
ring,2,1048576,200000.0,0.4,0.0,1.0,71,3,13,1373583,819430,2,2,48291
ring,2,1048576,200000.0,0.4,0.0,1.0,71,3,14,1349250,819430,2,2,56459
ring,2,1048576,200000.0,0.4,0.0,1.0,71,3,15,1512875,819430,2,2,83250
ring,2,1048576,200000.0,0.4,0.0,1.0,71,3,16,1485709,819430,2,2,77542
ring,2,1048576,200000.0,0.4,0.0,1.0,71,3,17,1422292,819430,2,2,1125
ring,2,1048576,200000.0,0.4,0.0,1.0,71,3,18,1337875,819430,2,2,73125
ring,2,1048576,200000.0,0.4,0.0,1.0,71,3,19,1297167,819430,2,2,45875
ring,2,1048576,200000.0,0.4,0.0,1.0,71,3,20,1280625,819430,2,2,35208
ring,2,1048576,200000.0,0.4,0.0,1.0,71,3,21,1304458,819430,2,2,35750
ring,2,1048576,200000.0,0.4,0.0,1.0,71,3,22,1344333,819430,2,2,53125
ring,2,1048576,200000.0,0.4,0.0,1.0,71,3,23,1390166,819430,2,2,18583
ring,2,1048576,200000.0,0.4,0.0,1.0,71,3,24,1309250,819430,2,2,42542
ring,2,1048576,200000.0,0.4,0.0,1.0,71,3,25,1327541,819430,2,2,38207
ring,2,1048576,200000.0,0.4,0.0,1.0,71,3,26,1383709,819430,2,2,110876
ring,2,1048576,200000.0,0.4,0.0,1.0,71,3,27,1310375,819430,2,2,48292
ring,2,1048576,200000.0,0.4,0.0,1.0,71,3,28,1380458,819430,2,2,68624
ring,2,1048576,200000.0,0.4,0.0,1.0,71,3,29,1378625,819430,2,2,83625
ring,2,1048576,200000.0,0.4,0.0,1.0,71,3,30,1352375,819430,2,2,62667
ring,2,1048576,200000.0,0.4,0.0,1.0,71,3,31,1290708,819430,2,2,63167
ring,2,1048576,200000.0,0.4,0.0,1.0,71,3,32,1304375,819430,2,2,54583
ring,2,1048576,200000.0,0.4,0.0,1.0,71,3,33,1373917,819430,2,2,63000
ring,2,1048576,200000.0,0.4,0.0,1.0,71,3,34,1376292,819430,2,2,56542
ring,2,1048576,200000.0,0.4,0.0,1.0,71,3,35,1346333,819430,2,2,68166
ring,2,1048576,200000.0,0.4,0.0,1.0,71,3,36,1318750,819430,2,2,48666
ring,2,1048576,200000.0,0.4,0.0,1.0,71,3,37,1409125,819430,2,2,61000
ring,2,1048576,200000.0,0.4,0.0,1.0,71,3,38,1358500,819430,2,2,43375
ring,2,1048576,200000.0,0.4,0.0,1.0,71,3,39,1349083,819430,2,2,86583
ring,2,1048576,200000.0,0.4,0.0,1.0,71,3,40,1392750,819430,2,2,26333
ring,2,1048576,200000.0,0.4,0.0,1.0,71,3,41,1312750,819430,2,2,70209
ring,2,1048576,200000.0,0.4,0.0,1.0,71,3,42,1280500,819430,2,2,48542
ring,2,1048576,200000.0,0.4,0.0,1.0,71,3,43,1299917,819430,2,2,39625
ring,2,1048576,200000.0,0.4,0.0,1.0,71,3,44,1327584,819430,2,2,41084
ring,2,1048576,200000.0,0.4,0.0,1.0,71,3,45,1335459,819430,2,2,71250
ring,2,1048576,200000.0,0.4,0.0,1.0,71,3,46,1361291,819430,2,2,61374
ring,2,1048576,200000.0,0.4,0.0,1.0,71,3,47,1291084,819430,2,2,51626
ring,2,1048576,200000.0,0.4,0.0,1.0,71,3,48,1401791,819430,2,2,6708
ring,2,1048576,200000.0,0.4,0.0,1.0,71,3,49,1378875,819430,2,2,66875
ring,2,1048576,200000.0,0.4,0.0,1.0,71,3,50,1282708,819430,2,2,39083
ring,2,1048576,200000.0,0.4,0.0,1.0,71,3,51,1305334,819430,2,2,62250
ring,2,1048576,200000.0,0.4,0.0,1.0,71,3,52,1349917,819430,2,2,82959
ring,2,1048576,200000.0,0.4,0.0,1.0,71,3,53,1357125,819430,2,2,67042
ring,2,1048576,200000.0,0.4,0.0,1.0,71,3,54,1292292,819430,2,2,44042
ring,2,1048576,200000.0,0.4,0.0,1.0,71,3,55,1351416,819430,2,2,64500
ring,2,1048576,200000.0,0.4,0.0,1.0,71,3,56,1307541,819430,2,2,53249
ring,2,1048576,200000.0,0.4,0.0,1.0,71,3,57,1378917,819430,2,2,45417
ring,2,1048576,200000.0,0.4,0.0,1.0,71,3,58,1258000,819430,2,2,40375
ring,2,1048576,200000.0,0.4,0.0,1.0,71,3,59,1282542,819430,2,2,32834
ring,2,1048576,200000.0,0.4,0.0,1.0,71,3,60,1361834,819430,2,2,84584
ring,2,1048576,200000.0,0.4,0.0,1.0,71,3,61,1316500,819430,2,2,62666
ring,2,1048576,200000.0,0.4,0.0,1.0,71,3,62,1319625,819430,2,2,41208
ring,2,1048576,200000.0,0.4,0.0,1.0,71,3,63,1327375,819430,2,2,32875
ring,2,1048576,200000.0,0.4,0.0,1.0,71,3,64,1410125,819430,2,2,58083
ring,2,1048576,200000.0,0.4,0.0,1.0,71,3,65,1295125,819430,2,2,33709
ring,2,1048576,200000.0,0.4,0.0,1.0,71,3,66,1292542,819430,2,2,31000
ring,2,1048576,200000.0,0.4,0.0,1.0,71,3,67,1334167,819430,2,2,59500
ring,2,1048576,200000.0,0.4,0.0,1.0,71,3,68,1264708,819430,2,2,47749
ring,2,1048576,200000.0,0.4,0.0,1.0,71,3,69,1336584,819430,2,2,58417
ring,2,1048576,200000.0,0.4,0.0,1.0,71,3,70,1269917,819430,2,2,35250
ring,2,1048576,200000.0,0.4,0.0,1.0,71,3,71,1269708,819430,2,2,42666
ring,2,1048576,200000.0,0.4,0.0,1.0,71,3,72,1323125,819430,2,2,32208
ring,2,1048576,200000.0,0.4,0.0,1.0,71,3,73,1308500,819430,2,2,49375
ring,2,1048576,200000.0,0.4,0.0,1.0,71,3,74,1293709,819430,2,2,56626
ring,2,1048576,200000.0,0.4,0.0,1.0,71,3,75,1420708,819430,2,2,33583
ring,2,1048576,200000.0,0.4,0.0,1.0,71,3,76,1423916,819430,2,2,42374
ring,2,1048576,200000.0,0.4,0.0,1.0,71,3,77,1331416,819430,2,2,59958
ring,2,1048576,200000.0,0.4,0.0,1.0,71,3,78,1379958,819430,2,2,39583
ring,2,1048576,200000.0,0.4,0.0,1.0,71,3,79,1343250,819430,2,2,51834
ring,2,1048576,200000.0,0.4,0.0,1.0,71,3,80,1360750,819430,2,2,60000
ring,2,1048576,200000.0,0.4,0.0,1.0,71,3,81,1309250,819430,2,2,69083
ring,2,1048576,200000.0,0.4,0.0,1.0,71,3,82,1358917,819430,2,2,59167
ring,2,1048576,200000.0,0.4,0.0,1.0,71,3,83,1335000,819430,2,2,52583
ring,2,1048576,200000.0,0.4,0.0,1.0,71,3,84,1360292,819430,2,2,60501
ring,2,1048576,200000.0,0.4,0.0,1.0,71,3,85,1337708,819430,2,2,32958
ring,2,1048576,200000.0,0.4,0.0,1.0,71,3,86,1291541,819430,2,2,32666
ring,2,1048576,200000.0,0.4,0.0,1.0,71,3,87,1334459,819430,2,2,68000
ring,2,1048576,200000.0,0.4,0.0,1.0,71,3,88,1286292,819430,2,2,56292
ring,2,1048576,200000.0,0.4,0.0,1.0,71,3,89,1265875,819430,2,2,40459
ring,2,1048576,200000.0,0.4,0.0,1.0,71,3,90,1295166,819430,2,2,19374
ring,2,1048576,200000.0,0.4,0.0,1.0,71,3,91,1295042,819430,2,2,28542
ring,2,1048576,200000.0,0.4,0.0,1.0,71,3,92,1331792,819430,2,2,41125
ring,2,1048576,200000.0,0.4,0.0,1.0,71,3,93,1308542,819430,2,2,40917
ring,2,1048576,200000.0,0.4,0.0,1.0,71,3,94,1376833,819430,2,2,51375
ring,2,1048576,200000.0,0.4,0.0,1.0,71,3,95,1352209,819430,2,2,72043
ring,2,1048576,200000.0,0.4,0.0,1.0,71,3,96,1334041,819430,2,2,58291
ring,2,1048576,200000.0,0.4,0.0,1.0,71,3,97,1352917,819430,2,2,55958
ring,2,1048576,200000.0,0.4,0.0,1.0,71,3,98,1333583,819430,2,2,42833
ring,2,1048576,200000.0,0.4,0.0,1.0,71,3,99,1319458,819430,2,2,44333
ring,2,1048576,200000.0,0.4,0.0,1.0,71,3,100,1394417,819430,2,2,15126
ring,2,1048576,200000.0,0.4,0.0,1.0,71,3,101,1468125,819430,2,2,28375
ring,2,1048576,200000.0,0.4,0.0,1.0,71,3,102,1369916,819430,2,2,52916
ring,2,1048576,200000.0,0.4,0.0,1.0,71,3,103,1386334,819430,2,2,18125
ring,2,1048576,200000.0,0.4,0.0,1.0,71,3,104,1408542,819430,2,2,81792
ring,2,1048576,200000.0,0.4,0.0,1.0,71,3,105,1353625,819430,2,2,51083
ring,2,1048576,200000.0,0.4,0.0,1.0,71,3,106,1404125,819430,2,2,52000
ring,2,1048576,200000.0,0.4,0.0,1.0,71,3,107,1323916,819430,2,2,51291
ring,2,1048576,200000.0,0.4,0.0,1.0,71,3,108,1290083,819430,2,2,55000
ring,2,1048576,200000.0,0.4,0.0,1.0,71,3,109,1357583,819430,2,2,81083
ring,2,1048576,200000.0,0.4,0.0,1.0,71,3,110,1320167,819430,2,2,64292
ring,2,1048576,200000.0,0.4,0.0,1.0,71,3,111,1437167,819430,2,2,78625
ring,2,1048576,200000.0,0.4,0.0,1.0,71,3,112,1449125,819430,2,2,61834
ring,2,1048576,200000.0,0.4,0.0,1.0,71,3,113,1380583,819430,2,2,66750
ring,2,1048576,200000.0,0.4,0.0,1.0,71,3,114,1254458,819430,2,2,31375
ring,2,1048576,200000.0,0.4,0.0,1.0,71,3,115,1301917,819430,2,2,43334
ring,2,1048576,200000.0,0.4,0.0,1.0,71,3,116,1342333,819430,2,2,22583
ring,2,1048576,200000.0,0.4,0.0,1.0,71,3,117,1372500,819430,2,2,53541
ring,2,1048576,200000.0,0.4,0.0,1.0,71,3,118,1373333,819430,2,2,71125
ring,2,1048576,200000.0,0.4,0.0,1.0,71,3,119,1300958,819430,2,2,41583
ring,2,1048576,200000.0,0.4,0.0,1.0,71,3,120,1364250,819430,2,2,70416
ring,2,1048576,200000.0,0.4,0.0,1.0,71,3,121,1517417,819430,2,2,53417
ring,2,1048576,200000.0,0.4,0.0,1.0,71,3,122,1573875,819430,2,2,66583
ring,2,1048576,200000.0,0.4,0.0,1.0,71,3,123,1436000,819430,2,2,80875
ring,2,1048576,200000.0,0.4,0.0,1.0,71,3,124,1355750,819430,2,2,49000
ring,2,1048576,200000.0,0.4,0.0,1.0,71,3,125,1347833,819430,2,2,57083
ring,2,1048576,200000.0,0.4,0.0,1.0,71,3,126,1309084,819430,2,2,30001
ring,2,1048576,200000.0,0.4,0.0,1.0,71,3,127,1408917,819430,2,2,93667
ring,2,1048576,200000.0,0.4,0.0,1.0,71,3,128,1334125,819430,2,2,13708
ring,2,1048576,200000.0,0.4,0.0,1.0,71,3,129,1295417,819430,2,2,51250
ring,2,1048576,200000.0,0.4,0.0,1.0,71,3,130,1334375,819430,2,2,61542
ring,2,1048576,200000.0,0.4,0.0,1.0,71,3,131,1362208,819430,2,2,36499
ring,2,1048576,200000.0,0.4,0.0,1.0,71,3,132,1350791,819430,2,2,43041
ring,2,1048576,200000.0,0.4,0.0,1.0,71,3,133,1429917,819430,2,2,32792
ring,2,1048576,200000.0,0.4,0.0,1.0,71,3,134,1343125,819430,2,2,42792
ring,2,1048576,200000.0,0.4,0.0,1.0,71,3,135,1348917,819430,2,2,54292
ring,2,1048576,200000.0,0.4,0.0,1.0,71,3,136,1331875,819430,2,2,71250
ring,2,1048576,200000.0,0.4,0.0,1.0,71,3,137,1303167,819430,2,2,73833
ring,2,1048576,200000.0,0.4,0.0,1.0,71,3,138,1330167,819430,2,2,40625
ring,2,1048576,200000.0,0.4,0.0,1.0,71,3,139,1289541,819430,2,2,33374
ring,2,1048576,200000.0,0.4,0.0,1.0,71,3,140,1359250,819430,2,2,50750
ring,2,1048576,200000.0,0.4,0.0,1.0,71,3,141,1400916,819430,2,2,71374
ring,2,1048576,200000.0,0.4,0.0,1.0,71,3,142,1418375,819430,2,2,14875
ring,2,1048576,200000.0,0.4,0.0,1.0,71,3,143,1295958,819430,2,2,37417
ring,2,1048576,200000.0,0.4,0.0,1.0,71,3,144,1286208,819430,2,2,15416
ring,2,1048576,200000.0,0.4,0.0,1.0,71,3,145,1324583,819430,2,2,65166
ring,2,1048576,200000.0,0.4,0.0,1.0,71,3,146,1312250,819430,2,2,48250
ring,2,1048576,200000.0,0.4,0.0,1.0,71,3,147,1339875,819430,2,2,51167
ring,2,1048576,200000.0,0.4,0.0,1.0,71,3,148,1305917,819430,2,2,45417
ring,2,1048576,200000.0,0.4,0.0,1.0,71,3,149,1365708,819430,2,2,67416
ring,2,1048576,200000.0,0.4,0.0,1.0,71,3,150,1410292,819430,2,2,77667
ring,2,1048576,200000.0,0.4,0.0,1.0,71,3,151,1290541,819430,2,2,44166
ring,2,1048576,200000.0,0.4,0.0,1.0,71,3,152,1275250,819430,2,2,67041
ring,2,1048576,200000.0,0.4,0.0,1.0,71,3,153,1271375,819430,2,2,26000
ring,2,1048576,200000.0,0.4,0.0,1.0,71,3,154,1306375,819430,2,2,41792
ring,2,1048576,200000.0,0.4,0.0,1.0,71,3,155,1354667,819430,2,2,76584
ring,2,1048576,200000.0,0.4,0.0,1.0,71,3,156,1324250,819430,2,2,37625
ring,2,1048576,200000.0,0.4,0.0,1.0,71,3,157,1293375,819430,2,2,29625
ring,2,1048576,200000.0,0.4,0.0,1.0,71,3,158,1292292,819430,2,2,52125
ring,2,1048576,200000.0,0.4,0.0,1.0,71,3,159,1300875,819430,2,2,65458
ring,2,1048576,200000.0,0.4,0.0,1.0,71,3,160,1291000,819430,2,2,53875
ring,2,1048576,200000.0,0.4,0.0,1.0,71,3,161,1311500,819430,2,2,53458
ring,2,1048576,200000.0,0.4,0.0,1.0,71,3,162,1394541,819430,2,2,61082
ring,2,1048576,200000.0,0.4,0.0,1.0,71,3,163,1424791,819430,2,2,76791
ring,2,1048576,200000.0,0.4,0.0,1.0,71,3,164,1340417,819430,2,2,44500
ring,2,1048576,200000.0,0.4,0.0,1.0,71,3,165,1309917,819430,2,2,60667
ring,2,1048576,200000.0,0.4,0.0,1.0,71,3,166,1274166,819430,2,2,34041
ring,2,1048576,200000.0,0.4,0.0,1.0,71,3,167,1283167,819430,2,2,41708
ring,2,1048576,200000.0,0.4,0.0,1.0,71,3,168,1271791,819430,2,2,44166
ring,2,1048576,200000.0,0.4,0.0,1.0,71,3,169,1259667,819430,2,2,51834
ring,2,1048576,200000.0,0.4,0.0,1.0,71,3,170,1282042,819430,2,2,44584
ring,2,1048576,200000.0,0.4,0.0,1.0,71,3,171,1256750,819430,2,2,30375
ring,2,1048576,200000.0,0.4,0.0,1.0,71,3,172,1409292,819430,2,2,50042
ring,2,1048576,200000.0,0.4,0.0,1.0,71,3,173,1392250,819430,2,2,55542
ring,2,1048576,200000.0,0.4,0.0,1.0,71,3,174,1290209,819430,2,2,45042
ring,2,1048576,200000.0,0.4,0.0,1.0,71,3,175,1352458,819430,2,2,58083
ring,2,1048576,200000.0,0.4,0.0,1.0,71,3,176,1281125,819430,2,2,47209
ring,2,1048576,200000.0,0.4,0.0,1.0,71,3,177,1362125,819430,2,2,71208
ring,2,1048576,200000.0,0.4,0.0,1.0,71,3,178,1321833,819430,2,2,68166
ring,2,1048576,200000.0,0.4,0.0,1.0,71,3,179,1342792,819430,2,2,71167
ring,2,1048576,200000.0,0.4,0.0,1.0,71,3,180,1305458,819430,2,2,62083
ring,2,1048576,200000.0,0.4,0.0,1.0,71,3,181,1296250,819430,2,2,48625
ring,2,1048576,200000.0,0.4,0.0,1.0,71,3,182,1588875,819430,2,2,142250
ring,2,1048576,200000.0,0.4,0.0,1.0,71,3,183,1388625,819430,2,2,11958
ring,2,1048576,200000.0,0.4,0.0,1.0,71,3,184,1437584,819430,2,2,71376
ring,2,1048576,200000.0,0.4,0.0,1.0,71,3,185,1327708,819430,2,2,73083
ring,2,1048576,200000.0,0.4,0.0,1.0,71,3,186,1313500,819430,2,2,49542
ring,2,1048576,200000.0,0.4,0.0,1.0,71,3,187,1281333,819430,2,2,44750
ring,2,1048576,200000.0,0.4,0.0,1.0,71,3,188,1279708,819430,2,2,52500
ring,2,1048576,200000.0,0.4,0.0,1.0,71,3,189,1334500,819430,2,2,70667
ring,2,1048576,200000.0,0.4,0.0,1.0,71,3,190,1284209,819430,2,2,44418
ring,2,1048576,200000.0,0.4,0.0,1.0,71,3,191,1321042,819430,2,2,64708
ring,2,1048576,200000.0,0.4,0.0,1.0,71,3,192,1360542,819430,2,2,92959
ring,2,1048576,200000.0,0.4,0.0,1.0,71,3,193,1377833,819430,2,2,53208
ring,2,1048576,200000.0,0.4,0.0,1.0,71,3,194,1284958,819430,2,2,53375
ring,2,1048576,200000.0,0.4,0.0,1.0,71,3,195,1310750,819430,2,2,46584
ring,2,1048576,200000.0,0.4,0.0,1.0,71,3,196,1332292,819430,2,2,72583
ring,2,1048576,200000.0,0.4,0.0,1.0,71,3,197,1323875,819430,2,2,56917
ring,2,1048576,200000.0,0.4,0.0,1.0,71,3,198,1266958,819430,2,2,35958
ring,2,1048576,200000.0,0.4,0.0,1.0,71,3,199,1303958,819430,2,2,44458
ring,2,1048576,200000.0,0.4,0.0,1.0,71,3,200,1310458,819430,2,2,65833
ring,2,1048576,200000.0,0.4,0.0,1.0,71,3,201,1292500,819430,2,2,49125
ring,2,1048576,200000.0,0.4,0.0,1.0,71,3,202,1341667,819430,2,2,70459
ring,2,1048576,200000.0,0.4,0.0,1.0,71,3,203,1318084,819430,2,2,78750
ring,2,1048576,200000.0,0.4,0.0,1.0,71,3,204,1301375,819430,2,2,43375
ring,2,1048576,200000.0,0.4,0.0,1.0,71,3,205,1249584,819430,2,2,28250
ring,2,1048576,200000.0,0.4,0.0,1.0,71,3,206,1390666,819430,2,2,91999
ring,2,1048576,200000.0,0.4,0.0,1.0,71,3,207,1350916,819430,2,2,66333
ring,2,1048576,200000.0,0.4,0.0,1.0,71,3,208,1322375,819430,2,2,68625
ring,2,1048576,200000.0,0.4,0.0,1.0,71,3,209,1317625,819430,2,2,68959
ring,2,1048576,200000.0,0.4,0.0,1.0,71,3,210,1308250,819430,2,2,57208
ring,2,1048576,200000.0,0.4,0.0,1.0,71,3,211,1365250,819430,2,2,42667
ring,2,1048576,200000.0,0.4,0.0,1.0,71,3,212,1399000,819430,2,2,73083
ring,2,1048576,200000.0,0.4,0.0,1.0,71,3,213,1362792,819430,2,2,74459
ring,2,1048576,200000.0,0.4,0.0,1.0,71,3,214,1286542,819430,2,2,32625
ring,2,1048576,200000.0,0.4,0.0,1.0,71,3,215,1299833,819430,2,2,67333
ring,2,1048576,200000.0,0.4,0.0,1.0,71,3,216,1287000,819430,2,2,49917
ring,2,1048576,200000.0,0.4,0.0,1.0,71,3,217,1309875,819430,2,2,60542
ring,2,1048576,200000.0,0.4,0.0,1.0,71,3,218,1314250,819430,2,2,30208
ring,2,1048576,200000.0,0.4,0.0,1.0,71,3,219,1355750,819430,2,2,66375
ring,2,1048576,200000.0,0.4,0.0,1.0,71,3,220,1327500,819430,2,2,49750
ring,2,1048576,200000.0,0.4,0.0,1.0,71,3,221,1338166,819430,2,2,61374
ring,2,1048576,200000.0,0.4,0.0,1.0,71,3,222,1323500,819430,2,2,49125
ring,2,1048576,200000.0,0.4,0.0,1.0,71,3,223,1340250,819430,2,2,74875
ring,2,1048576,200000.0,0.4,0.0,1.0,71,3,224,1360542,819430,2,2,60625
ring,2,1048576,200000.0,0.4,0.0,1.0,71,3,225,1325750,819430,2,2,79292
ring,2,1048576,200000.0,0.4,0.0,1.0,71,3,226,1285375,819430,2,2,48958
ring,2,1048576,200000.0,0.4,0.0,1.0,71,3,227,1324791,819430,2,2,45416
ring,2,1048576,200000.0,0.4,0.0,1.0,71,3,228,1284208,819430,2,2,35374
ring,2,1048576,200000.0,0.4,0.0,1.0,71,3,229,1307792,819430,2,2,52417
ring,2,1048576,200000.0,0.4,0.0,1.0,71,3,230,1294334,819430,2,2,62792
ring,2,1048576,200000.0,0.4,0.0,1.0,71,3,231,1372333,819430,2,2,44458
ring,2,1048576,200000.0,0.4,0.0,1.0,71,3,232,1330541,819430,2,2,54457
ring,2,1048576,200000.0,0.4,0.0,1.0,71,3,233,1372125,819430,2,2,42583
ring,2,1048576,200000.0,0.4,0.0,1.0,71,3,234,1292917,819430,2,2,52125
ring,2,1048576,200000.0,0.4,0.0,1.0,71,3,235,1261208,819430,2,2,14500
ring,2,1048576,200000.0,0.4,0.0,1.0,71,3,236,1351542,819430,2,2,67875
ring,2,1048576,200000.0,0.4,0.0,1.0,71,3,237,1279458,819430,2,2,35749
ring,2,1048576,200000.0,0.4,0.0,1.0,71,3,238,1306667,819430,2,2,61209
ring,2,1048576,200000.0,0.4,0.0,1.0,71,3,239,1313834,819430,2,2,61709
ring,2,1048576,200000.0,0.4,0.0,1.0,71,3,240,1295667,819430,2,2,54917
ring,2,1048576,200000.0,0.4,0.0,1.0,71,3,241,1287583,819430,2,2,51416
ring,2,1048576,200000.0,0.4,0.0,1.0,71,3,242,1319292,819430,2,2,77542
ring,2,1048576,200000.0,0.4,0.0,1.0,71,3,243,1281083,819430,2,2,42166
ring,2,1048576,200000.0,0.4,0.0,1.0,71,3,244,1466208,819430,2,2,85208
ring,2,1048576,200000.0,0.4,0.0,1.0,71,3,245,1482792,819430,2,2,15834
ring,2,1048576,200000.0,0.4,0.0,1.0,71,3,246,1374917,819430,2,2,42126
ring,2,1048576,200000.0,0.4,0.0,1.0,71,3,247,1475750,819430,2,2,83000
ring,2,1048576,200000.0,0.4,0.0,1.0,71,3,248,1379333,819430,2,2,76958
ring,2,1048576,200000.0,0.4,0.0,1.0,71,3,249,1341417,819430,2,2,68709
ring,2,4194304,200000.0,0.4,0.0,1.0,71,3,0,3490291,2077720,2,2,240458
ring,2,4194304,200000.0,0.4,0.0,1.0,71,3,1,3524167,2077720,2,2,232042
ring,2,4194304,200000.0,0.4,0.0,1.0,71,3,2,3556375,2077720,2,2,199667
ring,2,4194304,200000.0,0.4,0.0,1.0,71,3,3,3572666,2077720,2,2,201291
ring,2,4194304,200000.0,0.4,0.0,1.0,71,3,4,3469834,2077720,2,2,200543
ring,2,4194304,200000.0,0.4,0.0,1.0,71,3,5,3483959,2077720,2,2,245875
ring,2,4194304,200000.0,0.4,0.0,1.0,71,3,6,3651542,2077720,2,2,168959
ring,2,4194304,200000.0,0.4,0.0,1.0,71,3,7,3517167,2077720,2,2,183834
ring,2,4194304,200000.0,0.4,0.0,1.0,71,3,8,3535083,2077720,2,2,173458
ring,2,4194304,200000.0,0.4,0.0,1.0,71,3,9,3516750,2077720,2,2,174834
ring,2,4194304,200000.0,0.4,0.0,1.0,71,3,10,3603583,2077720,2,2,216333
ring,2,4194304,200000.0,0.4,0.0,1.0,71,3,11,3480083,2077720,2,2,194333
ring,2,4194304,200000.0,0.4,0.0,1.0,71,3,12,3581458,2077720,2,2,149041
ring,2,4194304,200000.0,0.4,0.0,1.0,71,3,13,3494375,2077720,2,2,205375
ring,2,4194304,200000.0,0.4,0.0,1.0,71,3,14,3557458,2077720,2,2,158125
ring,2,4194304,200000.0,0.4,0.0,1.0,71,3,15,3580958,2077720,2,2,210416
ring,2,4194304,200000.0,0.4,0.0,1.0,71,3,16,3595084,2077720,2,2,256126
ring,2,4194304,200000.0,0.4,0.0,1.0,71,3,17,3542125,2077720,2,2,222333
ring,2,4194304,200000.0,0.4,0.0,1.0,71,3,18,3502375,2077720,2,2,234541
ring,2,4194304,200000.0,0.4,0.0,1.0,71,3,19,3601083,2077720,2,2,204500
ring,2,4194304,200000.0,0.4,0.0,1.0,71,3,20,3645000,2077720,2,2,190000
ring,2,4194304,200000.0,0.4,0.0,1.0,71,3,21,3545750,2077720,2,2,238625
ring,2,4194304,200000.0,0.4,0.0,1.0,71,3,22,3527333,2077720,2,2,149583
ring,2,4194304,200000.0,0.4,0.0,1.0,71,3,23,3602375,2077720,2,2,131959
ring,2,4194304,200000.0,0.4,0.0,1.0,71,3,24,3513375,2077720,2,2,216791
ring,2,4194304,200000.0,0.4,0.0,1.0,71,3,25,3507542,2077720,2,2,210417
ring,2,4194304,200000.0,0.4,0.0,1.0,71,3,26,3571708,2077720,2,2,200666
ring,2,4194304,200000.0,0.4,0.0,1.0,71,3,27,3487375,2077720,2,2,257041
ring,2,4194304,200000.0,0.4,0.0,1.0,71,3,28,3527000,2077720,2,2,203291
ring,2,4194304,200000.0,0.4,0.0,1.0,71,3,29,3537958,2077720,2,2,199666
ring,2,4194304,200000.0,0.4,0.0,1.0,71,3,30,3474334,2077720,2,2,224584
ring,2,4194304,200000.0,0.4,0.0,1.0,71,3,31,3459375,2077720,2,2,154667
ring,2,4194304,200000.0,0.4,0.0,1.0,71,3,32,3553459,2077720,2,2,244167
ring,2,4194304,200000.0,0.4,0.0,1.0,71,3,33,3530875,2077720,2,2,267291
ring,2,4194304,200000.0,0.4,0.0,1.0,71,3,34,3559250,2077720,2,2,180875
ring,2,4194304,200000.0,0.4,0.0,1.0,71,3,35,3497083,2077720,2,2,218875
ring,2,4194304,200000.0,0.4,0.0,1.0,71,3,36,3537000,2077720,2,2,226875
ring,2,4194304,200000.0,0.4,0.0,1.0,71,3,37,3550208,2077720,2,2,165708
ring,2,4194304,200000.0,0.4,0.0,1.0,71,3,38,3646250,2077720,2,2,76834
ring,2,4194304,200000.0,0.4,0.0,1.0,71,3,39,3541875,2077720,2,2,202541
ring,2,4194304,200000.0,0.4,0.0,1.0,71,3,40,3508292,2077720,2,2,228833
ring,2,4194304,200000.0,0.4,0.0,1.0,71,3,41,3586792,2077720,2,2,152792
ring,2,4194304,200000.0,0.4,0.0,1.0,71,3,42,3559500,2077720,2,2,171125
ring,2,4194304,200000.0,0.4,0.0,1.0,71,3,43,3551042,2077720,2,2,248834
ring,2,4194304,200000.0,0.4,0.0,1.0,71,3,44,3534125,2077720,2,2,206291
ring,2,4194304,200000.0,0.4,0.0,1.0,71,3,45,3559750,2077720,2,2,239750
ring,2,4194304,200000.0,0.4,0.0,1.0,71,3,46,3521042,2077720,2,2,181292
ring,2,4194304,200000.0,0.4,0.0,1.0,71,3,47,3510541,2077720,2,2,159707
ring,2,4194304,200000.0,0.4,0.0,1.0,71,3,48,3502375,2077720,2,2,199334
ring,2,4194304,200000.0,0.4,0.0,1.0,71,3,49,3432042,2077720,2,2,208167
ring,2,4194304,200000.0,0.4,0.0,1.0,71,3,50,3543625,2077720,2,2,189125
ring,2,4194304,200000.0,0.4,0.0,1.0,71,3,51,3563333,2077720,2,2,182041
ring,2,4194304,200000.0,0.4,0.0,1.0,71,3,52,3496459,2077720,2,2,246126
ring,2,4194304,200000.0,0.4,0.0,1.0,71,3,53,3535250,2077720,2,2,142500
ring,2,4194304,200000.0,0.4,0.0,1.0,71,3,54,3457833,2077720,2,2,237833
ring,2,4194304,200000.0,0.4,0.0,1.0,71,3,55,3493750,2077720,2,2,176834
ring,2,4194304,200000.0,0.4,0.0,1.0,71,3,56,3460625,2077720,2,2,148292
ring,2,4194304,200000.0,0.4,0.0,1.0,71,3,57,3473792,2077720,2,2,202042
ring,2,4194304,200000.0,0.4,0.0,1.0,71,3,58,3575750,2077720,2,2,206125
ring,2,4194304,200000.0,0.4,0.0,1.0,71,3,59,3523500,2077720,2,2,136042
ring,2,4194304,200000.0,0.4,0.0,1.0,71,3,60,3470375,2077720,2,2,165917
ring,2,4194304,200000.0,0.4,0.0,1.0,71,3,61,3560875,2077720,2,2,231792
ring,2,4194304,200000.0,0.4,0.0,1.0,71,3,62,3482333,2077720,2,2,240875
ring,2,4194304,200000.0,0.4,0.0,1.0,71,3,63,3553833,2077720,2,2,166083
ring,2,4194304,200000.0,0.4,0.0,1.0,71,3,64,3440167,2077720,2,2,156209
ring,2,4194304,200000.0,0.4,0.0,1.0,71,3,65,3579041,2077720,2,2,160625
ring,2,4194304,200000.0,0.4,0.0,1.0,71,3,66,3557875,2077720,2,2,267083
ring,2,4194304,200000.0,0.4,0.0,1.0,71,3,67,3499875,2077720,2,2,173875
ring,2,4194304,200000.0,0.4,0.0,1.0,71,3,68,3507917,2077720,2,2,232375
ring,2,4194304,200000.0,0.4,0.0,1.0,71,3,69,3471958,2077720,2,2,199874
ring,2,4194304,200000.0,0.4,0.0,1.0,71,3,70,3654458,2077720,2,2,176167
ring,2,4194304,200000.0,0.4,0.0,1.0,71,3,71,3460083,2077720,2,2,152792
ring,2,4194304,200000.0,0.4,0.0,1.0,71,3,72,3416000,2077720,2,2,207333
ring,2,4194304,200000.0,0.4,0.0,1.0,71,3,73,3505375,2077720,2,2,251000
ring,2,4194304,200000.0,0.4,0.0,1.0,71,3,74,3482792,2077720,2,2,171042
ring,2,4194304,200000.0,0.4,0.0,1.0,71,3,75,3453958,2077720,2,2,223166
ring,2,4194304,200000.0,0.4,0.0,1.0,71,3,76,3571666,2077720,2,2,140832
ring,2,4194304,200000.0,0.4,0.0,1.0,71,3,77,3541542,2077720,2,2,186459
ring,2,4194304,200000.0,0.4,0.0,1.0,71,3,78,3661500,2077720,2,2,198167
ring,2,4194304,200000.0,0.4,0.0,1.0,71,3,79,3523833,2077720,2,2,236625
ring,2,4194304,200000.0,0.4,0.0,1.0,71,3,80,3461750,2077720,2,2,194167
ring,2,4194304,200000.0,0.4,0.0,1.0,71,3,81,3521208,2077720,2,2,162917
ring,2,4194304,200000.0,0.4,0.0,1.0,71,3,82,3584584,2077720,2,2,239042
ring,2,4194304,200000.0,0.4,0.0,1.0,71,3,83,3569417,2077720,2,2,256250
ring,2,4194304,200000.0,0.4,0.0,1.0,71,3,84,3501625,2077720,2,2,231875
ring,2,4194304,200000.0,0.4,0.0,1.0,71,3,85,3540917,2077720,2,2,153917
ring,2,4194304,200000.0,0.4,0.0,1.0,71,3,86,3685750,2077720,2,2,69291
ring,2,4194304,200000.0,0.4,0.0,1.0,71,3,87,3442333,2077720,2,2,212166
ring,2,4194304,200000.0,0.4,0.0,1.0,71,3,88,3527666,2077720,2,2,197041
ring,2,4194304,200000.0,0.4,0.0,1.0,71,3,89,3516375,2077720,2,2,173417
ring,2,4194304,200000.0,0.4,0.0,1.0,71,3,90,3518416,2077720,2,2,291374
ring,2,4194304,200000.0,0.4,0.0,1.0,71,3,91,3477166,2077720,2,2,240207
ring,2,4194304,200000.0,0.4,0.0,1.0,71,3,92,3511250,2077720,2,2,223333
ring,2,4194304,200000.0,0.4,0.0,1.0,71,3,93,3521209,2077720,2,2,187376
ring,2,4194304,200000.0,0.4,0.0,1.0,71,3,94,3477542,2077720,2,2,228042
ring,2,4194304,200000.0,0.4,0.0,1.0,71,3,95,3501916,2077720,2,2,136041
ring,2,4194304,200000.0,0.4,0.0,1.0,71,3,96,3554959,2077720,2,2,207000
ring,2,4194304,200000.0,0.4,0.0,1.0,71,3,97,3501083,2077720,2,2,214999
ring,2,4194304,200000.0,0.4,0.0,1.0,71,3,98,3536375,2077720,2,2,218417
ring,2,4194304,200000.0,0.4,0.0,1.0,71,3,99,3474708,2077720,2,2,195833
ring,2,4194304,200000.0,0.4,0.0,1.0,71,3,100,3516958,2077720,2,2,144291
ring,2,4194304,200000.0,0.4,0.0,1.0,71,3,101,3636250,2077720,2,2,149417
ring,2,4194304,200000.0,0.4,0.0,1.0,71,3,102,3501542,2077720,2,2,153708
ring,2,4194304,200000.0,0.4,0.0,1.0,71,3,103,3571959,2077720,2,2,163126
ring,2,4194304,200000.0,0.4,0.0,1.0,71,3,104,3696041,2077720,2,2,181499
ring,2,4194304,200000.0,0.4,0.0,1.0,71,3,105,3724958,2077720,2,2,134874
ring,2,4194304,200000.0,0.4,0.0,1.0,71,3,106,3927666,2077720,2,2,12208
ring,2,4194304,200000.0,0.4,0.0,1.0,71,3,107,3924584,2077720,2,2,16876
ring,2,4194304,200000.0,0.4,0.0,1.0,71,3,108,3892125,2077720,2,2,122042
ring,2,4194304,200000.0,0.4,0.0,1.0,71,3,109,3909833,2077720,2,2,96333
ring,2,4194304,200000.0,0.4,0.0,1.0,71,3,110,3800125,2077720,2,2,22709
ring,2,4194304,200000.0,0.4,0.0,1.0,71,3,111,3837958,2077720,2,2,29208
ring,2,4194304,200000.0,0.4,0.0,1.0,71,3,112,3874167,2077720,2,2,43709
ring,2,4194304,200000.0,0.4,0.0,1.0,71,3,113,3871458,2077720,2,2,101083
ring,2,4194304,200000.0,0.4,0.0,1.0,71,3,114,3814666,2077720,2,2,83083
ring,2,4194304,200000.0,0.4,0.0,1.0,71,3,115,3822750,2077720,2,2,51750
ring,2,4194304,200000.0,0.4,0.0,1.0,71,3,116,3807042,2077720,2,2,25917
ring,2,4194304,200000.0,0.4,0.0,1.0,71,3,117,3741334,2077720,2,2,34001
ring,2,4194304,200000.0,0.4,0.0,1.0,71,3,118,3604125,2077720,2,2,199000
ring,2,4194304,200000.0,0.4,0.0,1.0,71,3,119,3805791,2077720,2,2,101249
ring,2,4194304,200000.0,0.4,0.0,1.0,71,3,120,3631667,2077720,2,2,246250
ring,2,4194304,200000.0,0.4,0.0,1.0,71,3,121,3639417,2077720,2,2,156958
ring,2,4194304,200000.0,0.4,0.0,1.0,71,3,122,3532041,2077720,2,2,194166
ring,2,4194304,200000.0,0.4,0.0,1.0,71,3,123,3470291,2077720,2,2,241541
ring,2,4194304,200000.0,0.4,0.0,1.0,71,3,124,3503834,2077720,2,2,166167
ring,2,4194304,200000.0,0.4,0.0,1.0,71,3,125,3519584,2077720,2,2,247292
ring,2,4194304,200000.0,0.4,0.0,1.0,71,3,126,3600875,2077720,2,2,159500
ring,2,4194304,200000.0,0.4,0.0,1.0,71,3,127,3455958,2077720,2,2,190708
ring,2,4194304,200000.0,0.4,0.0,1.0,71,3,128,3537583,2077720,2,2,128667
ring,2,4194304,200000.0,0.4,0.0,1.0,71,3,129,3512792,2077720,2,2,242584
ring,2,4194304,200000.0,0.4,0.0,1.0,71,3,130,3504833,2077720,2,2,255416
ring,2,4194304,200000.0,0.4,0.0,1.0,71,3,131,3523417,2077720,2,2,187167
ring,2,4194304,200000.0,0.4,0.0,1.0,71,3,132,3506042,2077720,2,2,264583
ring,2,4194304,200000.0,0.4,0.0,1.0,71,3,133,3523833,2077720,2,2,213208
ring,2,4194304,200000.0,0.4,0.0,1.0,71,3,134,3637125,2077720,2,2,167333
ring,2,4194304,200000.0,0.4,0.0,1.0,71,3,135,3568208,2077720,2,2,221291
ring,2,4194304,200000.0,0.4,0.0,1.0,71,3,136,3519417,2077720,2,2,209208
ring,2,4194304,200000.0,0.4,0.0,1.0,71,3,137,3624917,2077720,2,2,178792
ring,2,4194304,200000.0,0.4,0.0,1.0,71,3,138,3567583,2077720,2,2,216124
ring,2,4194304,200000.0,0.4,0.0,1.0,71,3,139,3541666,2077720,2,2,148624
ring,2,4194304,200000.0,0.4,0.0,1.0,71,3,140,3622125,2077720,2,2,168333
ring,2,4194304,200000.0,0.4,0.0,1.0,71,3,141,3502625,2077720,2,2,221833
ring,2,4194304,200000.0,0.4,0.0,1.0,71,3,142,3603959,2077720,2,2,202709
ring,2,4194304,200000.0,0.4,0.0,1.0,71,3,143,3551917,2077720,2,2,215125
ring,2,4194304,200000.0,0.4,0.0,1.0,71,3,144,3786709,2077720,2,2,20875
ring,2,4194304,200000.0,0.4,0.0,1.0,71,3,145,3604000,2077720,2,2,188625
ring,2,4194304,200000.0,0.4,0.0,1.0,71,3,146,3548084,2077720,2,2,197834
ring,2,4194304,200000.0,0.4,0.0,1.0,71,3,147,3510708,2077720,2,2,217416
ring,2,4194304,200000.0,0.4,0.0,1.0,71,3,148,3494334,2077720,2,2,192292
ring,2,4194304,200000.0,0.4,0.0,1.0,71,3,149,3544208,2077720,2,2,167333
ring,2,4194304,200000.0,0.4,0.0,1.0,71,3,150,3552625,2077720,2,2,142750
ring,2,4194304,200000.0,0.4,0.0,1.0,71,3,151,3594167,2077720,2,2,114792
ring,2,4194304,200000.0,0.4,0.0,1.0,71,3,152,3485625,2077720,2,2,183042
ring,2,4194304,200000.0,0.4,0.0,1.0,71,3,153,3571458,2077720,2,2,232791
ring,2,4194304,200000.0,0.4,0.0,1.0,71,3,154,3488583,2077720,2,2,216624
ring,2,4194304,200000.0,0.4,0.0,1.0,71,3,155,3540750,2077720,2,2,196542
ring,2,4194304,200000.0,0.4,0.0,1.0,71,3,156,3559042,2077720,2,2,128917
ring,2,4194304,200000.0,0.4,0.0,1.0,71,3,157,3561459,2077720,2,2,186042
ring,2,4194304,200000.0,0.4,0.0,1.0,71,3,158,3529791,2077720,2,2,231208
ring,2,4194304,200000.0,0.4,0.0,1.0,71,3,159,3526375,2077720,2,2,217125
ring,2,4194304,200000.0,0.4,0.0,1.0,71,3,160,3586250,2077720,2,2,218958
ring,2,4194304,200000.0,0.4,0.0,1.0,71,3,161,3502542,2077720,2,2,204583
ring,2,4194304,200000.0,0.4,0.0,1.0,71,3,162,3679666,2077720,2,2,146083
ring,2,4194304,200000.0,0.4,0.0,1.0,71,3,163,3834833,2077720,2,2,150166
ring,2,4194304,200000.0,0.4,0.0,1.0,71,3,164,3838209,2077720,2,2,83709
ring,2,4194304,200000.0,0.4,0.0,1.0,71,3,165,3715250,2077720,2,2,206083
ring,2,4194304,200000.0,0.4,0.0,1.0,71,3,166,3631750,2077720,2,2,198875
ring,2,4194304,200000.0,0.4,0.0,1.0,71,3,167,3557958,2077720,2,2,286166
ring,2,4194304,200000.0,0.4,0.0,1.0,71,3,168,3548208,2077720,2,2,231166
ring,2,4194304,200000.0,0.4,0.0,1.0,71,3,169,3462917,2077720,2,2,200917
ring,2,4194304,200000.0,0.4,0.0,1.0,71,3,170,3552750,2077720,2,2,255333
ring,2,4194304,200000.0,0.4,0.0,1.0,71,3,171,3510500,2077720,2,2,171375
ring,2,4194304,200000.0,0.4,0.0,1.0,71,3,172,3586125,2077720,2,2,40000
ring,2,4194304,200000.0,0.4,0.0,1.0,71,3,173,3617000,2077720,2,2,210542
ring,2,4194304,200000.0,0.4,0.0,1.0,71,3,174,3609167,2077720,2,2,221750
ring,2,4194304,200000.0,0.4,0.0,1.0,71,3,175,3530333,2077720,2,2,197125
ring,2,4194304,200000.0,0.4,0.0,1.0,71,3,176,3541875,2077720,2,2,258125
ring,2,4194304,200000.0,0.4,0.0,1.0,71,3,177,3605875,2077720,2,2,224459
ring,2,4194304,200000.0,0.4,0.0,1.0,71,3,178,3560584,2077720,2,2,244918
ring,2,4194304,200000.0,0.4,0.0,1.0,71,3,179,3550458,2077720,2,2,248417
ring,2,4194304,200000.0,0.4,0.0,1.0,71,3,180,3523209,2077720,2,2,218709
ring,2,4194304,200000.0,0.4,0.0,1.0,71,3,181,3529125,2077720,2,2,222541
ring,2,4194304,200000.0,0.4,0.0,1.0,71,3,182,3562541,2077720,2,2,194249
ring,2,4194304,200000.0,0.4,0.0,1.0,71,3,183,3521167,2077720,2,2,257917
ring,2,4194304,200000.0,0.4,0.0,1.0,71,3,184,3573542,2077720,2,2,142501
ring,2,4194304,200000.0,0.4,0.0,1.0,71,3,185,3532125,2077720,2,2,221208
ring,2,4194304,200000.0,0.4,0.0,1.0,71,3,186,3532333,2077720,2,2,230458
ring,2,4194304,200000.0,0.4,0.0,1.0,71,3,187,3499708,2077720,2,2,227041
ring,2,4194304,200000.0,0.4,0.0,1.0,71,3,188,3506791,2077720,2,2,174958
ring,2,4194304,200000.0,0.4,0.0,1.0,71,3,189,3486333,2077720,2,2,192041
ring,2,4194304,200000.0,0.4,0.0,1.0,71,3,190,3501750,2077720,2,2,168000
ring,2,4194304,200000.0,0.4,0.0,1.0,71,3,191,3694667,2077720,2,2,184000
ring,2,4194304,200000.0,0.4,0.0,1.0,71,3,192,3670083,2077720,2,2,147666
ring,2,4194304,200000.0,0.4,0.0,1.0,71,3,193,3584959,2077720,2,2,180251
ring,2,4194304,200000.0,0.4,0.0,1.0,71,3,194,3550917,2077720,2,2,246958
ring,2,4194304,200000.0,0.4,0.0,1.0,71,3,195,3586292,2077720,2,2,265042
ring,2,4194304,200000.0,0.4,0.0,1.0,71,3,196,3610583,2077720,2,2,272833
ring,2,4194304,200000.0,0.4,0.0,1.0,71,3,197,3709834,2077720,2,2,99126
ring,2,4194304,200000.0,0.4,0.0,1.0,71,3,198,3539958,2077720,2,2,229125
ring,2,4194304,200000.0,0.4,0.0,1.0,71,3,199,3642459,2077720,2,2,177042
ring,2,4194304,200000.0,0.4,0.0,1.0,71,3,200,3529625,2077720,2,2,195208
ring,2,4194304,200000.0,0.4,0.0,1.0,71,3,201,3527125,2077720,2,2,235459
ring,2,4194304,200000.0,0.4,0.0,1.0,71,3,202,3542292,2077720,2,2,225084
ring,2,4194304,200000.0,0.4,0.0,1.0,71,3,203,3686709,2077720,2,2,263542
ring,2,4194304,200000.0,0.4,0.0,1.0,71,3,204,3530958,2077720,2,2,191125
ring,2,4194304,200000.0,0.4,0.0,1.0,71,3,205,3693750,2077720,2,2,147917
ring,2,4194304,200000.0,0.4,0.0,1.0,71,3,206,3555083,2077720,2,2,192708
ring,2,4194304,200000.0,0.4,0.0,1.0,71,3,207,3606875,2077720,2,2,224917
ring,2,4194304,200000.0,0.4,0.0,1.0,71,3,208,3668666,2077720,2,2,223874
ring,2,4194304,200000.0,0.4,0.0,1.0,71,3,209,3582916,2077720,2,2,195999
ring,2,4194304,200000.0,0.4,0.0,1.0,71,3,210,3535334,2077720,2,2,218542
ring,2,4194304,200000.0,0.4,0.0,1.0,71,3,211,3517917,2077720,2,2,226084
ring,2,4194304,200000.0,0.4,0.0,1.0,71,3,212,3561083,2077720,2,2,136167
ring,2,4194304,200000.0,0.4,0.0,1.0,71,3,213,3515667,2077720,2,2,190167
ring,2,4194304,200000.0,0.4,0.0,1.0,71,3,214,3603750,2077720,2,2,205209
ring,2,4194304,200000.0,0.4,0.0,1.0,71,3,215,3496625,2077720,2,2,211250
ring,2,4194304,200000.0,0.4,0.0,1.0,71,3,216,3582041,2077720,2,2,134624
ring,2,4194304,200000.0,0.4,0.0,1.0,71,3,217,3623333,2077720,2,2,204375
ring,2,4194304,200000.0,0.4,0.0,1.0,71,3,218,3615375,2077720,2,2,169958
ring,2,4194304,200000.0,0.4,0.0,1.0,71,3,219,3560875,2077720,2,2,234875
ring,2,4194304,200000.0,0.4,0.0,1.0,71,3,220,3514041,2077720,2,2,208666
ring,2,4194304,200000.0,0.4,0.0,1.0,71,3,221,3525125,2077720,2,2,212542
ring,2,4194304,200000.0,0.4,0.0,1.0,71,3,222,3523250,2077720,2,2,222166
ring,2,4194304,200000.0,0.4,0.0,1.0,71,3,223,3646916,2077720,2,2,154916
ring,2,4194304,200000.0,0.4,0.0,1.0,71,3,224,3557541,2077720,2,2,221458
ring,2,4194304,200000.0,0.4,0.0,1.0,71,3,225,3523625,2077720,2,2,261625
ring,2,4194304,200000.0,0.4,0.0,1.0,71,3,226,3753292,2077720,2,2,63917
ring,2,4194304,200000.0,0.4,0.0,1.0,71,3,227,3689917,2077720,2,2,243959
ring,2,4194304,200000.0,0.4,0.0,1.0,71,3,228,3686125,2077720,2,2,183125
ring,2,4194304,200000.0,0.4,0.0,1.0,71,3,229,3736458,2077720,2,2,187250
ring,2,4194304,200000.0,0.4,0.0,1.0,71,3,230,3577167,2077720,2,2,200000
ring,2,4194304,200000.0,0.4,0.0,1.0,71,3,231,3531958,2077720,2,2,232249
ring,2,4194304,200000.0,0.4,0.0,1.0,71,3,232,3566625,2077720,2,2,214959
ring,2,4194304,200000.0,0.4,0.0,1.0,71,3,233,3456542,2077720,2,2,193084
ring,2,4194304,200000.0,0.4,0.0,1.0,71,3,234,3537000,2077720,2,2,147917
ring,2,4194304,200000.0,0.4,0.0,1.0,71,3,235,3592250,2077720,2,2,143333
ring,2,4194304,200000.0,0.4,0.0,1.0,71,3,236,3516250,2077720,2,2,215208
ring,2,4194304,200000.0,0.4,0.0,1.0,71,3,237,3498083,2077720,2,2,214833
ring,2,4194304,200000.0,0.4,0.0,1.0,71,3,238,3544208,2077720,2,2,256833
ring,2,4194304,200000.0,0.4,0.0,1.0,71,3,239,3573917,2077720,2,2,212376
ring,2,4194304,200000.0,0.4,0.0,1.0,71,3,240,3534958,2077720,2,2,124499
ring,2,4194304,200000.0,0.4,0.0,1.0,71,3,241,3529500,2077720,2,2,238375
ring,2,4194304,200000.0,0.4,0.0,1.0,71,3,242,3667666,2077720,2,2,166333
ring,2,4194304,200000.0,0.4,0.0,1.0,71,3,243,3506750,2077720,2,2,163417
ring,2,4194304,200000.0,0.4,0.0,1.0,71,3,244,3514083,2077720,2,2,211333
ring,2,4194304,200000.0,0.4,0.0,1.0,71,3,245,3567042,2077720,2,2,256834
ring,2,4194304,200000.0,0.4,0.0,1.0,71,3,246,3613583,2077720,2,2,102875
ring,2,4194304,200000.0,0.4,0.0,1.0,71,3,247,3613834,2077720,2,2,131334
ring,2,4194304,200000.0,0.4,0.0,1.0,71,3,248,3489208,2077720,2,2,206500
ring,2,4194304,200000.0,0.4,0.0,1.0,71,3,249,3469583,2077720,2,2,228833
ps,2,1048576,200000.0,0.4,0.0,1.0,71,3,0,1820583,619430,1,2,83958
ps,2,1048576,200000.0,0.4,0.0,1.0,71,3,1,1944584,619430,1,2,246084
ps,2,1048576,200000.0,0.4,0.0,1.0,71,3,2,1787000,619430,1,2,60167
ps,2,1048576,200000.0,0.4,0.0,1.0,71,3,3,1734875,619430,1,2,80708
ps,2,1048576,200000.0,0.4,0.0,1.0,71,3,4,1760584,619430,1,2,102376
ps,2,1048576,200000.0,0.4,0.0,1.0,71,3,5,1771750,619430,1,2,85083
ps,2,1048576,200000.0,0.4,0.0,1.0,71,3,6,1731041,619430,1,2,70333
ps,2,1048576,200000.0,0.4,0.0,1.0,71,3,7,1690875,619430,1,2,100666
ps,2,1048576,200000.0,0.4,0.0,1.0,71,3,8,1766375,619430,1,2,61333
ps,2,1048576,200000.0,0.4,0.0,1.0,71,3,9,1691875,619430,1,2,76542
ps,2,1048576,200000.0,0.4,0.0,1.0,71,3,10,1736250,619430,1,2,94458
ps,2,1048576,200000.0,0.4,0.0,1.0,71,3,11,1724541,619430,1,2,64125
ps,2,1048576,200000.0,0.4,0.0,1.0,71,3,12,1725750,619430,1,2,64833
ps,2,1048576,200000.0,0.4,0.0,1.0,71,3,13,1721000,619430,1,2,102833
ps,2,1048576,200000.0,0.4,0.0,1.0,71,3,14,1741458,619430,1,2,87542
ps,2,1048576,200000.0,0.4,0.0,1.0,71,3,15,1790667,619430,1,2,84626
ps,2,1048576,200000.0,0.4,0.0,1.0,71,3,16,1852542,619430,1,2,23501
ps,2,1048576,200000.0,0.4,0.0,1.0,71,3,17,1813459,619430,1,2,122168
ps,2,1048576,200000.0,0.4,0.0,1.0,71,3,18,1793333,619430,1,2,74791
ps,2,1048576,200000.0,0.4,0.0,1.0,71,3,19,1787792,619430,1,2,67501
ps,2,1048576,200000.0,0.4,0.0,1.0,71,3,20,1759375,619430,1,2,92291
ps,2,1048576,200000.0,0.4,0.0,1.0,71,3,21,1750958,619430,1,2,62749
ps,2,1048576,200000.0,0.4,0.0,1.0,71,3,22,1732625,619430,1,2,80250
ps,2,1048576,200000.0,0.4,0.0,1.0,71,3,23,1724292,619430,1,2,89876
ps,2,1048576,200000.0,0.4,0.0,1.0,71,3,24,1724292,619430,1,2,63917
ps,2,1048576,200000.0,0.4,0.0,1.0,71,3,25,1744250,619430,1,2,89875
ps,2,1048576,200000.0,0.4,0.0,1.0,71,3,26,1744833,619430,1,2,81124
ps,2,1048576,200000.0,0.4,0.0,1.0,71,3,27,1789417,619430,1,2,93875
ps,2,1048576,200000.0,0.4,0.0,1.0,71,3,28,1982000,619430,1,2,140833
ps,2,1048576,200000.0,0.4,0.0,1.0,71,3,29,1805667,619430,1,2,68917
ps,2,1048576,200000.0,0.4,0.0,1.0,71,3,30,1835625,619430,1,2,96750
ps,2,1048576,200000.0,0.4,0.0,1.0,71,3,31,1764791,619430,1,2,71249
ps,2,1048576,200000.0,0.4,0.0,1.0,71,3,32,1733542,619430,1,2,92542
ps,2,1048576,200000.0,0.4,0.0,1.0,71,3,33,1744583,619430,1,2,109167
ps,2,1048576,200000.0,0.4,0.0,1.0,71,3,34,1723375,619430,1,2,56416
ps,2,1048576,200000.0,0.4,0.0,1.0,71,3,35,1743333,619430,1,2,70749
ps,2,1048576,200000.0,0.4,0.0,1.0,71,3,36,1699917,619430,1,2,72792
ps,2,1048576,200000.0,0.4,0.0,1.0,71,3,37,1749708,619430,1,2,37208
ps,2,1048576,200000.0,0.4,0.0,1.0,71,3,38,1719375,619430,1,2,83833
ps,2,1048576,200000.0,0.4,0.0,1.0,71,3,39,1743959,619430,1,2,78168
ps,2,1048576,200000.0,0.4,0.0,1.0,71,3,40,1791375,619430,1,2,90041
ps,2,1048576,200000.0,0.4,0.0,1.0,71,3,41,2116791,619430,1,2,153083
ps,2,1048576,200000.0,0.4,0.0,1.0,71,3,42,1719875,619430,1,2,98333
ps,2,1048576,200000.0,0.4,0.0,1.0,71,3,43,1721375,619430,1,2,69125
ps,2,1048576,200000.0,0.4,0.0,1.0,71,3,44,1748916,619430,1,2,98541
ps,2,1048576,200000.0,0.4,0.0,1.0,71,3,45,1773750,619430,1,2,75584
ps,2,1048576,200000.0,0.4,0.0,1.0,71,3,46,1749208,619430,1,2,103666
ps,2,1048576,200000.0,0.4,0.0,1.0,71,3,47,1707167,619430,1,2,97125
ps,2,1048576,200000.0,0.4,0.0,1.0,71,3,48,1732125,619430,1,2,89792
ps,2,1048576,200000.0,0.4,0.0,1.0,71,3,49,1733750,619430,1,2,78667
ps,2,1048576,200000.0,0.4,0.0,1.0,71,3,50,1740917,619430,1,2,108750
ps,2,1048576,200000.0,0.4,0.0,1.0,71,3,51,1692542,619430,1,2,72792
ps,2,1048576,200000.0,0.4,0.0,1.0,71,3,52,1730250,619430,1,2,90500
ps,2,1048576,200000.0,0.4,0.0,1.0,71,3,53,1825125,619430,1,2,122958
ps,2,1048576,200000.0,0.4,0.0,1.0,71,3,54,1769416,619430,1,2,80791
ps,2,1048576,200000.0,0.4,0.0,1.0,71,3,55,1737542,619430,1,2,63542
ps,2,1048576,200000.0,0.4,0.0,1.0,71,3,56,1730791,619430,1,2,75166
ps,2,1048576,200000.0,0.4,0.0,1.0,71,3,57,1752167,619430,1,2,97334
ps,2,1048576,200000.0,0.4,0.0,1.0,71,3,58,1768459,619430,1,2,75084
ps,2,1048576,200000.0,0.4,0.0,1.0,71,3,59,1713167,619430,1,2,95751
ps,2,1048576,200000.0,0.4,0.0,1.0,71,3,60,1724875,619430,1,2,96834
ps,2,1048576,200000.0,0.4,0.0,1.0,71,3,61,1733834,619430,1,2,89125
ps,2,1048576,200000.0,0.4,0.0,1.0,71,3,62,1741458,619430,1,2,81917
ps,2,1048576,200000.0,0.4,0.0,1.0,71,3,63,1753167,619430,1,2,91334
ps,2,1048576,200000.0,0.4,0.0,1.0,71,3,64,1726542,619430,1,2,75625
ps,2,1048576,200000.0,0.4,0.0,1.0,71,3,65,1755458,619430,1,2,99833
ps,2,1048576,200000.0,0.4,0.0,1.0,71,3,66,1772542,619430,1,2,28417
ps,2,1048576,200000.0,0.4,0.0,1.0,71,3,67,1770500,619430,1,2,58417
ps,2,1048576,200000.0,0.4,0.0,1.0,71,3,68,1728417,619430,1,2,80334
ps,2,1048576,200000.0,0.4,0.0,1.0,71,3,69,1731042,619430,1,2,86917
ps,2,1048576,200000.0,0.4,0.0,1.0,71,3,70,1763542,619430,1,2,81917
ps,2,1048576,200000.0,0.4,0.0,1.0,71,3,71,1736292,619430,1,2,80292
ps,2,1048576,200000.0,0.4,0.0,1.0,71,3,72,1777167,619430,1,2,61208
ps,2,1048576,200000.0,0.4,0.0,1.0,71,3,73,1755208,619430,1,2,76083
ps,2,1048576,200000.0,0.4,0.0,1.0,71,3,74,1755875,619430,1,2,74583
ps,2,1048576,200000.0,0.4,0.0,1.0,71,3,75,1782791,619430,1,2,113832
ps,2,1048576,200000.0,0.4,0.0,1.0,71,3,76,1727041,619430,1,2,83207
ps,2,1048576,200000.0,0.4,0.0,1.0,71,3,77,1723000,619430,1,2,101458
ps,2,1048576,200000.0,0.4,0.0,1.0,71,3,78,1749875,619430,1,2,51458
ps,2,1048576,200000.0,0.4,0.0,1.0,71,3,79,1760042,619430,1,2,99584
ps,2,1048576,200000.0,0.4,0.0,1.0,71,3,80,1734166,619430,1,2,70374
ps,2,1048576,200000.0,0.4,0.0,1.0,71,3,81,1732459,619430,1,2,69292
ps,2,1048576,200000.0,0.4,0.0,1.0,71,3,82,1760166,619430,1,2,104458
ps,2,1048576,200000.0,0.4,0.0,1.0,71,3,83,1744750,619430,1,2,78125
ps,2,1048576,200000.0,0.4,0.0,1.0,71,3,84,1738458,619430,1,2,102208
ps,2,1048576,200000.0,0.4,0.0,1.0,71,3,85,1745084,619430,1,2,75917
ps,2,1048576,200000.0,0.4,0.0,1.0,71,3,86,1754625,619430,1,2,67250
ps,2,1048576,200000.0,0.4,0.0,1.0,71,3,87,1722333,619430,1,2,68333
ps,2,1048576,200000.0,0.4,0.0,1.0,71,3,88,1730875,619430,1,2,94875
ps,2,1048576,200000.0,0.4,0.0,1.0,71,3,89,1736958,619430,1,2,63417
ps,2,1048576,200000.0,0.4,0.0,1.0,71,3,90,1760250,619430,1,2,80750
ps,2,1048576,200000.0,0.4,0.0,1.0,71,3,91,1743166,619430,1,2,93791
ps,2,1048576,200000.0,0.4,0.0,1.0,71,3,92,1747125,619430,1,2,67875
ps,2,1048576,200000.0,0.4,0.0,1.0,71,3,93,1763791,619430,1,2,111041
ps,2,1048576,200000.0,0.4,0.0,1.0,71,3,94,1718042,619430,1,2,68959
ps,2,1048576,200000.0,0.4,0.0,1.0,71,3,95,1774834,619430,1,2,69209
ps,2,1048576,200000.0,0.4,0.0,1.0,71,3,96,1717959,619430,1,2,18626
ps,2,1048576,200000.0,0.4,0.0,1.0,71,3,97,1780125,619430,1,2,106709
ps,2,1048576,200000.0,0.4,0.0,1.0,71,3,98,1749917,619430,1,2,64417
ps,2,1048576,200000.0,0.4,0.0,1.0,71,3,99,1731291,619430,1,2,67332
ps,2,1048576,200000.0,0.4,0.0,1.0,71,3,100,1721042,619430,1,2,61167
ps,2,1048576,200000.0,0.4,0.0,1.0,71,3,101,1789750,619430,1,2,104875
ps,2,1048576,200000.0,0.4,0.0,1.0,71,3,102,1720042,619430,1,2,75917
ps,2,1048576,200000.0,0.4,0.0,1.0,71,3,103,1758084,619430,1,2,67167
ps,2,1048576,200000.0,0.4,0.0,1.0,71,3,104,1729708,619430,1,2,97750
ps,2,1048576,200000.0,0.4,0.0,1.0,71,3,105,1745416,619430,1,2,61999
ps,2,1048576,200000.0,0.4,0.0,1.0,71,3,106,1859291,619430,1,2,54124
ps,2,1048576,200000.0,0.4,0.0,1.0,71,3,107,1794625,619430,1,2,58375
ps,2,1048576,200000.0,0.4,0.0,1.0,71,3,108,1749959,619430,1,2,89542
ps,2,1048576,200000.0,0.4,0.0,1.0,71,3,109,1767084,619430,1,2,115376
ps,2,1048576,200000.0,0.4,0.0,1.0,71,3,110,1735667,619430,1,2,81959
ps,2,1048576,200000.0,0.4,0.0,1.0,71,3,111,1743000,619430,1,2,56500
ps,2,1048576,200000.0,0.4,0.0,1.0,71,3,112,1758958,619430,1,2,82208
ps,2,1048576,200000.0,0.4,0.0,1.0,71,3,113,1743500,619430,1,2,86083
ps,2,1048576,200000.0,0.4,0.0,1.0,71,3,114,1733250,619430,1,2,66709
ps,2,1048576,200000.0,0.4,0.0,1.0,71,3,115,1722125,619430,1,2,82583
ps,2,1048576,200000.0,0.4,0.0,1.0,71,3,116,1753791,619430,1,2,93999
ps,2,1048576,200000.0,0.4,0.0,1.0,71,3,117,1743916,619430,1,2,99124
ps,2,1048576,200000.0,0.4,0.0,1.0,71,3,118,1740375,619430,1,2,82167
ps,2,1048576,200000.0,0.4,0.0,1.0,71,3,119,1747833,619430,1,2,63666
ps,2,1048576,200000.0,0.4,0.0,1.0,71,3,120,1759083,619430,1,2,81625
ps,2,1048576,200000.0,0.4,0.0,1.0,71,3,121,1753500,619430,1,2,98625
ps,2,1048576,200000.0,0.4,0.0,1.0,71,3,122,1727041,619430,1,2,70625
ps,2,1048576,200000.0,0.4,0.0,1.0,71,3,123,1740166,619430,1,2,81666
ps,2,1048576,200000.0,0.4,0.0,1.0,71,3,124,1768209,619430,1,2,74542
ps,2,1048576,200000.0,0.4,0.0,1.0,71,3,125,1783875,619430,1,2,61459
ps,2,1048576,200000.0,0.4,0.0,1.0,71,3,126,1779875,619430,1,2,55375
ps,2,1048576,200000.0,0.4,0.0,1.0,71,3,127,1777125,619430,1,2,2208
ps,2,1048576,200000.0,0.4,0.0,1.0,71,3,128,2076416,619430,1,2,83124
ps,2,1048576,200000.0,0.4,0.0,1.0,71,3,129,1847208,619430,1,2,112250
ps,2,1048576,200000.0,0.4,0.0,1.0,71,3,130,1750791,619430,1,2,104124
ps,2,1048576,200000.0,0.4,0.0,1.0,71,3,131,1733750,619430,1,2,89500
ps,2,1048576,200000.0,0.4,0.0,1.0,71,3,132,1757375,619430,1,2,70125
ps,2,1048576,200000.0,0.4,0.0,1.0,71,3,133,1749291,619430,1,2,95166
ps,2,1048576,200000.0,0.4,0.0,1.0,71,3,134,1726208,619430,1,2,71458
ps,2,1048576,200000.0,0.4,0.0,1.0,71,3,135,1745750,619430,1,2,64000
ps,2,1048576,200000.0,0.4,0.0,1.0,71,3,136,1751833,619430,1,2,85375
ps,2,1048576,200000.0,0.4,0.0,1.0,71,3,137,1730500,619430,1,2,86291
ps,2,1048576,200000.0,0.4,0.0,1.0,71,3,138,1724708,619430,1,2,72583
ps,2,1048576,200000.0,0.4,0.0,1.0,71,3,139,1714375,619430,1,2,62667
ps,2,1048576,200000.0,0.4,0.0,1.0,71,3,140,1718708,619430,1,2,76958
ps,2,1048576,200000.0,0.4,0.0,1.0,71,3,141,1731958,619430,1,2,80125
ps,2,1048576,200000.0,0.4,0.0,1.0,71,3,142,1739333,619430,1,2,37583
ps,2,1048576,200000.0,0.4,0.0,1.0,71,3,143,1760833,619430,1,2,103583
ps,2,1048576,200000.0,0.4,0.0,1.0,71,3,144,1729916,619430,1,2,93500
ps,2,1048576,200000.0,0.4,0.0,1.0,71,3,145,1757875,619430,1,2,96416
ps,2,1048576,200000.0,0.4,0.0,1.0,71,3,146,1762583,619430,1,2,112333
ps,2,1048576,200000.0,0.4,0.0,1.0,71,3,147,1712667,619430,1,2,80000
ps,2,1048576,200000.0,0.4,0.0,1.0,71,3,148,1731708,619430,1,2,73750
ps,2,1048576,200000.0,0.4,0.0,1.0,71,3,149,1759583,619430,1,2,97583
ps,2,1048576,200000.0,0.4,0.0,1.0,71,3,150,1760959,619430,1,2,76251
ps,2,1048576,200000.0,0.4,0.0,1.0,71,3,151,1748583,619430,1,2,56875
ps,2,1048576,200000.0,0.4,0.0,1.0,71,3,152,1723375,619430,1,2,93000
ps,2,1048576,200000.0,0.4,0.0,1.0,71,3,153,1720625,619430,1,2,83416
ps,2,1048576,200000.0,0.4,0.0,1.0,71,3,154,1704833,619430,1,2,76750
ps,2,1048576,200000.0,0.4,0.0,1.0,71,3,155,1784250,619430,1,2,93583
ps,2,1048576,200000.0,0.4,0.0,1.0,71,3,156,1716958,619430,1,2,83291
ps,2,1048576,200000.0,0.4,0.0,1.0,71,3,157,1735250,619430,1,2,87792
ps,2,1048576,200000.0,0.4,0.0,1.0,71,3,158,1723875,619430,1,2,76042
ps,2,1048576,200000.0,0.4,0.0,1.0,71,3,159,1713916,619430,1,2,61000
ps,2,1048576,200000.0,0.4,0.0,1.0,71,3,160,1761209,619430,1,2,104209
ps,2,1048576,200000.0,0.4,0.0,1.0,71,3,161,1705959,619430,1,2,55209
ps,2,1048576,200000.0,0.4,0.0,1.0,71,3,162,1764041,619430,1,2,100958
ps,2,1048576,200000.0,0.4,0.0,1.0,71,3,163,1733125,619430,1,2,102083
ps,2,1048576,200000.0,0.4,0.0,1.0,71,3,164,1748541,619430,1,2,82999
ps,2,1048576,200000.0,0.4,0.0,1.0,71,3,165,1726917,619430,1,2,81083
ps,2,1048576,200000.0,0.4,0.0,1.0,71,3,166,1709000,619430,1,2,81042
ps,2,1048576,200000.0,0.4,0.0,1.0,71,3,167,1739500,619430,1,2,85417
ps,2,1048576,200000.0,0.4,0.0,1.0,71,3,168,1739750,619430,1,2,92209
ps,2,1048576,200000.0,0.4,0.0,1.0,71,3,169,1704084,619430,1,2,64501
ps,2,1048576,200000.0,0.4,0.0,1.0,71,3,170,1669792,619430,1,2,63417
ps,2,1048576,200000.0,0.4,0.0,1.0,71,3,171,1719750,619430,1,2,82541
ps,2,1048576,200000.0,0.4,0.0,1.0,71,3,172,1750417,619430,1,2,83126
ps,2,1048576,200000.0,0.4,0.0,1.0,71,3,173,1739583,619430,1,2,65166
ps,2,1048576,200000.0,0.4,0.0,1.0,71,3,174,1741416,619430,1,2,57874
ps,2,1048576,200000.0,0.4,0.0,1.0,71,3,175,1758708,619430,1,2,99625
ps,2,1048576,200000.0,0.4,0.0,1.0,71,3,176,1738792,619430,1,2,83625
ps,2,1048576,200000.0,0.4,0.0,1.0,71,3,177,1741875,619430,1,2,79834
ps,2,1048576,200000.0,0.4,0.0,1.0,71,3,178,1743208,619430,1,2,64916
ps,2,1048576,200000.0,0.4,0.0,1.0,71,3,179,1731333,619430,1,2,92542
ps,2,1048576,200000.0,0.4,0.0,1.0,71,3,180,1738875,619430,1,2,107250
ps,2,1048576,200000.0,0.4,0.0,1.0,71,3,181,1778708,619430,1,2,87833
ps,2,1048576,200000.0,0.4,0.0,1.0,71,3,182,1764625,619430,1,2,105125
ps,2,1048576,200000.0,0.4,0.0,1.0,71,3,183,1745875,619430,1,2,82834
ps,2,1048576,200000.0,0.4,0.0,1.0,71,3,184,1749834,619430,1,2,87459
ps,2,1048576,200000.0,0.4,0.0,1.0,71,3,185,1750083,619430,1,2,105125
ps,2,1048576,200000.0,0.4,0.0,1.0,71,3,186,1728958,619430,1,2,86124
ps,2,1048576,200000.0,0.4,0.0,1.0,71,3,187,1745833,619430,1,2,81249
ps,2,1048576,200000.0,0.4,0.0,1.0,71,3,188,1769291,619430,1,2,102582
ps,2,1048576,200000.0,0.4,0.0,1.0,71,3,189,1717166,619430,1,2,95374
ps,2,1048576,200000.0,0.4,0.0,1.0,71,3,190,1748875,619430,1,2,70084
ps,2,1048576,200000.0,0.4,0.0,1.0,71,3,191,1721583,619430,1,2,86791
ps,2,1048576,200000.0,0.4,0.0,1.0,71,3,192,1707875,619430,1,2,79958
ps,2,1048576,200000.0,0.4,0.0,1.0,71,3,193,1738459,619430,1,2,111959
ps,2,1048576,200000.0,0.4,0.0,1.0,71,3,194,1684375,619430,1,2,78125
ps,2,1048576,200000.0,0.4,0.0,1.0,71,3,195,1694125,619430,1,2,84875
ps,2,1048576,200000.0,0.4,0.0,1.0,71,3,196,1701792,619430,1,2,60376
ps,2,1048576,200000.0,0.4,0.0,1.0,71,3,197,1681583,619430,1,2,78625
ps,2,1048576,200000.0,0.4,0.0,1.0,71,3,198,1719875,619430,1,2,86375
ps,2,1048576,200000.0,0.4,0.0,1.0,71,3,199,1673625,619430,1,2,71084
ps,2,1048576,200000.0,0.4,0.0,1.0,71,3,200,1693667,619430,1,2,47125
ps,2,1048576,200000.0,0.4,0.0,1.0,71,3,201,1704541,619430,1,2,68166
ps,2,1048576,200000.0,0.4,0.0,1.0,71,3,202,1687083,619430,1,2,97458
ps,2,1048576,200000.0,0.4,0.0,1.0,71,3,203,1677875,619430,1,2,71584
ps,2,1048576,200000.0,0.4,0.0,1.0,71,3,204,1721541,619430,1,2,100999
ps,2,1048576,200000.0,0.4,0.0,1.0,71,3,205,1674875,619430,1,2,87042
ps,2,1048576,200000.0,0.4,0.0,1.0,71,3,206,1673125,619430,1,2,75959
ps,2,1048576,200000.0,0.4,0.0,1.0,71,3,207,1665500,619430,1,2,68833
ps,2,1048576,200000.0,0.4,0.0,1.0,71,3,208,1677125,619430,1,2,43125
ps,2,1048576,200000.0,0.4,0.0,1.0,71,3,209,1689417,619430,1,2,64042
ps,2,1048576,200000.0,0.4,0.0,1.0,71,3,210,1702334,619430,1,2,83084
ps,2,1048576,200000.0,0.4,0.0,1.0,71,3,211,1726750,619430,1,2,95875
ps,2,1048576,200000.0,0.4,0.0,1.0,71,3,212,1698459,619430,1,2,75043
ps,2,1048576,200000.0,0.4,0.0,1.0,71,3,213,1701792,619430,1,2,73709
ps,2,1048576,200000.0,0.4,0.0,1.0,71,3,214,1714250,619430,1,2,78709
ps,2,1048576,200000.0,0.4,0.0,1.0,71,3,215,1689500,619430,1,2,67791
ps,2,1048576,200000.0,0.4,0.0,1.0,71,3,216,1719000,619430,1,2,80750
ps,2,1048576,200000.0,0.4,0.0,1.0,71,3,217,1728250,619430,1,2,58250
ps,2,1048576,200000.0,0.4,0.0,1.0,71,3,218,1706584,619430,1,2,84625
ps,2,1048576,200000.0,0.4,0.0,1.0,71,3,219,1705750,619430,1,2,58875
ps,2,1048576,200000.0,0.4,0.0,1.0,71,3,220,1716125,619430,1,2,62250
ps,2,1048576,200000.0,0.4,0.0,1.0,71,3,221,1717958,619430,1,2,68833
ps,2,1048576,200000.0,0.4,0.0,1.0,71,3,222,1688542,619430,1,2,58083
ps,2,1048576,200000.0,0.4,0.0,1.0,71,3,223,1674625,619430,1,2,74166
ps,2,1048576,200000.0,0.4,0.0,1.0,71,3,224,1701667,619430,1,2,81542
ps,2,1048576,200000.0,0.4,0.0,1.0,71,3,225,1692333,619430,1,2,73124
ps,2,1048576,200000.0,0.4,0.0,1.0,71,3,226,1693250,619430,1,2,76042
ps,2,1048576,200000.0,0.4,0.0,1.0,71,3,227,1682542,619430,1,2,73792
ps,2,1048576,200000.0,0.4,0.0,1.0,71,3,228,1694750,619430,1,2,72834
ps,2,1048576,200000.0,0.4,0.0,1.0,71,3,229,1686375,619430,1,2,77958
ps,2,1048576,200000.0,0.4,0.0,1.0,71,3,230,1723958,619430,1,2,67333
ps,2,1048576,200000.0,0.4,0.0,1.0,71,3,231,1719500,619430,1,2,79792
ps,2,1048576,200000.0,0.4,0.0,1.0,71,3,232,1696834,619430,1,2,96667
ps,2,1048576,200000.0,0.4,0.0,1.0,71,3,233,1734833,619430,1,2,93042
ps,2,1048576,200000.0,0.4,0.0,1.0,71,3,234,1673500,619430,1,2,70250
ps,2,1048576,200000.0,0.4,0.0,1.0,71,3,235,1698208,619430,1,2,74833
ps,2,1048576,200000.0,0.4,0.0,1.0,71,3,236,1698459,619430,1,2,76709
ps,2,1048576,200000.0,0.4,0.0,1.0,71,3,237,1699500,619430,1,2,48125
ps,2,1048576,200000.0,0.4,0.0,1.0,71,3,238,1695125,619430,1,2,65667
ps,2,1048576,200000.0,0.4,0.0,1.0,71,3,239,1688250,619430,1,2,46375
ps,2,1048576,200000.0,0.4,0.0,1.0,71,3,240,1709917,619430,1,2,82708
ps,2,1048576,200000.0,0.4,0.0,1.0,71,3,241,1683625,619430,1,2,77458
ps,2,1048576,200000.0,0.4,0.0,1.0,71,3,242,1736625,619430,1,2,114792
ps,2,1048576,200000.0,0.4,0.0,1.0,71,3,243,1690125,619430,1,2,86625
ps,2,1048576,200000.0,0.4,0.0,1.0,71,3,244,1700500,619430,1,2,87333
ps,2,1048576,200000.0,0.4,0.0,1.0,71,3,245,1696250,619430,1,2,41958
ps,2,1048576,200000.0,0.4,0.0,1.0,71,3,246,1738375,619430,1,2,105291
ps,2,1048576,200000.0,0.4,0.0,1.0,71,3,247,1711958,619430,1,2,56083
ps,2,1048576,200000.0,0.4,0.0,1.0,71,3,248,1745792,619430,1,2,57042
ps,2,1048576,200000.0,0.4,0.0,1.0,71,3,249,1727792,619430,1,2,62583
ps,2,4194304,200000.0,0.4,0.0,1.0,71,4,0,5405417,1877721,1,2,282917
ps,2,4194304,200000.0,0.4,0.0,1.0,71,4,1,5256875,1877721,1,2,324958
ps,2,4194304,200000.0,0.4,0.0,1.0,71,4,2,5330459,1877721,1,2,248334
ps,2,4194304,200000.0,0.4,0.0,1.0,71,4,3,5354125,1877721,1,2,310667
ps,2,4194304,200000.0,0.4,0.0,1.0,71,4,4,5433542,1877721,1,2,317500
ps,2,4194304,200000.0,0.4,0.0,1.0,71,4,5,5321083,1877721,1,2,329708
ps,2,4194304,200000.0,0.4,0.0,1.0,71,4,6,5299792,1877721,1,2,324334
ps,2,4194304,200000.0,0.4,0.0,1.0,71,4,7,5352083,1877721,1,2,304458
ps,2,4194304,200000.0,0.4,0.0,1.0,71,4,8,5329625,1877721,1,2,305167
ps,2,4194304,200000.0,0.4,0.0,1.0,71,4,9,5339167,1877721,1,2,281583
ps,2,4194304,200000.0,0.4,0.0,1.0,71,4,10,5396750,1877721,1,2,323750
ps,2,4194304,200000.0,0.4,0.0,1.0,71,4,11,5307875,1877721,1,2,317500
ps,2,4194304,200000.0,0.4,0.0,1.0,71,4,12,5380583,1877721,1,2,294792
ps,2,4194304,200000.0,0.4,0.0,1.0,71,4,13,5319750,1877721,1,2,292959
ps,2,4194304,200000.0,0.4,0.0,1.0,71,4,14,5470834,1877721,1,2,266626
ps,2,4194304,200000.0,0.4,0.0,1.0,71,4,15,5290167,1877721,1,2,323958
ps,2,4194304,200000.0,0.4,0.0,1.0,71,4,16,5352291,1877721,1,2,299291
ps,2,4194304,200000.0,0.4,0.0,1.0,71,4,17,5357875,1877721,1,2,326917
ps,2,4194304,200000.0,0.4,0.0,1.0,71,4,18,5324167,1877721,1,2,322251
ps,2,4194304,200000.0,0.4,0.0,1.0,71,4,19,5225458,1877721,1,2,319124
ps,2,4194304,200000.0,0.4,0.0,1.0,71,4,20,5317250,1877721,1,2,309875
ps,2,4194304,200000.0,0.4,0.0,1.0,71,4,21,5401958,1877721,1,2,295833
ps,2,4194304,200000.0,0.4,0.0,1.0,71,4,22,5372167,1877721,1,2,276667
ps,2,4194304,200000.0,0.4,0.0,1.0,71,4,23,5452791,1877721,1,2,314166
ps,2,4194304,200000.0,0.4,0.0,1.0,71,4,24,5368625,1877721,1,2,351125
ps,2,4194304,200000.0,0.4,0.0,1.0,71,4,25,5313583,1877721,1,2,320542
ps,2,4194304,200000.0,0.4,0.0,1.0,71,4,26,5303959,1877721,1,2,309459
ps,2,4194304,200000.0,0.4,0.0,1.0,71,4,27,5365500,1877721,1,2,302791
ps,2,4194304,200000.0,0.4,0.0,1.0,71,4,28,5426500,1877721,1,2,372959
ps,2,4194304,200000.0,0.4,0.0,1.0,71,4,29,5850959,1877721,1,2,128834
ps,2,4194304,200000.0,0.4,0.0,1.0,71,4,30,5546917,1877721,1,2,342375
ps,2,4194304,200000.0,0.4,0.0,1.0,71,4,31,5453500,1877721,1,2,356667
ps,2,4194304,200000.0,0.4,0.0,1.0,71,4,32,5459417,1877721,1,2,329751
ps,2,4194304,200000.0,0.4,0.0,1.0,71,4,33,5480709,1877721,1,2,317209
ps,2,4194304,200000.0,0.4,0.0,1.0,71,4,34,5425666,1877721,1,2,255791
ps,2,4194304,200000.0,0.4,0.0,1.0,71,4,35,5373417,1877721,1,2,301626
ps,2,4194304,200000.0,0.4,0.0,1.0,71,4,36,5542209,1877721,1,2,391375
ps,2,4194304,200000.0,0.4,0.0,1.0,71,4,37,5577708,1877721,1,2,383791
ps,2,4194304,200000.0,0.4,0.0,1.0,71,4,38,5372708,1877721,1,2,327416
ps,2,4194304,200000.0,0.4,0.0,1.0,71,4,39,5304709,1877721,1,2,273251
ps,2,4194304,200000.0,0.4,0.0,1.0,71,4,40,5335875,1877721,1,2,286292
ps,2,4194304,200000.0,0.4,0.0,1.0,71,4,41,5290292,1877721,1,2,273501
ps,2,4194304,200000.0,0.4,0.0,1.0,71,4,42,5321500,1877721,1,2,337083
ps,2,4194304,200000.0,0.4,0.0,1.0,71,4,43,5283833,1877721,1,2,297833
ps,2,4194304,200000.0,0.4,0.0,1.0,71,4,44,5375250,1877721,1,2,233959
ps,2,4194304,200000.0,0.4,0.0,1.0,71,4,45,5326292,1877721,1,2,352625
ps,2,4194304,200000.0,0.4,0.0,1.0,71,4,46,5292166,1877721,1,2,311374
ps,2,4194304,200000.0,0.4,0.0,1.0,71,4,47,5356333,1877721,1,2,315000
ps,2,4194304,200000.0,0.4,0.0,1.0,71,4,48,5408583,1877721,1,2,312333
ps,2,4194304,200000.0,0.4,0.0,1.0,71,4,49,5372875,1877721,1,2,317458
ps,2,4194304,200000.0,0.4,0.0,1.0,71,4,50,5404084,1877721,1,2,332209
ps,2,4194304,200000.0,0.4,0.0,1.0,71,4,51,5406375,1877721,1,2,334042
ps,2,4194304,200000.0,0.4,0.0,1.0,71,4,52,5291875,1877721,1,2,326834
ps,2,4194304,200000.0,0.4,0.0,1.0,71,4,53,5364584,1877721,1,2,335417
ps,2,4194304,200000.0,0.4,0.0,1.0,71,4,54,5341125,1877721,1,2,369208
ps,2,4194304,200000.0,0.4,0.0,1.0,71,4,55,5389542,1877721,1,2,252501
ps,2,4194304,200000.0,0.4,0.0,1.0,71,4,56,5259291,1877721,1,2,206207
ps,2,4194304,200000.0,0.4,0.0,1.0,71,4,57,5338625,1877721,1,2,334083
ps,2,4194304,200000.0,0.4,0.0,1.0,71,4,58,5364666,1877721,1,2,347249
ps,2,4194304,200000.0,0.4,0.0,1.0,71,4,59,5288625,1877721,1,2,332875
ps,2,4194304,200000.0,0.4,0.0,1.0,71,4,60,5498708,1877721,1,2,220417
ps,2,4194304,200000.0,0.4,0.0,1.0,71,4,61,5403209,1877721,1,2,322459
ps,2,4194304,200000.0,0.4,0.0,1.0,71,4,62,5332041,1877721,1,2,324750
ps,2,4194304,200000.0,0.4,0.0,1.0,71,4,63,5337375,1877721,1,2,337292
ps,2,4194304,200000.0,0.4,0.0,1.0,71,4,64,5239334,1877721,1,2,317292
ps,2,4194304,200000.0,0.4,0.0,1.0,71,4,65,5375625,1877721,1,2,321333
ps,2,4194304,200000.0,0.4,0.0,1.0,71,4,66,5348584,1877721,1,2,327168
ps,2,4194304,200000.0,0.4,0.0,1.0,71,4,67,5325000,1877721,1,2,328041
ps,2,4194304,200000.0,0.4,0.0,1.0,71,4,68,5594542,1877721,1,2,231417
ps,2,4194304,200000.0,0.4,0.0,1.0,71,4,69,5535083,1877721,1,2,281458
ps,2,4194304,200000.0,0.4,0.0,1.0,71,4,70,5415833,1877721,1,2,294541
ps,2,4194304,200000.0,0.4,0.0,1.0,71,4,71,5438167,1877721,1,2,263708
ps,2,4194304,200000.0,0.4,0.0,1.0,71,4,72,5405917,1877721,1,2,243126
ps,2,4194304,200000.0,0.4,0.0,1.0,71,4,73,5377209,1877721,1,2,234668
ps,2,4194304,200000.0,0.4,0.0,1.0,71,4,74,5338834,1877721,1,2,317834
ps,2,4194304,200000.0,0.4,0.0,1.0,71,4,75,5759833,1877721,1,2,127541
ps,2,4194304,200000.0,0.4,0.0,1.0,71,4,76,5486833,1877721,1,2,264958
ps,2,4194304,200000.0,0.4,0.0,1.0,71,4,77,5379459,1877721,1,2,285292
ps,2,4194304,200000.0,0.4,0.0,1.0,71,4,78,5321334,1877721,1,2,340834
ps,2,4194304,200000.0,0.4,0.0,1.0,71,4,79,5416666,1877721,1,2,324958
ps,2,4194304,200000.0,0.4,0.0,1.0,71,4,80,5374208,1877721,1,2,255500
ps,2,4194304,200000.0,0.4,0.0,1.0,71,4,81,5338667,1877721,1,2,289042
ps,2,4194304,200000.0,0.4,0.0,1.0,71,4,82,5364625,1877721,1,2,316417
ps,2,4194304,200000.0,0.4,0.0,1.0,71,4,83,5407666,1877721,1,2,231624
ps,2,4194304,200000.0,0.4,0.0,1.0,71,4,84,5359292,1877721,1,2,340959
ps,2,4194304,200000.0,0.4,0.0,1.0,71,4,85,5285917,1877721,1,2,338167
ps,2,4194304,200000.0,0.4,0.0,1.0,71,4,86,5379375,1877721,1,2,385166
ps,2,4194304,200000.0,0.4,0.0,1.0,71,4,87,5322750,1877721,1,2,331166
ps,2,4194304,200000.0,0.4,0.0,1.0,71,4,88,6886583,1877721,1,2,138708
ps,2,4194304,200000.0,0.4,0.0,1.0,71,4,89,6936875,1877721,1,2,193750
ps,2,4194304,200000.0,0.4,0.0,1.0,71,4,90,5450416,1877721,1,2,294875
ps,2,4194304,200000.0,0.4,0.0,1.0,71,4,91,5433792,1877721,1,2,314876
ps,2,4194304,200000.0,0.4,0.0,1.0,71,4,92,5386334,1877721,1,2,330168
ps,2,4194304,200000.0,0.4,0.0,1.0,71,4,93,5370417,1877721,1,2,307959
ps,2,4194304,200000.0,0.4,0.0,1.0,71,4,94,5459250,1877721,1,2,406417
ps,2,4194304,200000.0,0.4,0.0,1.0,71,4,95,5564625,1877721,1,2,194250
ps,2,4194304,200000.0,0.4,0.0,1.0,71,4,96,5462416,1877721,1,2,319750
ps,2,4194304,200000.0,0.4,0.0,1.0,71,4,97,5318000,1877721,1,2,305083
ps,2,4194304,200000.0,0.4,0.0,1.0,71,4,98,5332125,1877721,1,2,319292
ps,2,4194304,200000.0,0.4,0.0,1.0,71,4,99,5419459,1877721,1,2,293376
ps,2,4194304,200000.0,0.4,0.0,1.0,71,4,100,5580333,1877721,1,2,164083
ps,2,4194304,200000.0,0.4,0.0,1.0,71,4,101,5693708,1877721,1,2,178375
ps,2,4194304,200000.0,0.4,0.0,1.0,71,4,102,5644833,1877721,1,2,183208
ps,2,4194304,200000.0,0.4,0.0,1.0,71,4,103,5640000,1877721,1,2,137041
ps,2,4194304,200000.0,0.4,0.0,1.0,71,4,104,5693792,1877721,1,2,205000
ps,2,4194304,200000.0,0.4,0.0,1.0,71,4,105,5667459,1877721,1,2,128042
ps,2,4194304,200000.0,0.4,0.0,1.0,71,4,106,5791834,1877721,1,2,104917
ps,2,4194304,200000.0,0.4,0.0,1.0,71,4,107,5785500,1877721,1,2,8458
ps,2,4194304,200000.0,0.4,0.0,1.0,71,4,108,5696958,1877721,1,2,112292
ps,2,4194304,200000.0,0.4,0.0,1.0,71,4,109,5690375,1877721,1,2,160459
ps,2,4194304,200000.0,0.4,0.0,1.0,71,4,110,5623625,1877721,1,2,199958
ps,2,4194304,200000.0,0.4,0.0,1.0,71,4,111,5655125,1877721,1,2,132125
ps,2,4194304,200000.0,0.4,0.0,1.0,71,4,112,5742083,1877721,1,2,224458
ps,2,4194304,200000.0,0.4,0.0,1.0,71,4,113,5656917,1877721,1,2,105334
ps,2,4194304,200000.0,0.4,0.0,1.0,71,4,114,5681125,1877721,1,2,214459
ps,2,4194304,200000.0,0.4,0.0,1.0,71,4,115,5686542,1877721,1,2,163251
ps,2,4194304,200000.0,0.4,0.0,1.0,71,4,116,5782541,1877721,1,2,211041
ps,2,4194304,200000.0,0.4,0.0,1.0,71,4,117,5769792,1877721,1,2,137292
ps,2,4194304,200000.0,0.4,0.0,1.0,71,4,118,5757167,1877721,1,2,154542
ps,2,4194304,200000.0,0.4,0.0,1.0,71,4,119,5620916,1877721,1,2,58999
ps,2,4194304,200000.0,0.4,0.0,1.0,71,4,120,5803792,1877721,1,2,193959
ps,2,4194304,200000.0,0.4,0.0,1.0,71,4,121,5738416,1877721,1,2,148375
ps,2,4194304,200000.0,0.4,0.0,1.0,71,4,122,5606625,1877721,1,2,85083
ps,2,4194304,200000.0,0.4,0.0,1.0,71,4,123,6348791,1877721,1,2,154874
ps,2,4194304,200000.0,0.4,0.0,1.0,71,4,124,5804209,1877721,1,2,118084
ps,2,4194304,200000.0,0.4,0.0,1.0,71,4,125,5749708,1877721,1,2,128458
ps,2,4194304,200000.0,0.4,0.0,1.0,71,4,126,5513292,1877721,1,2,235000
ps,2,4194304,200000.0,0.4,0.0,1.0,71,4,127,6467292,1877721,1,2,136958
ps,2,4194304,200000.0,0.4,0.0,1.0,71,4,128,5997917,1877721,1,2,116084
ps,2,4194304,200000.0,0.4,0.0,1.0,71,4,129,5486458,1877721,1,2,363499
ps,2,4194304,200000.0,0.4,0.0,1.0,71,4,130,5566250,1877721,1,2,247500
ps,2,4194304,200000.0,0.4,0.0,1.0,71,4,131,5509333,1877721,1,2,285124
ps,2,4194304,200000.0,0.4,0.0,1.0,71,4,132,5640541,1877721,1,2,194083
ps,2,4194304,200000.0,0.4,0.0,1.0,71,4,133,5713000,1877721,1,2,174083
ps,2,4194304,200000.0,0.4,0.0,1.0,71,4,134,5464625,1877721,1,2,237834
ps,2,4194304,200000.0,0.4,0.0,1.0,71,4,135,6068167,1877721,1,2,74959
ps,2,4194304,200000.0,0.4,0.0,1.0,71,4,136,5565958,1877721,1,2,319208
ps,2,4194304,200000.0,0.4,0.0,1.0,71,4,137,5547041,1877721,1,2,403874
ps,2,4194304,200000.0,0.4,0.0,1.0,71,4,138,5864000,1877721,1,2,275708
ps,2,4194304,200000.0,0.4,0.0,1.0,71,4,139,5582417,1877721,1,2,256959
ps,2,4194304,200000.0,0.4,0.0,1.0,71,4,140,5404125,1877721,1,2,248958
ps,2,4194304,200000.0,0.4,0.0,1.0,71,4,141,5426500,1877721,1,2,310833
ps,2,4194304,200000.0,0.4,0.0,1.0,71,4,142,5543167,1877721,1,2,216250
ps,2,4194304,200000.0,0.4,0.0,1.0,71,4,143,5410959,1877721,1,2,266168
ps,2,4194304,200000.0,0.4,0.0,1.0,71,4,144,5513084,1877721,1,2,304834
ps,2,4194304,200000.0,0.4,0.0,1.0,71,4,145,6057416,1877721,1,2,99666
ps,2,4194304,200000.0,0.4,0.0,1.0,71,4,146,5548084,1877721,1,2,278000
ps,2,4194304,200000.0,0.4,0.0,1.0,71,4,147,5546375,1877721,1,2,308833
ps,2,4194304,200000.0,0.4,0.0,1.0,71,4,148,5420625,1877721,1,2,306959
ps,2,4194304,200000.0,0.4,0.0,1.0,71,4,149,5646542,1877721,1,2,74459
ps,2,4194304,200000.0,0.4,0.0,1.0,71,4,150,5577958,1877721,1,2,150583
ps,2,4194304,200000.0,0.4,0.0,1.0,71,4,151,5427375,1877721,1,2,237958
ps,2,4194304,200000.0,0.4,0.0,1.0,71,4,152,5394958,1877721,1,2,303083
ps,2,4194304,200000.0,0.4,0.0,1.0,71,4,153,5441917,1877721,1,2,324042
ps,2,4194304,200000.0,0.4,0.0,1.0,71,4,154,5479417,1877721,1,2,255251
ps,2,4194304,200000.0,0.4,0.0,1.0,71,4,155,6130958,1877721,1,2,270791
ps,2,4194304,200000.0,0.4,0.0,1.0,71,4,156,5467792,1877721,1,2,256834
ps,2,4194304,200000.0,0.4,0.0,1.0,71,4,157,5663209,1877721,1,2,237001
ps,2,4194304,200000.0,0.4,0.0,1.0,71,4,158,5488875,1877721,1,2,204958
ps,2,4194304,200000.0,0.4,0.0,1.0,71,4,159,5469125,1877721,1,2,312084
ps,2,4194304,200000.0,0.4,0.0,1.0,71,4,160,5496209,1877721,1,2,306250
ps,2,4194304,200000.0,0.4,0.0,1.0,71,4,161,5785250,1877721,1,2,237083
ps,2,4194304,200000.0,0.4,0.0,1.0,71,4,162,5405667,1877721,1,2,349875
ps,2,4194304,200000.0,0.4,0.0,1.0,71,4,163,5769250,1877721,1,2,92916
ps,2,4194304,200000.0,0.4,0.0,1.0,71,4,164,5476666,1877721,1,2,244874
ps,2,4194304,200000.0,0.4,0.0,1.0,71,4,165,5429666,1877721,1,2,270125
ps,2,4194304,200000.0,0.4,0.0,1.0,71,4,166,5399875,1877721,1,2,94292
ps,2,4194304,200000.0,0.4,0.0,1.0,71,4,167,5978875,1877721,1,2,276667
ps,2,4194304,200000.0,0.4,0.0,1.0,71,4,168,5873000,1877721,1,2,162791
ps,2,4194304,200000.0,0.4,0.0,1.0,71,4,169,5638542,1877721,1,2,407084
ps,2,4194304,200000.0,0.4,0.0,1.0,71,4,170,5585500,1877721,1,2,357875
ps,2,4194304,200000.0,0.4,0.0,1.0,71,4,171,5950333,1877721,1,2,244874
ps,2,4194304,200000.0,0.4,0.0,1.0,71,4,172,5605333,1877721,1,2,232250
ps,2,4194304,200000.0,0.4,0.0,1.0,71,4,173,6153958,1877721,1,2,32625
ps,2,4194304,200000.0,0.4,0.0,1.0,71,4,174,5515125,1877721,1,2,292167
ps,2,4194304,200000.0,0.4,0.0,1.0,71,4,175,5537291,1877721,1,2,209625
ps,2,4194304,200000.0,0.4,0.0,1.0,71,4,176,5513458,1877721,1,2,347250
ps,2,4194304,200000.0,0.4,0.0,1.0,71,4,177,5598667,1877721,1,2,222625
ps,2,4194304,200000.0,0.4,0.0,1.0,71,4,178,7240750,1877721,1,2,387541
ps,2,4194304,200000.0,0.4,0.0,1.0,71,4,179,5826917,1877721,1,2,138333
ps,2,4194304,200000.0,0.4,0.0,1.0,71,4,180,5512167,1877721,1,2,255333
ps,2,4194304,200000.0,0.4,0.0,1.0,71,4,181,5483000,1877721,1,2,224292
ps,2,4194304,200000.0,0.4,0.0,1.0,71,4,182,5463125,1877721,1,2,231833
ps,2,4194304,200000.0,0.4,0.0,1.0,71,4,183,5463250,1877721,1,2,202250
ps,2,4194304,200000.0,0.4,0.0,1.0,71,4,184,5580958,1877721,1,2,281333
ps,2,4194304,200000.0,0.4,0.0,1.0,71,4,185,5495625,1877721,1,2,281583
ps,2,4194304,200000.0,0.4,0.0,1.0,71,4,186,5447500,1877721,1,2,275875
ps,2,4194304,200000.0,0.4,0.0,1.0,71,4,187,5564042,1877721,1,2,332209
ps,2,4194304,200000.0,0.4,0.0,1.0,71,4,188,5496417,1877721,1,2,235000
ps,2,4194304,200000.0,0.4,0.0,1.0,71,4,189,5462833,1877721,1,2,280625
ps,2,4194304,200000.0,0.4,0.0,1.0,71,4,190,5468958,1877721,1,2,311000
ps,2,4194304,200000.0,0.4,0.0,1.0,71,4,191,5408417,1877721,1,2,302459
ps,2,4194304,200000.0,0.4,0.0,1.0,71,4,192,5386208,1877721,1,2,301750
ps,2,4194304,200000.0,0.4,0.0,1.0,71,4,193,5514375,1877721,1,2,195917
ps,2,4194304,200000.0,0.4,0.0,1.0,71,4,194,5588334,1877721,1,2,114792
ps,2,4194304,200000.0,0.4,0.0,1.0,71,4,195,6044000,1877721,1,2,220000
ps,2,4194304,200000.0,0.4,0.0,1.0,71,4,196,5517500,1877721,1,2,298667
ps,2,4194304,200000.0,0.4,0.0,1.0,71,4,197,5405250,1877721,1,2,259792
ps,2,4194304,200000.0,0.4,0.0,1.0,71,4,198,5501792,1877721,1,2,297042
ps,2,4194304,200000.0,0.4,0.0,1.0,71,4,199,5446416,1877721,1,2,211832
ps,2,4194304,200000.0,0.4,0.0,1.0,71,4,200,5508375,1877721,1,2,365875
ps,2,4194304,200000.0,0.4,0.0,1.0,71,4,201,5474416,1877721,1,2,278124
ps,2,4194304,200000.0,0.4,0.0,1.0,71,4,202,5783375,1877721,1,2,230666
ps,2,4194304,200000.0,0.4,0.0,1.0,71,4,203,6012500,1877721,1,2,217084
ps,2,4194304,200000.0,0.4,0.0,1.0,71,4,204,6034875,1877721,1,2,241667
ps,2,4194304,200000.0,0.4,0.0,1.0,71,4,205,5594583,1877721,1,2,177958
ps,2,4194304,200000.0,0.4,0.0,1.0,71,4,206,5556167,1877721,1,2,188875
ps,2,4194304,200000.0,0.4,0.0,1.0,71,4,207,5517375,1877721,1,2,194334
ps,2,4194304,200000.0,0.4,0.0,1.0,71,4,208,5633208,1877721,1,2,127875
ps,2,4194304,200000.0,0.4,0.0,1.0,71,4,209,5733458,1877721,1,2,148791
ps,2,4194304,200000.0,0.4,0.0,1.0,71,4,210,5618583,1877721,1,2,259708
ps,2,4194304,200000.0,0.4,0.0,1.0,71,4,211,5597625,1877721,1,2,192667
ps,2,4194304,200000.0,0.4,0.0,1.0,71,4,212,5850458,1877721,1,2,196041
ps,2,4194304,200000.0,0.4,0.0,1.0,71,4,213,5641708,1877721,1,2,136041
ps,2,4194304,200000.0,0.4,0.0,1.0,71,4,214,5511708,1877721,1,2,300416
ps,2,4194304,200000.0,0.4,0.0,1.0,71,4,215,5617959,1877721,1,2,325417
ps,2,4194304,200000.0,0.4,0.0,1.0,71,4,216,5873917,1877721,1,2,215792
ps,2,4194304,200000.0,0.4,0.0,1.0,71,4,217,5510042,1877721,1,2,322875
ps,2,4194304,200000.0,0.4,0.0,1.0,71,4,218,5671417,1877721,1,2,333667
ps,2,4194304,200000.0,0.4,0.0,1.0,71,4,219,5630292,1877721,1,2,341417
ps,2,4194304,200000.0,0.4,0.0,1.0,71,4,220,6163500,1877721,1,2,890916
ps,2,4194304,200000.0,0.4,0.0,1.0,71,4,221,5816459,1877721,1,2,172125
ps,2,4194304,200000.0,0.4,0.0,1.0,71,4,222,5721000,1877721,1,2,333792
ps,2,4194304,200000.0,0.4,0.0,1.0,71,4,223,5602625,1877721,1,2,210000
ps,2,4194304,200000.0,0.4,0.0,1.0,71,4,224,5547666,1877721,1,2,258791
ps,2,4194304,200000.0,0.4,0.0,1.0,71,4,225,6021083,1877721,1,2,483042
ps,2,4194304,200000.0,0.4,0.0,1.0,71,4,226,6047292,1877721,1,2,577792
ps,2,4194304,200000.0,0.4,0.0,1.0,71,4,227,5900000,1877721,1,2,350542
ps,2,4194304,200000.0,0.4,0.0,1.0,71,4,228,6165208,1877721,1,2,316499
ps,2,4194304,200000.0,0.4,0.0,1.0,71,4,229,6200792,1877721,1,2,373750
ps,2,4194304,200000.0,0.4,0.0,1.0,71,4,230,6266834,1877721,1,2,579084
ps,2,4194304,200000.0,0.4,0.0,1.0,71,4,231,5928750,1877721,1,2,426959
ps,2,4194304,200000.0,0.4,0.0,1.0,71,4,232,6084334,1877721,1,2,458167
ps,2,4194304,200000.0,0.4,0.0,1.0,71,4,233,6105667,1877721,1,2,450376
ps,2,4194304,200000.0,0.4,0.0,1.0,71,4,234,6173750,1877721,1,2,465959
ps,2,4194304,200000.0,0.4,0.0,1.0,71,4,235,6678917,1877721,1,2,937959
ps,2,4194304,200000.0,0.4,0.0,1.0,71,4,236,6333875,1877721,1,2,314083
ps,2,4194304,200000.0,0.4,0.0,1.0,71,4,237,5583750,1877721,1,2,238292
ps,2,4194304,200000.0,0.4,0.0,1.0,71,4,238,5596292,1877721,1,2,330750
ps,2,4194304,200000.0,0.4,0.0,1.0,71,4,239,5973750,1877721,1,2,815584
ps,2,4194304,200000.0,0.4,0.0,1.0,71,4,240,6604333,1877721,1,2,885583
ps,2,4194304,200000.0,0.4,0.0,1.0,71,4,241,5813583,1877721,1,2,352541
ps,2,4194304,200000.0,0.4,0.0,1.0,71,4,242,5890916,1877721,1,2,342833
ps,2,4194304,200000.0,0.4,0.0,1.0,71,4,243,5497208,1877721,1,2,325875
ps,2,4194304,200000.0,0.4,0.0,1.0,71,4,244,5835625,1877721,1,2,20666
ps,2,4194304,200000.0,0.4,0.0,1.0,71,4,245,5815500,1877721,1,2,274750
ps,2,4194304,200000.0,0.4,0.0,1.0,71,4,246,5541416,1877721,1,2,220707
ps,2,4194304,200000.0,0.4,0.0,1.0,71,4,247,5658375,1877721,1,2,285167
ps,2,4194304,200000.0,0.4,0.0,1.0,71,4,248,5477375,1877721,1,2,317958
ps,2,4194304,200000.0,0.4,0.0,1.0,71,4,249,5577084,1877721,1,2,261625
ring,2,4194304,200000.0,0.4,0.0,1.0,71,4,0,4149083,2077720,2,2,159042
ring,2,4194304,200000.0,0.4,0.0,1.0,71,4,1,3930875,2077720,2,2,220500
ring,2,4194304,200000.0,0.4,0.0,1.0,71,4,2,3910916,2077720,2,2,112749
ring,2,4194304,200000.0,0.4,0.0,1.0,71,4,3,3929166,2077720,2,2,224708
ring,2,4194304,200000.0,0.4,0.0,1.0,71,4,4,3879834,2077720,2,2,197876
ring,2,4194304,200000.0,0.4,0.0,1.0,71,4,5,3850209,2077720,2,2,233625
ring,2,4194304,200000.0,0.4,0.0,1.0,71,4,6,3880584,2077720,2,2,195418
ring,2,4194304,200000.0,0.4,0.0,1.0,71,4,7,4000125,2077720,2,2,146292
ring,2,4194304,200000.0,0.4,0.0,1.0,71,4,8,3916417,2077720,2,2,209292
ring,2,4194304,200000.0,0.4,0.0,1.0,71,4,9,3847000,2077720,2,2,215917
ring,2,4194304,200000.0,0.4,0.0,1.0,71,4,10,3758250,2077720,2,2,106500
ring,2,4194304,200000.0,0.4,0.0,1.0,71,4,11,4136542,2077720,2,2,126167
ring,2,4194304,200000.0,0.4,0.0,1.0,71,4,12,3848167,2077720,2,2,223500
ring,2,4194304,200000.0,0.4,0.0,1.0,71,4,13,3837209,2077720,2,2,271501
ring,2,4194304,200000.0,0.4,0.0,1.0,71,4,14,3820417,2077720,2,2,205875
ring,2,4194304,200000.0,0.4,0.0,1.0,71,4,15,3778167,2077720,2,2,203375
ring,2,4194304,200000.0,0.4,0.0,1.0,71,4,16,3844250,2077720,2,2,195917
ring,2,4194304,200000.0,0.4,0.0,1.0,71,4,17,4000625,2077720,2,2,4875
ring,2,4194304,200000.0,0.4,0.0,1.0,71,4,18,4204833,2077720,2,2,44291
ring,2,4194304,200000.0,0.4,0.0,1.0,71,4,19,3966042,2077720,2,2,246959
ring,2,4194304,200000.0,0.4,0.0,1.0,71,4,20,3994959,2077720,2,2,192376
ring,2,4194304,200000.0,0.4,0.0,1.0,71,4,21,3852209,2077720,2,2,239543
ring,2,4194304,200000.0,0.4,0.0,1.0,71,4,22,3873667,2077720,2,2,200083
ring,2,4194304,200000.0,0.4,0.0,1.0,71,4,23,3764500,2077720,2,2,180125
ring,2,4194304,200000.0,0.4,0.0,1.0,71,4,24,3833167,2077720,2,2,181459
ring,2,4194304,200000.0,0.4,0.0,1.0,71,4,25,3784625,2077720,2,2,197458
ring,2,4194304,200000.0,0.4,0.0,1.0,71,4,26,4047917,2077720,2,2,137334
ring,2,4194304,200000.0,0.4,0.0,1.0,71,4,27,4106958,2077720,2,2,163625
ring,2,4194304,200000.0,0.4,0.0,1.0,71,4,28,4632958,2077720,2,2,37708
ring,2,4194304,200000.0,0.4,0.0,1.0,71,4,29,4076833,2077720,2,2,144333
ring,2,4194304,200000.0,0.4,0.0,1.0,71,4,30,3821083,2077720,2,2,200708
ring,2,4194304,200000.0,0.4,0.0,1.0,71,4,31,3883333,2077720,2,2,130874
ring,2,4194304,200000.0,0.4,0.0,1.0,71,4,32,3909167,2077720,2,2,182125
ring,2,4194304,200000.0,0.4,0.0,1.0,71,4,33,3937291,2077720,2,2,252375
ring,2,4194304,200000.0,0.4,0.0,1.0,71,4,34,3898417,2077720,2,2,198208
ring,2,4194304,200000.0,0.4,0.0,1.0,71,4,35,3937583,2077720,2,2,207874
ring,2,4194304,200000.0,0.4,0.0,1.0,71,4,36,3899958,2077720,2,2,189750
ring,2,4194304,200000.0,0.4,0.0,1.0,71,4,37,3963208,2077720,2,2,209666
ring,2,4194304,200000.0,0.4,0.0,1.0,71,4,38,3777209,2077720,2,2,154584
ring,2,4194304,200000.0,0.4,0.0,1.0,71,4,39,3884833,2077720,2,2,189791
ring,2,4194304,200000.0,0.4,0.0,1.0,71,4,40,3840250,2077720,2,2,178667
ring,2,4194304,200000.0,0.4,0.0,1.0,71,4,41,3953791,2077720,2,2,147124
ring,2,4194304,200000.0,0.4,0.0,1.0,71,4,42,3934125,2077720,2,2,160708
ring,2,4194304,200000.0,0.4,0.0,1.0,71,4,43,3912083,2077720,2,2,183041
ring,2,4194304,200000.0,0.4,0.0,1.0,71,4,44,3987833,2077720,2,2,244667
ring,2,4194304,200000.0,0.4,0.0,1.0,71,4,45,3965208,2077720,2,2,211750
ring,2,4194304,200000.0,0.4,0.0,1.0,71,4,46,4071375,2077720,2,2,41625
ring,2,4194304,200000.0,0.4,0.0,1.0,71,4,47,4646625,2077720,2,2,284916
ring,2,4194304,200000.0,0.4,0.0,1.0,71,4,48,4282792,2077720,2,2,168208
ring,2,4194304,200000.0,0.4,0.0,1.0,71,4,49,4085500,2077720,2,2,155000
ring,2,4194304,200000.0,0.4,0.0,1.0,71,4,50,4180833,2077720,2,2,127625
ring,2,4194304,200000.0,0.4,0.0,1.0,71,4,51,3930541,2077720,2,2,147125
ring,2,4194304,200000.0,0.4,0.0,1.0,71,4,52,3863750,2077720,2,2,228042
ring,2,4194304,200000.0,0.4,0.0,1.0,71,4,53,3899209,2077720,2,2,192417
ring,2,4194304,200000.0,0.4,0.0,1.0,71,4,54,3866541,2077720,2,2,258083
ring,2,4194304,200000.0,0.4,0.0,1.0,71,4,55,3820666,2077720,2,2,225749
ring,2,4194304,200000.0,0.4,0.0,1.0,71,4,56,3985417,2077720,2,2,155709
ring,2,4194304,200000.0,0.4,0.0,1.0,71,4,57,4707125,2077720,2,2,328333
ring,2,4194304,200000.0,0.4,0.0,1.0,71,4,58,3978125,2077720,2,2,194458
ring,2,4194304,200000.0,0.4,0.0,1.0,71,4,59,3987542,2077720,2,2,202042
ring,2,4194304,200000.0,0.4,0.0,1.0,71,4,60,3836708,2077720,2,2,246125
ring,2,4194304,200000.0,0.4,0.0,1.0,71,4,61,3853125,2077720,2,2,140375
ring,2,4194304,200000.0,0.4,0.0,1.0,71,4,62,3799750,2077720,2,2,203042
ring,2,4194304,200000.0,0.4,0.0,1.0,71,4,63,3837833,2077720,2,2,216499
ring,2,4194304,200000.0,0.4,0.0,1.0,71,4,64,3925458,2077720,2,2,202166
ring,2,4194304,200000.0,0.4,0.0,1.0,71,4,65,3960042,2077720,2,2,211542
ring,2,4194304,200000.0,0.4,0.0,1.0,71,4,66,3988708,2077720,2,2,163749
ring,2,4194304,200000.0,0.4,0.0,1.0,71,4,67,3822459,2077720,2,2,162918
ring,2,4194304,200000.0,0.4,0.0,1.0,71,4,68,3941292,2077720,2,2,225917
ring,2,4194304,200000.0,0.4,0.0,1.0,71,4,69,3829875,2077720,2,2,179917
ring,2,4194304,200000.0,0.4,0.0,1.0,71,4,70,3894167,2077720,2,2,200125
ring,2,4194304,200000.0,0.4,0.0,1.0,71,4,71,3799250,2077720,2,2,200875
ring,2,4194304,200000.0,0.4,0.0,1.0,71,4,72,4040542,2077720,2,2,230750
ring,2,4194304,200000.0,0.4,0.0,1.0,71,4,73,3916500,2077720,2,2,181666
ring,2,4194304,200000.0,0.4,0.0,1.0,71,4,74,4007584,2077720,2,2,222459
ring,2,4194304,200000.0,0.4,0.0,1.0,71,4,75,3790541,2077720,2,2,158457
ring,2,4194304,200000.0,0.4,0.0,1.0,71,4,76,3718792,2077720,2,2,181208
ring,2,4194304,200000.0,0.4,0.0,1.0,71,4,77,3783625,2077720,2,2,190083
ring,2,4194304,200000.0,0.4,0.0,1.0,71,4,78,3878875,2077720,2,2,183167
ring,2,4194304,200000.0,0.4,0.0,1.0,71,4,79,3926250,2077720,2,2,205709
ring,2,4194304,200000.0,0.4,0.0,1.0,71,4,80,3927833,2077720,2,2,205458
ring,2,4194304,200000.0,0.4,0.0,1.0,71,4,81,3900917,2077720,2,2,220000
ring,2,4194304,200000.0,0.4,0.0,1.0,71,4,82,3890709,2077720,2,2,216834
ring,2,4194304,200000.0,0.4,0.0,1.0,71,4,83,3791750,2077720,2,2,225959
ring,2,4194304,200000.0,0.4,0.0,1.0,71,4,84,3828250,2077720,2,2,230667
ring,2,4194304,200000.0,0.4,0.0,1.0,71,4,85,3952209,2077720,2,2,179792
ring,2,4194304,200000.0,0.4,0.0,1.0,71,4,86,4082583,2077720,2,2,12499
ring,2,4194304,200000.0,0.4,0.0,1.0,71,4,87,4072000,2077720,2,2,64833
ring,2,4194304,200000.0,0.4,0.0,1.0,71,4,88,4085958,2077720,2,2,36291
ring,2,4194304,200000.0,0.4,0.0,1.0,71,4,89,4588625,2077720,2,2,20833
ring,2,4194304,200000.0,0.4,0.0,1.0,71,4,90,5077625,2077720,2,2,78083
ring,2,4194304,200000.0,0.4,0.0,1.0,71,4,91,4299042,2077720,2,2,16959
ring,2,4194304,200000.0,0.4,0.0,1.0,71,4,92,4177458,2077720,2,2,12708
ring,2,4194304,200000.0,0.4,0.0,1.0,71,4,93,7543667,2077720,2,2,545125
ring,2,4194304,200000.0,0.4,0.0,1.0,71,4,94,4857458,2077720,2,2,29250
ring,2,4194304,200000.0,0.4,0.0,1.0,71,4,95,4138167,2077720,2,2,140958
ring,2,4194304,200000.0,0.4,0.0,1.0,71,4,96,4144083,2077720,2,2,46875
ring,2,4194304,200000.0,0.4,0.0,1.0,71,4,97,4102625,2077720,2,2,40542
ring,2,4194304,200000.0,0.4,0.0,1.0,71,4,98,4130750,2077720,2,2,16125
ring,2,4194304,200000.0,0.4,0.0,1.0,71,4,99,4154083,2077720,2,2,542
ring,2,4194304,200000.0,0.4,0.0,1.0,71,4,100,4105125,2077720,2,2,127167
ring,2,4194304,200000.0,0.4,0.0,1.0,71,4,101,4162375,2077720,2,2,13625
ring,2,4194304,200000.0,0.4,0.0,1.0,71,4,102,4067375,2077720,2,2,20833
ring,2,4194304,200000.0,0.4,0.0,1.0,71,4,103,4006791,2077720,2,2,5207
ring,2,4194304,200000.0,0.4,0.0,1.0,71,4,104,4040167,2077720,2,2,16167
ring,2,4194304,200000.0,0.4,0.0,1.0,71,4,105,3955542,2077720,2,2,24042
ring,2,4194304,200000.0,0.4,0.0,1.0,71,4,106,4068542,2077720,2,2,80500
ring,2,4194304,200000.0,0.4,0.0,1.0,71,4,107,4074208,2077720,2,2,125583
ring,2,4194304,200000.0,0.4,0.0,1.0,71,4,108,4096125,2077720,2,2,9750
ring,2,4194304,200000.0,0.4,0.0,1.0,71,4,109,4007708,2077720,2,2,63166
ring,2,4194304,200000.0,0.4,0.0,1.0,71,4,110,4106083,2077720,2,2,6916
ring,2,4194304,200000.0,0.4,0.0,1.0,71,4,111,4126916,2077720,2,2,138750
ring,2,4194304,200000.0,0.4,0.0,1.0,71,4,112,4051708,2077720,2,2,81916
ring,2,4194304,200000.0,0.4,0.0,1.0,71,4,113,3975583,2077720,2,2,19958
ring,2,4194304,200000.0,0.4,0.0,1.0,71,4,114,4143666,2077720,2,2,89624
ring,2,4194304,200000.0,0.4,0.0,1.0,71,4,115,3956417,2077720,2,2,17875
ring,2,4194304,200000.0,0.4,0.0,1.0,71,4,116,4230834,2077720,2,2,82501
ring,2,4194304,200000.0,0.4,0.0,1.0,71,4,117,4201833,2077720,2,2,140875
ring,2,4194304,200000.0,0.4,0.0,1.0,71,4,118,4017125,2077720,2,2,219292
ring,2,4194304,200000.0,0.4,0.0,1.0,71,4,119,3957083,2077720,2,2,182417
ring,2,4194304,200000.0,0.4,0.0,1.0,71,4,120,3766917,2077720,2,2,201667
ring,2,4194304,200000.0,0.4,0.0,1.0,71,4,121,3908958,2077720,2,2,241167
ring,2,4194304,200000.0,0.4,0.0,1.0,71,4,122,3795709,2077720,2,2,147542
ring,2,4194304,200000.0,0.4,0.0,1.0,71,4,123,4079333,2077720,2,2,146958
ring,2,4194304,200000.0,0.4,0.0,1.0,71,4,124,3870875,2077720,2,2,200500
ring,2,4194304,200000.0,0.4,0.0,1.0,71,4,125,3913541,2077720,2,2,179125
ring,2,4194304,200000.0,0.4,0.0,1.0,71,4,126,3894750,2077720,2,2,235250
ring,2,4194304,200000.0,0.4,0.0,1.0,71,4,127,3867958,2077720,2,2,176875
ring,2,4194304,200000.0,0.4,0.0,1.0,71,4,128,3847583,2077720,2,2,224083
ring,2,4194304,200000.0,0.4,0.0,1.0,71,4,129,3837791,2077720,2,2,209125
ring,2,4194304,200000.0,0.4,0.0,1.0,71,4,130,3923917,2077720,2,2,201875
ring,2,4194304,200000.0,0.4,0.0,1.0,71,4,131,4075959,2077720,2,2,228126
ring,2,4194304,200000.0,0.4,0.0,1.0,71,4,132,3909167,2077720,2,2,183917
ring,2,4194304,200000.0,0.4,0.0,1.0,71,4,133,3871167,2077720,2,2,230667
ring,2,4194304,200000.0,0.4,0.0,1.0,71,4,134,3927834,2077720,2,2,233709
ring,2,4194304,200000.0,0.4,0.0,1.0,71,4,135,4046042,2077720,2,2,112833
ring,2,4194304,200000.0,0.4,0.0,1.0,71,4,136,3908333,2077720,2,2,228833
ring,2,4194304,200000.0,0.4,0.0,1.0,71,4,137,3789875,2077720,2,2,167042
ring,2,4194304,200000.0,0.4,0.0,1.0,71,4,138,3722417,2077720,2,2,6125
ring,2,4194304,200000.0,0.4,0.0,1.0,71,4,139,3237792,2077720,2,2,29167
ring,2,4194304,200000.0,0.4,0.0,1.0,71,4,140,3157708,2077720,2,2,52833
ring,2,4194304,200000.0,0.4,0.0,1.0,71,4,141,3142584,2077720,2,2,4917
ring,2,4194304,200000.0,0.4,0.0,1.0,71,4,142,3309542,2077720,2,2,7042
ring,2,4194304,200000.0,0.4,0.0,1.0,71,4,143,3377584,2077720,2,2,18209
ring,2,4194304,200000.0,0.4,0.0,1.0,71,4,144,3342334,2077720,2,2,80667
ring,2,4194304,200000.0,0.4,0.0,1.0,71,4,145,3192042,2077720,2,2,34709
ring,2,4194304,200000.0,0.4,0.0,1.0,71,4,146,3185250,2077720,2,2,11000
ring,2,4194304,200000.0,0.4,0.0,1.0,71,4,147,3243500,2077720,2,2,2917
ring,2,4194304,200000.0,0.4,0.0,1.0,71,4,148,3185417,2077720,2,2,16625
ring,2,4194304,200000.0,0.4,0.0,1.0,71,4,149,3171625,2077720,2,2,6459
ring,2,4194304,200000.0,0.4,0.0,1.0,71,4,150,3173250,2077720,2,2,18375
ring,2,4194304,200000.0,0.4,0.0,1.0,71,4,151,3177416,2077720,2,2,35208
ring,2,4194304,200000.0,0.4,0.0,1.0,71,4,152,3350584,2077720,2,2,13042
ring,2,4194304,200000.0,0.4,0.0,1.0,71,4,153,3167209,2077720,2,2,13084
ring,2,4194304,200000.0,0.4,0.0,1.0,71,4,154,3337958,2077720,2,2,833
ring,2,4194304,200000.0,0.4,0.0,1.0,71,4,155,3358875,2077720,2,2,15125
ring,2,4194304,200000.0,0.4,0.0,1.0,71,4,156,3174459,2077720,2,2,4834
ring,2,4194304,200000.0,0.4,0.0,1.0,71,4,157,3170625,2077720,2,2,9250
ring,2,4194304,200000.0,0.4,0.0,1.0,71,4,158,3209084,2077720,2,2,27751
ring,2,4194304,200000.0,0.4,0.0,1.0,71,4,159,3179917,2077720,2,2,98500
ring,2,4194304,200000.0,0.4,0.0,1.0,71,4,160,3167209,2077720,2,2,24542
ring,2,4194304,200000.0,0.4,0.0,1.0,71,4,161,3200625,2077720,2,2,42958
ring,2,4194304,200000.0,0.4,0.0,1.0,71,4,162,3169208,2077720,2,2,5624
ring,2,4194304,200000.0,0.4,0.0,1.0,71,4,163,3151875,2077720,2,2,28291
ring,2,4194304,200000.0,0.4,0.0,1.0,71,4,164,3166000,2077720,2,2,5291
ring,2,4194304,200000.0,0.4,0.0,1.0,71,4,165,3196584,2077720,2,2,11917
ring,2,4194304,200000.0,0.4,0.0,1.0,71,4,166,3404250,2077720,2,2,64167
ring,2,4194304,200000.0,0.4,0.0,1.0,71,4,167,3906916,2077720,2,2,179000
ring,2,4194304,200000.0,0.4,0.0,1.0,71,4,168,3832791,2077720,2,2,189541
ring,2,4194304,200000.0,0.4,0.0,1.0,71,4,169,3941458,2077720,2,2,252499
ring,2,4194304,200000.0,0.4,0.0,1.0,71,4,170,4052417,2077720,2,2,210583
ring,2,4194304,200000.0,0.4,0.0,1.0,71,4,171,3933833,2077720,2,2,226291
ring,2,4194304,200000.0,0.4,0.0,1.0,71,4,172,3935791,2077720,2,2,199249
ring,2,4194304,200000.0,0.4,0.0,1.0,71,4,173,3827375,2077720,2,2,199750
ring,2,4194304,200000.0,0.4,0.0,1.0,71,4,174,3819250,2077720,2,2,185625
ring,2,4194304,200000.0,0.4,0.0,1.0,71,4,175,3837166,2077720,2,2,198708
ring,2,4194304,200000.0,0.4,0.0,1.0,71,4,176,3853542,2077720,2,2,194792
ring,2,4194304,200000.0,0.4,0.0,1.0,71,4,177,3916167,2077720,2,2,245958
ring,2,4194304,200000.0,0.4,0.0,1.0,71,4,178,3880583,2077720,2,2,203625
ring,2,4194304,200000.0,0.4,0.0,1.0,71,4,179,3841292,2077720,2,2,189375
ring,2,4194304,200000.0,0.4,0.0,1.0,71,4,180,3847708,2077720,2,2,205666
ring,2,4194304,200000.0,0.4,0.0,1.0,71,4,181,4063834,2077720,2,2,83501
ring,2,4194304,200000.0,0.4,0.0,1.0,71,4,182,3844583,2077720,2,2,132041
ring,2,4194304,200000.0,0.4,0.0,1.0,71,4,183,3848334,2077720,2,2,216334
ring,2,4194304,200000.0,0.4,0.0,1.0,71,4,184,4003083,2077720,2,2,170416
ring,2,4194304,200000.0,0.4,0.0,1.0,71,4,185,3862917,2077720,2,2,172334
ring,2,4194304,200000.0,0.4,0.0,1.0,71,4,186,3864708,2077720,2,2,171625
ring,2,4194304,200000.0,0.4,0.0,1.0,71,4,187,3819583,2077720,2,2,189583
ring,2,4194304,200000.0,0.4,0.0,1.0,71,4,188,3760583,2077720,2,2,127458
ring,2,4194304,200000.0,0.4,0.0,1.0,71,4,189,3925875,2077720,2,2,206917
ring,2,4194304,200000.0,0.4,0.0,1.0,71,4,190,3931291,2077720,2,2,121499
ring,2,4194304,200000.0,0.4,0.0,1.0,71,4,191,3749125,2077720,2,2,177083
ring,2,4194304,200000.0,0.4,0.0,1.0,71,4,192,3864584,2077720,2,2,199376
ring,2,4194304,200000.0,0.4,0.0,1.0,71,4,193,3887083,2077720,2,2,195750
ring,2,4194304,200000.0,0.4,0.0,1.0,71,4,194,3801375,2077720,2,2,156458
ring,2,4194304,200000.0,0.4,0.0,1.0,71,4,195,3796750,2077720,2,2,179500
ring,2,4194304,200000.0,0.4,0.0,1.0,71,4,196,3797416,2077720,2,2,196666
ring,2,4194304,200000.0,0.4,0.0,1.0,71,4,197,3913291,2077720,2,2,190750
ring,2,4194304,200000.0,0.4,0.0,1.0,71,4,198,3889417,2077720,2,2,237333
ring,2,4194304,200000.0,0.4,0.0,1.0,71,4,199,4606750,2077720,2,2,97334
ring,2,4194304,200000.0,0.4,0.0,1.0,71,4,200,4039666,2077720,2,2,135124
ring,2,4194304,200000.0,0.4,0.0,1.0,71,4,201,3805708,2077720,2,2,204625
ring,2,4194304,200000.0,0.4,0.0,1.0,71,4,202,3841292,2077720,2,2,239042
ring,2,4194304,200000.0,0.4,0.0,1.0,71,4,203,3821209,2077720,2,2,208125
ring,2,4194304,200000.0,0.4,0.0,1.0,71,4,204,4053917,2077720,2,2,42792
ring,2,4194304,200000.0,0.4,0.0,1.0,71,4,205,3886583,2077720,2,2,228083
ring,2,4194304,200000.0,0.4,0.0,1.0,71,4,206,3897625,2077720,2,2,222542
ring,2,4194304,200000.0,0.4,0.0,1.0,71,4,207,3857958,2077720,2,2,212375
ring,2,4194304,200000.0,0.4,0.0,1.0,71,4,208,3790125,2077720,2,2,207625
ring,2,4194304,200000.0,0.4,0.0,1.0,71,4,209,3902291,2077720,2,2,204333
ring,2,4194304,200000.0,0.4,0.0,1.0,71,4,210,3741250,2077720,2,2,192084
ring,2,4194304,200000.0,0.4,0.0,1.0,71,4,211,3809625,2077720,2,2,222292
ring,2,4194304,200000.0,0.4,0.0,1.0,71,4,212,3825375,2077720,2,2,174083
ring,2,4194304,200000.0,0.4,0.0,1.0,71,4,213,3796667,2077720,2,2,227708
ring,2,4194304,200000.0,0.4,0.0,1.0,71,4,214,3878041,2077720,2,2,179458
ring,2,4194304,200000.0,0.4,0.0,1.0,71,4,215,3793541,2077720,2,2,216166
ring,2,4194304,200000.0,0.4,0.0,1.0,71,4,216,3799708,2077720,2,2,172125
ring,2,4194304,200000.0,0.4,0.0,1.0,71,4,217,3930292,2077720,2,2,200501
ring,2,4194304,200000.0,0.4,0.0,1.0,71,4,218,3881458,2077720,2,2,199708
ring,2,4194304,200000.0,0.4,0.0,1.0,71,4,219,3925875,2077720,2,2,198333
ring,2,4194304,200000.0,0.4,0.0,1.0,71,4,220,3949458,2077720,2,2,176625
ring,2,4194304,200000.0,0.4,0.0,1.0,71,4,221,3851958,2077720,2,2,223917
ring,2,4194304,200000.0,0.4,0.0,1.0,71,4,222,3885375,2077720,2,2,191250
ring,2,4194304,200000.0,0.4,0.0,1.0,71,4,223,3949166,2077720,2,2,239041
ring,2,4194304,200000.0,0.4,0.0,1.0,71,4,224,3825000,2077720,2,2,198666
ring,2,4194304,200000.0,0.4,0.0,1.0,71,4,225,3878375,2077720,2,2,110583
ring,2,4194304,200000.0,0.4,0.0,1.0,71,4,226,3867500,2077720,2,2,250125
ring,2,4194304,200000.0,0.4,0.0,1.0,71,4,227,4036958,2077720,2,2,157833
ring,2,4194304,200000.0,0.4,0.0,1.0,71,4,228,4004459,2077720,2,2,247042
ring,2,4194304,200000.0,0.4,0.0,1.0,71,4,229,3910416,2077720,2,2,202374
ring,2,4194304,200000.0,0.4,0.0,1.0,71,4,230,3831125,2077720,2,2,167166
ring,2,4194304,200000.0,0.4,0.0,1.0,71,4,231,3919750,2077720,2,2,219500
ring,2,4194304,200000.0,0.4,0.0,1.0,71,4,232,3909875,2077720,2,2,246125
ring,2,4194304,200000.0,0.4,0.0,1.0,71,4,233,3836541,2077720,2,2,167416
ring,2,4194304,200000.0,0.4,0.0,1.0,71,4,234,3916041,2077720,2,2,266791
ring,2,4194304,200000.0,0.4,0.0,1.0,71,4,235,3864791,2077720,2,2,221666
ring,2,4194304,200000.0,0.4,0.0,1.0,71,4,236,3885209,2077720,2,2,200584
ring,2,4194304,200000.0,0.4,0.0,1.0,71,4,237,3860167,2077720,2,2,250583
ring,2,4194304,200000.0,0.4,0.0,1.0,71,4,238,3961125,2077720,2,2,235541
ring,2,4194304,200000.0,0.4,0.0,1.0,71,4,239,3923542,2077720,2,2,208459
ring,2,4194304,200000.0,0.4,0.0,1.0,71,4,240,4197875,2077720,2,2,274208
ring,2,4194304,200000.0,0.4,0.0,1.0,71,4,241,4649792,2077720,2,2,108625
ring,2,4194304,200000.0,0.4,0.0,1.0,71,4,242,3984500,2077720,2,2,201459
ring,2,4194304,200000.0,0.4,0.0,1.0,71,4,243,3930375,2077720,2,2,202917
ring,2,4194304,200000.0,0.4,0.0,1.0,71,4,244,3996250,2077720,2,2,188916
ring,2,4194304,200000.0,0.4,0.0,1.0,71,4,245,3987709,2077720,2,2,193417
ring,2,4194304,200000.0,0.4,0.0,1.0,71,4,246,3889708,2077720,2,2,199625
ring,2,4194304,200000.0,0.4,0.0,1.0,71,4,247,3886208,2077720,2,2,145375
ring,2,4194304,200000.0,0.4,0.0,1.0,71,4,248,3811416,2077720,2,2,182249
ring,2,4194304,200000.0,0.4,0.0,1.0,71,4,249,3898791,2077720,2,2,220166
ring,2,1048576,200000.0,0.4,0.0,1.0,71,4,0,1626666,819430,2,2,13499
ring,2,1048576,200000.0,0.4,0.0,1.0,71,4,1,2105833,819430,2,2,50583
ring,2,1048576,200000.0,0.4,0.0,1.0,71,4,2,1701042,819430,2,2,60959
ring,2,1048576,200000.0,0.4,0.0,1.0,71,4,3,1511333,819430,2,2,16083
ring,2,1048576,200000.0,0.4,0.0,1.0,71,4,4,1496209,819430,2,2,62043
ring,2,1048576,200000.0,0.4,0.0,1.0,71,4,5,1611750,819430,2,2,25583
ring,2,1048576,200000.0,0.4,0.0,1.0,71,4,6,1459459,819430,2,2,49751
ring,2,1048576,200000.0,0.4,0.0,1.0,71,4,7,1573750,819430,2,2,88167
ring,2,1048576,200000.0,0.4,0.0,1.0,71,4,8,1450625,819430,2,2,70167
ring,2,1048576,200000.0,0.4,0.0,1.0,71,4,9,1502417,819430,2,2,17792
ring,2,1048576,200000.0,0.4,0.0,1.0,71,4,10,1509458,819430,2,2,81166
ring,2,1048576,200000.0,0.4,0.0,1.0,71,4,11,1465625,819430,2,2,58834
ring,2,1048576,200000.0,0.4,0.0,1.0,71,4,12,1568500,819430,2,2,16166
ring,2,1048576,200000.0,0.4,0.0,1.0,71,4,13,1546416,819430,2,2,124749
ring,2,1048576,200000.0,0.4,0.0,1.0,71,4,14,1507000,819430,2,2,93666
ring,2,1048576,200000.0,0.4,0.0,1.0,71,4,15,1396250,819430,2,2,10125
ring,2,1048576,200000.0,0.4,0.0,1.0,71,4,16,1565083,819430,2,2,53375
ring,2,1048576,200000.0,0.4,0.0,1.0,71,4,17,1448959,819430,2,2,32042
ring,2,1048576,200000.0,0.4,0.0,1.0,71,4,18,1571750,819430,2,2,89625
ring,2,1048576,200000.0,0.4,0.0,1.0,71,4,19,1526125,819430,2,2,49584
ring,2,1048576,200000.0,0.4,0.0,1.0,71,4,20,1516417,819430,2,2,16792
ring,2,1048576,200000.0,0.4,0.0,1.0,71,4,21,1473292,819430,2,2,52376
ring,2,1048576,200000.0,0.4,0.0,1.0,71,4,22,1535875,819430,2,2,83416
ring,2,1048576,200000.0,0.4,0.0,1.0,71,4,23,1504625,819430,2,2,60583
ring,2,1048576,200000.0,0.4,0.0,1.0,71,4,24,1537708,819430,2,2,66792
ring,2,1048576,200000.0,0.4,0.0,1.0,71,4,25,1458541,819430,2,2,50291
ring,2,1048576,200000.0,0.4,0.0,1.0,71,4,26,1548750,819430,2,2,17041
ring,2,1048576,200000.0,0.4,0.0,1.0,71,4,27,1582458,819430,2,2,109958
ring,2,1048576,200000.0,0.4,0.0,1.0,71,4,28,1483334,819430,2,2,18292
ring,2,1048576,200000.0,0.4,0.0,1.0,71,4,29,1520542,819430,2,2,24209
ring,2,1048576,200000.0,0.4,0.0,1.0,71,4,30,1457333,819430,2,2,69417
ring,2,1048576,200000.0,0.4,0.0,1.0,71,4,31,1521667,819430,2,2,58917
ring,2,1048576,200000.0,0.4,0.0,1.0,71,4,32,1519917,819430,2,2,30834
ring,2,1048576,200000.0,0.4,0.0,1.0,71,4,33,1504625,819430,2,2,74791
ring,2,1048576,200000.0,0.4,0.0,1.0,71,4,34,1486417,819430,2,2,77375
ring,2,1048576,200000.0,0.4,0.0,1.0,71,4,35,1546625,819430,2,2,27750
ring,2,1048576,200000.0,0.4,0.0,1.0,71,4,36,1478667,819430,2,2,59834
ring,2,1048576,200000.0,0.4,0.0,1.0,71,4,37,1507167,819430,2,2,48375
ring,2,1048576,200000.0,0.4,0.0,1.0,71,4,38,1528375,819430,2,2,59583
ring,2,1048576,200000.0,0.4,0.0,1.0,71,4,39,1493458,819430,2,2,58291
ring,2,1048576,200000.0,0.4,0.0,1.0,71,4,40,1589584,819430,2,2,77250
ring,2,1048576,200000.0,0.4,0.0,1.0,71,4,41,1534250,819430,2,2,63541
ring,2,1048576,200000.0,0.4,0.0,1.0,71,4,42,1493458,819430,2,2,13792
ring,2,1048576,200000.0,0.4,0.0,1.0,71,4,43,1506000,819430,2,2,63333
ring,2,1048576,200000.0,0.4,0.0,1.0,71,4,44,1485125,819430,2,2,95709
ring,2,1048576,200000.0,0.4,0.0,1.0,71,4,45,1546750,819430,2,2,49375
ring,2,1048576,200000.0,0.4,0.0,1.0,71,4,46,1543083,819430,2,2,24249
ring,2,1048576,200000.0,0.4,0.0,1.0,71,4,47,1619375,819430,2,2,29292
ring,2,1048576,200000.0,0.4,0.0,1.0,71,4,48,1521125,819430,2,2,77042
ring,2,1048576,200000.0,0.4,0.0,1.0,71,4,49,1583750,819430,2,2,85125
ring,2,1048576,200000.0,0.4,0.0,1.0,71,4,50,1510292,819430,2,2,6042
ring,2,1048576,200000.0,0.4,0.0,1.0,71,4,51,1566917,819430,2,2,40542
ring,2,1048576,200000.0,0.4,0.0,1.0,71,4,52,1676584,819430,2,2,137667
ring,2,1048576,200000.0,0.4,0.0,1.0,71,4,53,1959958,819430,2,2,5875
ring,2,1048576,200000.0,0.4,0.0,1.0,71,4,54,1639000,819430,2,2,51208
ring,2,1048576,200000.0,0.4,0.0,1.0,71,4,55,1546625,819430,2,2,42792
ring,2,1048576,200000.0,0.4,0.0,1.0,71,4,56,1449459,819430,2,2,4876
ring,2,1048576,200000.0,0.4,0.0,1.0,71,4,57,1608166,819430,2,2,56874
ring,2,1048576,200000.0,0.4,0.0,1.0,71,4,58,1450208,819430,2,2,45583
ring,2,1048576,200000.0,0.4,0.0,1.0,71,4,59,1513000,819430,2,2,58708
ring,2,1048576,200000.0,0.4,0.0,1.0,71,4,60,1535750,819430,2,2,60542
ring,2,1048576,200000.0,0.4,0.0,1.0,71,4,61,1646708,819430,2,2,137166
ring,2,1048576,200000.0,0.4,0.0,1.0,71,4,62,1635208,819430,2,2,3458
ring,2,1048576,200000.0,0.4,0.0,1.0,71,4,63,1550584,819430,2,2,18918
ring,2,1048576,200000.0,0.4,0.0,1.0,71,4,64,1675000,819430,2,2,71583
ring,2,1048576,200000.0,0.4,0.0,1.0,71,4,65,1563250,819430,2,2,6042
ring,2,1048576,200000.0,0.4,0.0,1.0,71,4,66,1567041,819430,2,2,124499
ring,2,1048576,200000.0,0.4,0.0,1.0,71,4,67,1576584,819430,2,2,75750
ring,2,1048576,200000.0,0.4,0.0,1.0,71,4,68,1612209,819430,2,2,61042
ring,2,1048576,200000.0,0.4,0.0,1.0,71,4,69,1534083,819430,2,2,73291
ring,2,1048576,200000.0,0.4,0.0,1.0,71,4,70,1548000,819430,2,2,38209
ring,2,1048576,200000.0,0.4,0.0,1.0,71,4,71,1504084,819430,2,2,66375
ring,2,1048576,200000.0,0.4,0.0,1.0,71,4,72,1573875,819430,2,2,34250
ring,2,1048576,200000.0,0.4,0.0,1.0,71,4,73,1515167,819430,2,2,48459
ring,2,1048576,200000.0,0.4,0.0,1.0,71,4,74,1521292,819430,2,2,34959
ring,2,1048576,200000.0,0.4,0.0,1.0,71,4,75,1518291,819430,2,2,62583
ring,2,1048576,200000.0,0.4,0.0,1.0,71,4,76,1514792,819430,2,2,17459
ring,2,1048576,200000.0,0.4,0.0,1.0,71,4,77,1508333,819430,2,2,77917
ring,2,1048576,200000.0,0.4,0.0,1.0,71,4,78,1513708,819430,2,2,78499
ring,2,1048576,200000.0,0.4,0.0,1.0,71,4,79,1486625,819430,2,2,42667
ring,2,1048576,200000.0,0.4,0.0,1.0,71,4,80,1552875,819430,2,2,43791
ring,2,1048576,200000.0,0.4,0.0,1.0,71,4,81,1501708,819430,2,2,80541
ring,2,1048576,200000.0,0.4,0.0,1.0,71,4,82,1507875,819430,2,2,59125
ring,2,1048576,200000.0,0.4,0.0,1.0,71,4,83,1532834,819430,2,2,54834
ring,2,1048576,200000.0,0.4,0.0,1.0,71,4,84,1530875,819430,2,2,92125
ring,2,1048576,200000.0,0.4,0.0,1.0,71,4,85,1535125,819430,2,2,66709
ring,2,1048576,200000.0,0.4,0.0,1.0,71,4,86,1558792,819430,2,2,6417
ring,2,1048576,200000.0,0.4,0.0,1.0,71,4,87,1480250,819430,2,2,41750
ring,2,1048576,200000.0,0.4,0.0,1.0,71,4,88,1552666,819430,2,2,96749
ring,2,1048576,200000.0,0.4,0.0,1.0,71,4,89,1494667,819430,2,2,39834
ring,2,1048576,200000.0,0.4,0.0,1.0,71,4,90,1513166,819430,2,2,102250
ring,2,1048576,200000.0,0.4,0.0,1.0,71,4,91,1552875,819430,2,2,62125
ring,2,1048576,200000.0,0.4,0.0,1.0,71,4,92,1525792,819430,2,2,36459
ring,2,1048576,200000.0,0.4,0.0,1.0,71,4,93,1541167,819430,2,2,20626
ring,2,1048576,200000.0,0.4,0.0,1.0,71,4,94,1486584,819430,2,2,11709
ring,2,1048576,200000.0,0.4,0.0,1.0,71,4,95,1533583,819430,2,2,100792
ring,2,1048576,200000.0,0.4,0.0,1.0,71,4,96,1542959,819430,2,2,18626
ring,2,1048576,200000.0,0.4,0.0,1.0,71,4,97,1520834,819430,2,2,71292
ring,2,1048576,200000.0,0.4,0.0,1.0,71,4,98,1502250,819430,2,2,58084
ring,2,1048576,200000.0,0.4,0.0,1.0,71,4,99,1576042,819430,2,2,34417
ring,2,1048576,200000.0,0.4,0.0,1.0,71,4,100,1578000,819430,2,2,59542
ring,2,1048576,200000.0,0.4,0.0,1.0,71,4,101,1577666,819430,2,2,89958
ring,2,1048576,200000.0,0.4,0.0,1.0,71,4,102,1570291,819430,2,2,42249
ring,2,1048576,200000.0,0.4,0.0,1.0,71,4,103,1664333,819430,2,2,117583
ring,2,1048576,200000.0,0.4,0.0,1.0,71,4,104,1559042,819430,2,2,55500
ring,2,1048576,200000.0,0.4,0.0,1.0,71,4,105,1529375,819430,2,2,84375
ring,2,1048576,200000.0,0.4,0.0,1.0,71,4,106,1596458,819430,2,2,39417
ring,2,1048576,200000.0,0.4,0.0,1.0,71,4,107,1558750,819430,2,2,88000
ring,2,1048576,200000.0,0.4,0.0,1.0,71,4,108,1541333,819430,2,2,75416
ring,2,1048576,200000.0,0.4,0.0,1.0,71,4,109,1582791,819430,2,2,41249
ring,2,1048576,200000.0,0.4,0.0,1.0,71,4,110,1529292,819430,2,2,55542
ring,2,1048576,200000.0,0.4,0.0,1.0,71,4,111,1685167,819430,2,2,27667
ring,2,1048576,200000.0,0.4,0.0,1.0,71,4,112,1557000,819430,2,2,14708
ring,2,1048576,200000.0,0.4,0.0,1.0,71,4,113,1561584,819430,2,2,55251
ring,2,1048576,200000.0,0.4,0.0,1.0,71,4,114,1610750,819430,2,2,92167
ring,2,1048576,200000.0,0.4,0.0,1.0,71,4,115,1566375,819430,2,2,79958
ring,2,1048576,200000.0,0.4,0.0,1.0,71,4,116,1615625,819430,2,2,77292
ring,2,1048576,200000.0,0.4,0.0,1.0,71,4,117,1605583,819430,2,2,35250
ring,2,1048576,200000.0,0.4,0.0,1.0,71,4,118,1630209,819430,2,2,81668
ring,2,1048576,200000.0,0.4,0.0,1.0,71,4,119,1604083,819430,2,2,38041
ring,2,1048576,200000.0,0.4,0.0,1.0,71,4,120,1701917,819430,2,2,134001
ring,2,1048576,200000.0,0.4,0.0,1.0,71,4,121,1654875,819430,2,2,99709
ring,2,1048576,200000.0,0.4,0.0,1.0,71,4,122,1546375,819430,2,2,49583
ring,2,1048576,200000.0,0.4,0.0,1.0,71,4,123,1600208,819430,2,2,15958
ring,2,1048576,200000.0,0.4,0.0,1.0,71,4,124,1641958,819430,2,2,29208
ring,2,1048576,200000.0,0.4,0.0,1.0,71,4,125,1587250,819430,2,2,110917
ring,2,1048576,200000.0,0.4,0.0,1.0,71,4,126,1552042,819430,2,2,76750
ring,2,1048576,200000.0,0.4,0.0,1.0,71,4,127,1545875,819430,2,2,19375
ring,2,1048576,200000.0,0.4,0.0,1.0,71,4,128,1641792,819430,2,2,50875
ring,2,1048576,200000.0,0.4,0.0,1.0,71,4,129,1605959,819430,2,2,58875
ring,2,1048576,200000.0,0.4,0.0,1.0,71,4,130,1629708,819430,2,2,28708
ring,2,1048576,200000.0,0.4,0.0,1.0,71,4,131,1582542,819430,2,2,69083
ring,2,1048576,200000.0,0.4,0.0,1.0,71,4,132,1529459,819430,2,2,26043
ring,2,1048576,200000.0,0.4,0.0,1.0,71,4,133,1662167,819430,2,2,19709
ring,2,1048576,200000.0,0.4,0.0,1.0,71,4,134,1554458,819430,2,2,62208
ring,2,1048576,200000.0,0.4,0.0,1.0,71,4,135,1492500,819430,2,2,16500
ring,2,1048576,200000.0,0.4,0.0,1.0,71,4,136,1632208,819430,2,2,59583
ring,2,1048576,200000.0,0.4,0.0,1.0,71,4,137,1575542,819430,2,2,64084
ring,2,1048576,200000.0,0.4,0.0,1.0,71,4,138,1588083,819430,2,2,81000
ring,2,1048576,200000.0,0.4,0.0,1.0,71,4,139,1555375,819430,2,2,57916
ring,2,1048576,200000.0,0.4,0.0,1.0,71,4,140,1564500,819430,2,2,23084
ring,2,1048576,200000.0,0.4,0.0,1.0,71,4,141,1617209,819430,2,2,20834
ring,2,1048576,200000.0,0.4,0.0,1.0,71,4,142,1627250,819430,2,2,2333
ring,2,1048576,200000.0,0.4,0.0,1.0,71,4,143,1574583,819430,2,2,9583
ring,2,1048576,200000.0,0.4,0.0,1.0,71,4,144,1590250,819430,2,2,9334
ring,2,1048576,200000.0,0.4,0.0,1.0,71,4,145,1584250,819430,2,2,48458
ring,2,1048576,200000.0,0.4,0.0,1.0,71,4,146,1565833,819430,2,2,20249
ring,2,1048576,200000.0,0.4,0.0,1.0,71,4,147,1569875,819430,2,2,3250
ring,2,1048576,200000.0,0.4,0.0,1.0,71,4,148,1544791,819430,2,2,53374
ring,2,1048576,200000.0,0.4,0.0,1.0,71,4,149,1563625,819430,2,2,25125
ring,2,1048576,200000.0,0.4,0.0,1.0,71,4,150,1551125,819430,2,2,84417
ring,2,1048576,200000.0,0.4,0.0,1.0,71,4,151,1561958,819430,2,2,75708
ring,2,1048576,200000.0,0.4,0.0,1.0,71,4,152,1570792,819430,2,2,43959
ring,2,1048576,200000.0,0.4,0.0,1.0,71,4,153,1566625,819430,2,2,73875
ring,2,1048576,200000.0,0.4,0.0,1.0,71,4,154,1584125,819430,2,2,25708
ring,2,1048576,200000.0,0.4,0.0,1.0,71,4,155,1611917,819430,2,2,103584
ring,2,1048576,200000.0,0.4,0.0,1.0,71,4,156,1559667,819430,2,2,51750
ring,2,1048576,200000.0,0.4,0.0,1.0,71,4,157,1618083,819430,2,2,59458
ring,2,1048576,200000.0,0.4,0.0,1.0,71,4,158,1517959,819430,2,2,54293
ring,2,1048576,200000.0,0.4,0.0,1.0,71,4,159,1536458,819430,2,2,85041
ring,2,1048576,200000.0,0.4,0.0,1.0,71,4,160,1546416,819430,2,2,87582
ring,2,1048576,200000.0,0.4,0.0,1.0,71,4,161,1541917,819430,2,2,65833
ring,2,1048576,200000.0,0.4,0.0,1.0,71,4,162,1529458,819430,2,2,42041
ring,2,1048576,200000.0,0.4,0.0,1.0,71,4,163,1528084,819430,2,2,63918
ring,2,1048576,200000.0,0.4,0.0,1.0,71,4,164,1632625,819430,2,2,17291
ring,2,1048576,200000.0,0.4,0.0,1.0,71,4,165,1613875,819430,2,2,75917
ring,2,1048576,200000.0,0.4,0.0,1.0,71,4,166,1552750,819430,2,2,3292
ring,2,1048576,200000.0,0.4,0.0,1.0,71,4,167,1621333,819430,2,2,39375
ring,2,1048576,200000.0,0.4,0.0,1.0,71,4,168,1612125,819430,2,2,14416
ring,2,1048576,200000.0,0.4,0.0,1.0,71,4,169,1621167,819430,2,2,77167
ring,2,1048576,200000.0,0.4,0.0,1.0,71,4,170,1670417,819430,2,2,67584
ring,2,1048576,200000.0,0.4,0.0,1.0,71,4,171,1645208,819430,2,2,17458
ring,2,1048576,200000.0,0.4,0.0,1.0,71,4,172,1622584,819430,2,2,13876
ring,2,1048576,200000.0,0.4,0.0,1.0,71,4,173,1540083,819430,2,2,46708
ring,2,1048576,200000.0,0.4,0.0,1.0,71,4,174,1659666,819430,2,2,11041
ring,2,1048576,200000.0,0.4,0.0,1.0,71,4,175,1696750,819430,2,2,83917
ring,2,1048576,200000.0,0.4,0.0,1.0,71,4,176,1634750,819430,2,2,43125
ring,2,1048576,200000.0,0.4,0.0,1.0,71,4,177,1611917,819430,2,2,79584
ring,2,1048576,200000.0,0.4,0.0,1.0,71,4,178,1625125,819430,2,2,11708
ring,2,1048576,200000.0,0.4,0.0,1.0,71,4,179,1500625,819430,2,2,23000
ring,2,1048576,200000.0,0.4,0.0,1.0,71,4,180,1616500,819430,2,2,86792
ring,2,1048576,200000.0,0.4,0.0,1.0,71,4,181,1517709,819430,2,2,31584
ring,2,1048576,200000.0,0.4,0.0,1.0,71,4,182,1574083,819430,2,2,66916
ring,2,1048576,200000.0,0.4,0.0,1.0,71,4,183,1628792,819430,2,2,25292
ring,2,1048576,200000.0,0.4,0.0,1.0,71,4,184,1614292,819430,2,2,33542
ring,2,1048576,200000.0,0.4,0.0,1.0,71,4,185,1623667,819430,2,2,48042
ring,2,1048576,200000.0,0.4,0.0,1.0,71,4,186,1662792,819430,2,2,28542
ring,2,1048576,200000.0,0.4,0.0,1.0,71,4,187,1814083,819430,2,2,100000
ring,2,1048576,200000.0,0.4,0.0,1.0,71,4,188,1590750,819430,2,2,1417
ring,2,1048576,200000.0,0.4,0.0,1.0,71,4,189,1794625,819430,2,2,46333
ring,2,1048576,200000.0,0.4,0.0,1.0,71,4,190,1585125,819430,2,2,25459
ring,2,1048576,200000.0,0.4,0.0,1.0,71,4,191,1820375,819430,2,2,94041
ring,2,1048576,200000.0,0.4,0.0,1.0,71,4,192,1625625,819430,2,2,118542
ring,2,1048576,200000.0,0.4,0.0,1.0,71,4,193,1800167,819430,2,2,120584
ring,2,1048576,200000.0,0.4,0.0,1.0,71,4,194,1613333,819430,2,2,56458
ring,2,1048576,200000.0,0.4,0.0,1.0,71,4,195,1544958,819430,2,2,72666
ring,2,1048576,200000.0,0.4,0.0,1.0,71,4,196,1748834,819430,2,2,107084
ring,2,1048576,200000.0,0.4,0.0,1.0,71,4,197,1677917,819430,2,2,57667
ring,2,1048576,200000.0,0.4,0.0,1.0,71,4,198,1631917,819430,2,2,87917
ring,2,1048576,200000.0,0.4,0.0,1.0,71,4,199,1695042,819430,2,2,36834
ring,2,1048576,200000.0,0.4,0.0,1.0,71,4,200,1576416,819430,2,2,85750
ring,2,1048576,200000.0,0.4,0.0,1.0,71,4,201,1578584,819430,2,2,59876
ring,2,1048576,200000.0,0.4,0.0,1.0,71,4,202,1548084,819430,2,2,19001
ring,2,1048576,200000.0,0.4,0.0,1.0,71,4,203,1568666,819430,2,2,83416
ring,2,1048576,200000.0,0.4,0.0,1.0,71,4,204,1617000,819430,2,2,13834
ring,2,1048576,200000.0,0.4,0.0,1.0,71,4,205,1576000,819430,2,2,68625
ring,2,1048576,200000.0,0.4,0.0,1.0,71,4,206,1582542,819430,2,2,8376
ring,2,1048576,200000.0,0.4,0.0,1.0,71,4,207,1564084,819430,2,2,42792
ring,2,1048576,200000.0,0.4,0.0,1.0,71,4,208,1547375,819430,2,2,5916
ring,2,1048576,200000.0,0.4,0.0,1.0,71,4,209,1619666,819430,2,2,32708
ring,2,1048576,200000.0,0.4,0.0,1.0,71,4,210,1563792,819430,2,2,40833
ring,2,1048576,200000.0,0.4,0.0,1.0,71,4,211,1562083,819430,2,2,61000
ring,2,1048576,200000.0,0.4,0.0,1.0,71,4,212,1628833,819430,2,2,18167
ring,2,1048576,200000.0,0.4,0.0,1.0,71,4,213,1634291,819430,2,2,64249
ring,2,1048576,200000.0,0.4,0.0,1.0,71,4,214,1604750,819430,2,2,84417
ring,2,1048576,200000.0,0.4,0.0,1.0,71,4,215,1657834,819430,2,2,85500
ring,2,1048576,200000.0,0.4,0.0,1.0,71,4,216,1648083,819430,2,2,41583
ring,2,1048576,200000.0,0.4,0.0,1.0,71,4,217,1559209,819430,2,2,91834
ring,2,1048576,200000.0,0.4,0.0,1.0,71,4,218,1733291,819430,2,2,116624
ring,2,1048576,200000.0,0.4,0.0,1.0,71,4,219,1741166,819430,2,2,150083
ring,2,1048576,200000.0,0.4,0.0,1.0,71,4,220,1585250,819430,2,2,40250
ring,2,1048576,200000.0,0.4,0.0,1.0,71,4,221,1687875,819430,2,2,40416
ring,2,1048576,200000.0,0.4,0.0,1.0,71,4,222,1542250,819430,2,2,3083
ring,2,1048576,200000.0,0.4,0.0,1.0,71,4,223,1511625,819430,2,2,49167
ring,2,1048576,200000.0,0.4,0.0,1.0,71,4,224,1643666,819430,2,2,64916
ring,2,1048576,200000.0,0.4,0.0,1.0,71,4,225,1515292,819430,2,2,54084
ring,2,1048576,200000.0,0.4,0.0,1.0,71,4,226,1569833,819430,2,2,32999
ring,2,1048576,200000.0,0.4,0.0,1.0,71,4,227,1544917,819430,2,2,74167
ring,2,1048576,200000.0,0.4,0.0,1.0,71,4,228,1609334,819430,2,2,79459
ring,2,1048576,200000.0,0.4,0.0,1.0,71,4,229,1616875,819430,2,2,2375
ring,2,1048576,200000.0,0.4,0.0,1.0,71,4,230,1545041,819430,2,2,88916
ring,2,1048576,200000.0,0.4,0.0,1.0,71,4,231,1469625,819430,2,2,27375
ring,2,1048576,200000.0,0.4,0.0,1.0,71,4,232,1600958,819430,2,2,103708
ring,2,1048576,200000.0,0.4,0.0,1.0,71,4,233,1574250,819430,2,2,40459
ring,2,1048576,200000.0,0.4,0.0,1.0,71,4,234,1553959,819430,2,2,99584
ring,2,1048576,200000.0,0.4,0.0,1.0,71,4,235,1525667,819430,2,2,45084
ring,2,1048576,200000.0,0.4,0.0,1.0,71,4,236,1483458,819430,2,2,28917
ring,2,1048576,200000.0,0.4,0.0,1.0,71,4,237,1551416,819430,2,2,35416
ring,2,1048576,200000.0,0.4,0.0,1.0,71,4,238,1522958,819430,2,2,68958
ring,2,1048576,200000.0,0.4,0.0,1.0,71,4,239,1559125,819430,2,2,3542
ring,2,1048576,200000.0,0.4,0.0,1.0,71,4,240,1653541,819430,2,2,11874
ring,2,1048576,200000.0,0.4,0.0,1.0,71,4,241,1572417,819430,2,2,97750
ring,2,1048576,200000.0,0.4,0.0,1.0,71,4,242,1565541,819430,2,2,4874
ring,2,1048576,200000.0,0.4,0.0,1.0,71,4,243,1661834,819430,2,2,35751
ring,2,1048576,200000.0,0.4,0.0,1.0,71,4,244,1578792,819430,2,2,65667
ring,2,1048576,200000.0,0.4,0.0,1.0,71,4,245,1644125,819430,2,2,78417
ring,2,1048576,200000.0,0.4,0.0,1.0,71,4,246,1579583,819430,2,2,90875
ring,2,1048576,200000.0,0.4,0.0,1.0,71,4,247,1601750,819430,2,2,77666
ring,2,1048576,200000.0,0.4,0.0,1.0,71,4,248,1521958,819430,2,2,43208
ring,2,1048576,200000.0,0.4,0.0,1.0,71,4,249,1525667,819430,2,2,56917
ps,2,1048576,200000.0,0.4,0.0,1.0,71,4,0,1963583,619430,1,2,124958
ps,2,1048576,200000.0,0.4,0.0,1.0,71,4,1,2103542,619430,1,2,175083
ps,2,1048576,200000.0,0.4,0.0,1.0,71,4,2,2098792,619430,1,2,188250
ps,2,1048576,200000.0,0.4,0.0,1.0,71,4,3,2077708,619430,1,2,144292
ps,2,1048576,200000.0,0.4,0.0,1.0,71,4,4,2055500,619430,1,2,198083
ps,2,1048576,200000.0,0.4,0.0,1.0,71,4,5,2054000,619430,1,2,159875
ps,2,1048576,200000.0,0.4,0.0,1.0,71,4,6,2106000,619430,1,2,147125
ps,2,1048576,200000.0,0.4,0.0,1.0,71,4,7,2105583,619430,1,2,166500
ps,2,1048576,200000.0,0.4,0.0,1.0,71,4,8,2091417,619430,1,2,190292
ps,2,1048576,200000.0,0.4,0.0,1.0,71,4,9,2053917,619430,1,2,116250
ps,2,1048576,200000.0,0.4,0.0,1.0,71,4,10,2108791,619430,1,2,188666
ps,2,1048576,200000.0,0.4,0.0,1.0,71,4,11,2092500,619430,1,2,104292
ps,2,1048576,200000.0,0.4,0.0,1.0,71,4,12,2043125,619430,1,2,173500
ps,2,1048576,200000.0,0.4,0.0,1.0,71,4,13,2087250,619430,1,2,144375
ps,2,1048576,200000.0,0.4,0.0,1.0,71,4,14,2071042,619430,1,2,163500
ps,2,1048576,200000.0,0.4,0.0,1.0,71,4,15,2117292,619430,1,2,202334
ps,2,1048576,200000.0,0.4,0.0,1.0,71,4,16,2066500,619430,1,2,146916
ps,2,1048576,200000.0,0.4,0.0,1.0,71,4,17,2123208,619430,1,2,152166
ps,2,1048576,200000.0,0.4,0.0,1.0,71,4,18,1985541,619430,1,2,171708
ps,2,1048576,200000.0,0.4,0.0,1.0,71,4,19,2054500,619430,1,2,109334
ps,2,1048576,200000.0,0.4,0.0,1.0,71,4,20,2117708,619430,1,2,175250
ps,2,1048576,200000.0,0.4,0.0,1.0,71,4,21,2132416,619430,1,2,200375
ps,2,1048576,200000.0,0.4,0.0,1.0,71,4,22,2084667,619430,1,2,139542
ps,2,1048576,200000.0,0.4,0.0,1.0,71,4,23,2030834,619430,1,2,201209
ps,2,1048576,200000.0,0.4,0.0,1.0,71,4,24,2115291,619430,1,2,171083
ps,2,1048576,200000.0,0.4,0.0,1.0,71,4,25,2081750,619430,1,2,148000
ps,2,1048576,200000.0,0.4,0.0,1.0,71,4,26,2051250,619430,1,2,143500
ps,2,1048576,200000.0,0.4,0.0,1.0,71,4,27,2018000,619430,1,2,197375
ps,2,1048576,200000.0,0.4,0.0,1.0,71,4,28,2025167,619430,1,2,106292
ps,2,1048576,200000.0,0.4,0.0,1.0,71,4,29,2052959,619430,1,2,164126
ps,2,1048576,200000.0,0.4,0.0,1.0,71,4,30,2051125,619430,1,2,191459
ps,2,1048576,200000.0,0.4,0.0,1.0,71,4,31,2042625,619430,1,2,130209
ps,2,1048576,200000.0,0.4,0.0,1.0,71,4,32,2075083,619430,1,2,164792
ps,2,1048576,200000.0,0.4,0.0,1.0,71,4,33,2064375,619430,1,2,187584
ps,2,1048576,200000.0,0.4,0.0,1.0,71,4,34,2038791,619430,1,2,167083
ps,2,1048576,200000.0,0.4,0.0,1.0,71,4,35,2035792,619430,1,2,196375
ps,2,1048576,200000.0,0.4,0.0,1.0,71,4,36,2015333,619430,1,2,169583
ps,2,1048576,200000.0,0.4,0.0,1.0,71,4,37,2033959,619430,1,2,185376
ps,2,1048576,200000.0,0.4,0.0,1.0,71,4,38,2038083,619430,1,2,175416
ps,2,1048576,200000.0,0.4,0.0,1.0,71,4,39,2048333,619430,1,2,163625
ps,2,1048576,200000.0,0.4,0.0,1.0,71,4,40,2035875,619430,1,2,156042
ps,2,1048576,200000.0,0.4,0.0,1.0,71,4,41,2026208,619430,1,2,168792
ps,2,1048576,200000.0,0.4,0.0,1.0,71,4,42,2003167,619430,1,2,157583
ps,2,1048576,200000.0,0.4,0.0,1.0,71,4,43,2035583,619430,1,2,177542
ps,2,1048576,200000.0,0.4,0.0,1.0,71,4,44,2063125,619430,1,2,204042
ps,2,1048576,200000.0,0.4,0.0,1.0,71,4,45,2044667,619430,1,2,156583
ps,2,1048576,200000.0,0.4,0.0,1.0,71,4,46,2033292,619430,1,2,191333
ps,2,1048576,200000.0,0.4,0.0,1.0,71,4,47,1979250,619430,1,2,134041
ps,2,1048576,200000.0,0.4,0.0,1.0,71,4,48,2095708,619430,1,2,195125
ps,2,1048576,200000.0,0.4,0.0,1.0,71,4,49,2000292,619430,1,2,165417
ps,2,1048576,200000.0,0.4,0.0,1.0,71,4,50,1898416,619430,1,2,100957
ps,2,1048576,200000.0,0.4,0.0,1.0,71,4,51,1874417,619430,1,2,55625
ps,2,1048576,200000.0,0.4,0.0,1.0,71,4,52,1935916,619430,1,2,60416
ps,2,1048576,200000.0,0.4,0.0,1.0,71,4,53,1903666,619430,1,2,88916
ps,2,1048576,200000.0,0.4,0.0,1.0,71,4,54,1941250,619430,1,2,90834
ps,2,1048576,200000.0,0.4,0.0,1.0,71,4,55,1852667,619430,1,2,100542
ps,2,1048576,200000.0,0.4,0.0,1.0,71,4,56,1862417,619430,1,2,88834
ps,2,1048576,200000.0,0.4,0.0,1.0,71,4,57,1892042,619430,1,2,76542
ps,2,1048576,200000.0,0.4,0.0,1.0,71,4,58,1876292,619430,1,2,78708
ps,2,1048576,200000.0,0.4,0.0,1.0,71,4,59,1883625,619430,1,2,79250
ps,2,1048576,200000.0,0.4,0.0,1.0,71,4,60,1849959,619430,1,2,104876
ps,2,1048576,200000.0,0.4,0.0,1.0,71,4,61,1868083,619430,1,2,73000
ps,2,1048576,200000.0,0.4,0.0,1.0,71,4,62,1875125,619430,1,2,47208
ps,2,1048576,200000.0,0.4,0.0,1.0,71,4,63,1856959,619430,1,2,65876
ps,2,1048576,200000.0,0.4,0.0,1.0,71,4,64,1907833,619430,1,2,88333
ps,2,1048576,200000.0,0.4,0.0,1.0,71,4,65,1861250,619430,1,2,101250
ps,2,1048576,200000.0,0.4,0.0,1.0,71,4,66,1890292,619430,1,2,42792
ps,2,1048576,200000.0,0.4,0.0,1.0,71,4,67,1891750,619430,1,2,116250
ps,2,1048576,200000.0,0.4,0.0,1.0,71,4,68,1878084,619430,1,2,82584
ps,2,1048576,200000.0,0.4,0.0,1.0,71,4,69,1941959,619430,1,2,96584
ps,2,1048576,200000.0,0.4,0.0,1.0,71,4,70,1859708,619430,1,2,52958
ps,2,1048576,200000.0,0.4,0.0,1.0,71,4,71,1870416,619430,1,2,87207
ps,2,1048576,200000.0,0.4,0.0,1.0,71,4,72,1886083,619430,1,2,66083
ps,2,1048576,200000.0,0.4,0.0,1.0,71,4,73,1884583,619430,1,2,99416
ps,2,1048576,200000.0,0.4,0.0,1.0,71,4,74,1873958,619430,1,2,90708
ps,2,1048576,200000.0,0.4,0.0,1.0,71,4,75,1856042,619430,1,2,68292
ps,2,1048576,200000.0,0.4,0.0,1.0,71,4,76,1876834,619430,1,2,77917
ps,2,1048576,200000.0,0.4,0.0,1.0,71,4,77,1831166,619430,1,2,67124
ps,2,1048576,200000.0,0.4,0.0,1.0,71,4,78,1874000,619430,1,2,85208
ps,2,1048576,200000.0,0.4,0.0,1.0,71,4,79,1873959,619430,1,2,54042
ps,2,1048576,200000.0,0.4,0.0,1.0,71,4,80,1886000,619430,1,2,84209
ps,2,1048576,200000.0,0.4,0.0,1.0,71,4,81,1894667,619430,1,2,75875
ps,2,1048576,200000.0,0.4,0.0,1.0,71,4,82,1869958,619430,1,2,78249
ps,2,1048576,200000.0,0.4,0.0,1.0,71,4,83,1870625,619430,1,2,55250
ps,2,1048576,200000.0,0.4,0.0,1.0,71,4,84,1870500,619430,1,2,74417
ps,2,1048576,200000.0,0.4,0.0,1.0,71,4,85,1848708,619430,1,2,67125
ps,2,1048576,200000.0,0.4,0.0,1.0,71,4,86,1880875,619430,1,2,68375
ps,2,1048576,200000.0,0.4,0.0,1.0,71,4,87,1850459,619430,1,2,79751
ps,2,1048576,200000.0,0.4,0.0,1.0,71,4,88,1871250,619430,1,2,92625
ps,2,1048576,200000.0,0.4,0.0,1.0,71,4,89,1857666,619430,1,2,54333
ps,2,1048576,200000.0,0.4,0.0,1.0,71,4,90,1895625,619430,1,2,72667
ps,2,1048576,200000.0,0.4,0.0,1.0,71,4,91,1834584,619430,1,2,61293
ps,2,1048576,200000.0,0.4,0.0,1.0,71,4,92,1883916,619430,1,2,61916
ps,2,1048576,200000.0,0.4,0.0,1.0,71,4,93,1910125,619430,1,2,83292
ps,2,1048576,200000.0,0.4,0.0,1.0,71,4,94,1888791,619430,1,2,73791
ps,2,1048576,200000.0,0.4,0.0,1.0,71,4,95,1873292,619430,1,2,88083
ps,2,1048576,200000.0,0.4,0.0,1.0,71,4,96,1907459,619430,1,2,109834
ps,2,1048576,200000.0,0.4,0.0,1.0,71,4,97,1859417,619430,1,2,101459
ps,2,1048576,200000.0,0.4,0.0,1.0,71,4,98,1878625,619430,1,2,81292
ps,2,1048576,200000.0,0.4,0.0,1.0,71,4,99,1878208,619430,1,2,78958
ps,2,1048576,200000.0,0.4,0.0,1.0,71,4,100,1865333,619430,1,2,75000
ps,2,1048576,200000.0,0.4,0.0,1.0,71,4,101,1883208,619430,1,2,81291
ps,2,1048576,200000.0,0.4,0.0,1.0,71,4,102,1876750,619430,1,2,90291
ps,2,1048576,200000.0,0.4,0.0,1.0,71,4,103,1877459,619430,1,2,74000
ps,2,1048576,200000.0,0.4,0.0,1.0,71,4,104,1906375,619430,1,2,70250
ps,2,1048576,200000.0,0.4,0.0,1.0,71,4,105,1871667,619430,1,2,80834
ps,2,1048576,200000.0,0.4,0.0,1.0,71,4,106,1904041,619430,1,2,83749
ps,2,1048576,200000.0,0.4,0.0,1.0,71,4,107,1945458,619430,1,2,118125
ps,2,1048576,200000.0,0.4,0.0,1.0,71,4,108,1987250,619430,1,2,63292
ps,2,1048576,200000.0,0.4,0.0,1.0,71,4,109,2195833,619430,1,2,100875
ps,2,1048576,200000.0,0.4,0.0,1.0,71,4,110,1998041,619430,1,2,14624
ps,2,1048576,200000.0,0.4,0.0,1.0,71,4,111,1959625,619430,1,2,113167
ps,2,1048576,200000.0,0.4,0.0,1.0,71,4,112,2021959,619430,1,2,57709
ps,2,1048576,200000.0,0.4,0.0,1.0,71,4,113,2037292,619430,1,2,62876
ps,2,1048576,200000.0,0.4,0.0,1.0,71,4,114,1940916,619430,1,2,84208
ps,2,1048576,200000.0,0.4,0.0,1.0,71,4,115,2032834,619430,1,2,77126
ps,2,1048576,200000.0,0.4,0.0,1.0,71,4,116,2025625,619430,1,2,31042
ps,2,1048576,200000.0,0.4,0.0,1.0,71,4,117,2046208,619430,1,2,65416
ps,2,1048576,200000.0,0.4,0.0,1.0,71,4,118,2007792,619430,1,2,101292
ps,2,1048576,200000.0,0.4,0.0,1.0,71,4,119,1885250,619430,1,2,77875
ps,2,1048576,200000.0,0.4,0.0,1.0,71,4,120,2032416,619430,1,2,94582
ps,2,1048576,200000.0,0.4,0.0,1.0,71,4,121,1921875,619430,1,2,68125
ps,2,1048576,200000.0,0.4,0.0,1.0,71,4,122,1853125,619430,1,2,83834
ps,2,1048576,200000.0,0.4,0.0,1.0,71,4,123,1874875,619430,1,2,76958
ps,2,1048576,200000.0,0.4,0.0,1.0,71,4,124,1883500,619430,1,2,93417
ps,2,1048576,200000.0,0.4,0.0,1.0,71,4,125,1869834,619430,1,2,101917
ps,2,1048576,200000.0,0.4,0.0,1.0,71,4,126,1841667,619430,1,2,50417
ps,2,1048576,200000.0,0.4,0.0,1.0,71,4,127,1895417,619430,1,2,83834
ps,2,1048576,200000.0,0.4,0.0,1.0,71,4,128,1861958,619430,1,2,147625
ps,2,1048576,200000.0,0.4,0.0,1.0,71,4,129,1877000,619430,1,2,70625
ps,2,1048576,200000.0,0.4,0.0,1.0,71,4,130,1886916,619430,1,2,106291
ps,2,1048576,200000.0,0.4,0.0,1.0,71,4,131,1882833,619430,1,2,105042
ps,2,1048576,200000.0,0.4,0.0,1.0,71,4,132,1917500,619430,1,2,44791
ps,2,1048576,200000.0,0.4,0.0,1.0,71,4,133,1871208,619430,1,2,112667
ps,2,1048576,200000.0,0.4,0.0,1.0,71,4,134,2077833,619430,1,2,199541
ps,2,1048576,200000.0,0.4,0.0,1.0,71,4,135,2080416,619430,1,2,178749
ps,2,1048576,200000.0,0.4,0.0,1.0,71,4,136,1982792,619430,1,2,102250
ps,2,1048576,200000.0,0.4,0.0,1.0,71,4,137,2079667,619430,1,2,166500
ps,2,1048576,200000.0,0.4,0.0,1.0,71,4,138,1993083,619430,1,2,65333
ps,2,1048576,200000.0,0.4,0.0,1.0,71,4,139,1835459,619430,1,2,107459
ps,2,1048576,200000.0,0.4,0.0,1.0,71,4,140,2171834,619430,1,2,189168
ps,2,1048576,200000.0,0.4,0.0,1.0,71,4,141,2067792,619430,1,2,192792
ps,2,1048576,200000.0,0.4,0.0,1.0,71,4,142,2046459,619430,1,2,75834
ps,2,1048576,200000.0,0.4,0.0,1.0,71,4,143,2070375,619430,1,2,173542
ps,2,1048576,200000.0,0.4,0.0,1.0,71,4,144,2120292,619430,1,2,224584
ps,2,1048576,200000.0,0.4,0.0,1.0,71,4,145,2063875,619430,1,2,167125
ps,2,1048576,200000.0,0.4,0.0,1.0,71,4,146,2064709,619430,1,2,220209
ps,2,1048576,200000.0,0.4,0.0,1.0,71,4,147,2066500,619430,1,2,158125
ps,2,1048576,200000.0,0.4,0.0,1.0,71,4,148,2103500,619430,1,2,165000
ps,2,1048576,200000.0,0.4,0.0,1.0,71,4,149,2030375,619430,1,2,127791
ps,2,1048576,200000.0,0.4,0.0,1.0,71,4,150,2077583,619430,1,2,187208
ps,2,1048576,200000.0,0.4,0.0,1.0,71,4,151,2009416,619430,1,2,105916
ps,2,1048576,200000.0,0.4,0.0,1.0,71,4,152,2157166,619430,1,2,228374
ps,2,1048576,200000.0,0.4,0.0,1.0,71,4,153,2040250,619430,1,2,105458
ps,2,1048576,200000.0,0.4,0.0,1.0,71,4,154,2034708,619430,1,2,134042
ps,2,1048576,200000.0,0.4,0.0,1.0,71,4,155,2071417,619430,1,2,187084
ps,2,1048576,200000.0,0.4,0.0,1.0,71,4,156,2142250,619430,1,2,166750
ps,2,1048576,200000.0,0.4,0.0,1.0,71,4,157,2039875,619430,1,2,165125
ps,2,1048576,200000.0,0.4,0.0,1.0,71,4,158,2119416,619430,1,2,194874
ps,2,1048576,200000.0,0.4,0.0,1.0,71,4,159,2026042,619430,1,2,201042
ps,2,1048576,200000.0,0.4,0.0,1.0,71,4,160,2070417,619430,1,2,151500
ps,2,1048576,200000.0,0.4,0.0,1.0,71,4,161,1910000,619430,1,2,87125
ps,2,1048576,200000.0,0.4,0.0,1.0,71,4,162,2049291,619430,1,2,182749
ps,2,1048576,200000.0,0.4,0.0,1.0,71,4,163,2020375,619430,1,2,180166
ps,2,1048576,200000.0,0.4,0.0,1.0,71,4,164,2109584,619430,1,2,57792
ps,2,1048576,200000.0,0.4,0.0,1.0,71,4,165,1954125,619430,1,2,193458
ps,2,1048576,200000.0,0.4,0.0,1.0,71,4,166,2089250,619430,1,2,146292
ps,2,1048576,200000.0,0.4,0.0,1.0,71,4,167,2040625,619430,1,2,168625
ps,2,1048576,200000.0,0.4,0.0,1.0,71,4,168,2160125,619430,1,2,195666
ps,2,1048576,200000.0,0.4,0.0,1.0,71,4,169,2020750,619430,1,2,54625
ps,2,1048576,200000.0,0.4,0.0,1.0,71,4,170,1891083,619430,1,2,112666
ps,2,1048576,200000.0,0.4,0.0,1.0,71,4,171,1979709,619430,1,2,46209
ps,2,1048576,200000.0,0.4,0.0,1.0,71,4,172,1883458,619430,1,2,122291
ps,2,1048576,200000.0,0.4,0.0,1.0,71,4,173,1869000,619430,1,2,104167
ps,2,1048576,200000.0,0.4,0.0,1.0,71,4,174,1963375,619430,1,2,195959
ps,2,1048576,200000.0,0.4,0.0,1.0,71,4,175,1971833,619430,1,2,88708
ps,2,1048576,200000.0,0.4,0.0,1.0,71,4,176,1902875,619430,1,2,97791
ps,2,1048576,200000.0,0.4,0.0,1.0,71,4,177,1846708,619430,1,2,85833
ps,2,1048576,200000.0,0.4,0.0,1.0,71,4,178,1867084,619430,1,2,121875
ps,2,1048576,200000.0,0.4,0.0,1.0,71,4,179,1914084,619430,1,2,102834
ps,2,1048576,200000.0,0.4,0.0,1.0,71,4,180,1893917,619430,1,2,82750
ps,2,1048576,200000.0,0.4,0.0,1.0,71,4,181,1845792,619430,1,2,97709
ps,2,1048576,200000.0,0.4,0.0,1.0,71,4,182,1877500,619430,1,2,75541
ps,2,1048576,200000.0,0.4,0.0,1.0,71,4,183,1893000,619430,1,2,119750
ps,2,1048576,200000.0,0.4,0.0,1.0,71,4,184,1882958,619430,1,2,84666
ps,2,1048576,200000.0,0.4,0.0,1.0,71,4,185,1907292,619430,1,2,82500
ps,2,1048576,200000.0,0.4,0.0,1.0,71,4,186,1833916,619430,1,2,38832
ps,2,1048576,200000.0,0.4,0.0,1.0,71,4,187,1879583,619430,1,2,105917
ps,2,1048576,200000.0,0.4,0.0,1.0,71,4,188,1914000,619430,1,2,89875
ps,2,1048576,200000.0,0.4,0.0,1.0,71,4,189,1883584,619430,1,2,72251
ps,2,1048576,200000.0,0.4,0.0,1.0,71,4,190,1903500,619430,1,2,101208
ps,2,1048576,200000.0,0.4,0.0,1.0,71,4,191,1926500,619430,1,2,83333
ps,2,1048576,200000.0,0.4,0.0,1.0,71,4,192,1841000,619430,1,2,102916
ps,2,1048576,200000.0,0.4,0.0,1.0,71,4,193,1921458,619430,1,2,150291
ps,2,1048576,200000.0,0.4,0.0,1.0,71,4,194,2073834,619430,1,2,182918
ps,2,1048576,200000.0,0.4,0.0,1.0,71,4,195,2120542,619430,1,2,135208
ps,2,1048576,200000.0,0.4,0.0,1.0,71,4,196,2046834,619430,1,2,210709
ps,2,1048576,200000.0,0.4,0.0,1.0,71,4,197,2069958,619430,1,2,185375
ps,2,1048576,200000.0,0.4,0.0,1.0,71,4,198,2127875,619430,1,2,206041
ps,2,1048576,200000.0,0.4,0.0,1.0,71,4,199,2125916,619430,1,2,187583
ps,2,1048576,200000.0,0.4,0.0,1.0,71,4,200,2110708,619430,1,2,168041
ps,2,1048576,200000.0,0.4,0.0,1.0,71,4,201,2057458,619430,1,2,162874
ps,2,1048576,200000.0,0.4,0.0,1.0,71,4,202,1955541,619430,1,2,43999
ps,2,1048576,200000.0,0.4,0.0,1.0,71,4,203,1875667,619430,1,2,88292
ps,2,1048576,200000.0,0.4,0.0,1.0,71,4,204,1958958,619430,1,2,80833
ps,2,1048576,200000.0,0.4,0.0,1.0,71,4,205,1980750,619430,1,2,163041
ps,2,1048576,200000.0,0.4,0.0,1.0,71,4,206,1876208,619430,1,2,112250
ps,2,1048576,200000.0,0.4,0.0,1.0,71,4,207,1898292,619430,1,2,101792
ps,2,1048576,200000.0,0.4,0.0,1.0,71,4,208,1885625,619430,1,2,123792
ps,2,1048576,200000.0,0.4,0.0,1.0,71,4,209,2068125,619430,1,2,191625
ps,2,1048576,200000.0,0.4,0.0,1.0,71,4,210,1929000,619430,1,2,93917
ps,2,1048576,200000.0,0.4,0.0,1.0,71,4,211,1886125,619430,1,2,91792
ps,2,1048576,200000.0,0.4,0.0,1.0,71,4,212,1877584,619430,1,2,98084
ps,2,1048576,200000.0,0.4,0.0,1.0,71,4,213,2078833,619430,1,2,170166
ps,2,1048576,200000.0,0.4,0.0,1.0,71,4,214,1893500,619430,1,2,125750
ps,2,1048576,200000.0,0.4,0.0,1.0,71,4,215,1890750,619430,1,2,82916
ps,2,1048576,200000.0,0.4,0.0,1.0,71,4,216,1855875,619430,1,2,34792
ps,2,1048576,200000.0,0.4,0.0,1.0,71,4,217,1997959,619430,1,2,23126
ps,2,1048576,200000.0,0.4,0.0,1.0,71,4,218,1897709,619430,1,2,83334
ps,2,1048576,200000.0,0.4,0.0,1.0,71,4,219,1901250,619430,1,2,120084
ps,2,1048576,200000.0,0.4,0.0,1.0,71,4,220,1956083,619430,1,2,206208
ps,2,1048576,200000.0,0.4,0.0,1.0,71,4,221,2049167,619430,1,2,179083
ps,2,1048576,200000.0,0.4,0.0,1.0,71,4,222,1889750,619430,1,2,109833
ps,2,1048576,200000.0,0.4,0.0,1.0,71,4,223,1853583,619430,1,2,66208
ps,2,1048576,200000.0,0.4,0.0,1.0,71,4,224,1943000,619430,1,2,177667
ps,2,1048576,200000.0,0.4,0.0,1.0,71,4,225,1853459,619430,1,2,80876
ps,2,1048576,200000.0,0.4,0.0,1.0,71,4,226,1862750,619430,1,2,65250
ps,2,1048576,200000.0,0.4,0.0,1.0,71,4,227,1838417,619430,1,2,73542
ps,2,1048576,200000.0,0.4,0.0,1.0,71,4,228,1948083,619430,1,2,119125
ps,2,1048576,200000.0,0.4,0.0,1.0,71,4,229,2014583,619430,1,2,171083
ps,2,1048576,200000.0,0.4,0.0,1.0,71,4,230,1903792,619430,1,2,82792
ps,2,1048576,200000.0,0.4,0.0,1.0,71,4,231,1943000,619430,1,2,112209
ps,2,1048576,200000.0,0.4,0.0,1.0,71,4,232,1897000,619430,1,2,96709
ps,2,1048576,200000.0,0.4,0.0,1.0,71,4,233,1995709,619430,1,2,159000
ps,2,1048576,200000.0,0.4,0.0,1.0,71,4,234,1902791,619430,1,2,107791
ps,2,1048576,200000.0,0.4,0.0,1.0,71,4,235,1922959,619430,1,2,104000
ps,2,1048576,200000.0,0.4,0.0,1.0,71,4,236,2031000,619430,1,2,180500
ps,2,1048576,200000.0,0.4,0.0,1.0,71,4,237,1939792,619430,1,2,98958
ps,2,1048576,200000.0,0.4,0.0,1.0,71,4,238,2028000,619430,1,2,141250
ps,2,1048576,200000.0,0.4,0.0,1.0,71,4,239,1974667,619430,1,2,91501
ps,2,1048576,200000.0,0.4,0.0,1.0,71,4,240,1909958,619430,1,2,77875
ps,2,1048576,200000.0,0.4,0.0,1.0,71,4,241,1873584,619430,1,2,89418
ps,2,1048576,200000.0,0.4,0.0,1.0,71,4,242,1856375,619430,1,2,65708
ps,2,1048576,200000.0,0.4,0.0,1.0,71,4,243,1837209,619430,1,2,73042
ps,2,1048576,200000.0,0.4,0.0,1.0,71,4,244,1972125,619430,1,2,208459
ps,2,1048576,200000.0,0.4,0.0,1.0,71,4,245,1980875,619430,1,2,104166
ps,2,1048576,200000.0,0.4,0.0,1.0,71,4,246,1955833,619430,1,2,116916
ps,2,1048576,200000.0,0.4,0.0,1.0,71,4,247,1980375,619430,1,2,143666
ps,2,1048576,200000.0,0.4,0.0,1.0,71,4,248,1881125,619430,1,2,71000
ps,2,1048576,200000.0,0.4,0.0,1.0,71,4,249,1885500,619430,1,2,112292
ring,2,4194304,200000.0,0.4,0.0,1.0,71,5,0,4087208,2077720,2,2,172375
ring,2,4194304,200000.0,0.4,0.0,1.0,71,5,1,3862416,2077720,2,2,223625
ring,2,4194304,200000.0,0.4,0.0,1.0,71,5,2,3807459,2077720,2,2,201500
ring,2,4194304,200000.0,0.4,0.0,1.0,71,5,3,3729750,2077720,2,2,198791
ring,2,4194304,200000.0,0.4,0.0,1.0,71,5,4,3767625,2077720,2,2,237042
ring,2,4194304,200000.0,0.4,0.0,1.0,71,5,5,3884917,2077720,2,2,212709
ring,2,4194304,200000.0,0.4,0.0,1.0,71,5,6,3809292,2077720,2,2,229083
ring,2,4194304,200000.0,0.4,0.0,1.0,71,5,7,3674708,2077720,2,2,202041
ring,2,4194304,200000.0,0.4,0.0,1.0,71,5,8,3714291,2077720,2,2,115499
ring,2,4194304,200000.0,0.4,0.0,1.0,71,5,9,3768125,2077720,2,2,168667
ring,2,4194304,200000.0,0.4,0.0,1.0,71,5,10,3738459,2077720,2,2,187751
ring,2,4194304,200000.0,0.4,0.0,1.0,71,5,11,3762625,2077720,2,2,177750
ring,2,4194304,200000.0,0.4,0.0,1.0,71,5,12,3734708,2077720,2,2,156791
ring,2,4194304,200000.0,0.4,0.0,1.0,71,5,13,3738375,2077720,2,2,189875
ring,2,4194304,200000.0,0.4,0.0,1.0,71,5,14,3730708,2077720,2,2,187500
ring,2,4194304,200000.0,0.4,0.0,1.0,71,5,15,3701041,2077720,2,2,178832
ring,2,4194304,200000.0,0.4,0.0,1.0,71,5,16,3763542,2077720,2,2,184876
ring,2,4194304,200000.0,0.4,0.0,1.0,71,5,17,3690542,2077720,2,2,212751
ring,2,4194304,200000.0,0.4,0.0,1.0,71,5,18,3841209,2077720,2,2,178876
ring,2,4194304,200000.0,0.4,0.0,1.0,71,5,19,3769583,2077720,2,2,218583
ring,2,4194304,200000.0,0.4,0.0,1.0,71,5,20,3810167,2077720,2,2,187542
ring,2,4194304,200000.0,0.4,0.0,1.0,71,5,21,3865084,2077720,2,2,173542
ring,2,4194304,200000.0,0.4,0.0,1.0,71,5,22,3631833,2077720,2,2,93583
ring,2,4194304,200000.0,0.4,0.0,1.0,71,5,23,3790750,2077720,2,2,260708
ring,2,4194304,200000.0,0.4,0.0,1.0,71,5,24,3717709,2077720,2,2,213168
ring,2,4194304,200000.0,0.4,0.0,1.0,71,5,25,3800500,2077720,2,2,179458
ring,2,4194304,200000.0,0.4,0.0,1.0,71,5,26,3740833,2077720,2,2,195374
ring,2,4194304,200000.0,0.4,0.0,1.0,71,5,27,3987750,2077720,2,2,158167
ring,2,4194304,200000.0,0.4,0.0,1.0,71,5,28,3743667,2077720,2,2,187750
ring,2,4194304,200000.0,0.4,0.0,1.0,71,5,29,3883709,2077720,2,2,218084
ring,2,4194304,200000.0,0.4,0.0,1.0,71,5,30,3828209,2077720,2,2,243209
ring,2,4194304,200000.0,0.4,0.0,1.0,71,5,31,3685042,2077720,2,2,160042
ring,2,4194304,200000.0,0.4,0.0,1.0,71,5,32,3734625,2077720,2,2,190166
ring,2,4194304,200000.0,0.4,0.0,1.0,71,5,33,3774666,2077720,2,2,221666
ring,2,4194304,200000.0,0.4,0.0,1.0,71,5,34,3808541,2077720,2,2,128291
ring,2,4194304,200000.0,0.4,0.0,1.0,71,5,35,3796166,2077720,2,2,236750
ring,2,4194304,200000.0,0.4,0.0,1.0,71,5,36,3769750,2077720,2,2,211375
ring,2,4194304,200000.0,0.4,0.0,1.0,71,5,37,3727625,2077720,2,2,198292
ring,2,4194304,200000.0,0.4,0.0,1.0,71,5,38,3724875,2077720,2,2,231083
ring,2,4194304,200000.0,0.4,0.0,1.0,71,5,39,3878541,2077720,2,2,233291
ring,2,4194304,200000.0,0.4,0.0,1.0,71,5,40,3751917,2077720,2,2,200209
ring,2,4194304,200000.0,0.4,0.0,1.0,71,5,41,3788333,2077720,2,2,196375
ring,2,4194304,200000.0,0.4,0.0,1.0,71,5,42,3724833,2077720,2,2,193833
ring,2,4194304,200000.0,0.4,0.0,1.0,71,5,43,3695250,2077720,2,2,211458
ring,2,4194304,200000.0,0.4,0.0,1.0,71,5,44,3781291,2077720,2,2,222124
ring,2,4194304,200000.0,0.4,0.0,1.0,71,5,45,3741791,2077720,2,2,210707
ring,2,4194304,200000.0,0.4,0.0,1.0,71,5,46,3750834,2077720,2,2,216293
ring,2,4194304,200000.0,0.4,0.0,1.0,71,5,47,3881417,2077720,2,2,134292
ring,2,4194304,200000.0,0.4,0.0,1.0,71,5,48,3795292,2077720,2,2,173792
ring,2,4194304,200000.0,0.4,0.0,1.0,71,5,49,3786459,2077720,2,2,148042
ring,2,4194304,200000.0,0.4,0.0,1.0,71,5,50,3718666,2077720,2,2,160666
ring,2,4194304,200000.0,0.4,0.0,1.0,71,5,51,3819417,2077720,2,2,190834
ring,2,4194304,200000.0,0.4,0.0,1.0,71,5,52,3722625,2077720,2,2,198459
ring,2,4194304,200000.0,0.4,0.0,1.0,71,5,53,3801958,2077720,2,2,212375
ring,2,4194304,200000.0,0.4,0.0,1.0,71,5,54,3779250,2077720,2,2,200750
ring,2,4194304,200000.0,0.4,0.0,1.0,71,5,55,3728250,2077720,2,2,213750
ring,2,4194304,200000.0,0.4,0.0,1.0,71,5,56,3660083,2077720,2,2,179499
ring,2,4194304,200000.0,0.4,0.0,1.0,71,5,57,3711708,2077720,2,2,134083
ring,2,4194304,200000.0,0.4,0.0,1.0,71,5,58,3712209,2077720,2,2,198709
ring,2,4194304,200000.0,0.4,0.0,1.0,71,5,59,3778041,2077720,2,2,196708
ring,2,4194304,200000.0,0.4,0.0,1.0,71,5,60,3728208,2077720,2,2,183624
ring,2,4194304,200000.0,0.4,0.0,1.0,71,5,61,3768541,2077720,2,2,221124
ring,2,4194304,200000.0,0.4,0.0,1.0,71,5,62,3678250,2077720,2,2,145791
ring,2,4194304,200000.0,0.4,0.0,1.0,71,5,63,3752958,2077720,2,2,218666
ring,2,4194304,200000.0,0.4,0.0,1.0,71,5,64,3793167,2077720,2,2,193708
ring,2,4194304,200000.0,0.4,0.0,1.0,71,5,65,3814500,2077720,2,2,185666
ring,2,4194304,200000.0,0.4,0.0,1.0,71,5,66,3758125,2077720,2,2,165750
ring,2,4194304,200000.0,0.4,0.0,1.0,71,5,67,3772041,2077720,2,2,195083
ring,2,4194304,200000.0,0.4,0.0,1.0,71,5,68,3742500,2077720,2,2,201916
ring,2,4194304,200000.0,0.4,0.0,1.0,71,5,69,3770500,2077720,2,2,174250
ring,2,4194304,200000.0,0.4,0.0,1.0,71,5,70,3755875,2077720,2,2,209375
ring,2,4194304,200000.0,0.4,0.0,1.0,71,5,71,3744583,2077720,2,2,246833
ring,2,4194304,200000.0,0.4,0.0,1.0,71,5,72,3740375,2077720,2,2,209875
ring,2,4194304,200000.0,0.4,0.0,1.0,71,5,73,3750667,2077720,2,2,193750
ring,2,4194304,200000.0,0.4,0.0,1.0,71,5,74,3829875,2077720,2,2,172333
ring,2,4194304,200000.0,0.4,0.0,1.0,71,5,75,3864791,2077720,2,2,167374
ring,2,4194304,200000.0,0.4,0.0,1.0,71,5,76,3782750,2077720,2,2,227042
ring,2,4194304,200000.0,0.4,0.0,1.0,71,5,77,3779459,2077720,2,2,211084
ring,2,4194304,200000.0,0.4,0.0,1.0,71,5,78,3734334,2077720,2,2,161292
ring,2,4194304,200000.0,0.4,0.0,1.0,71,5,79,3650875,2077720,2,2,143750
ring,2,4194304,200000.0,0.4,0.0,1.0,71,5,80,3875750,2077720,2,2,111834
ring,2,4194304,200000.0,0.4,0.0,1.0,71,5,81,3835542,2077720,2,2,204626
ring,2,4194304,200000.0,0.4,0.0,1.0,71,5,82,3612375,2077720,2,2,167333
ring,2,4194304,200000.0,0.4,0.0,1.0,71,5,83,3670084,2077720,2,2,210959
ring,2,4194304,200000.0,0.4,0.0,1.0,71,5,84,3743666,2077720,2,2,203208
ring,2,4194304,200000.0,0.4,0.0,1.0,71,5,85,3842791,2077720,2,2,139791
ring,2,4194304,200000.0,0.4,0.0,1.0,71,5,86,3769958,2077720,2,2,232625
ring,2,4194304,200000.0,0.4,0.0,1.0,71,5,87,3692208,2077720,2,2,177583
ring,2,4194304,200000.0,0.4,0.0,1.0,71,5,88,3838458,2077720,2,2,218917
ring,2,4194304,200000.0,0.4,0.0,1.0,71,5,89,3795208,2077720,2,2,201292
ring,2,4194304,200000.0,0.4,0.0,1.0,71,5,90,3705333,2077720,2,2,200666
ring,2,4194304,200000.0,0.4,0.0,1.0,71,5,91,3745541,2077720,2,2,167833
ring,2,4194304,200000.0,0.4,0.0,1.0,71,5,92,3733167,2077720,2,2,199709
ring,2,4194304,200000.0,0.4,0.0,1.0,71,5,93,3744750,2077720,2,2,196791
ring,2,4194304,200000.0,0.4,0.0,1.0,71,5,94,3692500,2077720,2,2,178875
ring,2,4194304,200000.0,0.4,0.0,1.0,71,5,95,3768125,2077720,2,2,147333
ring,2,4194304,200000.0,0.4,0.0,1.0,71,5,96,3733416,2077720,2,2,160541
ring,2,4194304,200000.0,0.4,0.0,1.0,71,5,97,3673958,2077720,2,2,203292
ring,2,4194304,200000.0,0.4,0.0,1.0,71,5,98,3687792,2077720,2,2,193292
ring,2,4194304,200000.0,0.4,0.0,1.0,71,5,99,3704667,2077720,2,2,204958
ring,2,4194304,200000.0,0.4,0.0,1.0,71,5,100,3789958,2077720,2,2,165416
ring,2,4194304,200000.0,0.4,0.0,1.0,71,5,101,3780709,2077720,2,2,230792
ring,2,4194304,200000.0,0.4,0.0,1.0,71,5,102,3665708,2077720,2,2,164625
ring,2,4194304,200000.0,0.4,0.0,1.0,71,5,103,3851292,2077720,2,2,181667
ring,2,4194304,200000.0,0.4,0.0,1.0,71,5,104,3711166,2077720,2,2,171500
ring,2,4194304,200000.0,0.4,0.0,1.0,71,5,105,3715792,2077720,2,2,227709
ring,2,4194304,200000.0,0.4,0.0,1.0,71,5,106,3752209,2077720,2,2,204334
ring,2,4194304,200000.0,0.4,0.0,1.0,71,5,107,3756083,2077720,2,2,199708
ring,2,4194304,200000.0,0.4,0.0,1.0,71,5,108,3644042,2077720,2,2,162500
ring,2,4194304,200000.0,0.4,0.0,1.0,71,5,109,3751250,2077720,2,2,196625
ring,2,4194304,200000.0,0.4,0.0,1.0,71,5,110,3718625,2077720,2,2,188292
ring,2,4194304,200000.0,0.4,0.0,1.0,71,5,111,3804916,2077720,2,2,193624
ring,2,4194304,200000.0,0.4,0.0,1.0,71,5,112,3803125,2077720,2,2,147000
ring,2,4194304,200000.0,0.4,0.0,1.0,71,5,113,3711083,2077720,2,2,210749
ring,2,4194304,200000.0,0.4,0.0,1.0,71,5,114,3786667,2077720,2,2,213292
ring,2,4194304,200000.0,0.4,0.0,1.0,71,5,115,3758666,2077720,2,2,200041
ring,2,4194304,200000.0,0.4,0.0,1.0,71,5,116,3753667,2077720,2,2,184334
ring,2,4194304,200000.0,0.4,0.0,1.0,71,5,117,3840167,2077720,2,2,198584
ring,2,4194304,200000.0,0.4,0.0,1.0,71,5,118,3733166,2077720,2,2,224791
ring,2,4194304,200000.0,0.4,0.0,1.0,71,5,119,3655167,2077720,2,2,201584
ring,2,4194304,200000.0,0.4,0.0,1.0,71,5,120,3755875,2077720,2,2,261583
ring,2,4194304,200000.0,0.4,0.0,1.0,71,5,121,3646625,2077720,2,2,192333
ring,2,4194304,200000.0,0.4,0.0,1.0,71,5,122,3820000,2077720,2,2,235792
ring,2,4194304,200000.0,0.4,0.0,1.0,71,5,123,3730542,2077720,2,2,221709
ring,2,4194304,200000.0,0.4,0.0,1.0,71,5,124,3663084,2077720,2,2,194584
ring,2,4194304,200000.0,0.4,0.0,1.0,71,5,125,3780958,2077720,2,2,198000
ring,2,4194304,200000.0,0.4,0.0,1.0,71,5,126,3697750,2077720,2,2,200292
ring,2,4194304,200000.0,0.4,0.0,1.0,71,5,127,3722083,2077720,2,2,201583
ring,2,4194304,200000.0,0.4,0.0,1.0,71,5,128,3770417,2077720,2,2,154709
ring,2,4194304,200000.0,0.4,0.0,1.0,71,5,129,3816916,2077720,2,2,123583
ring,2,4194304,200000.0,0.4,0.0,1.0,71,5,130,3779833,2077720,2,2,200708
ring,2,4194304,200000.0,0.4,0.0,1.0,71,5,131,3753208,2077720,2,2,209166
ring,2,4194304,200000.0,0.4,0.0,1.0,71,5,132,3675209,2077720,2,2,173876
ring,2,4194304,200000.0,0.4,0.0,1.0,71,5,133,3644792,2077720,2,2,207375
ring,2,4194304,200000.0,0.4,0.0,1.0,71,5,134,3740417,2077720,2,2,233625
ring,2,4194304,200000.0,0.4,0.0,1.0,71,5,135,3728041,2077720,2,2,213583
ring,2,4194304,200000.0,0.4,0.0,1.0,71,5,136,3734750,2077720,2,2,146666
ring,2,4194304,200000.0,0.4,0.0,1.0,71,5,137,3710709,2077720,2,2,208543
ring,2,4194304,200000.0,0.4,0.0,1.0,71,5,138,3732667,2077720,2,2,229334
ring,2,4194304,200000.0,0.4,0.0,1.0,71,5,139,3782791,2077720,2,2,247666
ring,2,4194304,200000.0,0.4,0.0,1.0,71,5,140,3814417,2077720,2,2,217875
ring,2,4194304,200000.0,0.4,0.0,1.0,71,5,141,3707375,2077720,2,2,200917
ring,2,4194304,200000.0,0.4,0.0,1.0,71,5,142,3756333,2077720,2,2,178333
ring,2,4194304,200000.0,0.4,0.0,1.0,71,5,143,3602334,2077720,2,2,179543
ring,2,4194304,200000.0,0.4,0.0,1.0,71,5,144,3673750,2077720,2,2,187041
ring,2,4194304,200000.0,0.4,0.0,1.0,71,5,145,3831959,2077720,2,2,212875
ring,2,4194304,200000.0,0.4,0.0,1.0,71,5,146,3751250,2077720,2,2,181750
ring,2,4194304,200000.0,0.4,0.0,1.0,71,5,147,3793375,2077720,2,2,190083
ring,2,4194304,200000.0,0.4,0.0,1.0,71,5,148,3640834,2077720,2,2,162042
ring,2,4194304,200000.0,0.4,0.0,1.0,71,5,149,3691625,2077720,2,2,207875
ring,2,4194304,200000.0,0.4,0.0,1.0,71,5,150,3763750,2077720,2,2,175000
ring,2,4194304,200000.0,0.4,0.0,1.0,71,5,151,3808208,2077720,2,2,192208
ring,2,4194304,200000.0,0.4,0.0,1.0,71,5,152,3751584,2077720,2,2,216667
ring,2,4194304,200000.0,0.4,0.0,1.0,71,5,153,3735125,2077720,2,2,205292
ring,2,4194304,200000.0,0.4,0.0,1.0,71,5,154,3725167,2077720,2,2,211750
ring,2,4194304,200000.0,0.4,0.0,1.0,71,5,155,3679042,2077720,2,2,189667
ring,2,4194304,200000.0,0.4,0.0,1.0,71,5,156,3644084,2077720,2,2,161292
ring,2,4194304,200000.0,0.4,0.0,1.0,71,5,157,3672750,2077720,2,2,198709
ring,2,4194304,200000.0,0.4,0.0,1.0,71,5,158,3687375,2077720,2,2,164541
ring,2,4194304,200000.0,0.4,0.0,1.0,71,5,159,3752959,2077720,2,2,188792
ring,2,4194304,200000.0,0.4,0.0,1.0,71,5,160,3688292,2077720,2,2,193167
ring,2,4194304,200000.0,0.4,0.0,1.0,71,5,161,3619458,2077720,2,2,171458
ring,2,4194304,200000.0,0.4,0.0,1.0,71,5,162,3673208,2077720,2,2,220083
ring,2,4194304,200000.0,0.4,0.0,1.0,71,5,163,3725333,2077720,2,2,176250
ring,2,4194304,200000.0,0.4,0.0,1.0,71,5,164,3737042,2077720,2,2,254875
ring,2,4194304,200000.0,0.4,0.0,1.0,71,5,165,3761792,2077720,2,2,167458
ring,2,4194304,200000.0,0.4,0.0,1.0,71,5,166,3795083,2077720,2,2,219666
ring,2,4194304,200000.0,0.4,0.0,1.0,71,5,167,3700959,2077720,2,2,193500
ring,2,4194304,200000.0,0.4,0.0,1.0,71,5,168,3753583,2077720,2,2,211000
ring,2,4194304,200000.0,0.4,0.0,1.0,71,5,169,3859375,2077720,2,2,197625
ring,2,4194304,200000.0,0.4,0.0,1.0,71,5,170,3740834,2077720,2,2,198918
ring,2,4194304,200000.0,0.4,0.0,1.0,71,5,171,3666209,2077720,2,2,192126
ring,2,4194304,200000.0,0.4,0.0,1.0,71,5,172,3897750,2077720,2,2,202292
ring,2,4194304,200000.0,0.4,0.0,1.0,71,5,173,3723584,2077720,2,2,197251
ring,2,4194304,200000.0,0.4,0.0,1.0,71,5,174,3707166,2077720,2,2,169750
ring,2,4194304,200000.0,0.4,0.0,1.0,71,5,175,3760500,2077720,2,2,207042
ring,2,4194304,200000.0,0.4,0.0,1.0,71,5,176,3709333,2077720,2,2,168250
ring,2,4194304,200000.0,0.4,0.0,1.0,71,5,177,3796042,2077720,2,2,218958
ring,2,4194304,200000.0,0.4,0.0,1.0,71,5,178,3861750,2077720,2,2,251625
ring,2,4194304,200000.0,0.4,0.0,1.0,71,5,179,3736542,2077720,2,2,184333
ring,2,4194304,200000.0,0.4,0.0,1.0,71,5,180,3674958,2077720,2,2,154624
ring,2,4194304,200000.0,0.4,0.0,1.0,71,5,181,3767792,2077720,2,2,202250
ring,2,4194304,200000.0,0.4,0.0,1.0,71,5,182,3676250,2077720,2,2,178750
ring,2,4194304,200000.0,0.4,0.0,1.0,71,5,183,3721834,2077720,2,2,169334
ring,2,4194304,200000.0,0.4,0.0,1.0,71,5,184,3703458,2077720,2,2,197666
ring,2,4194304,200000.0,0.4,0.0,1.0,71,5,185,3797667,2077720,2,2,223459
ring,2,4194304,200000.0,0.4,0.0,1.0,71,5,186,3818458,2077720,2,2,237624
ring,2,4194304,200000.0,0.4,0.0,1.0,71,5,187,3739666,2077720,2,2,137958
ring,2,4194304,200000.0,0.4,0.0,1.0,71,5,188,3823041,2077720,2,2,208249
ring,2,4194304,200000.0,0.4,0.0,1.0,71,5,189,3635500,2077720,2,2,155541
ring,2,4194304,200000.0,0.4,0.0,1.0,71,5,190,3570166,2077720,2,2,180625
ring,2,4194304,200000.0,0.4,0.0,1.0,71,5,191,3775125,2077720,2,2,161458
ring,2,4194304,200000.0,0.4,0.0,1.0,71,5,192,3911209,2077720,2,2,144917
ring,2,4194304,200000.0,0.4,0.0,1.0,71,5,193,3818292,2077720,2,2,216000
ring,2,4194304,200000.0,0.4,0.0,1.0,71,5,194,3692667,2077720,2,2,181042
ring,2,4194304,200000.0,0.4,0.0,1.0,71,5,195,3737292,2077720,2,2,225792
ring,2,4194304,200000.0,0.4,0.0,1.0,71,5,196,3837292,2077720,2,2,163667
ring,2,4194304,200000.0,0.4,0.0,1.0,71,5,197,3755125,2077720,2,2,214875
ring,2,4194304,200000.0,0.4,0.0,1.0,71,5,198,3670541,2077720,2,2,176624
ring,2,4194304,200000.0,0.4,0.0,1.0,71,5,199,3699542,2077720,2,2,115500
ring,2,4194304,200000.0,0.4,0.0,1.0,71,5,200,3862875,2077720,2,2,162416
ring,2,4194304,200000.0,0.4,0.0,1.0,71,5,201,3782917,2077720,2,2,193875
ring,2,4194304,200000.0,0.4,0.0,1.0,71,5,202,3726209,2077720,2,2,192959
ring,2,4194304,200000.0,0.4,0.0,1.0,71,5,203,3682250,2077720,2,2,197792
ring,2,4194304,200000.0,0.4,0.0,1.0,71,5,204,3674333,2077720,2,2,180583
ring,2,4194304,200000.0,0.4,0.0,1.0,71,5,205,3773583,2077720,2,2,190417
ring,2,4194304,200000.0,0.4,0.0,1.0,71,5,206,3753667,2077720,2,2,217959
ring,2,4194304,200000.0,0.4,0.0,1.0,71,5,207,3821458,2077720,2,2,173833
ring,2,4194304,200000.0,0.4,0.0,1.0,71,5,208,3734042,2077720,2,2,184000
ring,2,4194304,200000.0,0.4,0.0,1.0,71,5,209,3728417,2077720,2,2,204584
ring,2,4194304,200000.0,0.4,0.0,1.0,71,5,210,3719834,2077720,2,2,190751
ring,2,4194304,200000.0,0.4,0.0,1.0,71,5,211,3691459,2077720,2,2,209792
ring,2,4194304,200000.0,0.4,0.0,1.0,71,5,212,3838292,2077720,2,2,225126
ring,2,4194304,200000.0,0.4,0.0,1.0,71,5,213,3753792,2077720,2,2,220750
ring,2,4194304,200000.0,0.4,0.0,1.0,71,5,214,3708333,2077720,2,2,197792
ring,2,4194304,200000.0,0.4,0.0,1.0,71,5,215,3733833,2077720,2,2,179375
ring,2,4194304,200000.0,0.4,0.0,1.0,71,5,216,3766500,2077720,2,2,198708
ring,2,4194304,200000.0,0.4,0.0,1.0,71,5,217,3860083,2077720,2,2,225208
ring,2,4194304,200000.0,0.4,0.0,1.0,71,5,218,3648583,2077720,2,2,220958
ring,2,4194304,200000.0,0.4,0.0,1.0,71,5,219,3699084,2077720,2,2,225042
ring,2,4194304,200000.0,0.4,0.0,1.0,71,5,220,3669833,2077720,2,2,175208
ring,2,4194304,200000.0,0.4,0.0,1.0,71,5,221,3642875,2077720,2,2,172750
ring,2,4194304,200000.0,0.4,0.0,1.0,71,5,222,3650625,2077720,2,2,159834
ring,2,4194304,200000.0,0.4,0.0,1.0,71,5,223,3703792,2077720,2,2,193876
ring,2,4194304,200000.0,0.4,0.0,1.0,71,5,224,3684583,2077720,2,2,146000
ring,2,4194304,200000.0,0.4,0.0,1.0,71,5,225,3757833,2077720,2,2,188625
ring,2,4194304,200000.0,0.4,0.0,1.0,71,5,226,3738375,2077720,2,2,200458
ring,2,4194304,200000.0,0.4,0.0,1.0,71,5,227,3761375,2077720,2,2,213958
ring,2,4194304,200000.0,0.4,0.0,1.0,71,5,228,3777541,2077720,2,2,215207
ring,2,4194304,200000.0,0.4,0.0,1.0,71,5,229,3698667,2077720,2,2,185458
ring,2,4194304,200000.0,0.4,0.0,1.0,71,5,230,3857292,2077720,2,2,197125
ring,2,4194304,200000.0,0.4,0.0,1.0,71,5,231,3781292,2077720,2,2,208709
ring,2,4194304,200000.0,0.4,0.0,1.0,71,5,232,3713292,2077720,2,2,208584
ring,2,4194304,200000.0,0.4,0.0,1.0,71,5,233,3751500,2077720,2,2,217833
ring,2,4194304,200000.0,0.4,0.0,1.0,71,5,234,3702250,2077720,2,2,181875
ring,2,4194304,200000.0,0.4,0.0,1.0,71,5,235,3675250,2077720,2,2,195250
ring,2,4194304,200000.0,0.4,0.0,1.0,71,5,236,3689708,2077720,2,2,173333
ring,2,4194304,200000.0,0.4,0.0,1.0,71,5,237,3681125,2077720,2,2,215708
ring,2,4194304,200000.0,0.4,0.0,1.0,71,5,238,3701041,2077720,2,2,180208
ring,2,4194304,200000.0,0.4,0.0,1.0,71,5,239,3726750,2077720,2,2,195000
ring,2,4194304,200000.0,0.4,0.0,1.0,71,5,240,3719959,2077720,2,2,193042
ring,2,4194304,200000.0,0.4,0.0,1.0,71,5,241,3843042,2077720,2,2,199167
ring,2,4194304,200000.0,0.4,0.0,1.0,71,5,242,3678291,2077720,2,2,202333
ring,2,4194304,200000.0,0.4,0.0,1.0,71,5,243,3679083,2077720,2,2,182250
ring,2,4194304,200000.0,0.4,0.0,1.0,71,5,244,3656292,2077720,2,2,144333
ring,2,4194304,200000.0,0.4,0.0,1.0,71,5,245,3688041,2077720,2,2,230916
ring,2,4194304,200000.0,0.4,0.0,1.0,71,5,246,3679292,2077720,2,2,198917
ring,2,4194304,200000.0,0.4,0.0,1.0,71,5,247,3797334,2077720,2,2,197334
ring,2,4194304,200000.0,0.4,0.0,1.0,71,5,248,3682458,2077720,2,2,189124
ring,2,4194304,200000.0,0.4,0.0,1.0,71,5,249,3757292,2077720,2,2,197500
ps,2,4194304,200000.0,0.4,0.0,1.0,71,5,0,5376625,1877721,1,2,237416
ps,2,4194304,200000.0,0.4,0.0,1.0,71,5,1,5420250,1877721,1,2,341083
ps,2,4194304,200000.0,0.4,0.0,1.0,71,5,2,5497000,1877721,1,2,281792
ps,2,4194304,200000.0,0.4,0.0,1.0,71,5,3,5357667,1877721,1,2,330376
ps,2,4194304,200000.0,0.4,0.0,1.0,71,5,4,5435583,1877721,1,2,338792
ps,2,4194304,200000.0,0.4,0.0,1.0,71,5,5,5423292,1877721,1,2,329042
ps,2,4194304,200000.0,0.4,0.0,1.0,71,5,6,5498916,1877721,1,2,376458
ps,2,4194304,200000.0,0.4,0.0,1.0,71,5,7,5453458,1877721,1,2,293458
ps,2,4194304,200000.0,0.4,0.0,1.0,71,5,8,5493000,1877721,1,2,302084
ps,2,4194304,200000.0,0.4,0.0,1.0,71,5,9,5470792,1877721,1,2,337334
ps,2,4194304,200000.0,0.4,0.0,1.0,71,5,10,5400958,1877721,1,2,297249
ps,2,4194304,200000.0,0.4,0.0,1.0,71,5,11,5511875,1877721,1,2,368750
ps,2,4194304,200000.0,0.4,0.0,1.0,71,5,12,5461667,1877721,1,2,274958
ps,2,4194304,200000.0,0.4,0.0,1.0,71,5,13,5566959,1877721,1,2,327543
ps,2,4194304,200000.0,0.4,0.0,1.0,71,5,14,5394417,1877721,1,2,309626
ps,2,4194304,200000.0,0.4,0.0,1.0,71,5,15,5388542,1877721,1,2,271875
ps,2,4194304,200000.0,0.4,0.0,1.0,71,5,16,5435958,1877721,1,2,369666
ps,2,4194304,200000.0,0.4,0.0,1.0,71,5,17,5434917,1877721,1,2,270959
ps,2,4194304,200000.0,0.4,0.0,1.0,71,5,18,5387542,1877721,1,2,252084
ps,2,4194304,200000.0,0.4,0.0,1.0,71,5,19,5309375,1877721,1,2,276708
ps,2,4194304,200000.0,0.4,0.0,1.0,71,5,20,5367875,1877721,1,2,327125
ps,2,4194304,200000.0,0.4,0.0,1.0,71,5,21,5370959,1877721,1,2,327625
ps,2,4194304,200000.0,0.4,0.0,1.0,71,5,22,5549208,1877721,1,2,241291
ps,2,4194304,200000.0,0.4,0.0,1.0,71,5,23,5344042,1877721,1,2,319917
ps,2,4194304,200000.0,0.4,0.0,1.0,71,5,24,5400833,1877721,1,2,246667
ps,2,4194304,200000.0,0.4,0.0,1.0,71,5,25,5409375,1877721,1,2,299667
ps,2,4194304,200000.0,0.4,0.0,1.0,71,5,26,5448291,1877721,1,2,349874
ps,2,4194304,200000.0,0.4,0.0,1.0,71,5,27,5369250,1877721,1,2,322334
ps,2,4194304,200000.0,0.4,0.0,1.0,71,5,28,5345500,1877721,1,2,331375
ps,2,4194304,200000.0,0.4,0.0,1.0,71,5,29,5383250,1877721,1,2,302083
ps,2,4194304,200000.0,0.4,0.0,1.0,71,5,30,5375500,1877721,1,2,284417
ps,2,4194304,200000.0,0.4,0.0,1.0,71,5,31,5390917,1877721,1,2,319875
ps,2,4194304,200000.0,0.4,0.0,1.0,71,5,32,5411125,1877721,1,2,294542
ps,2,4194304,200000.0,0.4,0.0,1.0,71,5,33,5475000,1877721,1,2,284417
ps,2,4194304,200000.0,0.4,0.0,1.0,71,5,34,5408958,1877721,1,2,299458
ps,2,4194304,200000.0,0.4,0.0,1.0,71,5,35,5408500,1877721,1,2,296084
ps,2,4194304,200000.0,0.4,0.0,1.0,71,5,36,5364709,1877721,1,2,326667
ps,2,4194304,200000.0,0.4,0.0,1.0,71,5,37,5361833,1877721,1,2,309500
ps,2,4194304,200000.0,0.4,0.0,1.0,71,5,38,5371209,1877721,1,2,237125
ps,2,4194304,200000.0,0.4,0.0,1.0,71,5,39,5472417,1877721,1,2,263959
ps,2,4194304,200000.0,0.4,0.0,1.0,71,5,40,5418875,1877721,1,2,324000
ps,2,4194304,200000.0,0.4,0.0,1.0,71,5,41,5364833,1877721,1,2,309958
ps,2,4194304,200000.0,0.4,0.0,1.0,71,5,42,5399209,1877721,1,2,316876
ps,2,4194304,200000.0,0.4,0.0,1.0,71,5,43,5381333,1877721,1,2,313542
ps,2,4194304,200000.0,0.4,0.0,1.0,71,5,44,5371334,1877721,1,2,319834
ps,2,4194304,200000.0,0.4,0.0,1.0,71,5,45,5347833,1877721,1,2,346708
ps,2,4194304,200000.0,0.4,0.0,1.0,71,5,46,5258584,1877721,1,2,307334
ps,2,4194304,200000.0,0.4,0.0,1.0,71,5,47,5406916,1877721,1,2,304082
ps,2,4194304,200000.0,0.4,0.0,1.0,71,5,48,5459667,1877721,1,2,338458
ps,2,4194304,200000.0,0.4,0.0,1.0,71,5,49,5412333,1877721,1,2,263958
ps,2,4194304,200000.0,0.4,0.0,1.0,71,5,50,5407750,1877721,1,2,351125
ps,2,4194304,200000.0,0.4,0.0,1.0,71,5,51,5338041,1877721,1,2,301499
ps,2,4194304,200000.0,0.4,0.0,1.0,71,5,52,5383250,1877721,1,2,255583
ps,2,4194304,200000.0,0.4,0.0,1.0,71,5,53,5348834,1877721,1,2,308376
ps,2,4194304,200000.0,0.4,0.0,1.0,71,5,54,5312333,1877721,1,2,300208
ps,2,4194304,200000.0,0.4,0.0,1.0,71,5,55,5347958,1877721,1,2,288458
ps,2,4194304,200000.0,0.4,0.0,1.0,71,5,56,5362958,1877721,1,2,331667
ps,2,4194304,200000.0,0.4,0.0,1.0,71,5,57,5480208,1877721,1,2,301166
ps,2,4194304,200000.0,0.4,0.0,1.0,71,5,58,5497666,1877721,1,2,355166
ps,2,4194304,200000.0,0.4,0.0,1.0,71,5,59,5424375,1877721,1,2,327708
ps,2,4194304,200000.0,0.4,0.0,1.0,71,5,60,5492959,1877721,1,2,298793
ps,2,4194304,200000.0,0.4,0.0,1.0,71,5,61,5400125,1877721,1,2,319834
ps,2,4194304,200000.0,0.4,0.0,1.0,71,5,62,5364584,1877721,1,2,256375
ps,2,4194304,200000.0,0.4,0.0,1.0,71,5,63,5285667,1877721,1,2,312250
ps,2,4194304,200000.0,0.4,0.0,1.0,71,5,64,5329250,1877721,1,2,313042
ps,2,4194304,200000.0,0.4,0.0,1.0,71,5,65,5423292,1877721,1,2,321417
ps,2,4194304,200000.0,0.4,0.0,1.0,71,5,66,5342667,1877721,1,2,277126
ps,2,4194304,200000.0,0.4,0.0,1.0,71,5,67,5318666,1877721,1,2,288666
ps,2,4194304,200000.0,0.4,0.0,1.0,71,5,68,5367500,1877721,1,2,307750
ps,2,4194304,200000.0,0.4,0.0,1.0,71,5,69,5389959,1877721,1,2,312459
ps,2,4194304,200000.0,0.4,0.0,1.0,71,5,70,5388417,1877721,1,2,288292
ps,2,4194304,200000.0,0.4,0.0,1.0,71,5,71,5337709,1877721,1,2,298334
ps,2,4194304,200000.0,0.4,0.0,1.0,71,5,72,5324208,1877721,1,2,339167
ps,2,4194304,200000.0,0.4,0.0,1.0,71,5,73,5417458,1877721,1,2,318249
ps,2,4194304,200000.0,0.4,0.0,1.0,71,5,74,5409833,1877721,1,2,328875
ps,2,4194304,200000.0,0.4,0.0,1.0,71,5,75,5384708,1877721,1,2,322167
ps,2,4194304,200000.0,0.4,0.0,1.0,71,5,76,5544166,1877721,1,2,367957
ps,2,4194304,200000.0,0.4,0.0,1.0,71,5,77,5353250,1877721,1,2,185167
ps,2,4194304,200000.0,0.4,0.0,1.0,71,5,78,5339458,1877721,1,2,307250
ps,2,4194304,200000.0,0.4,0.0,1.0,71,5,79,5412709,1877721,1,2,395917
ps,2,4194304,200000.0,0.4,0.0,1.0,71,5,80,5348750,1877721,1,2,346416
ps,2,4194304,200000.0,0.4,0.0,1.0,71,5,81,5444833,1877721,1,2,357958
ps,2,4194304,200000.0,0.4,0.0,1.0,71,5,82,5422042,1877721,1,2,339125
ps,2,4194304,200000.0,0.4,0.0,1.0,71,5,83,5353250,1877721,1,2,273084
ps,2,4194304,200000.0,0.4,0.0,1.0,71,5,84,5449917,1877721,1,2,325542
ps,2,4194304,200000.0,0.4,0.0,1.0,71,5,85,5382750,1877721,1,2,327833
ps,2,4194304,200000.0,0.4,0.0,1.0,71,5,86,5295167,1877721,1,2,312834
ps,2,4194304,200000.0,0.4,0.0,1.0,71,5,87,5362833,1877721,1,2,340666
ps,2,4194304,200000.0,0.4,0.0,1.0,71,5,88,5553916,1877721,1,2,237291
ps,2,4194304,200000.0,0.4,0.0,1.0,71,5,89,5698792,1877721,1,2,198917
ps,2,4194304,200000.0,0.4,0.0,1.0,71,5,90,5712542,1877721,1,2,154583
ps,2,4194304,200000.0,0.4,0.0,1.0,71,5,91,5799667,1877721,1,2,167584
ps,2,4194304,200000.0,0.4,0.0,1.0,71,5,92,5810042,1877721,1,2,159458
ps,2,4194304,200000.0,0.4,0.0,1.0,71,5,93,5778042,1877721,1,2,180084
ps,2,4194304,200000.0,0.4,0.0,1.0,71,5,94,5719417,1877721,1,2,157750
ps,2,4194304,200000.0,0.4,0.0,1.0,71,5,95,5818459,1877721,1,2,207667
ps,2,4194304,200000.0,0.4,0.0,1.0,71,5,96,5753166,1877721,1,2,155041
ps,2,4194304,200000.0,0.4,0.0,1.0,71,5,97,5851458,1877721,1,2,106499
ps,2,4194304,200000.0,0.4,0.0,1.0,71,5,98,5834625,1877721,1,2,128083
ps,2,4194304,200000.0,0.4,0.0,1.0,71,5,99,5858750,1877721,1,2,234333
ps,2,4194304,200000.0,0.4,0.0,1.0,71,5,100,5820334,1877721,1,2,216626
ps,2,4194304,200000.0,0.4,0.0,1.0,71,5,101,5749750,1877721,1,2,141250
ps,2,4194304,200000.0,0.4,0.0,1.0,71,5,102,5753875,1877721,1,2,151042
ps,2,4194304,200000.0,0.4,0.0,1.0,71,5,103,5723709,1877721,1,2,183709
ps,2,4194304,200000.0,0.4,0.0,1.0,71,5,104,5714500,1877721,1,2,214875
ps,2,4194304,200000.0,0.4,0.0,1.0,71,5,105,5837375,1877721,1,2,252500
ps,2,4194304,200000.0,0.4,0.0,1.0,71,5,106,5752500,1877721,1,2,169292
ps,2,4194304,200000.0,0.4,0.0,1.0,71,5,107,5739792,1877721,1,2,173501
ps,2,4194304,200000.0,0.4,0.0,1.0,71,5,108,5773750,1877721,1,2,140292
ps,2,4194304,200000.0,0.4,0.0,1.0,71,5,109,6467333,1877721,1,2,330625
ps,2,4194304,200000.0,0.4,0.0,1.0,71,5,110,7432584,1877721,1,2,155584
ps,2,4194304,200000.0,0.4,0.0,1.0,71,5,111,7958708,1877721,1,2,33333
ps,2,4194304,200000.0,0.4,0.0,1.0,71,5,112,6171417,1877721,1,2,151209
ps,2,4194304,200000.0,0.4,0.0,1.0,71,5,113,6020917,1877721,1,2,151501
ps,2,4194304,200000.0,0.4,0.0,1.0,71,5,114,5944084,1877721,1,2,161542
ps,2,4194304,200000.0,0.4,0.0,1.0,71,5,115,5972542,1877721,1,2,120167
ps,2,4194304,200000.0,0.4,0.0,1.0,71,5,116,5892333,1877721,1,2,104667
ps,2,4194304,200000.0,0.4,0.0,1.0,71,5,117,5819625,1877721,1,2,163084
ps,2,4194304,200000.0,0.4,0.0,1.0,71,5,118,5845583,1877721,1,2,148542
ps,2,4194304,200000.0,0.4,0.0,1.0,71,5,119,5839875,1877721,1,2,190458
ps,2,4194304,200000.0,0.4,0.0,1.0,71,5,120,5813291,1877721,1,2,84000
ps,2,4194304,200000.0,0.4,0.0,1.0,71,5,121,5829083,1877721,1,2,115333
ps,2,4194304,200000.0,0.4,0.0,1.0,71,5,122,5813583,1877721,1,2,133750
ps,2,4194304,200000.0,0.4,0.0,1.0,71,5,123,5950000,1877721,1,2,152333
ps,2,4194304,200000.0,0.4,0.0,1.0,71,5,124,5734792,1877721,1,2,98833
ps,2,4194304,200000.0,0.4,0.0,1.0,71,5,125,5899000,1877721,1,2,173250
ps,2,4194304,200000.0,0.4,0.0,1.0,71,5,126,5799375,1877721,1,2,142542
ps,2,4194304,200000.0,0.4,0.0,1.0,71,5,127,5806542,1877721,1,2,91751
ps,2,4194304,200000.0,0.4,0.0,1.0,71,5,128,5818667,1877721,1,2,170292
ps,2,4194304,200000.0,0.4,0.0,1.0,71,5,129,5898041,1877721,1,2,155874
ps,2,4194304,200000.0,0.4,0.0,1.0,71,5,130,5827709,1877721,1,2,105376
ps,2,4194304,200000.0,0.4,0.0,1.0,71,5,131,5758041,1877721,1,2,125166
ps,2,4194304,200000.0,0.4,0.0,1.0,71,5,132,5829542,1877721,1,2,143542
ps,2,4194304,200000.0,0.4,0.0,1.0,71,5,133,5938875,1877721,1,2,57666
ps,2,4194304,200000.0,0.4,0.0,1.0,71,5,134,7209625,1877721,1,2,3000
ps,2,4194304,200000.0,0.4,0.0,1.0,71,5,135,5865667,1877721,1,2,300376
ps,2,4194304,200000.0,0.4,0.0,1.0,71,5,136,8167458,1877721,1,2,88708
ps,2,4194304,200000.0,0.4,0.0,1.0,71,5,137,7132792,1877721,1,2,218334
ps,2,4194304,200000.0,0.4,0.0,1.0,71,5,138,5376250,1877721,1,2,333875
ps,2,4194304,200000.0,0.4,0.0,1.0,71,5,139,5337541,1877721,1,2,314500
ps,2,4194304,200000.0,0.4,0.0,1.0,71,5,140,5364791,1877721,1,2,356541
ps,2,4194304,200000.0,0.4,0.0,1.0,71,5,141,5444458,1877721,1,2,383416
ps,2,4194304,200000.0,0.4,0.0,1.0,71,5,142,5480750,1877721,1,2,347750
ps,2,4194304,200000.0,0.4,0.0,1.0,71,5,143,5425292,1877721,1,2,332959
ps,2,4194304,200000.0,0.4,0.0,1.0,71,5,144,5445375,1877721,1,2,332167
ps,2,4194304,200000.0,0.4,0.0,1.0,71,5,145,5344916,1877721,1,2,274041
ps,2,4194304,200000.0,0.4,0.0,1.0,71,5,146,5345542,1877721,1,2,351000
ps,2,4194304,200000.0,0.4,0.0,1.0,71,5,147,5448583,1877721,1,2,313958
ps,2,4194304,200000.0,0.4,0.0,1.0,71,5,148,5431208,1877721,1,2,248291
ps,2,4194304,200000.0,0.4,0.0,1.0,71,5,149,5440875,1877721,1,2,272292
ps,2,4194304,200000.0,0.4,0.0,1.0,71,5,150,5384167,1877721,1,2,260333
ps,2,4194304,200000.0,0.4,0.0,1.0,71,5,151,5461917,1877721,1,2,346500
ps,2,4194304,200000.0,0.4,0.0,1.0,71,5,152,5456000,1877721,1,2,256833
ps,2,4194304,200000.0,0.4,0.0,1.0,71,5,153,5357417,1877721,1,2,327000
ps,2,4194304,200000.0,0.4,0.0,1.0,71,5,154,5317667,1877721,1,2,368167
ps,2,4194304,200000.0,0.4,0.0,1.0,71,5,155,5345667,1877721,1,2,330917
ps,2,4194304,200000.0,0.4,0.0,1.0,71,5,156,5397583,1877721,1,2,318333
ps,2,4194304,200000.0,0.4,0.0,1.0,71,5,157,5476917,1877721,1,2,277292
ps,2,4194304,200000.0,0.4,0.0,1.0,71,5,158,5397917,1877721,1,2,255875
ps,2,4194304,200000.0,0.4,0.0,1.0,71,5,159,5436833,1877721,1,2,231874
ps,2,4194304,200000.0,0.4,0.0,1.0,71,5,160,5425375,1877721,1,2,321000
ps,2,4194304,200000.0,0.4,0.0,1.0,71,5,161,5370583,1877721,1,2,288041
ps,2,4194304,200000.0,0.4,0.0,1.0,71,5,162,5362500,1877721,1,2,320542
ps,2,4194304,200000.0,0.4,0.0,1.0,71,5,163,5400167,1877721,1,2,324167
ps,2,4194304,200000.0,0.4,0.0,1.0,71,5,164,5472625,1877721,1,2,418208
ps,2,4194304,200000.0,0.4,0.0,1.0,71,5,165,5312458,1877721,1,2,306542
ps,2,4194304,200000.0,0.4,0.0,1.0,71,5,166,5380333,1877721,1,2,357875
ps,2,4194304,200000.0,0.4,0.0,1.0,71,5,167,5429625,1877721,1,2,309333
ps,2,4194304,200000.0,0.4,0.0,1.0,71,5,168,5390416,1877721,1,2,324208
ps,2,4194304,200000.0,0.4,0.0,1.0,71,5,169,5428167,1877721,1,2,321542
ps,2,4194304,200000.0,0.4,0.0,1.0,71,5,170,5436000,1877721,1,2,299833
ps,2,4194304,200000.0,0.4,0.0,1.0,71,5,171,5468125,1877721,1,2,343959
ps,2,4194304,200000.0,0.4,0.0,1.0,71,5,172,5435750,1877721,1,2,329167
ps,2,4194304,200000.0,0.4,0.0,1.0,71,5,173,5470958,1877721,1,2,287749
ps,2,4194304,200000.0,0.4,0.0,1.0,71,5,174,5407500,1877721,1,2,341666
ps,2,4194304,200000.0,0.4,0.0,1.0,71,5,175,5432750,1877721,1,2,306417
ps,2,4194304,200000.0,0.4,0.0,1.0,71,5,176,5399875,1877721,1,2,317583
ps,2,4194304,200000.0,0.4,0.0,1.0,71,5,177,5370834,1877721,1,2,332001
ps,2,4194304,200000.0,0.4,0.0,1.0,71,5,178,5413084,1877721,1,2,262501
ps,2,4194304,200000.0,0.4,0.0,1.0,71,5,179,5530917,1877721,1,2,285333
ps,2,4194304,200000.0,0.4,0.0,1.0,71,5,180,5414708,1877721,1,2,365416
ps,2,4194304,200000.0,0.4,0.0,1.0,71,5,181,5359583,1877721,1,2,307666
ps,2,4194304,200000.0,0.4,0.0,1.0,71,5,182,5448541,1877721,1,2,377374
ps,2,4194304,200000.0,0.4,0.0,1.0,71,5,183,5436083,1877721,1,2,342291
ps,2,4194304,200000.0,0.4,0.0,1.0,71,5,184,5352042,1877721,1,2,187250
ps,2,4194304,200000.0,0.4,0.0,1.0,71,5,185,5374167,1877721,1,2,278125
ps,2,4194304,200000.0,0.4,0.0,1.0,71,5,186,5370000,1877721,1,2,366792
ps,2,4194304,200000.0,0.4,0.0,1.0,71,5,187,5375958,1877721,1,2,364333
ps,2,4194304,200000.0,0.4,0.0,1.0,71,5,188,5335500,1877721,1,2,352583
ps,2,4194304,200000.0,0.4,0.0,1.0,71,5,189,5370125,1877721,1,2,339541
ps,2,4194304,200000.0,0.4,0.0,1.0,71,5,190,5423625,1877721,1,2,326458
ps,2,4194304,200000.0,0.4,0.0,1.0,71,5,191,5370458,1877721,1,2,331250
ps,2,4194304,200000.0,0.4,0.0,1.0,71,5,192,5493333,1877721,1,2,432708
ps,2,4194304,200000.0,0.4,0.0,1.0,71,5,193,5901750,1877721,1,2,73291
ps,2,4194304,200000.0,0.4,0.0,1.0,71,5,194,5627708,1877721,1,2,243542
ps,2,4194304,200000.0,0.4,0.0,1.0,71,5,195,5507917,1877721,1,2,255750
ps,2,4194304,200000.0,0.4,0.0,1.0,71,5,196,5502125,1877721,1,2,338209
ps,2,4194304,200000.0,0.4,0.0,1.0,71,5,197,5463458,1877721,1,2,292833
ps,2,4194304,200000.0,0.4,0.0,1.0,71,5,198,5482000,1877721,1,2,322500
ps,2,4194304,200000.0,0.4,0.0,1.0,71,5,199,5407875,1877721,1,2,286291
ps,2,4194304,200000.0,0.4,0.0,1.0,71,5,200,5490292,1877721,1,2,276625
ps,2,4194304,200000.0,0.4,0.0,1.0,71,5,201,5414625,1877721,1,2,291584
ps,2,4194304,200000.0,0.4,0.0,1.0,71,5,202,5384083,1877721,1,2,359042
ps,2,4194304,200000.0,0.4,0.0,1.0,71,5,203,5483666,1877721,1,2,301791
ps,2,4194304,200000.0,0.4,0.0,1.0,71,5,204,5488917,1877721,1,2,212000
ps,2,4194304,200000.0,0.4,0.0,1.0,71,5,205,5507042,1877721,1,2,303250
ps,2,4194304,200000.0,0.4,0.0,1.0,71,5,206,5398333,1877721,1,2,358083
ps,2,4194304,200000.0,0.4,0.0,1.0,71,5,207,5432333,1877721,1,2,261375
ps,2,4194304,200000.0,0.4,0.0,1.0,71,5,208,5468083,1877721,1,2,355708
ps,2,4194304,200000.0,0.4,0.0,1.0,71,5,209,5361500,1877721,1,2,375875
ps,2,4194304,200000.0,0.4,0.0,1.0,71,5,210,5429250,1877721,1,2,328625
ps,2,4194304,200000.0,0.4,0.0,1.0,71,5,211,5379625,1877721,1,2,317666
ps,2,4194304,200000.0,0.4,0.0,1.0,71,5,212,5469042,1877721,1,2,274125
ps,2,4194304,200000.0,0.4,0.0,1.0,71,5,213,5424666,1877721,1,2,307249
ps,2,4194304,200000.0,0.4,0.0,1.0,71,5,214,5368000,1877721,1,2,230875
ps,2,4194304,200000.0,0.4,0.0,1.0,71,5,215,5425042,1877721,1,2,249834
ps,2,4194304,200000.0,0.4,0.0,1.0,71,5,216,5437541,1877721,1,2,300208
ps,2,4194304,200000.0,0.4,0.0,1.0,71,5,217,5436166,1877721,1,2,351707
ps,2,4194304,200000.0,0.4,0.0,1.0,71,5,218,5368583,1877721,1,2,349042
ps,2,4194304,200000.0,0.4,0.0,1.0,71,5,219,5434834,1877721,1,2,350000
ps,2,4194304,200000.0,0.4,0.0,1.0,71,5,220,5437959,1877721,1,2,360251
ps,2,4194304,200000.0,0.4,0.0,1.0,71,5,221,5446375,1877721,1,2,307875
ps,2,4194304,200000.0,0.4,0.0,1.0,71,5,222,5437125,1877721,1,2,376959
ps,2,4194304,200000.0,0.4,0.0,1.0,71,5,223,5483250,1877721,1,2,241167
ps,2,4194304,200000.0,0.4,0.0,1.0,71,5,224,5458792,1877721,1,2,284375
ps,2,4194304,200000.0,0.4,0.0,1.0,71,5,225,5473584,1877721,1,2,324584
ps,2,4194304,200000.0,0.4,0.0,1.0,71,5,226,5394000,1877721,1,2,312625
ps,2,4194304,200000.0,0.4,0.0,1.0,71,5,227,5470584,1877721,1,2,302459
ps,2,4194304,200000.0,0.4,0.0,1.0,71,5,228,5442000,1877721,1,2,353708
ps,2,4194304,200000.0,0.4,0.0,1.0,71,5,229,5362416,1877721,1,2,201083
ps,2,4194304,200000.0,0.4,0.0,1.0,71,5,230,5397625,1877721,1,2,376708
ps,2,4194304,200000.0,0.4,0.0,1.0,71,5,231,5456500,1877721,1,2,258250
ps,2,4194304,200000.0,0.4,0.0,1.0,71,5,232,5462750,1877721,1,2,344459
ps,2,4194304,200000.0,0.4,0.0,1.0,71,5,233,5441708,1877721,1,2,309041
ps,2,4194304,200000.0,0.4,0.0,1.0,71,5,234,5422875,1877721,1,2,317750
ps,2,4194304,200000.0,0.4,0.0,1.0,71,5,235,5382125,1877721,1,2,273000
ps,2,4194304,200000.0,0.4,0.0,1.0,71,5,236,5388167,1877721,1,2,292750
ps,2,4194304,200000.0,0.4,0.0,1.0,71,5,237,5375375,1877721,1,2,266125
ps,2,4194304,200000.0,0.4,0.0,1.0,71,5,238,5311084,1877721,1,2,280667
ps,2,4194304,200000.0,0.4,0.0,1.0,71,5,239,5367917,1877721,1,2,271876
ps,2,4194304,200000.0,0.4,0.0,1.0,71,5,240,5328041,1877721,1,2,251541
ps,2,4194304,200000.0,0.4,0.0,1.0,71,5,241,5395333,1877721,1,2,250291
ps,2,4194304,200000.0,0.4,0.0,1.0,71,5,242,5425375,1877721,1,2,223125
ps,2,4194304,200000.0,0.4,0.0,1.0,71,5,243,5330958,1877721,1,2,238541
ps,2,4194304,200000.0,0.4,0.0,1.0,71,5,244,5560042,1877721,1,2,181959
ps,2,4194304,200000.0,0.4,0.0,1.0,71,5,245,6154958,1877721,1,2,137124
ps,2,4194304,200000.0,0.4,0.0,1.0,71,5,246,5509416,1877721,1,2,261416
ps,2,4194304,200000.0,0.4,0.0,1.0,71,5,247,5398417,1877721,1,2,339126
ps,2,4194304,200000.0,0.4,0.0,1.0,71,5,248,5356250,1877721,1,2,309917
ps,2,4194304,200000.0,0.4,0.0,1.0,71,5,249,5290208,1877721,1,2,252917
ring,2,1048576,200000.0,0.4,0.0,1.0,71,5,0,1534875,819430,2,2,15000
ring,2,1048576,200000.0,0.4,0.0,1.0,71,5,1,1474708,819430,2,2,27499
ring,2,1048576,200000.0,0.4,0.0,1.0,71,5,2,1494166,819430,2,2,14125
ring,2,1048576,200000.0,0.4,0.0,1.0,71,5,3,1438750,819430,2,2,48625
ring,2,1048576,200000.0,0.4,0.0,1.0,71,5,4,1477500,819430,2,2,43458
ring,2,1048576,200000.0,0.4,0.0,1.0,71,5,5,1434417,819430,2,2,59334
ring,2,1048576,200000.0,0.4,0.0,1.0,71,5,6,1372417,819430,2,2,13125
ring,2,1048576,200000.0,0.4,0.0,1.0,71,5,7,1486042,819430,2,2,42917
ring,2,1048576,200000.0,0.4,0.0,1.0,71,5,8,1421458,819430,2,2,47542
ring,2,1048576,200000.0,0.4,0.0,1.0,71,5,9,1400834,819430,2,2,87251
ring,2,1048576,200000.0,0.4,0.0,1.0,71,5,10,1425625,819430,2,2,47292
ring,2,1048576,200000.0,0.4,0.0,1.0,71,5,11,1472875,819430,2,2,41375
ring,2,1048576,200000.0,0.4,0.0,1.0,71,5,12,1477042,819430,2,2,19750
ring,2,1048576,200000.0,0.4,0.0,1.0,71,5,13,1482458,819430,2,2,84833
ring,2,1048576,200000.0,0.4,0.0,1.0,71,5,14,1386792,819430,2,2,40458
ring,2,1048576,200000.0,0.4,0.0,1.0,71,5,15,1474459,819430,2,2,34375
ring,2,1048576,200000.0,0.4,0.0,1.0,71,5,16,1411833,819430,2,2,65708
ring,2,1048576,200000.0,0.4,0.0,1.0,71,5,17,1444083,819430,2,2,49875
ring,2,1048576,200000.0,0.4,0.0,1.0,71,5,18,1478042,819430,2,2,54042
ring,2,1048576,200000.0,0.4,0.0,1.0,71,5,19,1482291,819430,2,2,15958
ring,2,1048576,200000.0,0.4,0.0,1.0,71,5,20,1491292,819430,2,2,39959
ring,2,1048576,200000.0,0.4,0.0,1.0,71,5,21,1492500,819430,2,2,10958
ring,2,1048576,200000.0,0.4,0.0,1.0,71,5,22,1467208,819430,2,2,91708
ring,2,1048576,200000.0,0.4,0.0,1.0,71,5,23,1476125,819430,2,2,61583
ring,2,1048576,200000.0,0.4,0.0,1.0,71,5,24,1394250,819430,2,2,47417
ring,2,1048576,200000.0,0.4,0.0,1.0,71,5,25,1371709,819430,2,2,33959
ring,2,1048576,200000.0,0.4,0.0,1.0,71,5,26,1455334,819430,2,2,60584
ring,2,1048576,200000.0,0.4,0.0,1.0,71,5,27,1414166,819430,2,2,73457
ring,2,1048576,200000.0,0.4,0.0,1.0,71,5,28,1390417,819430,2,2,56417
ring,2,1048576,200000.0,0.4,0.0,1.0,71,5,29,1411958,819430,2,2,53958
ring,2,1048576,200000.0,0.4,0.0,1.0,71,5,30,1369833,819430,2,2,56833
ring,2,1048576,200000.0,0.4,0.0,1.0,71,5,31,1449458,819430,2,2,32125
ring,2,1048576,200000.0,0.4,0.0,1.0,71,5,32,1395958,819430,2,2,60791
ring,2,1048576,200000.0,0.4,0.0,1.0,71,5,33,1465166,819430,2,2,17582
ring,2,1048576,200000.0,0.4,0.0,1.0,71,5,34,1434625,819430,2,2,18500
ring,2,1048576,200000.0,0.4,0.0,1.0,71,5,35,1351875,819430,2,2,51125
ring,2,1048576,200000.0,0.4,0.0,1.0,71,5,36,1429250,819430,2,2,64500
ring,2,1048576,200000.0,0.4,0.0,1.0,71,5,37,1411416,819430,2,2,25999
ring,2,1048576,200000.0,0.4,0.0,1.0,71,5,38,1505250,819430,2,2,70666
ring,2,1048576,200000.0,0.4,0.0,1.0,71,5,39,1387000,819430,2,2,36875
ring,2,1048576,200000.0,0.4,0.0,1.0,71,5,40,1442625,819430,2,2,9667
ring,2,1048576,200000.0,0.4,0.0,1.0,71,5,41,1374666,819430,2,2,48125
ring,2,1048576,200000.0,0.4,0.0,1.0,71,5,42,1406292,819430,2,2,57583
ring,2,1048576,200000.0,0.4,0.0,1.0,71,5,43,1402958,819430,2,2,53333
ring,2,1048576,200000.0,0.4,0.0,1.0,71,5,44,1390750,819430,2,2,59417
ring,2,1048576,200000.0,0.4,0.0,1.0,71,5,45,1472125,819430,2,2,69958
ring,2,1048576,200000.0,0.4,0.0,1.0,71,5,46,1392625,819430,2,2,66542
ring,2,1048576,200000.0,0.4,0.0,1.0,71,5,47,1429375,819430,2,2,71333
ring,2,1048576,200000.0,0.4,0.0,1.0,71,5,48,1395625,819430,2,2,44750
ring,2,1048576,200000.0,0.4,0.0,1.0,71,5,49,1396833,819430,2,2,60999
ring,2,1048576,200000.0,0.4,0.0,1.0,71,5,50,1322041,819430,2,2,47374
ring,2,1048576,200000.0,0.4,0.0,1.0,71,5,51,1408625,819430,2,2,73250
ring,2,1048576,200000.0,0.4,0.0,1.0,71,5,52,1379833,819430,2,2,50625
ring,2,1048576,200000.0,0.4,0.0,1.0,71,5,53,1452541,819430,2,2,24291
ring,2,1048576,200000.0,0.4,0.0,1.0,71,5,54,1393958,819430,2,2,61291
ring,2,1048576,200000.0,0.4,0.0,1.0,71,5,55,1465084,819430,2,2,73667
ring,2,1048576,200000.0,0.4,0.0,1.0,71,5,56,1453125,819430,2,2,105834
ring,2,1048576,200000.0,0.4,0.0,1.0,71,5,57,1429875,819430,2,2,71667
ring,2,1048576,200000.0,0.4,0.0,1.0,71,5,58,1385042,819430,2,2,49875
ring,2,1048576,200000.0,0.4,0.0,1.0,71,5,59,1427291,819430,2,2,68041
ring,2,1048576,200000.0,0.4,0.0,1.0,71,5,60,1425667,819430,2,2,33751
ring,2,1048576,200000.0,0.4,0.0,1.0,71,5,61,1400417,819430,2,2,50959
ring,2,1048576,200000.0,0.4,0.0,1.0,71,5,62,1402458,819430,2,2,7458
ring,2,1048576,200000.0,0.4,0.0,1.0,71,5,63,1470584,819430,2,2,75750
ring,2,1048576,200000.0,0.4,0.0,1.0,71,5,64,1434084,819430,2,2,57376
ring,2,1048576,200000.0,0.4,0.0,1.0,71,5,65,1460291,819430,2,2,41666
ring,2,1048576,200000.0,0.4,0.0,1.0,71,5,66,1446417,819430,2,2,68042
ring,2,1048576,200000.0,0.4,0.0,1.0,71,5,67,1370792,819430,2,2,63750
ring,2,1048576,200000.0,0.4,0.0,1.0,71,5,68,1475084,819430,2,2,67709
ring,2,1048576,200000.0,0.4,0.0,1.0,71,5,69,1487250,819430,2,2,28958
ring,2,1048576,200000.0,0.4,0.0,1.0,71,5,70,1469708,819430,2,2,79917
ring,2,1048576,200000.0,0.4,0.0,1.0,71,5,71,1424208,819430,2,2,54749
ring,2,1048576,200000.0,0.4,0.0,1.0,71,5,72,1457875,819430,2,2,74542
ring,2,1048576,200000.0,0.4,0.0,1.0,71,5,73,1486958,819430,2,2,72333
ring,2,1048576,200000.0,0.4,0.0,1.0,71,5,74,1409333,819430,2,2,81833
ring,2,1048576,200000.0,0.4,0.0,1.0,71,5,75,1380916,819430,2,2,31500
ring,2,1048576,200000.0,0.4,0.0,1.0,71,5,76,1369708,819430,2,2,37375
ring,2,1048576,200000.0,0.4,0.0,1.0,71,5,77,1369209,819430,2,2,30209
ring,2,1048576,200000.0,0.4,0.0,1.0,71,5,78,1445250,819430,2,2,22791
ring,2,1048576,200000.0,0.4,0.0,1.0,71,5,79,1413916,819430,2,2,83707
ring,2,1048576,200000.0,0.4,0.0,1.0,71,5,80,1388334,819430,2,2,53626
ring,2,1048576,200000.0,0.4,0.0,1.0,71,5,81,1431125,819430,2,2,53333
ring,2,1048576,200000.0,0.4,0.0,1.0,71,5,82,1428792,819430,2,2,72417
ring,2,1048576,200000.0,0.4,0.0,1.0,71,5,83,1344583,819430,2,2,40208
ring,2,1048576,200000.0,0.4,0.0,1.0,71,5,84,1369458,819430,2,2,43041
ring,2,1048576,200000.0,0.4,0.0,1.0,71,5,85,1483041,819430,2,2,58749
ring,2,1048576,200000.0,0.4,0.0,1.0,71,5,86,1421458,819430,2,2,56333
ring,2,1048576,200000.0,0.4,0.0,1.0,71,5,87,1511750,819430,2,2,51875
ring,2,1048576,200000.0,0.4,0.0,1.0,71,5,88,1433375,819430,2,2,57792
ring,2,1048576,200000.0,0.4,0.0,1.0,71,5,89,1400625,819430,2,2,78250
ring,2,1048576,200000.0,0.4,0.0,1.0,71,5,90,1386250,819430,2,2,48750
ring,2,1048576,200000.0,0.4,0.0,1.0,71,5,91,1382833,819430,2,2,70792
ring,2,1048576,200000.0,0.4,0.0,1.0,71,5,92,1400708,819430,2,2,63333
ring,2,1048576,200000.0,0.4,0.0,1.0,71,5,93,1442125,819430,2,2,30500
ring,2,1048576,200000.0,0.4,0.0,1.0,71,5,94,1419708,819430,2,2,65500
ring,2,1048576,200000.0,0.4,0.0,1.0,71,5,95,1421292,819430,2,2,72667
ring,2,1048576,200000.0,0.4,0.0,1.0,71,5,96,1389083,819430,2,2,56500
ring,2,1048576,200000.0,0.4,0.0,1.0,71,5,97,1457792,819430,2,2,63167
ring,2,1048576,200000.0,0.4,0.0,1.0,71,5,98,1392250,819430,2,2,65042
ring,2,1048576,200000.0,0.4,0.0,1.0,71,5,99,1383500,819430,2,2,58667
ring,2,1048576,200000.0,0.4,0.0,1.0,71,5,100,1465042,819430,2,2,17126
ring,2,1048576,200000.0,0.4,0.0,1.0,71,5,101,1429125,819430,2,2,28250
ring,2,1048576,200000.0,0.4,0.0,1.0,71,5,102,1448292,819430,2,2,28875
ring,2,1048576,200000.0,0.4,0.0,1.0,71,5,103,1493584,819430,2,2,27126
ring,2,1048576,200000.0,0.4,0.0,1.0,71,5,104,1378292,819430,2,2,68542
ring,2,1048576,200000.0,0.4,0.0,1.0,71,5,105,1452500,819430,2,2,14541
ring,2,1048576,200000.0,0.4,0.0,1.0,71,5,106,1461583,819430,2,2,73208
ring,2,1048576,200000.0,0.4,0.0,1.0,71,5,107,1485125,819430,2,2,57583
ring,2,1048576,200000.0,0.4,0.0,1.0,71,5,108,1468334,819430,2,2,52834
ring,2,1048576,200000.0,0.4,0.0,1.0,71,5,109,1480917,819430,2,2,64959
ring,2,1048576,200000.0,0.4,0.0,1.0,71,5,110,1506458,819430,2,2,44625
ring,2,1048576,200000.0,0.4,0.0,1.0,71,5,111,1420625,819430,2,2,41708
ring,2,1048576,200000.0,0.4,0.0,1.0,71,5,112,1423333,819430,2,2,59000
ring,2,1048576,200000.0,0.4,0.0,1.0,71,5,113,1412125,819430,2,2,53167
ring,2,1048576,200000.0,0.4,0.0,1.0,71,5,114,1449334,819430,2,2,74959
ring,2,1048576,200000.0,0.4,0.0,1.0,71,5,115,1515917,819430,2,2,17959
ring,2,1048576,200000.0,0.4,0.0,1.0,71,5,116,1488666,819430,2,2,6791
ring,2,1048576,200000.0,0.4,0.0,1.0,71,5,117,1442375,819430,2,2,58000
ring,2,1048576,200000.0,0.4,0.0,1.0,71,5,118,1518292,819430,2,2,6792
ring,2,1048576,200000.0,0.4,0.0,1.0,71,5,119,1481417,819430,2,2,63250
ring,2,1048576,200000.0,0.4,0.0,1.0,71,5,120,1466125,819430,2,2,90666
ring,2,1048576,200000.0,0.4,0.0,1.0,71,5,121,1419833,819430,2,2,33917
ring,2,1048576,200000.0,0.4,0.0,1.0,71,5,122,1431792,819430,2,2,67042
ring,2,1048576,200000.0,0.4,0.0,1.0,71,5,123,1480833,819430,2,2,96416
ring,2,1048576,200000.0,0.4,0.0,1.0,71,5,124,1513542,819430,2,2,56959
ring,2,1048576,200000.0,0.4,0.0,1.0,71,5,125,1465458,819430,2,2,85124
ring,2,1048576,200000.0,0.4,0.0,1.0,71,5,126,1433667,819430,2,2,81751
ring,2,1048576,200000.0,0.4,0.0,1.0,71,5,127,1458959,819430,2,2,49584
ring,2,1048576,200000.0,0.4,0.0,1.0,71,5,128,1414000,819430,2,2,62250
ring,2,1048576,200000.0,0.4,0.0,1.0,71,5,129,1455250,819430,2,2,67917
ring,2,1048576,200000.0,0.4,0.0,1.0,71,5,130,1488833,819430,2,2,77167
ring,2,1048576,200000.0,0.4,0.0,1.0,71,5,131,1453708,819430,2,2,71458
ring,2,1048576,200000.0,0.4,0.0,1.0,71,5,132,1404250,819430,2,2,792
ring,2,1048576,200000.0,0.4,0.0,1.0,71,5,133,1495250,819430,2,2,49208
ring,2,1048576,200000.0,0.4,0.0,1.0,71,5,134,1507083,819430,2,2,74417
ring,2,1048576,200000.0,0.4,0.0,1.0,71,5,135,1442292,819430,2,2,64084
ring,2,1048576,200000.0,0.4,0.0,1.0,71,5,136,1457750,819430,2,2,53250
ring,2,1048576,200000.0,0.4,0.0,1.0,71,5,137,1622417,819430,2,2,32625
ring,2,1048576,200000.0,0.4,0.0,1.0,71,5,138,1500083,819430,2,2,86208
ring,2,1048576,200000.0,0.4,0.0,1.0,71,5,139,1525000,819430,2,2,5250
ring,2,1048576,200000.0,0.4,0.0,1.0,71,5,140,1713250,819430,2,2,93417
ring,2,1048576,200000.0,0.4,0.0,1.0,71,5,141,1410167,819430,2,2,62834
ring,2,1048576,200000.0,0.4,0.0,1.0,71,5,142,1559167,819430,2,2,48333
ring,2,1048576,200000.0,0.4,0.0,1.0,71,5,143,1468750,819430,2,2,81875
ring,2,1048576,200000.0,0.4,0.0,1.0,71,5,144,1550375,819430,2,2,5833
ring,2,1048576,200000.0,0.4,0.0,1.0,71,5,145,1686084,819430,2,2,72500
ring,2,1048576,200000.0,0.4,0.0,1.0,71,5,146,1566667,819430,2,2,91584
ring,2,1048576,200000.0,0.4,0.0,1.0,71,5,147,1514917,819430,2,2,109167
ring,2,1048576,200000.0,0.4,0.0,1.0,71,5,148,1460125,819430,2,2,63167
ring,2,1048576,200000.0,0.4,0.0,1.0,71,5,149,1499750,819430,2,2,25625
ring,2,1048576,200000.0,0.4,0.0,1.0,71,5,150,1421000,819430,2,2,48125
ring,2,1048576,200000.0,0.4,0.0,1.0,71,5,151,1507666,819430,2,2,14041
ring,2,1048576,200000.0,0.4,0.0,1.0,71,5,152,1523042,819430,2,2,21250
ring,2,1048576,200000.0,0.4,0.0,1.0,71,5,153,1402125,819430,2,2,50750
ring,2,1048576,200000.0,0.4,0.0,1.0,71,5,154,1407833,819430,2,2,61333
ring,2,1048576,200000.0,0.4,0.0,1.0,71,5,155,1446666,819430,2,2,61041
ring,2,1048576,200000.0,0.4,0.0,1.0,71,5,156,1453375,819430,2,2,1416
ring,2,1048576,200000.0,0.4,0.0,1.0,71,5,157,1464541,819430,2,2,71666
ring,2,1048576,200000.0,0.4,0.0,1.0,71,5,158,1480000,819430,2,2,11875
ring,2,1048576,200000.0,0.4,0.0,1.0,71,5,159,1518166,819430,2,2,106708
ring,2,1048576,200000.0,0.4,0.0,1.0,71,5,160,1441667,819430,2,2,66792
ring,2,1048576,200000.0,0.4,0.0,1.0,71,5,161,1485666,819430,2,2,18916
ring,2,1048576,200000.0,0.4,0.0,1.0,71,5,162,1405250,819430,2,2,40709
ring,2,1048576,200000.0,0.4,0.0,1.0,71,5,163,1409000,819430,2,2,84000
ring,2,1048576,200000.0,0.4,0.0,1.0,71,5,164,1386083,819430,2,2,49208
ring,2,1048576,200000.0,0.4,0.0,1.0,71,5,165,1541541,819430,2,2,94375
ring,2,1048576,200000.0,0.4,0.0,1.0,71,5,166,1416542,819430,2,2,45459
ring,2,1048576,200000.0,0.4,0.0,1.0,71,5,167,1449167,819430,2,2,60250
ring,2,1048576,200000.0,0.4,0.0,1.0,71,5,168,1496791,819430,2,2,11957
ring,2,1048576,200000.0,0.4,0.0,1.0,71,5,169,1473167,819430,2,2,86917
ring,2,1048576,200000.0,0.4,0.0,1.0,71,5,170,1425792,819430,2,2,52458
ring,2,1048576,200000.0,0.4,0.0,1.0,71,5,171,1489875,819430,2,2,77042
ring,2,1048576,200000.0,0.4,0.0,1.0,71,5,172,1501459,819430,2,2,3876
ring,2,1048576,200000.0,0.4,0.0,1.0,71,5,173,1497416,819430,2,2,60166
ring,2,1048576,200000.0,0.4,0.0,1.0,71,5,174,1429541,819430,2,2,44333
ring,2,1048576,200000.0,0.4,0.0,1.0,71,5,175,1450708,819430,2,2,58958
ring,2,1048576,200000.0,0.4,0.0,1.0,71,5,176,1459583,819430,2,2,34917
ring,2,1048576,200000.0,0.4,0.0,1.0,71,5,177,1379958,819430,2,2,58542
ring,2,1048576,200000.0,0.4,0.0,1.0,71,5,178,1427375,819430,2,2,76167
ring,2,1048576,200000.0,0.4,0.0,1.0,71,5,179,1463459,819430,2,2,19209
ring,2,1048576,200000.0,0.4,0.0,1.0,71,5,180,1418041,819430,2,2,49249
ring,2,1048576,200000.0,0.4,0.0,1.0,71,5,181,1442209,819430,2,2,63542
ring,2,1048576,200000.0,0.4,0.0,1.0,71,5,182,1427291,819430,2,2,77458
ring,2,1048576,200000.0,0.4,0.0,1.0,71,5,183,1461583,819430,2,2,66083
ring,2,1048576,200000.0,0.4,0.0,1.0,71,5,184,1419958,819430,2,2,58958
ring,2,1048576,200000.0,0.4,0.0,1.0,71,5,185,1492833,819430,2,2,57874
ring,2,1048576,200000.0,0.4,0.0,1.0,71,5,186,1463083,819430,2,2,25499
ring,2,1048576,200000.0,0.4,0.0,1.0,71,5,187,1468833,819430,2,2,66499
ring,2,1048576,200000.0,0.4,0.0,1.0,71,5,188,1488916,819430,2,2,45833
ring,2,1048576,200000.0,0.4,0.0,1.0,71,5,189,1499083,819430,2,2,58499
ring,2,1048576,200000.0,0.4,0.0,1.0,71,5,190,1420916,819430,2,2,39916
ring,2,1048576,200000.0,0.4,0.0,1.0,71,5,191,1392584,819430,2,2,44459
ring,2,1048576,200000.0,0.4,0.0,1.0,71,5,192,1462708,819430,2,2,82375
ring,2,1048576,200000.0,0.4,0.0,1.0,71,5,193,1488542,819430,2,2,31626
ring,2,1048576,200000.0,0.4,0.0,1.0,71,5,194,1400333,819430,2,2,57624
ring,2,1048576,200000.0,0.4,0.0,1.0,71,5,195,1393209,819430,2,2,53542
ring,2,1048576,200000.0,0.4,0.0,1.0,71,5,196,1466042,819430,2,2,77334
ring,2,1048576,200000.0,0.4,0.0,1.0,71,5,197,1429584,819430,2,2,66959
ring,2,1048576,200000.0,0.4,0.0,1.0,71,5,198,1474458,819430,2,2,5541
ring,2,1048576,200000.0,0.4,0.0,1.0,71,5,199,1477584,819430,2,2,33418
ring,2,1048576,200000.0,0.4,0.0,1.0,71,5,200,1446125,819430,2,2,50916
ring,2,1048576,200000.0,0.4,0.0,1.0,71,5,201,1454875,819430,2,2,65125
ring,2,1048576,200000.0,0.4,0.0,1.0,71,5,202,1421042,819430,2,2,74334
ring,2,1048576,200000.0,0.4,0.0,1.0,71,5,203,1487667,819430,2,2,99376
ring,2,1048576,200000.0,0.4,0.0,1.0,71,5,204,1481375,819430,2,2,93792
ring,2,1048576,200000.0,0.4,0.0,1.0,71,5,205,1459458,819430,2,2,15208
ring,2,1048576,200000.0,0.4,0.0,1.0,71,5,206,1388792,819430,2,2,54792
ring,2,1048576,200000.0,0.4,0.0,1.0,71,5,207,1489166,819430,2,2,54207
ring,2,1048576,200000.0,0.4,0.0,1.0,71,5,208,1451125,819430,2,2,67667
ring,2,1048576,200000.0,0.4,0.0,1.0,71,5,209,1441583,819430,2,2,60291
ring,2,1048576,200000.0,0.4,0.0,1.0,71,5,210,1377750,819430,2,2,49167
ring,2,1048576,200000.0,0.4,0.0,1.0,71,5,211,1500750,819430,2,2,10125
ring,2,1048576,200000.0,0.4,0.0,1.0,71,5,212,1461208,819430,2,2,20000
ring,2,1048576,200000.0,0.4,0.0,1.0,71,5,213,1449584,819430,2,2,71417
ring,2,1048576,200000.0,0.4,0.0,1.0,71,5,214,1473625,819430,2,2,30250
ring,2,1048576,200000.0,0.4,0.0,1.0,71,5,215,1442791,819430,2,2,54208
ring,2,1048576,200000.0,0.4,0.0,1.0,71,5,216,1420750,819430,2,2,89333
ring,2,1048576,200000.0,0.4,0.0,1.0,71,5,217,1384625,819430,2,2,46542
ring,2,1048576,200000.0,0.4,0.0,1.0,71,5,218,1435375,819430,2,2,10500
ring,2,1048576,200000.0,0.4,0.0,1.0,71,5,219,1403583,819430,2,2,46708
ring,2,1048576,200000.0,0.4,0.0,1.0,71,5,220,1383958,819430,2,2,36667
ring,2,1048576,200000.0,0.4,0.0,1.0,71,5,221,1381083,819430,2,2,42875
ring,2,1048576,200000.0,0.4,0.0,1.0,71,5,222,1393625,819430,2,2,44625
ring,2,1048576,200000.0,0.4,0.0,1.0,71,5,223,1429541,819430,2,2,54208
ring,2,1048576,200000.0,0.4,0.0,1.0,71,5,224,1467500,819430,2,2,83542
ring,2,1048576,200000.0,0.4,0.0,1.0,71,5,225,1456750,819430,2,2,75709
ring,2,1048576,200000.0,0.4,0.0,1.0,71,5,226,1381292,819430,2,2,20292
ring,2,1048576,200000.0,0.4,0.0,1.0,71,5,227,1426708,819430,2,2,61083
ring,2,1048576,200000.0,0.4,0.0,1.0,71,5,228,1495708,819430,2,2,13833
ring,2,1048576,200000.0,0.4,0.0,1.0,71,5,229,1469250,819430,2,2,26583
ring,2,1048576,200000.0,0.4,0.0,1.0,71,5,230,1470584,819430,2,2,1
ring,2,1048576,200000.0,0.4,0.0,1.0,71,5,231,1517667,819430,2,2,81500
ring,2,1048576,200000.0,0.4,0.0,1.0,71,5,232,1439334,819430,2,2,6376
ring,2,1048576,200000.0,0.4,0.0,1.0,71,5,233,1446917,819430,2,2,125
ring,2,1048576,200000.0,0.4,0.0,1.0,71,5,234,1477000,819430,2,2,69583
ring,2,1048576,200000.0,0.4,0.0,1.0,71,5,235,1410333,819430,2,2,48125
ring,2,1048576,200000.0,0.4,0.0,1.0,71,5,236,1410584,819430,2,2,54875
ring,2,1048576,200000.0,0.4,0.0,1.0,71,5,237,1517292,819430,2,2,112375
ring,2,1048576,200000.0,0.4,0.0,1.0,71,5,238,1434750,819430,2,2,65416
ring,2,1048576,200000.0,0.4,0.0,1.0,71,5,239,1456125,819430,2,2,65625
ring,2,1048576,200000.0,0.4,0.0,1.0,71,5,240,1450792,819430,2,2,72459
ring,2,1048576,200000.0,0.4,0.0,1.0,71,5,241,1486542,819430,2,2,333
ring,2,1048576,200000.0,0.4,0.0,1.0,71,5,242,1479250,819430,2,2,41833
ring,2,1048576,200000.0,0.4,0.0,1.0,71,5,243,1432708,819430,2,2,60666
ring,2,1048576,200000.0,0.4,0.0,1.0,71,5,244,1410291,819430,2,2,36249
ring,2,1048576,200000.0,0.4,0.0,1.0,71,5,245,1470416,819430,2,2,57749
ring,2,1048576,200000.0,0.4,0.0,1.0,71,5,246,1442250,819430,2,2,68791
ring,2,1048576,200000.0,0.4,0.0,1.0,71,5,247,1443375,819430,2,2,65792
ring,2,1048576,200000.0,0.4,0.0,1.0,71,5,248,1508459,819430,2,2,87459
ring,2,1048576,200000.0,0.4,0.0,1.0,71,5,249,1478459,819430,2,2,4876
ps,2,1048576,200000.0,0.4,0.0,1.0,71,5,0,1763750,619430,1,2,41042
ps,2,1048576,200000.0,0.4,0.0,1.0,71,5,1,1804583,619430,1,2,114125
ps,2,1048576,200000.0,0.4,0.0,1.0,71,5,2,1810000,619430,1,2,95875
ps,2,1048576,200000.0,0.4,0.0,1.0,71,5,3,1792375,619430,1,2,84875
ps,2,1048576,200000.0,0.4,0.0,1.0,71,5,4,1756500,619430,1,2,95500
ps,2,1048576,200000.0,0.4,0.0,1.0,71,5,5,1762166,619430,1,2,54332
ps,2,1048576,200000.0,0.4,0.0,1.0,71,5,6,1804583,619430,1,2,75417
ps,2,1048576,200000.0,0.4,0.0,1.0,71,5,7,1825458,619430,1,2,68583
ps,2,1048576,200000.0,0.4,0.0,1.0,71,5,8,1786000,619430,1,2,92666
ps,2,1048576,200000.0,0.4,0.0,1.0,71,5,9,1809583,619430,1,2,101666
ps,2,1048576,200000.0,0.4,0.0,1.0,71,5,10,1792958,619430,1,2,99666
ps,2,1048576,200000.0,0.4,0.0,1.0,71,5,11,1806542,619430,1,2,93167
ps,2,1048576,200000.0,0.4,0.0,1.0,71,5,12,1821708,619430,1,2,80458
ps,2,1048576,200000.0,0.4,0.0,1.0,71,5,13,1799958,619430,1,2,110249
ps,2,1048576,200000.0,0.4,0.0,1.0,71,5,14,1785542,619430,1,2,81375
ps,2,1048576,200000.0,0.4,0.0,1.0,71,5,15,1794750,619430,1,2,108542
ps,2,1048576,200000.0,0.4,0.0,1.0,71,5,16,1793583,619430,1,2,81374
ps,2,1048576,200000.0,0.4,0.0,1.0,71,5,17,1806000,619430,1,2,79292
ps,2,1048576,200000.0,0.4,0.0,1.0,71,5,18,1796583,619430,1,2,81958
ps,2,1048576,200000.0,0.4,0.0,1.0,71,5,19,1803042,619430,1,2,38501
ps,2,1048576,200000.0,0.4,0.0,1.0,71,5,20,1836042,619430,1,2,110250
ps,2,1048576,200000.0,0.4,0.0,1.0,71,5,21,1827708,619430,1,2,70917
ps,2,1048576,200000.0,0.4,0.0,1.0,71,5,22,1837458,619430,1,2,73916
ps,2,1048576,200000.0,0.4,0.0,1.0,71,5,23,1783166,619430,1,2,110250
ps,2,1048576,200000.0,0.4,0.0,1.0,71,5,24,1824750,619430,1,2,85875
ps,2,1048576,200000.0,0.4,0.0,1.0,71,5,25,1797708,619430,1,2,46917
ps,2,1048576,200000.0,0.4,0.0,1.0,71,5,26,1793000,619430,1,2,95125
ps,2,1048576,200000.0,0.4,0.0,1.0,71,5,27,1798625,619430,1,2,82416
ps,2,1048576,200000.0,0.4,0.0,1.0,71,5,28,1825250,619430,1,2,107916
ps,2,1048576,200000.0,0.4,0.0,1.0,71,5,29,1803167,619430,1,2,83458
ps,2,1048576,200000.0,0.4,0.0,1.0,71,5,30,1809500,619430,1,2,87750
ps,2,1048576,200000.0,0.4,0.0,1.0,71,5,31,1784458,619430,1,2,91749
ps,2,1048576,200000.0,0.4,0.0,1.0,71,5,32,1815792,619430,1,2,79042
ps,2,1048576,200000.0,0.4,0.0,1.0,71,5,33,1782541,619430,1,2,67082
ps,2,1048576,200000.0,0.4,0.0,1.0,71,5,34,1784500,619430,1,2,82667
ps,2,1048576,200000.0,0.4,0.0,1.0,71,5,35,1790208,619430,1,2,72167
ps,2,1048576,200000.0,0.4,0.0,1.0,71,5,36,1822125,619430,1,2,46666
ps,2,1048576,200000.0,0.4,0.0,1.0,71,5,37,1788041,619430,1,2,81416
ps,2,1048576,200000.0,0.4,0.0,1.0,71,5,38,1783375,619430,1,2,63708
ps,2,1048576,200000.0,0.4,0.0,1.0,71,5,39,1822083,619430,1,2,77000
ps,2,1048576,200000.0,0.4,0.0,1.0,71,5,40,1784583,619430,1,2,86125
ps,2,1048576,200000.0,0.4,0.0,1.0,71,5,41,1816542,619430,1,2,79084
ps,2,1048576,200000.0,0.4,0.0,1.0,71,5,42,1847083,619430,1,2,61167
ps,2,1048576,200000.0,0.4,0.0,1.0,71,5,43,1804958,619430,1,2,49291
ps,2,1048576,200000.0,0.4,0.0,1.0,71,5,44,1809250,619430,1,2,58166
ps,2,1048576,200000.0,0.4,0.0,1.0,71,5,45,1810542,619430,1,2,73376
ps,2,1048576,200000.0,0.4,0.0,1.0,71,5,46,1824208,619430,1,2,80583
ps,2,1048576,200000.0,0.4,0.0,1.0,71,5,47,1823333,619430,1,2,104041
ps,2,1048576,200000.0,0.4,0.0,1.0,71,5,48,1773916,619430,1,2,85583
ps,2,1048576,200000.0,0.4,0.0,1.0,71,5,49,1783208,619430,1,2,40292
ps,2,1048576,200000.0,0.4,0.0,1.0,71,5,50,1809625,619430,1,2,100042
ps,2,1048576,200000.0,0.4,0.0,1.0,71,5,51,1825250,619430,1,2,94458
ps,2,1048576,200000.0,0.4,0.0,1.0,71,5,52,1816875,619430,1,2,110583
ps,2,1048576,200000.0,0.4,0.0,1.0,71,5,53,1804542,619430,1,2,64459
ps,2,1048576,200000.0,0.4,0.0,1.0,71,5,54,1821708,619430,1,2,65875
ps,2,1048576,200000.0,0.4,0.0,1.0,71,5,55,1819250,619430,1,2,79458
ps,2,1048576,200000.0,0.4,0.0,1.0,71,5,56,1783500,619430,1,2,112541
ps,2,1048576,200000.0,0.4,0.0,1.0,71,5,57,1811625,619430,1,2,95959
ps,2,1048576,200000.0,0.4,0.0,1.0,71,5,58,1797208,619430,1,2,67791
ps,2,1048576,200000.0,0.4,0.0,1.0,71,5,59,1794250,619430,1,2,76459
ps,2,1048576,200000.0,0.4,0.0,1.0,71,5,60,1813208,619430,1,2,70333
ps,2,1048576,200000.0,0.4,0.0,1.0,71,5,61,1809083,619430,1,2,84916
ps,2,1048576,200000.0,0.4,0.0,1.0,71,5,62,1768167,619430,1,2,82417
ps,2,1048576,200000.0,0.4,0.0,1.0,71,5,63,1818667,619430,1,2,59833
ps,2,1048576,200000.0,0.4,0.0,1.0,71,5,64,1794208,619430,1,2,79999
ps,2,1048576,200000.0,0.4,0.0,1.0,71,5,65,1827458,619430,1,2,97333
ps,2,1048576,200000.0,0.4,0.0,1.0,71,5,66,1822125,619430,1,2,75416
ps,2,1048576,200000.0,0.4,0.0,1.0,71,5,67,1833666,619430,1,2,104457
ps,2,1048576,200000.0,0.4,0.0,1.0,71,5,68,1798458,619430,1,2,88249
ps,2,1048576,200000.0,0.4,0.0,1.0,71,5,69,1833583,619430,1,2,95375
ps,2,1048576,200000.0,0.4,0.0,1.0,71,5,70,1798583,619430,1,2,88916
ps,2,1048576,200000.0,0.4,0.0,1.0,71,5,71,1846125,619430,1,2,86250
ps,2,1048576,200000.0,0.4,0.0,1.0,71,5,72,1805958,619430,1,2,89958
ps,2,1048576,200000.0,0.4,0.0,1.0,71,5,73,1814666,619430,1,2,93041
ps,2,1048576,200000.0,0.4,0.0,1.0,71,5,74,1830541,619430,1,2,96291
ps,2,1048576,200000.0,0.4,0.0,1.0,71,5,75,1795208,619430,1,2,91208
ps,2,1048576,200000.0,0.4,0.0,1.0,71,5,76,1796500,619430,1,2,93125
ps,2,1048576,200000.0,0.4,0.0,1.0,71,5,77,1737959,619430,1,2,58376
ps,2,1048576,200000.0,0.4,0.0,1.0,71,5,78,1802958,619430,1,2,94291
ps,2,1048576,200000.0,0.4,0.0,1.0,71,5,79,1813916,619430,1,2,144708
ps,2,1048576,200000.0,0.4,0.0,1.0,71,5,80,1766000,619430,1,2,75042
ps,2,1048576,200000.0,0.4,0.0,1.0,71,5,81,1758084,619430,1,2,67167
ps,2,1048576,200000.0,0.4,0.0,1.0,71,5,82,1785167,619430,1,2,84667
ps,2,1048576,200000.0,0.4,0.0,1.0,71,5,83,1783084,619430,1,2,73584
ps,2,1048576,200000.0,0.4,0.0,1.0,71,5,84,1796875,619430,1,2,91917
ps,2,1048576,200000.0,0.4,0.0,1.0,71,5,85,1777208,619430,1,2,49500
ps,2,1048576,200000.0,0.4,0.0,1.0,71,5,86,1789459,619430,1,2,86459
ps,2,1048576,200000.0,0.4,0.0,1.0,71,5,87,1795833,619430,1,2,61583
ps,2,1048576,200000.0,0.4,0.0,1.0,71,5,88,1839916,619430,1,2,112625
ps,2,1048576,200000.0,0.4,0.0,1.0,71,5,89,1797125,619430,1,2,87125
ps,2,1048576,200000.0,0.4,0.0,1.0,71,5,90,1812750,619430,1,2,64084
ps,2,1048576,200000.0,0.4,0.0,1.0,71,5,91,1772708,619430,1,2,73958
ps,2,1048576,200000.0,0.4,0.0,1.0,71,5,92,1771667,619430,1,2,73542
ps,2,1048576,200000.0,0.4,0.0,1.0,71,5,93,1762833,619430,1,2,63624
ps,2,1048576,200000.0,0.4,0.0,1.0,71,5,94,1754917,619430,1,2,77959
ps,2,1048576,200000.0,0.4,0.0,1.0,71,5,95,1769208,619430,1,2,75000
ps,2,1048576,200000.0,0.4,0.0,1.0,71,5,96,1784709,619430,1,2,73418
ps,2,1048576,200000.0,0.4,0.0,1.0,71,5,97,1783417,619430,1,2,88208
ps,2,1048576,200000.0,0.4,0.0,1.0,71,5,98,1769375,619430,1,2,56750
ps,2,1048576,200000.0,0.4,0.0,1.0,71,5,99,1794417,619430,1,2,103417
ps,2,1048576,200000.0,0.4,0.0,1.0,71,5,100,1806250,619430,1,2,91042
ps,2,1048576,200000.0,0.4,0.0,1.0,71,5,101,1801958,619430,1,2,74666
ps,2,1048576,200000.0,0.4,0.0,1.0,71,5,102,1796000,619430,1,2,85250
ps,2,1048576,200000.0,0.4,0.0,1.0,71,5,103,1780416,619430,1,2,100041
ps,2,1048576,200000.0,0.4,0.0,1.0,71,5,104,1766458,619430,1,2,73542
ps,2,1048576,200000.0,0.4,0.0,1.0,71,5,105,1804084,619430,1,2,99168
ps,2,1048576,200000.0,0.4,0.0,1.0,71,5,106,1764041,619430,1,2,39291
ps,2,1048576,200000.0,0.4,0.0,1.0,71,5,107,1749584,619430,1,2,30125
ps,2,1048576,200000.0,0.4,0.0,1.0,71,5,108,1771375,619430,1,2,58084
ps,2,1048576,200000.0,0.4,0.0,1.0,71,5,109,1772250,619430,1,2,91500
ps,2,1048576,200000.0,0.4,0.0,1.0,71,5,110,1770625,619430,1,2,70875
ps,2,1048576,200000.0,0.4,0.0,1.0,71,5,111,1817833,619430,1,2,101000
ps,2,1048576,200000.0,0.4,0.0,1.0,71,5,112,1799375,619430,1,2,91875
ps,2,1048576,200000.0,0.4,0.0,1.0,71,5,113,1764417,619430,1,2,58751
ps,2,1048576,200000.0,0.4,0.0,1.0,71,5,114,1767166,619430,1,2,38000
ps,2,1048576,200000.0,0.4,0.0,1.0,71,5,115,1825291,619430,1,2,80583
ps,2,1048576,200000.0,0.4,0.0,1.0,71,5,116,1836875,619430,1,2,93750
ps,2,1048576,200000.0,0.4,0.0,1.0,71,5,117,1779666,619430,1,2,73625
ps,2,1048576,200000.0,0.4,0.0,1.0,71,5,118,1810167,619430,1,2,84167
ps,2,1048576,200000.0,0.4,0.0,1.0,71,5,119,1778459,619430,1,2,71542
ps,2,1048576,200000.0,0.4,0.0,1.0,71,5,120,1752375,619430,1,2,33250
ps,2,1048576,200000.0,0.4,0.0,1.0,71,5,121,1804417,619430,1,2,80667
ps,2,1048576,200000.0,0.4,0.0,1.0,71,5,122,1773250,619430,1,2,91333
ps,2,1048576,200000.0,0.4,0.0,1.0,71,5,123,1776291,619430,1,2,67499
ps,2,1048576,200000.0,0.4,0.0,1.0,71,5,124,1780459,619430,1,2,76793
ps,2,1048576,200000.0,0.4,0.0,1.0,71,5,125,1753000,619430,1,2,29125
ps,2,1048576,200000.0,0.4,0.0,1.0,71,5,126,1797667,619430,1,2,91584
ps,2,1048576,200000.0,0.4,0.0,1.0,71,5,127,1796666,619430,1,2,47375
ps,2,1048576,200000.0,0.4,0.0,1.0,71,5,128,1780416,619430,1,2,99166
ps,2,1048576,200000.0,0.4,0.0,1.0,71,5,129,1822083,619430,1,2,95458
ps,2,1048576,200000.0,0.4,0.0,1.0,71,5,130,1779125,619430,1,2,51375
ps,2,1048576,200000.0,0.4,0.0,1.0,71,5,131,1785375,619430,1,2,111875
ps,2,1048576,200000.0,0.4,0.0,1.0,71,5,132,1826292,619430,1,2,77792
ps,2,1048576,200000.0,0.4,0.0,1.0,71,5,133,1774083,619430,1,2,36291
ps,2,1048576,200000.0,0.4,0.0,1.0,71,5,134,1785083,619430,1,2,65208
ps,2,1048576,200000.0,0.4,0.0,1.0,71,5,135,1783125,619430,1,2,89000
ps,2,1048576,200000.0,0.4,0.0,1.0,71,5,136,1780209,619430,1,2,90293
ps,2,1048576,200000.0,0.4,0.0,1.0,71,5,137,1806375,619430,1,2,88083
ps,2,1048576,200000.0,0.4,0.0,1.0,71,5,138,1790584,619430,1,2,104709
ps,2,1048576,200000.0,0.4,0.0,1.0,71,5,139,1775083,619430,1,2,75749
ps,2,1048576,200000.0,0.4,0.0,1.0,71,5,140,1795792,619430,1,2,92334
ps,2,1048576,200000.0,0.4,0.0,1.0,71,5,141,1795375,619430,1,2,70916
ps,2,1048576,200000.0,0.4,0.0,1.0,71,5,142,1819083,619430,1,2,91875
ps,2,1048576,200000.0,0.4,0.0,1.0,71,5,143,1817916,619430,1,2,89707
ps,2,1048576,200000.0,0.4,0.0,1.0,71,5,144,1806750,619430,1,2,106084
ps,2,1048576,200000.0,0.4,0.0,1.0,71,5,145,1787000,619430,1,2,53083
ps,2,1048576,200000.0,0.4,0.0,1.0,71,5,146,1796583,619430,1,2,92333
ps,2,1048576,200000.0,0.4,0.0,1.0,71,5,147,1805125,619430,1,2,84833
ps,2,1048576,200000.0,0.4,0.0,1.0,71,5,148,1805125,619430,1,2,92959
ps,2,1048576,200000.0,0.4,0.0,1.0,71,5,149,1769125,619430,1,2,63875
ps,2,1048576,200000.0,0.4,0.0,1.0,71,5,150,1804459,619430,1,2,59834
ps,2,1048576,200000.0,0.4,0.0,1.0,71,5,151,1771250,619430,1,2,93000
ps,2,1048576,200000.0,0.4,0.0,1.0,71,5,152,1812917,619430,1,2,79042
ps,2,1048576,200000.0,0.4,0.0,1.0,71,5,153,1792583,619430,1,2,72583
ps,2,1048576,200000.0,0.4,0.0,1.0,71,5,154,1806541,619430,1,2,104916
ps,2,1048576,200000.0,0.4,0.0,1.0,71,5,155,1788083,619430,1,2,94000
ps,2,1048576,200000.0,0.4,0.0,1.0,71,5,156,1810833,619430,1,2,95791
ps,2,1048576,200000.0,0.4,0.0,1.0,71,5,157,1777584,619430,1,2,68293
ps,2,1048576,200000.0,0.4,0.0,1.0,71,5,158,1813958,619430,1,2,76250
ps,2,1048576,200000.0,0.4,0.0,1.0,71,5,159,1816166,619430,1,2,95666
ps,2,1048576,200000.0,0.4,0.0,1.0,71,5,160,1822500,619430,1,2,68292
ps,2,1048576,200000.0,0.4,0.0,1.0,71,5,161,1817708,619430,1,2,90666
ps,2,1048576,200000.0,0.4,0.0,1.0,71,5,162,1787208,619430,1,2,80458
ps,2,1048576,200000.0,0.4,0.0,1.0,71,5,163,1783916,619430,1,2,57291
ps,2,1048576,200000.0,0.4,0.0,1.0,71,5,164,1807334,619430,1,2,76501
ps,2,1048576,200000.0,0.4,0.0,1.0,71,5,165,1762292,619430,1,2,71501
ps,2,1048576,200000.0,0.4,0.0,1.0,71,5,166,1787084,619430,1,2,58584
ps,2,1048576,200000.0,0.4,0.0,1.0,71,5,167,1828791,619430,1,2,48541
ps,2,1048576,200000.0,0.4,0.0,1.0,71,5,168,1766208,619430,1,2,100250
ps,2,1048576,200000.0,0.4,0.0,1.0,71,5,169,1776792,619430,1,2,36167
ps,2,1048576,200000.0,0.4,0.0,1.0,71,5,170,1752916,619430,1,2,44708
ps,2,1048576,200000.0,0.4,0.0,1.0,71,5,171,1767250,619430,1,2,63416
ps,2,1048576,200000.0,0.4,0.0,1.0,71,5,172,1767667,619430,1,2,60417
ps,2,1048576,200000.0,0.4,0.0,1.0,71,5,173,1819916,619430,1,2,79833
ps,2,1048576,200000.0,0.4,0.0,1.0,71,5,174,1826708,619430,1,2,86083
ps,2,1048576,200000.0,0.4,0.0,1.0,71,5,175,1810083,619430,1,2,81666
ps,2,1048576,200000.0,0.4,0.0,1.0,71,5,176,1765625,619430,1,2,98250
ps,2,1048576,200000.0,0.4,0.0,1.0,71,5,177,1833542,619430,1,2,85667
ps,2,1048576,200000.0,0.4,0.0,1.0,71,5,178,1764875,619430,1,2,64625
ps,2,1048576,200000.0,0.4,0.0,1.0,71,5,179,1792541,619430,1,2,57458
ps,2,1048576,200000.0,0.4,0.0,1.0,71,5,180,1799166,619430,1,2,63833
ps,2,1048576,200000.0,0.4,0.0,1.0,71,5,181,1806334,619430,1,2,96125
ps,2,1048576,200000.0,0.4,0.0,1.0,71,5,182,1774250,619430,1,2,94916
ps,2,1048576,200000.0,0.4,0.0,1.0,71,5,183,1784708,619430,1,2,92625
ps,2,1048576,200000.0,0.4,0.0,1.0,71,5,184,1795209,619430,1,2,78709
ps,2,1048576,200000.0,0.4,0.0,1.0,71,5,185,1797709,619430,1,2,62126
ps,2,1048576,200000.0,0.4,0.0,1.0,71,5,186,1795417,619430,1,2,67084
ps,2,1048576,200000.0,0.4,0.0,1.0,71,5,187,1788208,619430,1,2,89875
ps,2,1048576,200000.0,0.4,0.0,1.0,71,5,188,1770875,619430,1,2,46375
ps,2,1048576,200000.0,0.4,0.0,1.0,71,5,189,1778084,619430,1,2,58834
ps,2,1048576,200000.0,0.4,0.0,1.0,71,5,190,1786625,619430,1,2,69333
ps,2,1048576,200000.0,0.4,0.0,1.0,71,5,191,1768000,619430,1,2,98708
ps,2,1048576,200000.0,0.4,0.0,1.0,71,5,192,1781791,619430,1,2,72916
ps,2,1048576,200000.0,0.4,0.0,1.0,71,5,193,1768334,619430,1,2,74084
ps,2,1048576,200000.0,0.4,0.0,1.0,71,5,194,1818250,619430,1,2,99792
ps,2,1048576,200000.0,0.4,0.0,1.0,71,5,195,1793542,619430,1,2,73458
ps,2,1048576,200000.0,0.4,0.0,1.0,71,5,196,1797667,619430,1,2,92959
ps,2,1048576,200000.0,0.4,0.0,1.0,71,5,197,1760208,619430,1,2,40250
ps,2,1048576,200000.0,0.4,0.0,1.0,71,5,198,1818250,619430,1,2,99709
ps,2,1048576,200000.0,0.4,0.0,1.0,71,5,199,1766958,619430,1,2,92374
ps,2,1048576,200000.0,0.4,0.0,1.0,71,5,200,1765459,619430,1,2,36709
ps,2,1048576,200000.0,0.4,0.0,1.0,71,5,201,1790209,619430,1,2,40459
ps,2,1048576,200000.0,0.4,0.0,1.0,71,5,202,1769750,619430,1,2,89167
ps,2,1048576,200000.0,0.4,0.0,1.0,71,5,203,1730792,619430,1,2,27876
ps,2,1048576,200000.0,0.4,0.0,1.0,71,5,204,1788125,619430,1,2,96292
ps,2,1048576,200000.0,0.4,0.0,1.0,71,5,205,1736417,619430,1,2,29750
ps,2,1048576,200000.0,0.4,0.0,1.0,71,5,206,1763750,619430,1,2,68958
ps,2,1048576,200000.0,0.4,0.0,1.0,71,5,207,1735833,619430,1,2,19458
ps,2,1048576,200000.0,0.4,0.0,1.0,71,5,208,1820875,619430,1,2,81083
ps,2,1048576,200000.0,0.4,0.0,1.0,71,5,209,1784959,619430,1,2,84543
ps,2,1048576,200000.0,0.4,0.0,1.0,71,5,210,1789666,619430,1,2,76250
ps,2,1048576,200000.0,0.4,0.0,1.0,71,5,211,1769583,619430,1,2,59333
ps,2,1048576,200000.0,0.4,0.0,1.0,71,5,212,1802625,619430,1,2,64708
ps,2,1048576,200000.0,0.4,0.0,1.0,71,5,213,1759125,619430,1,2,82291
ps,2,1048576,200000.0,0.4,0.0,1.0,71,5,214,1769959,619430,1,2,65292
ps,2,1048576,200000.0,0.4,0.0,1.0,71,5,215,1735917,619430,1,2,42708
ps,2,1048576,200000.0,0.4,0.0,1.0,71,5,216,1822083,619430,1,2,70041
ps,2,1048576,200000.0,0.4,0.0,1.0,71,5,217,1748333,619430,1,2,47250
ps,2,1048576,200000.0,0.4,0.0,1.0,71,5,218,1831417,619430,1,2,94500
ps,2,1048576,200000.0,0.4,0.0,1.0,71,5,219,1792875,619430,1,2,67750
ps,2,1048576,200000.0,0.4,0.0,1.0,71,5,220,1809791,619430,1,2,73999
ps,2,1048576,200000.0,0.4,0.0,1.0,71,5,221,1754625,619430,1,2,37167
ps,2,1048576,200000.0,0.4,0.0,1.0,71,5,222,1823709,619430,1,2,95459
ps,2,1048576,200000.0,0.4,0.0,1.0,71,5,223,1785625,619430,1,2,70792
ps,2,1048576,200000.0,0.4,0.0,1.0,71,5,224,1795458,619430,1,2,109000
ps,2,1048576,200000.0,0.4,0.0,1.0,71,5,225,1796042,619430,1,2,84917
ps,2,1048576,200000.0,0.4,0.0,1.0,71,5,226,1809708,619430,1,2,82333
ps,2,1048576,200000.0,0.4,0.0,1.0,71,5,227,1753041,619430,1,2,34833
ps,2,1048576,200000.0,0.4,0.0,1.0,71,5,228,1802417,619430,1,2,59084
ps,2,1048576,200000.0,0.4,0.0,1.0,71,5,229,1791625,619430,1,2,118208
ps,2,1048576,200000.0,0.4,0.0,1.0,71,5,230,1760583,619430,1,2,71624
ps,2,1048576,200000.0,0.4,0.0,1.0,71,5,231,1862542,619430,1,2,107000
ps,2,1048576,200000.0,0.4,0.0,1.0,71,5,232,1825458,619430,1,2,75125
ps,2,1048576,200000.0,0.4,0.0,1.0,71,5,233,1790750,619430,1,2,85000
ps,2,1048576,200000.0,0.4,0.0,1.0,71,5,234,1764125,619430,1,2,95958
ps,2,1048576,200000.0,0.4,0.0,1.0,71,5,235,1814958,619430,1,2,87208
ps,2,1048576,200000.0,0.4,0.0,1.0,71,5,236,1811291,619430,1,2,79500
ps,2,1048576,200000.0,0.4,0.0,1.0,71,5,237,1772375,619430,1,2,75167
ps,2,1048576,200000.0,0.4,0.0,1.0,71,5,238,1753834,619430,1,2,93125
ps,2,1048576,200000.0,0.4,0.0,1.0,71,5,239,1750333,619430,1,2,57708
ps,2,1048576,200000.0,0.4,0.0,1.0,71,5,240,1853666,619430,1,2,112041
ps,2,1048576,200000.0,0.4,0.0,1.0,71,5,241,1797625,619430,1,2,78375
ps,2,1048576,200000.0,0.4,0.0,1.0,71,5,242,1762125,619430,1,2,77583
ps,2,1048576,200000.0,0.4,0.0,1.0,71,5,243,1735667,619430,1,2,93083
ps,2,1048576,200000.0,0.4,0.0,1.0,71,5,244,1876750,619430,1,2,70708
ps,2,1048576,200000.0,0.4,0.0,1.0,71,5,245,1821333,619430,1,2,94500
ps,2,1048576,200000.0,0.4,0.0,1.0,71,5,246,1754709,619430,1,2,108626
ps,2,1048576,200000.0,0.4,0.0,1.0,71,5,247,1785125,619430,1,2,105375
ps,2,1048576,200000.0,0.4,0.0,1.0,71,5,248,1808125,619430,1,2,92125
ps,2,1048576,200000.0,0.4,0.0,1.0,71,5,249,1768375,619430,1,2,56833
ring,3,4194304,200000.0,0.4,0.0,1.0,71,0,0,6358250,3036964,4,3,305500
ring,3,4194304,200000.0,0.4,0.0,1.0,71,0,1,6496333,3036964,4,3,336708
ring,3,4194304,200000.0,0.4,0.0,1.0,71,0,2,6089417,3036964,4,3,354417
ring,3,4194304,200000.0,0.4,0.0,1.0,71,0,3,6349875,3036964,4,3,79250
ring,3,4194304,200000.0,0.4,0.0,1.0,71,0,4,6170542,3036964,4,3,324125
ring,3,4194304,200000.0,0.4,0.0,1.0,71,0,5,6212875,3036964,4,3,291708
ring,3,4194304,200000.0,0.4,0.0,1.0,71,0,6,6381542,3036964,4,3,263667
ring,3,4194304,200000.0,0.4,0.0,1.0,71,0,7,6060791,3036964,4,3,264375
ring,3,4194304,200000.0,0.4,0.0,1.0,71,0,8,6542958,3036964,4,3,456166
ring,3,4194304,200000.0,0.4,0.0,1.0,71,0,9,6191000,3036964,4,3,349208
ring,3,4194304,200000.0,0.4,0.0,1.0,71,0,10,6163458,3036964,4,3,260791
ring,3,4194304,200000.0,0.4,0.0,1.0,71,0,11,6367167,3036964,4,3,285751
ring,3,4194304,200000.0,0.4,0.0,1.0,71,0,12,6328667,3036964,4,3,375334
ring,3,4194304,200000.0,0.4,0.0,1.0,71,0,13,6188541,3036964,4,3,383999
ring,3,4194304,200000.0,0.4,0.0,1.0,71,0,14,6020250,3036964,4,3,341083
ring,3,4194304,200000.0,0.4,0.0,1.0,71,0,15,6040333,3036964,4,3,337416
ring,3,4194304,200000.0,0.4,0.0,1.0,71,0,16,6175542,3036964,4,3,351125
ring,3,4194304,200000.0,0.4,0.0,1.0,71,0,17,6180958,3036964,4,3,262916
ring,3,4194304,200000.0,0.4,0.0,1.0,71,0,18,6196500,3036964,4,3,306250
ring,3,4194304,200000.0,0.4,0.0,1.0,71,0,19,6003667,3036964,4,3,321459
ring,3,4194304,200000.0,0.4,0.0,1.0,71,0,20,6039959,3036964,4,3,307876
ring,3,4194304,200000.0,0.4,0.0,1.0,71,0,21,6285167,3036964,4,3,268917
ring,3,4194304,200000.0,0.4,0.0,1.0,71,0,22,6375166,3036964,4,3,418374
ring,3,4194304,200000.0,0.4,0.0,1.0,71,0,23,6271041,3036964,4,3,337166
ring,3,4194304,200000.0,0.4,0.0,1.0,71,0,24,6127500,3036964,4,3,311792
ring,3,4194304,200000.0,0.4,0.0,1.0,71,0,25,6302958,3036964,4,3,311917
ring,3,4194304,200000.0,0.4,0.0,1.0,71,0,26,6054333,3036964,4,3,314333
ring,3,4194304,200000.0,0.4,0.0,1.0,71,0,27,6043292,3036964,4,3,239292
ring,3,4194304,200000.0,0.4,0.0,1.0,71,0,28,6114625,3036964,4,3,319250
ring,3,4194304,200000.0,0.4,0.0,1.0,71,0,29,6334500,3036964,4,3,252209
ring,3,4194304,200000.0,0.4,0.0,1.0,71,0,30,6307917,3036964,4,3,314209
ring,3,4194304,200000.0,0.4,0.0,1.0,71,0,31,6306625,3036964,4,3,313833
ring,3,4194304,200000.0,0.4,0.0,1.0,71,0,32,6209666,3036964,4,3,321708
ring,3,4194304,200000.0,0.4,0.0,1.0,71,0,33,6233042,3036964,4,3,356042
ring,3,4194304,200000.0,0.4,0.0,1.0,71,0,34,6186042,3036964,4,3,285917
ring,3,4194304,200000.0,0.4,0.0,1.0,71,0,35,6302125,3036964,4,3,357750
ring,3,4194304,200000.0,0.4,0.0,1.0,71,0,36,6363125,3036964,4,3,359500
ring,3,4194304,200000.0,0.4,0.0,1.0,71,0,37,6212084,3036964,4,3,351709
ring,3,4194304,200000.0,0.4,0.0,1.0,71,0,38,6338709,3036964,4,3,374959
ring,3,4194304,200000.0,0.4,0.0,1.0,71,0,39,6153417,3036964,4,3,296167
ring,3,4194304,200000.0,0.4,0.0,1.0,71,0,40,6141458,3036964,4,3,320666
ring,3,4194304,200000.0,0.4,0.0,1.0,71,0,41,6196250,3036964,4,3,290416
ring,3,4194304,200000.0,0.4,0.0,1.0,71,0,42,6518042,3036964,4,3,265208
ring,3,4194304,200000.0,0.4,0.0,1.0,71,0,43,6122458,3036964,4,3,306958
ring,3,4194304,200000.0,0.4,0.0,1.0,71,0,44,6249500,3036964,4,3,362583
ring,3,4194304,200000.0,0.4,0.0,1.0,71,0,45,6296125,3036964,4,3,359208
ring,3,4194304,200000.0,0.4,0.0,1.0,71,0,46,6322916,3036964,4,3,312416
ring,3,4194304,200000.0,0.4,0.0,1.0,71,0,47,6202083,3036964,4,3,297875
ring,3,4194304,200000.0,0.4,0.0,1.0,71,0,48,6126792,3036964,4,3,261250
ring,3,4194304,200000.0,0.4,0.0,1.0,71,0,49,6372375,3036964,4,3,296209
ring,3,4194304,200000.0,0.4,0.0,1.0,71,0,50,6149458,3036964,4,3,220291
ring,3,4194304,200000.0,0.4,0.0,1.0,71,0,51,6049375,3036964,4,3,331792
ring,3,4194304,200000.0,0.4,0.0,1.0,71,0,52,6223834,3036964,4,3,290001
ring,3,4194304,200000.0,0.4,0.0,1.0,71,0,53,6235917,3036964,4,3,323584
ring,3,4194304,200000.0,0.4,0.0,1.0,71,0,54,6236459,3036964,4,3,367292
ring,3,4194304,200000.0,0.4,0.0,1.0,71,0,55,6315709,3036964,4,3,313626
ring,3,4194304,200000.0,0.4,0.0,1.0,71,0,56,6550292,3036964,4,3,379500
ring,3,4194304,200000.0,0.4,0.0,1.0,71,0,57,6103417,3036964,4,3,280084
ring,3,4194304,200000.0,0.4,0.0,1.0,71,0,58,6235959,3036964,4,3,348584
ring,3,4194304,200000.0,0.4,0.0,1.0,71,0,59,6579500,3036964,4,3,186875
ring,3,4194304,200000.0,0.4,0.0,1.0,71,0,60,6268125,3036964,4,3,249667
ring,3,4194304,200000.0,0.4,0.0,1.0,71,0,61,6349875,3036964,4,3,285208
ring,3,4194304,200000.0,0.4,0.0,1.0,71,0,62,6415791,3036964,4,3,152333
ring,3,4194304,200000.0,0.4,0.0,1.0,71,0,63,6420500,3036964,4,3,289875
ring,3,4194304,200000.0,0.4,0.0,1.0,71,0,64,6339292,3036964,4,3,229625
ring,3,4194304,200000.0,0.4,0.0,1.0,71,0,65,6600666,3036964,4,3,364666
ring,3,4194304,200000.0,0.4,0.0,1.0,71,0,66,6322625,3036964,4,3,302250
ring,3,4194304,200000.0,0.4,0.0,1.0,71,0,67,6494709,3036964,4,3,391834
ring,3,4194304,200000.0,0.4,0.0,1.0,71,0,68,6245125,3036964,4,3,338708
ring,3,4194304,200000.0,0.4,0.0,1.0,71,0,69,6524209,3036964,4,3,340084
ring,3,4194304,200000.0,0.4,0.0,1.0,71,0,70,6413167,3036964,4,3,344084
ring,3,4194304,200000.0,0.4,0.0,1.0,71,0,71,6605833,3036964,4,3,330708
ring,3,4194304,200000.0,0.4,0.0,1.0,71,0,72,6201292,3036964,4,3,314792
ring,3,4194304,200000.0,0.4,0.0,1.0,71,0,73,6343959,3036964,4,3,427209
ring,3,4194304,200000.0,0.4,0.0,1.0,71,0,74,6336708,3036964,4,3,329666
ring,3,4194304,200000.0,0.4,0.0,1.0,71,0,75,6361833,3036964,4,3,293000
ring,3,4194304,200000.0,0.4,0.0,1.0,71,0,76,6545333,3036964,4,3,333875
ring,3,4194304,200000.0,0.4,0.0,1.0,71,0,77,6409209,3036964,4,3,280917
ring,3,4194304,200000.0,0.4,0.0,1.0,71,0,78,6349000,3036964,4,3,386209
ring,3,4194304,200000.0,0.4,0.0,1.0,71,0,79,6282333,3036964,4,3,291541
ring,3,4194304,200000.0,0.4,0.0,1.0,71,0,80,8110458,3036964,4,3,817333
ring,3,4194304,200000.0,0.4,0.0,1.0,71,0,81,15481583,3036964,4,3,156208
ring,3,4194304,200000.0,0.4,0.0,1.0,71,0,82,14405291,3036964,4,3,1367624
ring,3,4194304,200000.0,0.4,0.0,1.0,71,0,83,7076291,3036964,4,3,193749
ring,3,4194304,200000.0,0.4,0.0,1.0,71,0,84,6750416,3036964,4,3,129374
ring,3,4194304,200000.0,0.4,0.0,1.0,71,0,85,7091084,3036964,4,3,289376
ring,3,4194304,200000.0,0.4,0.0,1.0,71,0,86,6360041,3036964,4,3,243374
ring,3,4194304,200000.0,0.4,0.0,1.0,71,0,87,6649333,3036964,4,3,354458
ring,3,4194304,200000.0,0.4,0.0,1.0,71,0,88,6541000,3036964,4,3,329375
ring,3,4194304,200000.0,0.4,0.0,1.0,71,0,89,6490875,3036964,4,3,343250
ring,3,4194304,200000.0,0.4,0.0,1.0,71,0,90,6420417,3036964,4,3,394626
ring,3,4194304,200000.0,0.4,0.0,1.0,71,0,91,6497041,3036964,4,3,314958
ring,3,4194304,200000.0,0.4,0.0,1.0,71,0,92,6547625,3036964,4,3,283541
ring,3,4194304,200000.0,0.4,0.0,1.0,71,0,93,6254292,3036964,4,3,299917
ring,3,4194304,200000.0,0.4,0.0,1.0,71,0,94,6489250,3036964,4,3,143500
ring,3,4194304,200000.0,0.4,0.0,1.0,71,0,95,14977208,3036964,4,3,240208
ring,3,4194304,200000.0,0.4,0.0,1.0,71,0,96,7295792,3036964,4,3,76709
ring,3,4194304,200000.0,0.4,0.0,1.0,71,0,97,7042833,3036964,4,3,336500
ring,3,4194304,200000.0,0.4,0.0,1.0,71,0,98,6716792,3036964,4,3,391834
ring,3,4194304,200000.0,0.4,0.0,1.0,71,0,99,6647292,3036964,4,3,298167
ring,3,4194304,200000.0,0.4,0.0,1.0,71,0,100,6791416,3036964,4,3,270291
ring,3,4194304,200000.0,0.4,0.0,1.0,71,0,101,6516333,3036964,4,3,384167
ring,3,4194304,200000.0,0.4,0.0,1.0,71,0,102,6471917,3036964,4,3,244750
ring,3,4194304,200000.0,0.4,0.0,1.0,71,0,103,6549875,3036964,4,3,205292
ring,3,4194304,200000.0,0.4,0.0,1.0,71,0,104,6671792,3036964,4,3,309667
ring,3,4194304,200000.0,0.4,0.0,1.0,71,0,105,6536542,3036964,4,3,336667
ring,3,4194304,200000.0,0.4,0.0,1.0,71,0,106,6380584,3036964,4,3,290084
ring,3,4194304,200000.0,0.4,0.0,1.0,71,0,107,6599833,3036964,4,3,182916
ring,3,4194304,200000.0,0.4,0.0,1.0,71,0,108,6555750,3036964,4,3,278250
ring,3,4194304,200000.0,0.4,0.0,1.0,71,0,109,6660958,3036964,4,3,293208
ring,3,4194304,200000.0,0.4,0.0,1.0,71,0,110,6660750,3036964,4,3,306708
ring,3,4194304,200000.0,0.4,0.0,1.0,71,0,111,6826084,3036964,4,3,317751
ring,3,4194304,200000.0,0.4,0.0,1.0,71,0,112,6697875,3036964,4,3,158250
ring,3,4194304,200000.0,0.4,0.0,1.0,71,0,113,6583750,3036964,4,3,332708
ring,3,4194304,200000.0,0.4,0.0,1.0,71,0,114,6665208,3036964,4,3,335749
ring,3,4194304,200000.0,0.4,0.0,1.0,71,0,115,6681417,3036964,4,3,279417
ring,3,4194304,200000.0,0.4,0.0,1.0,71,0,116,6517500,3036964,4,3,242375
ring,3,4194304,200000.0,0.4,0.0,1.0,71,0,117,6794083,3036964,4,3,365208
ring,3,4194304,200000.0,0.4,0.0,1.0,71,0,118,6226875,3036964,4,3,268708
ring,3,4194304,200000.0,0.4,0.0,1.0,71,0,119,6514334,3036964,4,3,311459
ring,3,4194304,200000.0,0.4,0.0,1.0,71,0,120,6449041,3036964,4,3,345166
ring,3,4194304,200000.0,0.4,0.0,1.0,71,0,121,6729208,3036964,4,3,324625
ring,3,4194304,200000.0,0.4,0.0,1.0,71,0,122,6427625,3036964,4,3,286958
ring,3,4194304,200000.0,0.4,0.0,1.0,71,0,123,6518500,3036964,4,3,437208
ring,3,4194304,200000.0,0.4,0.0,1.0,71,0,124,6414375,3036964,4,3,267625
ring,3,4194304,200000.0,0.4,0.0,1.0,71,0,125,6531750,3036964,4,3,371833
ring,3,4194304,200000.0,0.4,0.0,1.0,71,0,126,6448125,3036964,4,3,320167
ring,3,4194304,200000.0,0.4,0.0,1.0,71,0,127,6415458,3036964,4,3,290583
ring,3,4194304,200000.0,0.4,0.0,1.0,71,0,128,6418916,3036964,4,3,326166
ring,3,4194304,200000.0,0.4,0.0,1.0,71,0,129,6503292,3036964,4,3,309459
ring,3,4194304,200000.0,0.4,0.0,1.0,71,0,130,6515333,3036964,4,3,348291
ring,3,4194304,200000.0,0.4,0.0,1.0,71,0,131,6459333,3036964,4,3,50708
ring,3,4194304,200000.0,0.4,0.0,1.0,71,0,132,6772667,3036964,4,3,329792
ring,3,4194304,200000.0,0.4,0.0,1.0,71,0,133,6591167,3036964,4,3,339208
ring,3,4194304,200000.0,0.4,0.0,1.0,71,0,134,6575167,3036964,4,3,293333
ring,3,4194304,200000.0,0.4,0.0,1.0,71,0,135,6602541,3036964,4,3,324083
ring,3,4194304,200000.0,0.4,0.0,1.0,71,0,136,6508875,3036964,4,3,312334
ring,3,4194304,200000.0,0.4,0.0,1.0,71,0,137,6401417,3036964,4,3,345417
ring,3,4194304,200000.0,0.4,0.0,1.0,71,0,138,6464458,3036964,4,3,356291
ring,3,4194304,200000.0,0.4,0.0,1.0,71,0,139,6641084,3036964,4,3,365876
ring,3,4194304,200000.0,0.4,0.0,1.0,71,0,140,6488250,3036964,4,3,383417
ring,3,4194304,200000.0,0.4,0.0,1.0,71,0,141,6620084,3036964,4,3,374167
ring,3,4194304,200000.0,0.4,0.0,1.0,71,0,142,6411083,3036964,4,3,306333
ring,3,4194304,200000.0,0.4,0.0,1.0,71,0,143,6477666,3036964,4,3,297750
ring,3,4194304,200000.0,0.4,0.0,1.0,71,0,144,6465750,3036964,4,3,266166
ring,3,4194304,200000.0,0.4,0.0,1.0,71,0,145,6616000,3036964,4,3,369583
ring,3,4194304,200000.0,0.4,0.0,1.0,71,0,146,6672917,3036964,4,3,207709
ring,3,4194304,200000.0,0.4,0.0,1.0,71,0,147,6638000,3036964,4,3,364042
ring,3,4194304,200000.0,0.4,0.0,1.0,71,0,148,6847334,3036964,4,3,359751
ring,3,4194304,200000.0,0.4,0.0,1.0,71,0,149,6629542,3036964,4,3,244959
ring,3,4194304,200000.0,0.4,0.0,1.0,71,0,150,6732125,3036964,4,3,287500
ring,3,4194304,200000.0,0.4,0.0,1.0,71,0,151,6616958,3036964,4,3,398792
ring,3,4194304,200000.0,0.4,0.0,1.0,71,0,152,6704334,3036964,4,3,407876
ring,3,4194304,200000.0,0.4,0.0,1.0,71,0,153,6343208,3036964,4,3,212999
ring,3,4194304,200000.0,0.4,0.0,1.0,71,0,154,6420542,3036964,4,3,333500
ring,3,4194304,200000.0,0.4,0.0,1.0,71,0,155,6717125,3036964,4,3,282583
ring,3,4194304,200000.0,0.4,0.0,1.0,71,0,156,6603708,3036964,4,3,462500
ring,3,4194304,200000.0,0.4,0.0,1.0,71,0,157,6685042,3036964,4,3,250167
ring,3,4194304,200000.0,0.4,0.0,1.0,71,0,158,6673000,3036964,4,3,266667
ring,3,4194304,200000.0,0.4,0.0,1.0,71,0,159,6610500,3036964,4,3,281916
ring,3,4194304,200000.0,0.4,0.0,1.0,71,0,160,6753458,3036964,4,3,349375
ring,3,4194304,200000.0,0.4,0.0,1.0,71,0,161,6570167,3036964,4,3,247834
ring,3,4194304,200000.0,0.4,0.0,1.0,71,0,162,6501750,3036964,4,3,299917
ring,3,4194304,200000.0,0.4,0.0,1.0,71,0,163,6510917,3036964,4,3,156417
ring,3,4194304,200000.0,0.4,0.0,1.0,71,0,164,6797875,3036964,4,3,315959
ring,3,4194304,200000.0,0.4,0.0,1.0,71,0,165,6506834,3036964,4,3,338376
ring,3,4194304,200000.0,0.4,0.0,1.0,71,0,166,6724917,3036964,4,3,504709
ring,3,4194304,200000.0,0.4,0.0,1.0,71,0,167,6601917,3036964,4,3,305875
ring,3,4194304,200000.0,0.4,0.0,1.0,71,0,168,6660417,3036964,4,3,345167
ring,3,4194304,200000.0,0.4,0.0,1.0,71,0,169,6839375,3036964,4,3,461791
ring,3,4194304,200000.0,0.4,0.0,1.0,71,0,170,6693334,3036964,4,3,263501
ring,3,4194304,200000.0,0.4,0.0,1.0,71,0,171,6532666,3036964,4,3,295874
ring,3,4194304,200000.0,0.4,0.0,1.0,71,0,172,6534250,3036964,4,3,216750
ring,3,4194304,200000.0,0.4,0.0,1.0,71,0,173,6911584,3036964,4,3,235501
ring,3,4194304,200000.0,0.4,0.0,1.0,71,0,174,6721291,3036964,4,3,311750
ring,3,4194304,200000.0,0.4,0.0,1.0,71,0,175,6744958,3036964,4,3,270500
ring,3,4194304,200000.0,0.4,0.0,1.0,71,0,176,6696583,3036964,4,3,259500
ring,3,4194304,200000.0,0.4,0.0,1.0,71,0,177,6624958,3036964,4,3,315083
ring,3,4194304,200000.0,0.4,0.0,1.0,71,0,178,6845667,3036964,4,3,282625
ring,3,4194304,200000.0,0.4,0.0,1.0,71,0,179,6790334,3036964,4,3,351543
ring,3,4194304,200000.0,0.4,0.0,1.0,71,0,180,6669500,3036964,4,3,305750
ring,3,4194304,200000.0,0.4,0.0,1.0,71,0,181,6818125,3036964,4,3,432292
ring,3,4194304,200000.0,0.4,0.0,1.0,71,0,182,7260042,3036964,4,3,220167
ring,3,4194304,200000.0,0.4,0.0,1.0,71,0,183,7142292,3036964,4,3,201000
ring,3,4194304,200000.0,0.4,0.0,1.0,71,0,184,7404084,3036964,4,3,175876
ring,3,4194304,200000.0,0.4,0.0,1.0,71,0,185,7364667,3036964,4,3,193500
ring,3,4194304,200000.0,0.4,0.0,1.0,71,0,186,7384000,3036964,4,3,87917
ring,3,4194304,200000.0,0.4,0.0,1.0,71,0,187,7564833,3036964,4,3,411708
ring,3,4194304,200000.0,0.4,0.0,1.0,71,0,188,7058292,3036964,4,3,61792
ring,3,4194304,200000.0,0.4,0.0,1.0,71,0,189,7129083,3036964,4,3,18124
ring,3,4194304,200000.0,0.4,0.0,1.0,71,0,190,7593792,3036964,4,3,99876
ring,3,4194304,200000.0,0.4,0.0,1.0,71,0,191,7379459,3036964,4,3,63709
ring,3,4194304,200000.0,0.4,0.0,1.0,71,0,192,7129208,3036964,4,3,302000
ring,3,4194304,200000.0,0.4,0.0,1.0,71,0,193,6980083,3036964,4,3,299333
ring,3,4194304,200000.0,0.4,0.0,1.0,71,0,194,7286625,3036964,4,3,32958
ring,3,4194304,200000.0,0.4,0.0,1.0,71,0,195,7309000,3036964,4,3,92208
ring,3,4194304,200000.0,0.4,0.0,1.0,71,0,196,7211542,3036964,4,3,69584
ring,3,4194304,200000.0,0.4,0.0,1.0,71,0,197,7411583,3036964,4,3,299417
ring,3,4194304,200000.0,0.4,0.0,1.0,71,0,198,7166084,3036964,4,3,343959
ring,3,4194304,200000.0,0.4,0.0,1.0,71,0,199,7110542,3036964,4,3,340084
ring,3,4194304,200000.0,0.4,0.0,1.0,71,0,200,6942500,3036964,4,3,285334
ring,3,4194304,200000.0,0.4,0.0,1.0,71,0,201,7341000,3036964,4,3,354791
ring,3,4194304,200000.0,0.4,0.0,1.0,71,0,202,6827125,3036964,4,3,269291
ring,3,4194304,200000.0,0.4,0.0,1.0,71,0,203,6865792,3036964,4,3,56750
ring,3,4194304,200000.0,0.4,0.0,1.0,71,0,204,7304209,3036964,4,3,224584
ring,3,4194304,200000.0,0.4,0.0,1.0,71,0,205,6988083,3036964,4,3,262458
ring,3,4194304,200000.0,0.4,0.0,1.0,71,0,206,6937958,3036964,4,3,244833
ring,3,4194304,200000.0,0.4,0.0,1.0,71,0,207,7038750,3036964,4,3,244125
ring,3,4194304,200000.0,0.4,0.0,1.0,71,0,208,7038125,3036964,4,3,169417
ring,3,4194304,200000.0,0.4,0.0,1.0,71,0,209,6947084,3036964,4,3,275709
ring,3,4194304,200000.0,0.4,0.0,1.0,71,0,210,7022250,3036964,4,3,371500
ring,3,4194304,200000.0,0.4,0.0,1.0,71,0,211,6954833,3036964,4,3,402875
ring,3,4194304,200000.0,0.4,0.0,1.0,71,0,212,7032792,3036964,4,3,386042
ring,3,4194304,200000.0,0.4,0.0,1.0,71,0,213,6837625,3036964,4,3,139000
ring,3,4194304,200000.0,0.4,0.0,1.0,71,0,214,7051125,3036964,4,3,74250
ring,3,4194304,200000.0,0.4,0.0,1.0,71,0,215,7490708,3036964,4,3,390208
ring,3,4194304,200000.0,0.4,0.0,1.0,71,0,216,7347042,3036964,4,3,460834
ring,3,4194304,200000.0,0.4,0.0,1.0,71,0,217,7426667,3036964,4,3,182126
ring,3,4194304,200000.0,0.4,0.0,1.0,71,0,218,6887542,3036964,4,3,217167
ring,3,4194304,200000.0,0.4,0.0,1.0,71,0,219,7052500,3036964,4,3,82166
ring,3,4194304,200000.0,0.4,0.0,1.0,71,0,220,7175125,3036964,4,3,158125
ring,3,4194304,200000.0,0.4,0.0,1.0,71,0,221,7112625,3036964,4,3,222958
ring,3,4194304,200000.0,0.4,0.0,1.0,71,0,222,7036375,3036964,4,3,237625
ring,3,4194304,200000.0,0.4,0.0,1.0,71,0,223,7441917,3036964,4,3,162250
ring,3,4194304,200000.0,0.4,0.0,1.0,71,0,224,7041917,3036964,4,3,91000
ring,3,4194304,200000.0,0.4,0.0,1.0,71,0,225,7251667,3036964,4,3,81167
ring,3,4194304,200000.0,0.4,0.0,1.0,71,0,226,6974041,3036964,4,3,364666
ring,3,4194304,200000.0,0.4,0.0,1.0,71,0,227,6803167,3036964,4,3,370083
ring,3,4194304,200000.0,0.4,0.0,1.0,71,0,228,6849542,3036964,4,3,233834
ring,3,4194304,200000.0,0.4,0.0,1.0,71,0,229,6670166,3036964,4,3,429249
ring,3,4194304,200000.0,0.4,0.0,1.0,71,0,230,6696125,3036964,4,3,405834
ring,3,4194304,200000.0,0.4,0.0,1.0,71,0,231,6835375,3036964,4,3,328875
ring,3,4194304,200000.0,0.4,0.0,1.0,71,0,232,7152291,3036964,4,3,401332
ring,3,4194304,200000.0,0.4,0.0,1.0,71,0,233,6857458,3036964,4,3,330458
ring,3,4194304,200000.0,0.4,0.0,1.0,71,0,234,6739875,3036964,4,3,273209
ring,3,4194304,200000.0,0.4,0.0,1.0,71,0,235,7099000,3036964,4,3,294000
ring,3,4194304,200000.0,0.4,0.0,1.0,71,0,236,6774417,3036964,4,3,313375
ring,3,4194304,200000.0,0.4,0.0,1.0,71,0,237,6626333,3036964,4,3,340499
ring,3,4194304,200000.0,0.4,0.0,1.0,71,0,238,6692000,3036964,4,3,316000
ring,3,4194304,200000.0,0.4,0.0,1.0,71,0,239,7000583,3036964,4,3,395333
ring,3,4194304,200000.0,0.4,0.0,1.0,71,0,240,6758958,3036964,4,3,205583
ring,3,4194304,200000.0,0.4,0.0,1.0,71,0,241,7083042,3036964,4,3,336542
ring,3,4194304,200000.0,0.4,0.0,1.0,71,0,242,6781667,3036964,4,3,405917
ring,3,4194304,200000.0,0.4,0.0,1.0,71,0,243,6769250,3036964,4,3,188875
ring,3,4194304,200000.0,0.4,0.0,1.0,71,0,244,6750708,3036964,4,3,484208
ring,3,4194304,200000.0,0.4,0.0,1.0,71,0,245,6542166,3036964,4,3,47250
ring,3,4194304,200000.0,0.4,0.0,1.0,71,0,246,6788584,3036964,4,3,401334
ring,3,4194304,200000.0,0.4,0.0,1.0,71,0,247,6616583,3036964,4,3,342000
ring,3,4194304,200000.0,0.4,0.0,1.0,71,0,248,6661708,3036964,4,3,68042
ring,3,4194304,200000.0,0.4,0.0,1.0,71,0,249,6833333,3036964,4,3,299208
ring,3,1048576,200000.0,0.4,0.0,1.0,71,0,0,3107041,1359244,4,3,145791
ring,3,1048576,200000.0,0.4,0.0,1.0,71,0,1,3108000,1359244,4,3,82542
ring,3,1048576,200000.0,0.4,0.0,1.0,71,0,2,3045500,1359244,4,3,74625
ring,3,1048576,200000.0,0.4,0.0,1.0,71,0,3,3125917,1359244,4,3,154209
ring,3,1048576,200000.0,0.4,0.0,1.0,71,0,4,2985125,1359244,4,3,173291
ring,3,1048576,200000.0,0.4,0.0,1.0,71,0,5,3262167,1359244,4,3,35500
ring,3,1048576,200000.0,0.4,0.0,1.0,71,0,6,3048125,1359244,4,3,141750
ring,3,1048576,200000.0,0.4,0.0,1.0,71,0,7,3026084,1359244,4,3,115876
ring,3,1048576,200000.0,0.4,0.0,1.0,71,0,8,3101583,1359244,4,3,61624
ring,3,1048576,200000.0,0.4,0.0,1.0,71,0,9,3171042,1359244,4,3,126042
ring,3,1048576,200000.0,0.4,0.0,1.0,71,0,10,3204625,1359244,4,3,146583
ring,3,1048576,200000.0,0.4,0.0,1.0,71,0,11,3356833,1359244,4,3,26874
ring,3,1048576,200000.0,0.4,0.0,1.0,71,0,12,3233250,1359244,4,3,177750
ring,3,1048576,200000.0,0.4,0.0,1.0,71,0,13,3397584,1359244,4,3,61459
ring,3,1048576,200000.0,0.4,0.0,1.0,71,0,14,3270709,1359244,4,3,38584
ring,3,1048576,200000.0,0.4,0.0,1.0,71,0,15,3143750,1359244,4,3,61459
ring,3,1048576,200000.0,0.4,0.0,1.0,71,0,16,3297375,1359244,4,3,190625
ring,3,1048576,200000.0,0.4,0.0,1.0,71,0,17,3046875,1359244,4,3,205916
ring,3,1048576,200000.0,0.4,0.0,1.0,71,0,18,3144583,1359244,4,3,133916
ring,3,1048576,200000.0,0.4,0.0,1.0,71,0,19,3079000,1359244,4,3,44834
ring,3,1048576,200000.0,0.4,0.0,1.0,71,0,20,3279959,1359244,4,3,99042
ring,3,1048576,200000.0,0.4,0.0,1.0,71,0,21,3478083,1359244,4,3,76333
ring,3,1048576,200000.0,0.4,0.0,1.0,71,0,22,3402500,1359244,4,3,179459
ring,3,1048576,200000.0,0.4,0.0,1.0,71,0,23,3213125,1359244,4,3,22084
ring,3,1048576,200000.0,0.4,0.0,1.0,71,0,24,3254333,1359244,4,3,145125
ring,3,1048576,200000.0,0.4,0.0,1.0,71,0,25,3143334,1359244,4,3,117292
ring,3,1048576,200000.0,0.4,0.0,1.0,71,0,26,3229750,1359244,4,3,31875
ring,3,1048576,200000.0,0.4,0.0,1.0,71,0,27,3251375,1359244,4,3,161625
ring,3,1048576,200000.0,0.4,0.0,1.0,71,0,28,3259000,1359244,4,3,71209
ring,3,1048576,200000.0,0.4,0.0,1.0,71,0,29,3088292,1359244,4,3,115500
ring,3,1048576,200000.0,0.4,0.0,1.0,71,0,30,3185292,1359244,4,3,138792
ring,3,1048576,200000.0,0.4,0.0,1.0,71,0,31,3179000,1359244,4,3,151625
ring,3,1048576,200000.0,0.4,0.0,1.0,71,0,32,3198583,1359244,4,3,168166
ring,3,1048576,200000.0,0.4,0.0,1.0,71,0,33,3445709,1359244,4,3,277459
ring,3,1048576,200000.0,0.4,0.0,1.0,71,0,34,3324875,1359244,4,3,140667
ring,3,1048576,200000.0,0.4,0.0,1.0,71,0,35,3298417,1359244,4,3,45042
ring,3,1048576,200000.0,0.4,0.0,1.0,71,0,36,3075250,1359244,4,3,99167
ring,3,1048576,200000.0,0.4,0.0,1.0,71,0,37,3196875,1359244,4,3,123625
ring,3,1048576,200000.0,0.4,0.0,1.0,71,0,38,3357125,1359244,4,3,185833
ring,3,1048576,200000.0,0.4,0.0,1.0,71,0,39,3292916,1359244,4,3,22457
ring,3,1048576,200000.0,0.4,0.0,1.0,71,0,40,3368084,1359244,4,3,105876
ring,3,1048576,200000.0,0.4,0.0,1.0,71,0,41,3219708,1359244,4,3,79916
ring,3,1048576,200000.0,0.4,0.0,1.0,71,0,42,3411458,1359244,4,3,126541
ring,3,1048576,200000.0,0.4,0.0,1.0,71,0,43,2995459,1359244,4,3,135043
ring,3,1048576,200000.0,0.4,0.0,1.0,71,0,44,3339750,1359244,4,3,153792
ring,3,1048576,200000.0,0.4,0.0,1.0,71,0,45,3228459,1359244,4,3,133584
ring,3,1048576,200000.0,0.4,0.0,1.0,71,0,46,3226750,1359244,4,3,170042
ring,3,1048576,200000.0,0.4,0.0,1.0,71,0,47,3156667,1359244,4,3,116208
ring,3,1048576,200000.0,0.4,0.0,1.0,71,0,48,3135125,1359244,4,3,99000
ring,3,1048576,200000.0,0.4,0.0,1.0,71,0,49,3114291,1359244,4,3,54250
ring,3,1048576,200000.0,0.4,0.0,1.0,71,0,50,3414708,1359244,4,3,439583
ring,3,1048576,200000.0,0.4,0.0,1.0,71,0,51,4003666,1359244,4,3,35666
ring,3,1048576,200000.0,0.4,0.0,1.0,71,0,52,3767000,1359244,4,3,9000
ring,3,1048576,200000.0,0.4,0.0,1.0,71,0,53,3717667,1359244,4,3,197084
ring,3,1048576,200000.0,0.4,0.0,1.0,71,0,54,4820209,1359244,4,3,41834
ring,3,1048576,200000.0,0.4,0.0,1.0,71,0,55,3208833,1359244,4,3,32208
ring,3,1048576,200000.0,0.4,0.0,1.0,71,0,56,3206042,1359244,4,3,78834
ring,3,1048576,200000.0,0.4,0.0,1.0,71,0,57,3086500,1359244,4,3,21917
ring,3,1048576,200000.0,0.4,0.0,1.0,71,0,58,3148417,1359244,4,3,196709
ring,3,1048576,200000.0,0.4,0.0,1.0,71,0,59,3300875,1359244,4,3,25458
ring,3,1048576,200000.0,0.4,0.0,1.0,71,0,60,3223416,1359244,4,3,110499
ring,3,1048576,200000.0,0.4,0.0,1.0,71,0,61,3295708,1359244,4,3,219125
ring,3,1048576,200000.0,0.4,0.0,1.0,71,0,62,3192625,1359244,4,3,51042
ring,3,1048576,200000.0,0.4,0.0,1.0,71,0,63,3219125,1359244,4,3,211750
ring,3,1048576,200000.0,0.4,0.0,1.0,71,0,64,3407334,1359244,4,3,161418
ring,3,1048576,200000.0,0.4,0.0,1.0,71,0,65,3159333,1359244,4,3,107083
ring,3,1048576,200000.0,0.4,0.0,1.0,71,0,66,3174250,1359244,4,3,63667
ring,3,1048576,200000.0,0.4,0.0,1.0,71,0,67,3289625,1359244,4,3,56750
ring,3,1048576,200000.0,0.4,0.0,1.0,71,0,68,3121708,1359244,4,3,154916
ring,3,1048576,200000.0,0.4,0.0,1.0,71,0,69,2998083,1359244,4,3,216333
ring,3,1048576,200000.0,0.4,0.0,1.0,71,0,70,3062542,1359244,4,3,94709
ring,3,1048576,200000.0,0.4,0.0,1.0,71,0,71,3060083,1359244,4,3,101708
ring,3,1048576,200000.0,0.4,0.0,1.0,71,0,72,3131209,1359244,4,3,84000
ring,3,1048576,200000.0,0.4,0.0,1.0,71,0,73,3208500,1359244,4,3,139083
ring,3,1048576,200000.0,0.4,0.0,1.0,71,0,74,3266792,1359244,4,3,139792
ring,3,1048576,200000.0,0.4,0.0,1.0,71,0,75,3109375,1359244,4,3,146667
ring,3,1048576,200000.0,0.4,0.0,1.0,71,0,76,3085000,1359244,4,3,106666
ring,3,1048576,200000.0,0.4,0.0,1.0,71,0,77,3162125,1359244,4,3,281250
ring,3,1048576,200000.0,0.4,0.0,1.0,71,0,78,3187833,1359244,4,3,24291
ring,3,1048576,200000.0,0.4,0.0,1.0,71,0,79,3012042,1359244,4,3,33792
ring,3,1048576,200000.0,0.4,0.0,1.0,71,0,80,3096334,1359244,4,3,88709
ring,3,1048576,200000.0,0.4,0.0,1.0,71,0,81,3110583,1359244,4,3,57291
ring,3,1048576,200000.0,0.4,0.0,1.0,71,0,82,3124334,1359244,4,3,96959
ring,3,1048576,200000.0,0.4,0.0,1.0,71,0,83,3277000,1359244,4,3,10000
ring,3,1048576,200000.0,0.4,0.0,1.0,71,0,84,3248458,1359244,4,3,31083
ring,3,1048576,200000.0,0.4,0.0,1.0,71,0,85,3062166,1359244,4,3,59791
ring,3,1048576,200000.0,0.4,0.0,1.0,71,0,86,3226792,1359244,4,3,180625
ring,3,1048576,200000.0,0.4,0.0,1.0,71,0,87,3118625,1359244,4,3,103250
ring,3,1048576,200000.0,0.4,0.0,1.0,71,0,88,3332167,1359244,4,3,176625
ring,3,1048576,200000.0,0.4,0.0,1.0,71,0,89,3145083,1359244,4,3,122833
ring,3,1048576,200000.0,0.4,0.0,1.0,71,0,90,3199166,1359244,4,3,28833
ring,3,1048576,200000.0,0.4,0.0,1.0,71,0,91,3114500,1359244,4,3,65458
ring,3,1048576,200000.0,0.4,0.0,1.0,71,0,92,3228708,1359244,4,3,170917
ring,3,1048576,200000.0,0.4,0.0,1.0,71,0,93,3078458,1359244,4,3,58499
ring,3,1048576,200000.0,0.4,0.0,1.0,71,0,94,3138666,1359244,4,3,178458
ring,3,1048576,200000.0,0.4,0.0,1.0,71,0,95,3291667,1359244,4,3,82667
ring,3,1048576,200000.0,0.4,0.0,1.0,71,0,96,3114583,1359244,4,3,121792
ring,3,1048576,200000.0,0.4,0.0,1.0,71,0,97,3201416,1359244,4,3,251500
ring,3,1048576,200000.0,0.4,0.0,1.0,71,0,98,3278042,1359244,4,3,105417
ring,3,1048576,200000.0,0.4,0.0,1.0,71,0,99,3037000,1359244,4,3,262916
ring,3,1048576,200000.0,0.4,0.0,1.0,71,0,100,3183166,1359244,4,3,154041
ring,3,1048576,200000.0,0.4,0.0,1.0,71,0,101,4381958,1359244,4,3,1190500
ring,3,1048576,200000.0,0.4,0.0,1.0,71,0,102,5571833,1359244,4,3,183458
ring,3,1048576,200000.0,0.4,0.0,1.0,71,0,103,3699166,1359244,4,3,67374
ring,3,1048576,200000.0,0.4,0.0,1.0,71,0,104,3187459,1359244,4,3,210709
ring,3,1048576,200000.0,0.4,0.0,1.0,71,0,105,3269708,1359244,4,3,169416
ring,3,1048576,200000.0,0.4,0.0,1.0,71,0,106,3169208,1359244,4,3,215666
ring,3,1048576,200000.0,0.4,0.0,1.0,71,0,107,3193208,1359244,4,3,201583
ring,3,1048576,200000.0,0.4,0.0,1.0,71,0,108,3100750,1359244,4,3,123667
ring,3,1048576,200000.0,0.4,0.0,1.0,71,0,109,3142500,1359244,4,3,197375
ring,3,1048576,200000.0,0.4,0.0,1.0,71,0,110,3109875,1359244,4,3,206041
ring,3,1048576,200000.0,0.4,0.0,1.0,71,0,111,3143500,1359244,4,3,86500
ring,3,1048576,200000.0,0.4,0.0,1.0,71,0,112,3312208,1359244,4,3,165833
ring,3,1048576,200000.0,0.4,0.0,1.0,71,0,113,3038042,1359244,4,3,40042
ring,3,1048576,200000.0,0.4,0.0,1.0,71,0,114,3095750,1359244,4,3,151750
ring,3,1048576,200000.0,0.4,0.0,1.0,71,0,115,3112625,1359244,4,3,278458
ring,3,1048576,200000.0,0.4,0.0,1.0,71,0,116,3104417,1359244,4,3,152459
ring,3,1048576,200000.0,0.4,0.0,1.0,71,0,117,3244583,1359244,4,3,110791
ring,3,1048576,200000.0,0.4,0.0,1.0,71,0,118,3135209,1359244,4,3,14042
ring,3,1048576,200000.0,0.4,0.0,1.0,71,0,119,3118416,1359244,4,3,214291
ring,3,1048576,200000.0,0.4,0.0,1.0,71,0,120,3454083,1359244,4,3,146125
ring,3,1048576,200000.0,0.4,0.0,1.0,71,0,121,3165875,1359244,4,3,68833
ring,3,1048576,200000.0,0.4,0.0,1.0,71,0,122,3025875,1359244,4,3,174417
ring,3,1048576,200000.0,0.4,0.0,1.0,71,0,123,3204334,1359244,4,3,20959
ring,3,1048576,200000.0,0.4,0.0,1.0,71,0,124,3283000,1359244,4,3,235500
ring,3,1048576,200000.0,0.4,0.0,1.0,71,0,125,3062917,1359244,4,3,78792
ring,3,1048576,200000.0,0.4,0.0,1.0,71,0,126,3054875,1359244,4,3,152084
ring,3,1048576,200000.0,0.4,0.0,1.0,71,0,127,3138916,1359244,4,3,53582
ring,3,1048576,200000.0,0.4,0.0,1.0,71,0,128,3103958,1359244,4,3,90624
ring,3,1048576,200000.0,0.4,0.0,1.0,71,0,129,3284791,1359244,4,3,205832
ring,3,1048576,200000.0,0.4,0.0,1.0,71,0,130,3171000,1359244,4,3,128583
ring,3,1048576,200000.0,0.4,0.0,1.0,71,0,131,3223375,1359244,4,3,196375
ring,3,1048576,200000.0,0.4,0.0,1.0,71,0,132,3281667,1359244,4,3,129959
ring,3,1048576,200000.0,0.4,0.0,1.0,71,0,133,3264166,1359244,4,3,312416
ring,3,1048576,200000.0,0.4,0.0,1.0,71,0,134,3192292,1359244,4,3,78584
ring,3,1048576,200000.0,0.4,0.0,1.0,71,0,135,3186209,1359244,4,3,76501
ring,3,1048576,200000.0,0.4,0.0,1.0,71,0,136,3174375,1359244,4,3,36167
ring,3,1048576,200000.0,0.4,0.0,1.0,71,0,137,3256000,1359244,4,3,73875
ring,3,1048576,200000.0,0.4,0.0,1.0,71,0,138,3155833,1359244,4,3,26833
ring,3,1048576,200000.0,0.4,0.0,1.0,71,0,139,3206250,1359244,4,3,166584
ring,3,1048576,200000.0,0.4,0.0,1.0,71,0,140,3238708,1359244,4,3,237833
ring,3,1048576,200000.0,0.4,0.0,1.0,71,0,141,3190208,1359244,4,3,125874
ring,3,1048576,200000.0,0.4,0.0,1.0,71,0,142,3014791,1359244,4,3,97166
ring,3,1048576,200000.0,0.4,0.0,1.0,71,0,143,3205792,1359244,4,3,53709
ring,3,1048576,200000.0,0.4,0.0,1.0,71,0,144,3069166,1359244,4,3,91916
ring,3,1048576,200000.0,0.4,0.0,1.0,71,0,145,3133000,1359244,4,3,199667
ring,3,1048576,200000.0,0.4,0.0,1.0,71,0,146,3179250,1359244,4,3,166167
ring,3,1048576,200000.0,0.4,0.0,1.0,71,0,147,3110875,1359244,4,3,201791
ring,3,1048576,200000.0,0.4,0.0,1.0,71,0,148,3103708,1359244,4,3,170500
ring,3,1048576,200000.0,0.4,0.0,1.0,71,0,149,3086958,1359244,4,3,226958
ring,3,1048576,200000.0,0.4,0.0,1.0,71,0,150,3054834,1359244,4,3,132626
ring,3,1048576,200000.0,0.4,0.0,1.0,71,0,151,3103625,1359244,4,3,27750
ring,3,1048576,200000.0,0.4,0.0,1.0,71,0,152,3094833,1359244,4,3,7791
ring,3,1048576,200000.0,0.4,0.0,1.0,71,0,153,3114500,1359244,4,3,154791
ring,3,1048576,200000.0,0.4,0.0,1.0,71,0,154,3195000,1359244,4,3,97542
ring,3,1048576,200000.0,0.4,0.0,1.0,71,0,155,3200750,1359244,4,3,109041
ring,3,1048576,200000.0,0.4,0.0,1.0,71,0,156,3478750,1359244,4,3,304833
ring,3,1048576,200000.0,0.4,0.0,1.0,71,0,157,3046167,1359244,4,3,58208
ring,3,1048576,200000.0,0.4,0.0,1.0,71,0,158,3047041,1359244,4,3,197750
ring,3,1048576,200000.0,0.4,0.0,1.0,71,0,159,3203417,1359244,4,3,204125
ring,3,1048576,200000.0,0.4,0.0,1.0,71,0,160,2993000,1359244,4,3,33625
ring,3,1048576,200000.0,0.4,0.0,1.0,71,0,161,3147667,1359244,4,3,86583
ring,3,1048576,200000.0,0.4,0.0,1.0,71,0,162,3149084,1359244,4,3,73917
ring,3,1048576,200000.0,0.4,0.0,1.0,71,0,163,3088834,1359244,4,3,26417
ring,3,1048576,200000.0,0.4,0.0,1.0,71,0,164,3165666,1359244,4,3,60541
ring,3,1048576,200000.0,0.4,0.0,1.0,71,0,165,3052500,1359244,4,3,41541
ring,3,1048576,200000.0,0.4,0.0,1.0,71,0,166,3034500,1359244,4,3,141417
ring,3,1048576,200000.0,0.4,0.0,1.0,71,0,167,2949166,1359244,4,3,72416
ring,3,1048576,200000.0,0.4,0.0,1.0,71,0,168,3235875,1359244,4,3,185416
ring,3,1048576,200000.0,0.4,0.0,1.0,71,0,169,3029583,1359244,4,3,41000
ring,3,1048576,200000.0,0.4,0.0,1.0,71,0,170,3037917,1359244,4,3,47334
ring,3,1048576,200000.0,0.4,0.0,1.0,71,0,171,3203458,1359244,4,3,129583
ring,3,1048576,200000.0,0.4,0.0,1.0,71,0,172,3157458,1359244,4,3,157916
ring,3,1048576,200000.0,0.4,0.0,1.0,71,0,173,3046333,1359244,4,3,66583
ring,3,1048576,200000.0,0.4,0.0,1.0,71,0,174,3206833,1359244,4,3,84292
ring,3,1048576,200000.0,0.4,0.0,1.0,71,0,175,3137417,1359244,4,3,113917
ring,3,1048576,200000.0,0.4,0.0,1.0,71,0,176,3084750,1359244,4,3,46750
ring,3,1048576,200000.0,0.4,0.0,1.0,71,0,177,3204250,1359244,4,3,179042
ring,3,1048576,200000.0,0.4,0.0,1.0,71,0,178,3109208,1359244,4,3,151374
ring,3,1048576,200000.0,0.4,0.0,1.0,71,0,179,3042750,1359244,4,3,161209
ring,3,1048576,200000.0,0.4,0.0,1.0,71,0,180,3046166,1359244,4,3,141125
ring,3,1048576,200000.0,0.4,0.0,1.0,71,0,181,3175958,1359244,4,3,41500
ring,3,1048576,200000.0,0.4,0.0,1.0,71,0,182,3064000,1359244,4,3,54959
ring,3,1048576,200000.0,0.4,0.0,1.0,71,0,183,3141292,1359244,4,3,72709
ring,3,1048576,200000.0,0.4,0.0,1.0,71,0,184,3020083,1359244,4,3,94333
ring,3,1048576,200000.0,0.4,0.0,1.0,71,0,185,3101125,1359244,4,3,76833
ring,3,1048576,200000.0,0.4,0.0,1.0,71,0,186,3120625,1359244,4,3,81084
ring,3,1048576,200000.0,0.4,0.0,1.0,71,0,187,3248208,1359244,4,3,108542
ring,3,1048576,200000.0,0.4,0.0,1.0,71,0,188,3053750,1359244,4,3,113083
ring,3,1048576,200000.0,0.4,0.0,1.0,71,0,189,3046500,1359244,4,3,53750
ring,3,1048576,200000.0,0.4,0.0,1.0,71,0,190,3223458,1359244,4,3,177375
ring,3,1048576,200000.0,0.4,0.0,1.0,71,0,191,3075708,1359244,4,3,134874
ring,3,1048576,200000.0,0.4,0.0,1.0,71,0,192,3212042,1359244,4,3,14208
ring,3,1048576,200000.0,0.4,0.0,1.0,71,0,193,3236542,1359244,4,3,77875
ring,3,1048576,200000.0,0.4,0.0,1.0,71,0,194,3254542,1359244,4,3,49501
ring,3,1048576,200000.0,0.4,0.0,1.0,71,0,195,3145041,1359244,4,3,147583
ring,3,1048576,200000.0,0.4,0.0,1.0,71,0,196,3218041,1359244,4,3,182750
ring,3,1048576,200000.0,0.4,0.0,1.0,71,0,197,3077458,1359244,4,3,132625
ring,3,1048576,200000.0,0.4,0.0,1.0,71,0,198,3153334,1359244,4,3,125042
ring,3,1048576,200000.0,0.4,0.0,1.0,71,0,199,3209625,1359244,4,3,44500
ring,3,1048576,200000.0,0.4,0.0,1.0,71,0,200,3218959,1359244,4,3,110000
ring,3,1048576,200000.0,0.4,0.0,1.0,71,0,201,3101208,1359244,4,3,107083
ring,3,1048576,200000.0,0.4,0.0,1.0,71,0,202,3069875,1359244,4,3,161417
ring,3,1048576,200000.0,0.4,0.0,1.0,71,0,203,3208458,1359244,4,3,110791
ring,3,1048576,200000.0,0.4,0.0,1.0,71,0,204,3013375,1359244,4,3,206542
ring,3,1048576,200000.0,0.4,0.0,1.0,71,0,205,3209792,1359244,4,3,125084
ring,3,1048576,200000.0,0.4,0.0,1.0,71,0,206,3037125,1359244,4,3,24209
ring,3,1048576,200000.0,0.4,0.0,1.0,71,0,207,3166667,1359244,4,3,168125
ring,3,1048576,200000.0,0.4,0.0,1.0,71,0,208,3259708,1359244,4,3,189166
ring,3,1048576,200000.0,0.4,0.0,1.0,71,0,209,3345708,1359244,4,3,210708
ring,3,1048576,200000.0,0.4,0.0,1.0,71,0,210,3004875,1359244,4,3,117917
ring,3,1048576,200000.0,0.4,0.0,1.0,71,0,211,3211750,1359244,4,3,130333
ring,3,1048576,200000.0,0.4,0.0,1.0,71,0,212,3284166,1359244,4,3,140583
ring,3,1048576,200000.0,0.4,0.0,1.0,71,0,213,3075750,1359244,4,3,98417
ring,3,1048576,200000.0,0.4,0.0,1.0,71,0,214,3180292,1359244,4,3,254542
ring,3,1048576,200000.0,0.4,0.0,1.0,71,0,215,3191958,1359244,4,3,144916
ring,3,1048576,200000.0,0.4,0.0,1.0,71,0,216,3127792,1359244,4,3,21000
ring,3,1048576,200000.0,0.4,0.0,1.0,71,0,217,3129458,1359244,4,3,238583
ring,3,1048576,200000.0,0.4,0.0,1.0,71,0,218,3183792,1359244,4,3,148334
ring,3,1048576,200000.0,0.4,0.0,1.0,71,0,219,3133250,1359244,4,3,213042
ring,3,1048576,200000.0,0.4,0.0,1.0,71,0,220,3132375,1359244,4,3,9625
ring,3,1048576,200000.0,0.4,0.0,1.0,71,0,221,3205375,1359244,4,3,66208
ring,3,1048576,200000.0,0.4,0.0,1.0,71,0,222,3210125,1359244,4,3,187500
ring,3,1048576,200000.0,0.4,0.0,1.0,71,0,223,3379208,1359244,4,3,157083
ring,3,1048576,200000.0,0.4,0.0,1.0,71,0,224,3037292,1359244,4,3,223542
ring,3,1048576,200000.0,0.4,0.0,1.0,71,0,225,3073458,1359244,4,3,90375
ring,3,1048576,200000.0,0.4,0.0,1.0,71,0,226,3185625,1359244,4,3,71084
ring,3,1048576,200000.0,0.4,0.0,1.0,71,0,227,3041625,1359244,4,3,24125
ring,3,1048576,200000.0,0.4,0.0,1.0,71,0,228,3084208,1359244,4,3,85125
ring,3,1048576,200000.0,0.4,0.0,1.0,71,0,229,3075042,1359244,4,3,137000
ring,3,1048576,200000.0,0.4,0.0,1.0,71,0,230,3022458,1359244,4,3,76125
ring,3,1048576,200000.0,0.4,0.0,1.0,71,0,231,3209666,1359244,4,3,84916
ring,3,1048576,200000.0,0.4,0.0,1.0,71,0,232,3150417,1359244,4,3,144626
ring,3,1048576,200000.0,0.4,0.0,1.0,71,0,233,3041542,1359244,4,3,121250
ring,3,1048576,200000.0,0.4,0.0,1.0,71,0,234,3114083,1359244,4,3,126166
ring,3,1048576,200000.0,0.4,0.0,1.0,71,0,235,3173834,1359244,4,3,89792
ring,3,1048576,200000.0,0.4,0.0,1.0,71,0,236,3471917,1359244,4,3,148376
ring,3,1048576,200000.0,0.4,0.0,1.0,71,0,237,3302875,1359244,4,3,63417
ring,3,1048576,200000.0,0.4,0.0,1.0,71,0,238,3474042,1359244,4,3,112584
ring,3,1048576,200000.0,0.4,0.0,1.0,71,0,239,3310875,1359244,4,3,192834
ring,3,1048576,200000.0,0.4,0.0,1.0,71,0,240,3092083,1359244,4,3,116250
ring,3,1048576,200000.0,0.4,0.0,1.0,71,0,241,3413750,1359244,4,3,369916
ring,3,1048576,200000.0,0.4,0.0,1.0,71,0,242,3239083,1359244,4,3,85500
ring,3,1048576,200000.0,0.4,0.0,1.0,71,0,243,3371833,1359244,4,3,32625
ring,3,1048576,200000.0,0.4,0.0,1.0,71,0,244,3182708,1359244,4,3,183208
ring,3,1048576,200000.0,0.4,0.0,1.0,71,0,245,3447000,1359244,4,3,43500
ring,3,1048576,200000.0,0.4,0.0,1.0,71,0,246,3495125,1359244,4,3,192500
ring,3,1048576,200000.0,0.4,0.0,1.0,71,0,247,3486959,1359244,4,3,125709
ring,3,1048576,200000.0,0.4,0.0,1.0,71,0,248,3233333,1359244,4,3,49583
ring,3,1048576,200000.0,0.4,0.0,1.0,71,0,249,3443333,1359244,4,3,26916
ps,3,4194304,200000.0,0.4,0.0,1.0,71,0,0,9372541,1877721,1,3,1632457
ps,3,4194304,200000.0,0.4,0.0,1.0,71,0,1,9418667,3755442,2,3,1873709
ps,3,4194304,200000.0,0.4,0.0,1.0,71,0,2,9681459,1877721,1,3,2252751
ps,3,4194304,200000.0,0.4,0.0,1.0,71,0,3,9273458,1877721,1,3,1794125
ps,3,4194304,200000.0,0.4,0.0,1.0,71,0,4,8958042,1877721,1,3,1534500
ps,3,4194304,200000.0,0.4,0.0,1.0,71,0,5,9065625,1877721,1,3,1799792
ps,3,4194304,200000.0,0.4,0.0,1.0,71,0,6,9347708,1877721,1,3,2019083
ps,3,4194304,200000.0,0.4,0.0,1.0,71,0,7,9323333,1877721,1,3,2130250
ps,3,4194304,200000.0,0.4,0.0,1.0,71,0,8,9586333,1877721,1,3,2222917
ps,3,4194304,200000.0,0.4,0.0,1.0,71,0,9,9479292,1877721,1,3,1720709
ps,3,4194304,200000.0,0.4,0.0,1.0,71,0,10,9262375,1877721,1,3,2257542
ps,3,4194304,200000.0,0.4,0.0,1.0,71,0,11,9501042,1877721,1,3,1747417
ps,3,4194304,200000.0,0.4,0.0,1.0,71,0,12,9047667,1877721,1,3,1943417
ps,3,4194304,200000.0,0.4,0.0,1.0,71,0,13,9868458,1877721,1,3,2016500
ps,3,4194304,200000.0,0.4,0.0,1.0,71,0,14,9686458,1877721,1,3,1685416
ps,3,4194304,200000.0,0.4,0.0,1.0,71,0,15,9780917,1877721,1,3,1743542
ps,3,4194304,200000.0,0.4,0.0,1.0,71,0,16,9326333,1877721,1,3,2012958
ps,3,4194304,200000.0,0.4,0.0,1.0,71,0,17,9604542,1877721,1,3,1827459
ps,3,4194304,200000.0,0.4,0.0,1.0,71,0,18,9340708,1877721,1,3,2182791
ps,3,4194304,200000.0,0.4,0.0,1.0,71,0,19,9392417,1877721,1,3,2191000
ps,3,4194304,200000.0,0.4,0.0,1.0,71,0,20,9289208,1877721,1,3,2115416
ps,3,4194304,200000.0,0.4,0.0,1.0,71,0,21,9428834,1877721,1,3,1561209
ps,3,4194304,200000.0,0.4,0.0,1.0,71,0,22,9362917,1877721,1,3,2095667
ps,3,4194304,200000.0,0.4,0.0,1.0,71,0,23,9342375,1877721,1,3,2059291
ps,3,4194304,200000.0,0.4,0.0,1.0,71,0,24,9378166,1877721,1,3,1438333
ps,3,4194304,200000.0,0.4,0.0,1.0,71,0,25,10272041,1877721,1,3,2221916
ps,3,4194304,200000.0,0.4,0.0,1.0,71,0,26,9252459,1877721,1,3,1850959
ps,3,4194304,200000.0,0.4,0.0,1.0,71,0,27,9456292,1877721,1,3,2091542
ps,3,4194304,200000.0,0.4,0.0,1.0,71,0,28,9280542,1877721,1,3,1586500
ps,3,4194304,200000.0,0.4,0.0,1.0,71,0,29,9338917,1877721,1,3,2187167
ps,3,4194304,200000.0,0.4,0.0,1.0,71,0,30,9364000,1877721,1,3,2115084
ps,3,4194304,200000.0,0.4,0.0,1.0,71,0,31,9368292,1877721,1,3,1769251
ps,3,4194304,200000.0,0.4,0.0,1.0,71,0,32,9452333,1877721,1,3,2190375
ps,3,4194304,200000.0,0.4,0.0,1.0,71,0,33,9438875,1877721,1,3,2159000
ps,3,4194304,200000.0,0.4,0.0,1.0,71,0,34,9027583,1877721,1,3,1624958
ps,3,4194304,200000.0,0.4,0.0,1.0,71,0,35,9861000,1877721,1,3,2151000
ps,3,4194304,200000.0,0.4,0.0,1.0,71,0,36,9529750,1877721,1,3,1628542
ps,3,4194304,200000.0,0.4,0.0,1.0,71,0,37,9443625,1877721,1,3,1950334
ps,3,4194304,200000.0,0.4,0.0,1.0,71,0,38,9617125,1877721,1,3,2229916
ps,3,4194304,200000.0,0.4,0.0,1.0,71,0,39,9275584,1877721,1,3,1617334
ps,3,4194304,200000.0,0.4,0.0,1.0,71,0,40,9562625,1877721,1,3,2041125
ps,3,4194304,200000.0,0.4,0.0,1.0,71,0,41,9461541,1877721,1,3,1688166
ps,3,4194304,200000.0,0.4,0.0,1.0,71,0,42,9396208,1877721,1,3,2081458
ps,3,4194304,200000.0,0.4,0.0,1.0,71,0,43,9466500,1877721,1,3,1756084
ps,3,4194304,200000.0,0.4,0.0,1.0,71,0,44,9824833,1877721,1,3,1614125
ps,3,4194304,200000.0,0.4,0.0,1.0,71,0,45,9478917,1877721,1,3,2036292
ps,3,4194304,200000.0,0.4,0.0,1.0,71,0,46,9559708,1877721,1,3,1596750
ps,3,4194304,200000.0,0.4,0.0,1.0,71,0,47,9045125,1877721,1,3,1918791
ps,3,4194304,200000.0,0.4,0.0,1.0,71,0,48,8966041,1877721,1,3,1875208
ps,3,4194304,200000.0,0.4,0.0,1.0,71,0,49,9172834,1877721,1,3,1853293
ps,3,4194304,200000.0,0.4,0.0,1.0,71,0,50,8750959,1877721,1,3,1874334
ps,3,4194304,200000.0,0.4,0.0,1.0,71,0,51,8933958,1877721,1,3,1876750
ps,3,4194304,200000.0,0.4,0.0,1.0,71,0,52,9032916,1877721,1,3,2066666
ps,3,4194304,200000.0,0.4,0.0,1.0,71,0,53,9442459,1877721,1,3,1414959
ps,3,4194304,200000.0,0.4,0.0,1.0,71,0,54,8832833,1877721,1,3,1811958
ps,3,4194304,200000.0,0.4,0.0,1.0,71,0,55,9109041,1877721,1,3,1659750
ps,3,4194304,200000.0,0.4,0.0,1.0,71,0,56,9347458,1877721,1,3,1982458
ps,3,4194304,200000.0,0.4,0.0,1.0,71,0,57,9060833,1877721,1,3,1874416
ps,3,4194304,200000.0,0.4,0.0,1.0,71,0,58,9104791,1877721,1,3,1753999
ps,3,4194304,200000.0,0.4,0.0,1.0,71,0,59,9179042,1877721,1,3,1490000
ps,3,4194304,200000.0,0.4,0.0,1.0,71,0,60,9105750,1877721,1,3,1934583
ps,3,4194304,200000.0,0.4,0.0,1.0,71,0,61,9696583,1877721,1,3,2056874
ps,3,4194304,200000.0,0.4,0.0,1.0,71,0,62,9631917,1877721,1,3,1556292
ps,3,4194304,200000.0,0.4,0.0,1.0,71,0,63,9571917,1877721,1,3,1694833
ps,3,4194304,200000.0,0.4,0.0,1.0,71,0,64,9366791,1877721,1,3,1982916
ps,3,4194304,200000.0,0.4,0.0,1.0,71,0,65,9698834,1877721,1,3,1639126
ps,3,4194304,200000.0,0.4,0.0,1.0,71,0,66,10129708,1877721,1,3,1976208
ps,3,4194304,200000.0,0.4,0.0,1.0,71,0,67,8917459,1877721,1,3,1839251
ps,3,4194304,200000.0,0.4,0.0,1.0,71,0,68,9402125,1877721,1,3,1888500
ps,3,4194304,200000.0,0.4,0.0,1.0,71,0,69,9395375,1877721,1,3,1572791
ps,3,4194304,200000.0,0.4,0.0,1.0,71,0,70,9206084,1877721,1,3,1724167
ps,3,4194304,200000.0,0.4,0.0,1.0,71,0,71,8848458,1877721,1,3,1757000
ps,3,4194304,200000.0,0.4,0.0,1.0,71,0,72,8663333,1877721,1,3,1890125
ps,3,4194304,200000.0,0.4,0.0,1.0,71,0,73,8957041,1877721,1,3,1931457
ps,3,4194304,200000.0,0.4,0.0,1.0,71,0,74,9046000,1877721,1,3,1907666
ps,3,4194304,200000.0,0.4,0.0,1.0,71,0,75,9094708,1877721,1,3,1843125
ps,3,4194304,200000.0,0.4,0.0,1.0,71,0,76,8817667,1877721,1,3,1908750
ps,3,4194304,200000.0,0.4,0.0,1.0,71,0,77,8898834,1877721,1,3,1833709
ps,3,4194304,200000.0,0.4,0.0,1.0,71,0,78,9021666,1877721,1,3,1919583
ps,3,4194304,200000.0,0.4,0.0,1.0,71,0,79,9309667,1877721,1,3,1869209
ps,3,4194304,200000.0,0.4,0.0,1.0,71,0,80,9308084,1877721,1,3,1951334
ps,3,4194304,200000.0,0.4,0.0,1.0,71,0,81,9533500,1877721,1,3,1888875
ps,3,4194304,200000.0,0.4,0.0,1.0,71,0,82,9203667,1877721,1,3,1853542
ps,3,4194304,200000.0,0.4,0.0,1.0,71,0,83,9239209,1877721,1,3,1979751
ps,3,4194304,200000.0,0.4,0.0,1.0,71,0,84,9645708,1877721,1,3,2029958
ps,3,4194304,200000.0,0.4,0.0,1.0,71,0,85,9380416,1877721,1,3,1759874
ps,3,4194304,200000.0,0.4,0.0,1.0,71,0,86,9511250,1877721,1,3,2124292
ps,3,4194304,200000.0,0.4,0.0,1.0,71,0,87,9577209,1877721,1,3,1863418
ps,3,4194304,200000.0,0.4,0.0,1.0,71,0,88,9221541,1877721,1,3,1879750
ps,3,4194304,200000.0,0.4,0.0,1.0,71,0,89,9239209,1877721,1,3,1916084
ps,3,4194304,200000.0,0.4,0.0,1.0,71,0,90,9392834,1877721,1,3,1938834
ps,3,4194304,200000.0,0.4,0.0,1.0,71,0,91,9290042,1877721,1,3,2010292
ps,3,4194304,200000.0,0.4,0.0,1.0,71,0,92,9162750,1877721,1,3,1832708
ps,3,4194304,200000.0,0.4,0.0,1.0,71,0,93,9199125,1877721,1,3,1830375
ps,3,4194304,200000.0,0.4,0.0,1.0,71,0,94,9155958,1877721,1,3,1919916
ps,3,4194304,200000.0,0.4,0.0,1.0,71,0,95,9720084,1877721,1,3,1924668
ps,3,4194304,200000.0,0.4,0.0,1.0,71,0,96,9804833,1877721,1,3,1625791
ps,3,4194304,200000.0,0.4,0.0,1.0,71,0,97,9767375,1877721,1,3,1959166
ps,3,4194304,200000.0,0.4,0.0,1.0,71,0,98,10098167,1877721,1,3,2218209
ps,3,4194304,200000.0,0.4,0.0,1.0,71,0,99,9674917,1877721,1,3,1615500
ps,3,4194304,200000.0,0.4,0.0,1.0,71,0,100,10166042,1877721,1,3,2184458
ps,3,4194304,200000.0,0.4,0.0,1.0,71,0,101,9441084,1877721,1,3,2065584
ps,3,4194304,200000.0,0.4,0.0,1.0,71,0,102,9455875,1877721,1,3,1718250
ps,3,4194304,200000.0,0.4,0.0,1.0,71,0,103,9619167,1877721,1,3,1573751
ps,3,4194304,200000.0,0.4,0.0,1.0,71,0,104,9694333,1877721,1,3,2211042
ps,3,4194304,200000.0,0.4,0.0,1.0,71,0,105,9851000,1877721,1,3,1641834
ps,3,4194304,200000.0,0.4,0.0,1.0,71,0,106,9983791,1877721,1,3,1829333
ps,3,4194304,200000.0,0.4,0.0,1.0,71,0,107,9532916,1877721,1,3,1697791
ps,3,4194304,200000.0,0.4,0.0,1.0,71,0,108,9179541,1877721,1,3,2338249
ps,3,4194304,200000.0,0.4,0.0,1.0,71,0,109,9938542,1877721,1,3,1919292
ps,3,4194304,200000.0,0.4,0.0,1.0,71,0,110,9384292,1877721,1,3,1468292
ps,3,4194304,200000.0,0.4,0.0,1.0,71,0,111,9862625,1877721,1,3,1935042
ps,3,4194304,200000.0,0.4,0.0,1.0,71,0,112,9695750,1877721,1,3,1570583
ps,3,4194304,200000.0,0.4,0.0,1.0,71,0,113,9754583,1877721,1,3,1572667
ps,3,4194304,200000.0,0.4,0.0,1.0,71,0,114,9770500,1877721,1,3,1979625
ps,3,4194304,200000.0,0.4,0.0,1.0,71,0,115,9740958,1877721,1,3,1560125
ps,3,4194304,200000.0,0.4,0.0,1.0,71,0,116,8815416,1877721,1,3,1965625
ps,3,4194304,200000.0,0.4,0.0,1.0,71,0,117,8835042,1877721,1,3,2087375
ps,3,4194304,200000.0,0.4,0.0,1.0,71,0,118,8760334,1877721,1,3,1415792
ps,3,4194304,200000.0,0.4,0.0,1.0,71,0,119,8974708,1877721,1,3,1857874
ps,3,4194304,200000.0,0.4,0.0,1.0,71,0,120,8733583,1877721,1,3,2057041
ps,3,4194304,200000.0,0.4,0.0,1.0,71,0,121,8953125,1877721,1,3,1903750
ps,3,4194304,200000.0,0.4,0.0,1.0,71,0,122,8986667,1877721,1,3,1848167
ps,3,4194304,200000.0,0.4,0.0,1.0,71,0,123,9272167,1877721,1,3,1890917
ps,3,4194304,200000.0,0.4,0.0,1.0,71,0,124,8982875,1877721,1,3,1899833
ps,3,4194304,200000.0,0.4,0.0,1.0,71,0,125,8828208,1877721,1,3,1862583
ps,3,4194304,200000.0,0.4,0.0,1.0,71,0,126,8824375,1877721,1,3,1784416
ps,3,4194304,200000.0,0.4,0.0,1.0,71,0,127,9191958,1877721,1,3,1794083
ps,3,4194304,200000.0,0.4,0.0,1.0,71,0,128,8908917,1877721,1,3,1758625
ps,3,4194304,200000.0,0.4,0.0,1.0,71,0,129,9098584,1877721,1,3,2055959
ps,3,4194304,200000.0,0.4,0.0,1.0,71,0,130,9166709,1877721,1,3,1930125
ps,3,4194304,200000.0,0.4,0.0,1.0,71,0,131,9094959,1877721,1,3,1964876
ps,3,4194304,200000.0,0.4,0.0,1.0,71,0,132,8941333,1877721,1,3,1848250
ps,3,4194304,200000.0,0.4,0.0,1.0,71,0,133,9203917,1877721,1,3,2145750
ps,3,4194304,200000.0,0.4,0.0,1.0,71,0,134,8896250,1877721,1,3,1709041
ps,3,4194304,200000.0,0.4,0.0,1.0,71,0,135,8686708,1877721,1,3,1842500
ps,3,4194304,200000.0,0.4,0.0,1.0,71,0,136,9193625,1877721,1,3,1836166
ps,3,4194304,200000.0,0.4,0.0,1.0,71,0,137,9337500,1877721,1,3,1641959
ps,3,4194304,200000.0,0.4,0.0,1.0,71,0,138,9596667,1877721,1,3,1922542
ps,3,4194304,200000.0,0.4,0.0,1.0,71,0,139,9110667,1877721,1,3,1976709
ps,3,4194304,200000.0,0.4,0.0,1.0,71,0,140,8768416,1877721,1,3,1884958
ps,3,4194304,200000.0,0.4,0.0,1.0,71,0,141,8739500,1877721,1,3,1898125
ps,3,4194304,200000.0,0.4,0.0,1.0,71,0,142,8756542,1877721,1,3,1868126
ps,3,4194304,200000.0,0.4,0.0,1.0,71,0,143,8701333,1877721,1,3,1912500
ps,3,4194304,200000.0,0.4,0.0,1.0,71,0,144,8575042,1877721,1,3,1903167
ps,3,4194304,200000.0,0.4,0.0,1.0,71,0,145,8773958,1877721,1,3,1728625
ps,3,4194304,200000.0,0.4,0.0,1.0,71,0,146,8883792,1877721,1,3,1847667
ps,3,4194304,200000.0,0.4,0.0,1.0,71,0,147,10084625,1877721,1,3,1981833
ps,3,4194304,200000.0,0.4,0.0,1.0,71,0,148,9173125,1877721,1,3,1832917
ps,3,4194304,200000.0,0.4,0.0,1.0,71,0,149,8934709,1877721,1,3,1695334
ps,3,4194304,200000.0,0.4,0.0,1.0,71,0,150,9242625,1877721,1,3,1775750
ps,3,4194304,200000.0,0.4,0.0,1.0,71,0,151,8794750,1877721,1,3,1737584
ps,3,4194304,200000.0,0.4,0.0,1.0,71,0,152,9245500,1877721,1,3,1751750
ps,3,4194304,200000.0,0.4,0.0,1.0,71,0,153,9142834,1877721,1,3,1850542
ps,3,4194304,200000.0,0.4,0.0,1.0,71,0,154,9272958,1877721,1,3,1726833
ps,3,4194304,200000.0,0.4,0.0,1.0,71,0,155,9436333,1877721,1,3,2044667
ps,3,4194304,200000.0,0.4,0.0,1.0,71,0,156,9191000,1877721,1,3,1582834
ps,3,4194304,200000.0,0.4,0.0,1.0,71,0,157,8853500,1877721,1,3,1935083
ps,3,4194304,200000.0,0.4,0.0,1.0,71,0,158,8843292,1877721,1,3,1957292
ps,3,4194304,200000.0,0.4,0.0,1.0,71,0,159,8666209,1877721,1,3,1817918
ps,3,4194304,200000.0,0.4,0.0,1.0,71,0,160,8802625,1877721,1,3,1904667
ps,3,4194304,200000.0,0.4,0.0,1.0,71,0,161,8752250,1877721,1,3,1951500
ps,3,4194304,200000.0,0.4,0.0,1.0,71,0,162,8903041,1877721,1,3,1961124
ps,3,4194304,200000.0,0.4,0.0,1.0,71,0,163,9515084,1877721,1,3,2050293
ps,3,4194304,200000.0,0.4,0.0,1.0,71,0,164,9372500,1877721,1,3,1711250
ps,3,4194304,200000.0,0.4,0.0,1.0,71,0,165,9114250,1877721,1,3,2032250
ps,3,4194304,200000.0,0.4,0.0,1.0,71,0,166,9468584,1877721,1,3,1937626
ps,3,4194304,200000.0,0.4,0.0,1.0,71,0,167,8974416,1877721,1,3,1820249
ps,3,4194304,200000.0,0.4,0.0,1.0,71,0,168,9113542,1877721,1,3,2117334
ps,3,4194304,200000.0,0.4,0.0,1.0,71,0,169,9438375,1877721,1,3,1655500
ps,3,4194304,200000.0,0.4,0.0,1.0,71,0,170,8650792,1877721,1,3,1857583
ps,3,4194304,200000.0,0.4,0.0,1.0,71,0,171,8698375,1877721,1,3,1966292
ps,3,4194304,200000.0,0.4,0.0,1.0,71,0,172,8650083,1877721,1,3,1890333
ps,3,4194304,200000.0,0.4,0.0,1.0,71,0,173,8449625,1877721,1,3,1928083
ps,3,4194304,200000.0,0.4,0.0,1.0,71,0,174,8401625,1877721,1,3,1916250
ps,3,4194304,200000.0,0.4,0.0,1.0,71,0,175,8438833,1877721,1,3,1863792
ps,3,4194304,200000.0,0.4,0.0,1.0,71,0,176,8358750,1877721,1,3,1952500
ps,3,4194304,200000.0,0.4,0.0,1.0,71,0,177,8473750,1877721,1,3,1914917
ps,3,4194304,200000.0,0.4,0.0,1.0,71,0,178,8380667,1877721,1,3,1913625
ps,3,4194304,200000.0,0.4,0.0,1.0,71,0,179,8469084,1877721,1,3,1982334
ps,3,4194304,200000.0,0.4,0.0,1.0,71,0,180,8434500,1877721,1,3,1835208
ps,3,4194304,200000.0,0.4,0.0,1.0,71,0,181,8491792,1877721,1,3,1964459
ps,3,4194304,200000.0,0.4,0.0,1.0,71,0,182,8504959,1877721,1,3,1935668
ps,3,4194304,200000.0,0.4,0.0,1.0,71,0,183,8336833,1877721,1,3,1841958
ps,3,4194304,200000.0,0.4,0.0,1.0,71,0,184,8439917,1877721,1,3,1913709
ps,3,4194304,200000.0,0.4,0.0,1.0,71,0,185,8456625,1877721,1,3,1917708
ps,3,4194304,200000.0,0.4,0.0,1.0,71,0,186,8461333,1877721,1,3,1903625
ps,3,4194304,200000.0,0.4,0.0,1.0,71,0,187,8451625,1877721,1,3,1942500
ps,3,4194304,200000.0,0.4,0.0,1.0,71,0,188,8486750,1877721,1,3,1964750
ps,3,4194304,200000.0,0.4,0.0,1.0,71,0,189,8473666,1877721,1,3,1965416
ps,3,4194304,200000.0,0.4,0.0,1.0,71,0,190,8529542,1877721,1,3,2013376
ps,3,4194304,200000.0,0.4,0.0,1.0,71,0,191,8411417,1877721,1,3,1884125
ps,3,4194304,200000.0,0.4,0.0,1.0,71,0,192,8499500,1877721,1,3,1896625
ps,3,4194304,200000.0,0.4,0.0,1.0,71,0,193,8454000,1877721,1,3,1986958
ps,3,4194304,200000.0,0.4,0.0,1.0,71,0,194,8488334,1877721,1,3,1912167
ps,3,4194304,200000.0,0.4,0.0,1.0,71,0,195,8472792,1877721,1,3,1843459
ps,3,4194304,200000.0,0.4,0.0,1.0,71,0,196,8328000,1877721,1,3,1915459
ps,3,4194304,200000.0,0.4,0.0,1.0,71,0,197,8452667,1877721,1,3,1861709
ps,3,4194304,200000.0,0.4,0.0,1.0,71,0,198,8653416,1877721,1,3,1912999
ps,3,4194304,200000.0,0.4,0.0,1.0,71,0,199,8541083,1877721,1,3,1974625
ps,3,4194304,200000.0,0.4,0.0,1.0,71,0,200,8355791,1877721,1,3,1935124
ps,3,4194304,200000.0,0.4,0.0,1.0,71,0,201,8435708,1877721,1,3,1912667
ps,3,4194304,200000.0,0.4,0.0,1.0,71,0,202,8357125,1877721,1,3,1904584
ps,3,4194304,200000.0,0.4,0.0,1.0,71,0,203,8357750,1877721,1,3,1876792
ps,3,4194304,200000.0,0.4,0.0,1.0,71,0,204,8454917,1877721,1,3,1941459
ps,3,4194304,200000.0,0.4,0.0,1.0,71,0,205,8408667,1877721,1,3,1847167
ps,3,4194304,200000.0,0.4,0.0,1.0,71,0,206,8578917,1877721,1,3,1980750
ps,3,4194304,200000.0,0.4,0.0,1.0,71,0,207,8465334,1877721,1,3,1979167
ps,3,4194304,200000.0,0.4,0.0,1.0,71,0,208,8487708,1877721,1,3,1883458
ps,3,4194304,200000.0,0.4,0.0,1.0,71,0,209,8708583,1877721,1,3,2098625
ps,3,4194304,200000.0,0.4,0.0,1.0,71,0,210,8556583,1877721,1,3,2021333
ps,3,4194304,200000.0,0.4,0.0,1.0,71,0,211,8385458,1877721,1,3,1882875
ps,3,4194304,200000.0,0.4,0.0,1.0,71,0,212,8403542,1877721,1,3,1898875
ps,3,4194304,200000.0,0.4,0.0,1.0,71,0,213,8431125,1877721,1,3,1887166
ps,3,4194304,200000.0,0.4,0.0,1.0,71,0,214,8418959,1877721,1,3,1821000
ps,3,4194304,200000.0,0.4,0.0,1.0,71,0,215,8489708,1877721,1,3,1963583
ps,3,4194304,200000.0,0.4,0.0,1.0,71,0,216,8465917,1877721,1,3,1912708
ps,3,4194304,200000.0,0.4,0.0,1.0,71,0,217,8412834,1877721,1,3,1992584
ps,3,4194304,200000.0,0.4,0.0,1.0,71,0,218,8476667,1877721,1,3,1942959
ps,3,4194304,200000.0,0.4,0.0,1.0,71,0,219,8473792,1877721,1,3,1936083
ps,3,4194304,200000.0,0.4,0.0,1.0,71,0,220,8413750,1877721,1,3,1829708
ps,3,4194304,200000.0,0.4,0.0,1.0,71,0,221,8514833,1877721,1,3,1859291
ps,3,4194304,200000.0,0.4,0.0,1.0,71,0,222,8542000,1877721,1,3,1897500
ps,3,4194304,200000.0,0.4,0.0,1.0,71,0,223,8578542,1877721,1,3,2012584
ps,3,4194304,200000.0,0.4,0.0,1.0,71,0,224,8439750,1877721,1,3,2006375
ps,3,4194304,200000.0,0.4,0.0,1.0,71,0,225,8804125,1877721,1,3,1633792
ps,3,4194304,200000.0,0.4,0.0,1.0,71,0,226,9183208,1877721,1,3,1695375
ps,3,4194304,200000.0,0.4,0.0,1.0,71,0,227,9018292,1877721,1,3,2021251
ps,3,4194304,200000.0,0.4,0.0,1.0,71,0,228,9323833,1877721,1,3,1854166
ps,3,4194304,200000.0,0.4,0.0,1.0,71,0,229,8553583,1877721,1,3,1842458
ps,3,4194304,200000.0,0.4,0.0,1.0,71,0,230,8397375,1877721,1,3,1876667
ps,3,4194304,200000.0,0.4,0.0,1.0,71,0,231,8383916,1877721,1,3,1968166
ps,3,4194304,200000.0,0.4,0.0,1.0,71,0,232,8371875,1877721,1,3,1939958
ps,3,4194304,200000.0,0.4,0.0,1.0,71,0,233,8462833,1877721,1,3,1913416
ps,3,4194304,200000.0,0.4,0.0,1.0,71,0,234,8477125,1877721,1,3,1925333
ps,3,4194304,200000.0,0.4,0.0,1.0,71,0,235,8610833,1877721,1,3,1955208
ps,3,4194304,200000.0,0.4,0.0,1.0,71,0,236,8530250,1877721,1,3,1950625
ps,3,4194304,200000.0,0.4,0.0,1.0,71,0,237,8562291,1877721,1,3,1951583
ps,3,4194304,200000.0,0.4,0.0,1.0,71,0,238,8575459,1877721,1,3,2033751
ps,3,4194304,200000.0,0.4,0.0,1.0,71,0,239,8418125,1877721,1,3,1891333
ps,3,4194304,200000.0,0.4,0.0,1.0,71,0,240,8376125,1877721,1,3,1946333
ps,3,4194304,200000.0,0.4,0.0,1.0,71,0,241,8285833,1877721,1,3,1928750
ps,3,4194304,200000.0,0.4,0.0,1.0,71,0,242,8256917,1877721,1,3,1972417
ps,3,4194304,200000.0,0.4,0.0,1.0,71,0,243,8281791,1877721,1,3,1921957
ps,3,4194304,200000.0,0.4,0.0,1.0,71,0,244,8327250,1877721,1,3,1864750
ps,3,4194304,200000.0,0.4,0.0,1.0,71,0,245,8333625,1877721,1,3,1866667
ps,3,4194304,200000.0,0.4,0.0,1.0,71,0,246,8337250,1877721,1,3,1826125
ps,3,4194304,200000.0,0.4,0.0,1.0,71,0,247,8369375,1877721,1,3,1855042
ps,3,4194304,200000.0,0.4,0.0,1.0,71,0,248,8309375,1877721,1,3,1939042
ps,3,4194304,200000.0,0.4,0.0,1.0,71,0,249,8283291,1877721,1,3,1867708
ps,3,1048576,200000.0,0.4,0.0,1.0,71,0,0,2799042,619430,1,3,633667
ps,3,1048576,200000.0,0.4,0.0,1.0,71,0,1,2814209,619430,1,3,596751
ps,3,1048576,200000.0,0.4,0.0,1.0,71,0,2,2892375,619430,1,3,655250
ps,3,1048576,200000.0,0.4,0.0,1.0,71,0,3,2990875,619430,1,3,602584
ps,3,1048576,200000.0,0.4,0.0,1.0,71,0,4,2763750,619430,1,3,590833
ps,3,1048576,200000.0,0.4,0.0,1.0,71,0,5,2810208,619430,1,3,608291
ps,3,1048576,200000.0,0.4,0.0,1.0,71,0,6,2784750,619430,1,3,610917
ps,3,1048576,200000.0,0.4,0.0,1.0,71,0,7,2811042,619430,1,3,623542
ps,3,1048576,200000.0,0.4,0.0,1.0,71,0,8,2800208,619430,1,3,665166
ps,3,1048576,200000.0,0.4,0.0,1.0,71,0,9,2820209,619430,1,3,620834
ps,3,1048576,200000.0,0.4,0.0,1.0,71,0,10,2782958,619430,1,3,670208
ps,3,1048576,200000.0,0.4,0.0,1.0,71,0,11,2764417,619430,1,3,615500
ps,3,1048576,200000.0,0.4,0.0,1.0,71,0,12,2735625,619430,1,3,617709
ps,3,1048576,200000.0,0.4,0.0,1.0,71,0,13,2743083,619430,1,3,596416
ps,3,1048576,200000.0,0.4,0.0,1.0,71,0,14,2794083,619430,1,3,639708
ps,3,1048576,200000.0,0.4,0.0,1.0,71,0,15,2749458,619430,1,3,611249
ps,3,1048576,200000.0,0.4,0.0,1.0,71,0,16,2786291,619430,1,3,629916
ps,3,1048576,200000.0,0.4,0.0,1.0,71,0,17,2793292,619430,1,3,625083
ps,3,1048576,200000.0,0.4,0.0,1.0,71,0,18,2747000,619430,1,3,626292
ps,3,1048576,200000.0,0.4,0.0,1.0,71,0,19,2762459,619430,1,3,609250
ps,3,1048576,200000.0,0.4,0.0,1.0,71,0,20,2761709,619430,1,3,621834
ps,3,1048576,200000.0,0.4,0.0,1.0,71,0,21,2743334,619430,1,3,618876
ps,3,1048576,200000.0,0.4,0.0,1.0,71,0,22,2796500,619430,1,3,620875
ps,3,1048576,200000.0,0.4,0.0,1.0,71,0,23,2746708,619430,1,3,614500
ps,3,1048576,200000.0,0.4,0.0,1.0,71,0,24,2798708,619430,1,3,645458
ps,3,1048576,200000.0,0.4,0.0,1.0,71,0,25,2762208,619430,1,3,637333
ps,3,1048576,200000.0,0.4,0.0,1.0,71,0,26,2767750,619430,1,3,631667
ps,3,1048576,200000.0,0.4,0.0,1.0,71,0,27,2789208,619430,1,3,622791
ps,3,1048576,200000.0,0.4,0.0,1.0,71,0,28,2798041,619430,1,3,631707
ps,3,1048576,200000.0,0.4,0.0,1.0,71,0,29,2891000,619430,1,3,661041
ps,3,1048576,200000.0,0.4,0.0,1.0,71,0,30,2837958,619430,1,3,629750
ps,3,1048576,200000.0,0.4,0.0,1.0,71,0,31,11032209,619430,1,3,1310168
ps,3,1048576,200000.0,0.4,0.0,1.0,71,0,32,5667125,1238860,2,3,729083
ps,3,1048576,200000.0,0.4,0.0,1.0,71,0,33,6252209,619430,1,3,411834
ps,3,1048576,200000.0,0.4,0.0,1.0,71,0,34,3692583,619430,1,3,339666
ps,3,1048576,200000.0,0.4,0.0,1.0,71,0,35,3267000,619430,1,3,598833
ps,3,1048576,200000.0,0.4,0.0,1.0,71,0,36,2797167,619430,1,3,614500
ps,3,1048576,200000.0,0.4,0.0,1.0,71,0,37,3222500,619430,1,3,654459
ps,3,1048576,200000.0,0.4,0.0,1.0,71,0,38,2988750,619430,1,3,631250
ps,3,1048576,200000.0,0.4,0.0,1.0,71,0,39,2843541,619430,1,3,618291
ps,3,1048576,200000.0,0.4,0.0,1.0,71,0,40,2761291,619430,1,3,641124
ps,3,1048576,200000.0,0.4,0.0,1.0,71,0,41,2758959,619430,1,3,631459
ps,3,1048576,200000.0,0.4,0.0,1.0,71,0,42,2786083,619430,1,3,640583
ps,3,1048576,200000.0,0.4,0.0,1.0,71,0,43,2852333,619430,1,3,625042
ps,3,1048576,200000.0,0.4,0.0,1.0,71,0,44,2811459,619430,1,3,635001
ps,3,1048576,200000.0,0.4,0.0,1.0,71,0,45,2793625,619430,1,3,609625
ps,3,1048576,200000.0,0.4,0.0,1.0,71,0,46,2776125,619430,1,3,648291
ps,3,1048576,200000.0,0.4,0.0,1.0,71,0,47,2779584,619430,1,3,676625
ps,3,1048576,200000.0,0.4,0.0,1.0,71,0,48,2740667,619430,1,3,613875
ps,3,1048576,200000.0,0.4,0.0,1.0,71,0,49,2757208,619430,1,3,610000
ps,3,1048576,200000.0,0.4,0.0,1.0,71,0,50,2759958,619430,1,3,623792
ps,3,1048576,200000.0,0.4,0.0,1.0,71,0,51,2802917,619430,1,3,605000
ps,3,1048576,200000.0,0.4,0.0,1.0,71,0,52,2852125,619430,1,3,650375
ps,3,1048576,200000.0,0.4,0.0,1.0,71,0,53,2786833,619430,1,3,633333
ps,3,1048576,200000.0,0.4,0.0,1.0,71,0,54,2738083,619430,1,3,620041
ps,3,1048576,200000.0,0.4,0.0,1.0,71,0,55,2795375,619430,1,3,656041
ps,3,1048576,200000.0,0.4,0.0,1.0,71,0,56,2814625,619430,1,3,648292
ps,3,1048576,200000.0,0.4,0.0,1.0,71,0,57,2841833,619430,1,3,582749
ps,3,1048576,200000.0,0.4,0.0,1.0,71,0,58,2786209,619430,1,3,652417
ps,3,1048576,200000.0,0.4,0.0,1.0,71,0,59,2760750,619430,1,3,639167
ps,3,1048576,200000.0,0.4,0.0,1.0,71,0,60,2792750,619430,1,3,621500
ps,3,1048576,200000.0,0.4,0.0,1.0,71,0,61,2792208,619430,1,3,595125
ps,3,1048576,200000.0,0.4,0.0,1.0,71,0,62,2764875,619430,1,3,610792
ps,3,1048576,200000.0,0.4,0.0,1.0,71,0,63,2798083,619430,1,3,637500
ps,3,1048576,200000.0,0.4,0.0,1.0,71,0,64,2766291,619430,1,3,611874
ps,3,1048576,200000.0,0.4,0.0,1.0,71,0,65,2810292,619430,1,3,607208
ps,3,1048576,200000.0,0.4,0.0,1.0,71,0,66,2748750,619430,1,3,601125
ps,3,1048576,200000.0,0.4,0.0,1.0,71,0,67,2798750,619430,1,3,641084
ps,3,1048576,200000.0,0.4,0.0,1.0,71,0,68,2786458,619430,1,3,595583
ps,3,1048576,200000.0,0.4,0.0,1.0,71,0,69,2769791,619430,1,3,612333
ps,3,1048576,200000.0,0.4,0.0,1.0,71,0,70,2732250,619430,1,3,585791
ps,3,1048576,200000.0,0.4,0.0,1.0,71,0,71,2778416,619430,1,3,644457
ps,3,1048576,200000.0,0.4,0.0,1.0,71,0,72,2763958,619430,1,3,592541
ps,3,1048576,200000.0,0.4,0.0,1.0,71,0,73,2739958,619430,1,3,558125
ps,3,1048576,200000.0,0.4,0.0,1.0,71,0,74,2729875,619430,1,3,634292
ps,3,1048576,200000.0,0.4,0.0,1.0,71,0,75,2793209,619430,1,3,649959
ps,3,1048576,200000.0,0.4,0.0,1.0,71,0,76,2788084,619430,1,3,628668
ps,3,1048576,200000.0,0.4,0.0,1.0,71,0,77,2789917,619430,1,3,619209
ps,3,1048576,200000.0,0.4,0.0,1.0,71,0,78,2797542,619430,1,3,645084
ps,3,1048576,200000.0,0.4,0.0,1.0,71,0,79,2756500,619430,1,3,626708
ps,3,1048576,200000.0,0.4,0.0,1.0,71,0,80,2794583,619430,1,3,627291
ps,3,1048576,200000.0,0.4,0.0,1.0,71,0,81,2794250,619430,1,3,609792
ps,3,1048576,200000.0,0.4,0.0,1.0,71,0,82,2789125,619430,1,3,683541
ps,3,1048576,200000.0,0.4,0.0,1.0,71,0,83,2781292,619430,1,3,637084
ps,3,1048576,200000.0,0.4,0.0,1.0,71,0,84,2773000,619430,1,3,630458
ps,3,1048576,200000.0,0.4,0.0,1.0,71,0,85,2769292,619430,1,3,611625
ps,3,1048576,200000.0,0.4,0.0,1.0,71,0,86,2733833,619430,1,3,603417
ps,3,1048576,200000.0,0.4,0.0,1.0,71,0,87,2768958,619430,1,3,634083
ps,3,1048576,200000.0,0.4,0.0,1.0,71,0,88,2754041,619430,1,3,611458
ps,3,1048576,200000.0,0.4,0.0,1.0,71,0,89,2795000,619430,1,3,602334
ps,3,1048576,200000.0,0.4,0.0,1.0,71,0,90,2840459,619430,1,3,638417
ps,3,1048576,200000.0,0.4,0.0,1.0,71,0,91,2785792,619430,1,3,613876
ps,3,1048576,200000.0,0.4,0.0,1.0,71,0,92,2772166,619430,1,3,603082
ps,3,1048576,200000.0,0.4,0.0,1.0,71,0,93,2848584,619430,1,3,625417
ps,3,1048576,200000.0,0.4,0.0,1.0,71,0,94,2814917,619430,1,3,637417
ps,3,1048576,200000.0,0.4,0.0,1.0,71,0,95,2812584,619430,1,3,619251
ps,3,1048576,200000.0,0.4,0.0,1.0,71,0,96,2801375,619430,1,3,620834
ps,3,1048576,200000.0,0.4,0.0,1.0,71,0,97,2782625,619430,1,3,625375
ps,3,1048576,200000.0,0.4,0.0,1.0,71,0,98,2776667,619430,1,3,605750
ps,3,1048576,200000.0,0.4,0.0,1.0,71,0,99,2800291,619430,1,3,635541
ps,3,1048576,200000.0,0.4,0.0,1.0,71,0,100,2741167,619430,1,3,593084
ps,3,1048576,200000.0,0.4,0.0,1.0,71,0,101,2956541,619430,1,3,630749
ps,3,1048576,200000.0,0.4,0.0,1.0,71,0,102,2825916,619430,1,3,570416
ps,3,1048576,200000.0,0.4,0.0,1.0,71,0,103,2740583,619430,1,3,551666
ps,3,1048576,200000.0,0.4,0.0,1.0,71,0,104,2878667,619430,1,3,576583
ps,3,1048576,200000.0,0.4,0.0,1.0,71,0,105,2765167,619430,1,3,629792
ps,3,1048576,200000.0,0.4,0.0,1.0,71,0,106,2775375,619430,1,3,633292
ps,3,1048576,200000.0,0.4,0.0,1.0,71,0,107,2791959,619430,1,3,627500
ps,3,1048576,200000.0,0.4,0.0,1.0,71,0,108,2761875,619430,1,3,646083
ps,3,1048576,200000.0,0.4,0.0,1.0,71,0,109,2790000,619430,1,3,626875
ps,3,1048576,200000.0,0.4,0.0,1.0,71,0,110,2787333,619430,1,3,625375
ps,3,1048576,200000.0,0.4,0.0,1.0,71,0,111,2767792,619430,1,3,649792
ps,3,1048576,200000.0,0.4,0.0,1.0,71,0,112,2770834,619430,1,3,614084
ps,3,1048576,200000.0,0.4,0.0,1.0,71,0,113,2747125,619430,1,3,635208
ps,3,1048576,200000.0,0.4,0.0,1.0,71,0,114,2764666,619430,1,3,597874
ps,3,1048576,200000.0,0.4,0.0,1.0,71,0,115,2722333,619430,1,3,612833
ps,3,1048576,200000.0,0.4,0.0,1.0,71,0,116,2721708,619430,1,3,609041
ps,3,1048576,200000.0,0.4,0.0,1.0,71,0,117,2789125,619430,1,3,645959
ps,3,1048576,200000.0,0.4,0.0,1.0,71,0,118,2779458,619430,1,3,617291
ps,3,1048576,200000.0,0.4,0.0,1.0,71,0,119,2703375,619430,1,3,603042
ps,3,1048576,200000.0,0.4,0.0,1.0,71,0,120,2795333,619430,1,3,614583
ps,3,1048576,200000.0,0.4,0.0,1.0,71,0,121,2788292,619430,1,3,623459
ps,3,1048576,200000.0,0.4,0.0,1.0,71,0,122,2761959,619430,1,3,605292
ps,3,1048576,200000.0,0.4,0.0,1.0,71,0,123,2799166,619430,1,3,629124
ps,3,1048576,200000.0,0.4,0.0,1.0,71,0,124,2831750,619430,1,3,645792
ps,3,1048576,200000.0,0.4,0.0,1.0,71,0,125,2755125,619430,1,3,652084
ps,3,1048576,200000.0,0.4,0.0,1.0,71,0,126,2715708,619430,1,3,636291
ps,3,1048576,200000.0,0.4,0.0,1.0,71,0,127,2755459,619430,1,3,648375
ps,3,1048576,200000.0,0.4,0.0,1.0,71,0,128,2783375,619430,1,3,621083
ps,3,1048576,200000.0,0.4,0.0,1.0,71,0,129,2726083,619430,1,3,639041
ps,3,1048576,200000.0,0.4,0.0,1.0,71,0,130,2785334,619430,1,3,586334
ps,3,1048576,200000.0,0.4,0.0,1.0,71,0,131,2785792,619430,1,3,632542
ps,3,1048576,200000.0,0.4,0.0,1.0,71,0,132,2797959,619430,1,3,612000
ps,3,1048576,200000.0,0.4,0.0,1.0,71,0,133,2750792,619430,1,3,549458
ps,3,1048576,200000.0,0.4,0.0,1.0,71,0,134,2809084,619430,1,3,624334
ps,3,1048576,200000.0,0.4,0.0,1.0,71,0,135,2911750,619430,1,3,629666
ps,3,1048576,200000.0,0.4,0.0,1.0,71,0,136,2783583,619430,1,3,636958
ps,3,1048576,200000.0,0.4,0.0,1.0,71,0,137,2751625,619430,1,3,642208
ps,3,1048576,200000.0,0.4,0.0,1.0,71,0,138,2750208,619430,1,3,634667
ps,3,1048576,200000.0,0.4,0.0,1.0,71,0,139,2775708,619430,1,3,579791
ps,3,1048576,200000.0,0.4,0.0,1.0,71,0,140,2768875,619430,1,3,608167
ps,3,1048576,200000.0,0.4,0.0,1.0,71,0,141,2751625,619430,1,3,591166
ps,3,1048576,200000.0,0.4,0.0,1.0,71,0,142,2785000,619430,1,3,652167
ps,3,1048576,200000.0,0.4,0.0,1.0,71,0,143,2789709,619430,1,3,636709
ps,3,1048576,200000.0,0.4,0.0,1.0,71,0,144,2735250,619430,1,3,588750
ps,3,1048576,200000.0,0.4,0.0,1.0,71,0,145,2741542,619430,1,3,588209
ps,3,1048576,200000.0,0.4,0.0,1.0,71,0,146,2766709,619430,1,3,599417
ps,3,1048576,200000.0,0.4,0.0,1.0,71,0,147,2768417,619430,1,3,635417
ps,3,1048576,200000.0,0.4,0.0,1.0,71,0,148,2768875,619430,1,3,613916
ps,3,1048576,200000.0,0.4,0.0,1.0,71,0,149,2765500,619430,1,3,610042
ps,3,1048576,200000.0,0.4,0.0,1.0,71,0,150,2791500,619430,1,3,637333
ps,3,1048576,200000.0,0.4,0.0,1.0,71,0,151,2774542,619430,1,3,634417
ps,3,1048576,200000.0,0.4,0.0,1.0,71,0,152,2752250,619430,1,3,618792
ps,3,1048576,200000.0,0.4,0.0,1.0,71,0,153,2819000,619430,1,3,620500
ps,3,1048576,200000.0,0.4,0.0,1.0,71,0,154,2830500,619430,1,3,647959
ps,3,1048576,200000.0,0.4,0.0,1.0,71,0,155,2789333,619430,1,3,605958
ps,3,1048576,200000.0,0.4,0.0,1.0,71,0,156,2838625,619430,1,3,633542
ps,3,1048576,200000.0,0.4,0.0,1.0,71,0,157,2882292,619430,1,3,607750
ps,3,1048576,200000.0,0.4,0.0,1.0,71,0,158,2841250,619430,1,3,630542
ps,3,1048576,200000.0,0.4,0.0,1.0,71,0,159,2855166,619430,1,3,597916
ps,3,1048576,200000.0,0.4,0.0,1.0,71,0,160,2813000,619430,1,3,639417
ps,3,1048576,200000.0,0.4,0.0,1.0,71,0,161,2827083,619430,1,3,612541
ps,3,1048576,200000.0,0.4,0.0,1.0,71,0,162,2888125,619430,1,3,624125
ps,3,1048576,200000.0,0.4,0.0,1.0,71,0,163,2844125,619430,1,3,628291
ps,3,1048576,200000.0,0.4,0.0,1.0,71,0,164,2875125,619430,1,3,589084
ps,3,1048576,200000.0,0.4,0.0,1.0,71,0,165,2876958,619430,1,3,651208
ps,3,1048576,200000.0,0.4,0.0,1.0,71,0,166,2884583,619430,1,3,622875
ps,3,1048576,200000.0,0.4,0.0,1.0,71,0,167,2844750,619430,1,3,578125
ps,3,1048576,200000.0,0.4,0.0,1.0,71,0,168,2842958,619430,1,3,621625
ps,3,1048576,200000.0,0.4,0.0,1.0,71,0,169,2873084,619430,1,3,654376
ps,3,1048576,200000.0,0.4,0.0,1.0,71,0,170,2864542,619430,1,3,682751
ps,3,1048576,200000.0,0.4,0.0,1.0,71,0,171,2877083,619430,1,3,608833
ps,3,1048576,200000.0,0.4,0.0,1.0,71,0,172,2857167,619430,1,3,637625
ps,3,1048576,200000.0,0.4,0.0,1.0,71,0,173,2835791,619430,1,3,617832
ps,3,1048576,200000.0,0.4,0.0,1.0,71,0,174,2895208,619430,1,3,675166
ps,3,1048576,200000.0,0.4,0.0,1.0,71,0,175,2887083,619430,1,3,644458
ps,3,1048576,200000.0,0.4,0.0,1.0,71,0,176,2849292,619430,1,3,626042
ps,3,1048576,200000.0,0.4,0.0,1.0,71,0,177,2837125,619430,1,3,646541
ps,3,1048576,200000.0,0.4,0.0,1.0,71,0,178,2817875,619430,1,3,607083
ps,3,1048576,200000.0,0.4,0.0,1.0,71,0,179,2837916,619430,1,3,615332
ps,3,1048576,200000.0,0.4,0.0,1.0,71,0,180,2838583,619430,1,3,638333
ps,3,1048576,200000.0,0.4,0.0,1.0,71,0,181,2854416,619430,1,3,645041
ps,3,1048576,200000.0,0.4,0.0,1.0,71,0,182,2894250,619430,1,3,632250
ps,3,1048576,200000.0,0.4,0.0,1.0,71,0,183,2908125,619430,1,3,595000
ps,3,1048576,200000.0,0.4,0.0,1.0,71,0,184,2867000,619430,1,3,627709
ps,3,1048576,200000.0,0.4,0.0,1.0,71,0,185,2802792,619430,1,3,621542
ps,3,1048576,200000.0,0.4,0.0,1.0,71,0,186,2854542,619430,1,3,639167
ps,3,1048576,200000.0,0.4,0.0,1.0,71,0,187,2846292,619430,1,3,606042
ps,3,1048576,200000.0,0.4,0.0,1.0,71,0,188,2829500,619430,1,3,642500
ps,3,1048576,200000.0,0.4,0.0,1.0,71,0,189,2846625,619430,1,3,634541
ps,3,1048576,200000.0,0.4,0.0,1.0,71,0,190,2871958,619430,1,3,613917
ps,3,1048576,200000.0,0.4,0.0,1.0,71,0,191,2865292,619430,1,3,632667
ps,3,1048576,200000.0,0.4,0.0,1.0,71,0,192,2842167,619430,1,3,637459
ps,3,1048576,200000.0,0.4,0.0,1.0,71,0,193,2885917,619430,1,3,628750
ps,3,1048576,200000.0,0.4,0.0,1.0,71,0,194,2851875,619430,1,3,646416
ps,3,1048576,200000.0,0.4,0.0,1.0,71,0,195,2830542,619430,1,3,617417
ps,3,1048576,200000.0,0.4,0.0,1.0,71,0,196,2857208,619430,1,3,636833
ps,3,1048576,200000.0,0.4,0.0,1.0,71,0,197,2845375,619430,1,3,613542
ps,3,1048576,200000.0,0.4,0.0,1.0,71,0,198,2969000,619430,1,3,649250
ps,3,1048576,200000.0,0.4,0.0,1.0,71,0,199,2891583,619430,1,3,645708
ps,3,1048576,200000.0,0.4,0.0,1.0,71,0,200,2831417,619430,1,3,637208
ps,3,1048576,200000.0,0.4,0.0,1.0,71,0,201,3032542,619430,1,3,632292
ps,3,1048576,200000.0,0.4,0.0,1.0,71,0,202,2866875,619430,1,3,646083
ps,3,1048576,200000.0,0.4,0.0,1.0,71,0,203,2834375,619430,1,3,626916
ps,3,1048576,200000.0,0.4,0.0,1.0,71,0,204,2888666,619430,1,3,635332
ps,3,1048576,200000.0,0.4,0.0,1.0,71,0,205,2849791,619430,1,3,604708
ps,3,1048576,200000.0,0.4,0.0,1.0,71,0,206,2871667,619430,1,3,639333
ps,3,1048576,200000.0,0.4,0.0,1.0,71,0,207,2870291,619430,1,3,623541
ps,3,1048576,200000.0,0.4,0.0,1.0,71,0,208,2854209,619430,1,3,626542
ps,3,1048576,200000.0,0.4,0.0,1.0,71,0,209,2829083,619430,1,3,630625
ps,3,1048576,200000.0,0.4,0.0,1.0,71,0,210,2870458,619430,1,3,627833
ps,3,1048576,200000.0,0.4,0.0,1.0,71,0,211,2828500,619430,1,3,606458
ps,3,1048576,200000.0,0.4,0.0,1.0,71,0,212,2794375,619430,1,3,613750
ps,3,1048576,200000.0,0.4,0.0,1.0,71,0,213,2810792,619430,1,3,617292
ps,3,1048576,200000.0,0.4,0.0,1.0,71,0,214,2892250,619430,1,3,625084
ps,3,1048576,200000.0,0.4,0.0,1.0,71,0,215,2827209,619430,1,3,628042
ps,3,1048576,200000.0,0.4,0.0,1.0,71,0,216,2889084,619430,1,3,593084
ps,3,1048576,200000.0,0.4,0.0,1.0,71,0,217,2853167,619430,1,3,636251
ps,3,1048576,200000.0,0.4,0.0,1.0,71,0,218,2813833,619430,1,3,625916
ps,3,1048576,200000.0,0.4,0.0,1.0,71,0,219,2864375,619430,1,3,610792
ps,3,1048576,200000.0,0.4,0.0,1.0,71,0,220,2866875,619430,1,3,607500
ps,3,1048576,200000.0,0.4,0.0,1.0,71,0,221,2820083,619430,1,3,633333
ps,3,1048576,200000.0,0.4,0.0,1.0,71,0,222,2855250,619430,1,3,623167
ps,3,1048576,200000.0,0.4,0.0,1.0,71,0,223,2840292,619430,1,3,557542
ps,3,1048576,200000.0,0.4,0.0,1.0,71,0,224,2810792,619430,1,3,617792
ps,3,1048576,200000.0,0.4,0.0,1.0,71,0,225,2892875,619430,1,3,632417
ps,3,1048576,200000.0,0.4,0.0,1.0,71,0,226,2868042,619430,1,3,619667
ps,3,1048576,200000.0,0.4,0.0,1.0,71,0,227,2835833,619430,1,3,610499
ps,3,1048576,200000.0,0.4,0.0,1.0,71,0,228,2854750,619430,1,3,614125
ps,3,1048576,200000.0,0.4,0.0,1.0,71,0,229,2876917,619430,1,3,614500
ps,3,1048576,200000.0,0.4,0.0,1.0,71,0,230,2827834,619430,1,3,625792
ps,3,1048576,200000.0,0.4,0.0,1.0,71,0,231,2839375,619430,1,3,604500
ps,3,1048576,200000.0,0.4,0.0,1.0,71,0,232,2845834,619430,1,3,623042
ps,3,1048576,200000.0,0.4,0.0,1.0,71,0,233,2825917,619430,1,3,604584
ps,3,1048576,200000.0,0.4,0.0,1.0,71,0,234,2860125,619430,1,3,646291
ps,3,1048576,200000.0,0.4,0.0,1.0,71,0,235,2831292,619430,1,3,611500
ps,3,1048576,200000.0,0.4,0.0,1.0,71,0,236,2856792,619430,1,3,587625
ps,3,1048576,200000.0,0.4,0.0,1.0,71,0,237,2868541,619430,1,3,651333
ps,3,1048576,200000.0,0.4,0.0,1.0,71,0,238,2878125,619430,1,3,615250
ps,3,1048576,200000.0,0.4,0.0,1.0,71,0,239,2875000,619430,1,3,627416
ps,3,1048576,200000.0,0.4,0.0,1.0,71,0,240,2852334,619430,1,3,633584
ps,3,1048576,200000.0,0.4,0.0,1.0,71,0,241,2847291,619430,1,3,618749
ps,3,1048576,200000.0,0.4,0.0,1.0,71,0,242,2839000,619430,1,3,629083
ps,3,1048576,200000.0,0.4,0.0,1.0,71,0,243,2836416,619430,1,3,600250
ps,3,1048576,200000.0,0.4,0.0,1.0,71,0,244,2850125,619430,1,3,613417
ps,3,1048576,200000.0,0.4,0.0,1.0,71,0,245,2874792,619430,1,3,653167
ps,3,1048576,200000.0,0.4,0.0,1.0,71,0,246,2926083,619430,1,3,634583
ps,3,1048576,200000.0,0.4,0.0,1.0,71,0,247,2813833,619430,1,3,654166
ps,3,1048576,200000.0,0.4,0.0,1.0,71,0,248,2788917,619430,1,3,660125
ps,3,1048576,200000.0,0.4,0.0,1.0,71,0,249,2786667,619430,1,3,620084
ring,3,4194304,200000.0,0.4,0.0,1.0,71,1,0,7176167,3036964,4,3,372667
ring,3,4194304,200000.0,0.4,0.0,1.0,71,1,1,7270083,3036964,4,3,317125
ring,3,4194304,200000.0,0.4,0.0,1.0,71,1,2,6796916,3036964,4,3,317999
ring,3,4194304,200000.0,0.4,0.0,1.0,71,1,3,6882041,3036964,4,3,385624
ring,3,4194304,200000.0,0.4,0.0,1.0,71,1,4,6695875,3036964,4,3,175042
ring,3,4194304,200000.0,0.4,0.0,1.0,71,1,5,6278583,3036964,4,3,273250
ring,3,4194304,200000.0,0.4,0.0,1.0,71,1,6,6452042,3036964,4,3,269083
ring,3,4194304,200000.0,0.4,0.0,1.0,71,1,7,6772875,3036964,4,3,682583
ring,3,4194304,200000.0,0.4,0.0,1.0,71,1,8,7358292,3036964,4,3,395500
ring,3,4194304,200000.0,0.4,0.0,1.0,71,1,9,6544250,3036964,4,3,271958
ring,3,4194304,200000.0,0.4,0.0,1.0,71,1,10,6485250,3036964,4,3,340333
ring,3,4194304,200000.0,0.4,0.0,1.0,71,1,11,6405083,3036964,4,3,291874
ring,3,4194304,200000.0,0.4,0.0,1.0,71,1,12,6440667,3036964,4,3,323459
ring,3,4194304,200000.0,0.4,0.0,1.0,71,1,13,6531166,3036964,4,3,33500
ring,3,4194304,200000.0,0.4,0.0,1.0,71,1,14,6446958,3036964,4,3,303625
ring,3,4194304,200000.0,0.4,0.0,1.0,71,1,15,6409542,3036964,4,3,310708
ring,3,4194304,200000.0,0.4,0.0,1.0,71,1,16,6459208,3036964,4,3,314791
ring,3,4194304,200000.0,0.4,0.0,1.0,71,1,17,6483958,3036964,4,3,169833
ring,3,4194304,200000.0,0.4,0.0,1.0,71,1,18,6474083,3036964,4,3,324916
ring,3,4194304,200000.0,0.4,0.0,1.0,71,1,19,6319417,3036964,4,3,297126
ring,3,4194304,200000.0,0.4,0.0,1.0,71,1,20,6665166,3036964,4,3,244124
ring,3,4194304,200000.0,0.4,0.0,1.0,71,1,21,6521917,3036964,4,3,315751
ring,3,4194304,200000.0,0.4,0.0,1.0,71,1,22,6189209,3036964,4,3,254584
ring,3,4194304,200000.0,0.4,0.0,1.0,71,1,23,6579709,3036964,4,3,402042
ring,3,4194304,200000.0,0.4,0.0,1.0,71,1,24,6418125,3036964,4,3,306708
ring,3,4194304,200000.0,0.4,0.0,1.0,71,1,25,6399792,3036964,4,3,328292
ring,3,4194304,200000.0,0.4,0.0,1.0,71,1,26,7217042,3036964,4,3,560334
ring,3,4194304,200000.0,0.4,0.0,1.0,71,1,27,6697667,3036964,4,3,326042
ring,3,4194304,200000.0,0.4,0.0,1.0,71,1,28,6517542,3036964,4,3,433500
ring,3,4194304,200000.0,0.4,0.0,1.0,71,1,29,6569583,3036964,4,3,273500
ring,3,4194304,200000.0,0.4,0.0,1.0,71,1,30,6349417,3036964,4,3,326459
ring,3,4194304,200000.0,0.4,0.0,1.0,71,1,31,6584833,3036964,4,3,366166
ring,3,4194304,200000.0,0.4,0.0,1.0,71,1,32,6541583,3036964,4,3,271374
ring,3,4194304,200000.0,0.4,0.0,1.0,71,1,33,6534417,3036964,4,3,414001
ring,3,4194304,200000.0,0.4,0.0,1.0,71,1,34,6426458,3036964,4,3,301333
ring,3,4194304,200000.0,0.4,0.0,1.0,71,1,35,6320375,3036964,4,3,304458
ring,3,4194304,200000.0,0.4,0.0,1.0,71,1,36,6264542,3036964,4,3,270376
ring,3,4194304,200000.0,0.4,0.0,1.0,71,1,37,6557333,3036964,4,3,333041
ring,3,4194304,200000.0,0.4,0.0,1.0,71,1,38,6487625,3036964,4,3,304083
ring,3,4194304,200000.0,0.4,0.0,1.0,71,1,39,6422208,3036964,4,3,359874
ring,3,4194304,200000.0,0.4,0.0,1.0,71,1,40,6324875,3036964,4,3,295291
ring,3,4194304,200000.0,0.4,0.0,1.0,71,1,41,6493208,3036964,4,3,324708
ring,3,4194304,200000.0,0.4,0.0,1.0,71,1,42,6452875,3036964,4,3,146416
ring,3,4194304,200000.0,0.4,0.0,1.0,71,1,43,6380167,3036964,4,3,270876
ring,3,4194304,200000.0,0.4,0.0,1.0,71,1,44,6429583,3036964,4,3,346042
ring,3,4194304,200000.0,0.4,0.0,1.0,71,1,45,6314625,3036964,4,3,277708
ring,3,4194304,200000.0,0.4,0.0,1.0,71,1,46,6444625,3036964,4,3,316333
ring,3,4194304,200000.0,0.4,0.0,1.0,71,1,47,6371833,3036964,4,3,319624
ring,3,4194304,200000.0,0.4,0.0,1.0,71,1,48,6440541,3036964,4,3,305749
ring,3,4194304,200000.0,0.4,0.0,1.0,71,1,49,6447541,3036964,4,3,313916
ring,3,4194304,200000.0,0.4,0.0,1.0,71,1,50,6561417,3036964,4,3,322250
ring,3,4194304,200000.0,0.4,0.0,1.0,71,1,51,6343166,3036964,4,3,334999
ring,3,4194304,200000.0,0.4,0.0,1.0,71,1,52,6132250,3036964,4,3,296584
ring,3,4194304,200000.0,0.4,0.0,1.0,71,1,53,6291000,3036964,4,3,304417
ring,3,4194304,200000.0,0.4,0.0,1.0,71,1,54,6401958,3036964,4,3,271291
ring,3,4194304,200000.0,0.4,0.0,1.0,71,1,55,6295625,3036964,4,3,399000
ring,3,4194304,200000.0,0.4,0.0,1.0,71,1,56,6620209,3036964,4,3,300959
ring,3,4194304,200000.0,0.4,0.0,1.0,71,1,57,6309708,3036964,4,3,312583
ring,3,4194304,200000.0,0.4,0.0,1.0,71,1,58,6342791,3036964,4,3,271416
ring,3,4194304,200000.0,0.4,0.0,1.0,71,1,59,6256334,3036964,4,3,246043
ring,3,4194304,200000.0,0.4,0.0,1.0,71,1,60,6317542,3036964,4,3,271917
ring,3,4194304,200000.0,0.4,0.0,1.0,71,1,61,6333708,3036964,4,3,295041
ring,3,4194304,200000.0,0.4,0.0,1.0,71,1,62,6508833,3036964,4,3,304375
ring,3,4194304,200000.0,0.4,0.0,1.0,71,1,63,6209667,3036964,4,3,229125
ring,3,4194304,200000.0,0.4,0.0,1.0,71,1,64,6571250,3036964,4,3,372667
ring,3,4194304,200000.0,0.4,0.0,1.0,71,1,65,6121833,3036964,4,3,324542
ring,3,4194304,200000.0,0.4,0.0,1.0,71,1,66,6383583,3036964,4,3,320916
ring,3,4194304,200000.0,0.4,0.0,1.0,71,1,67,6432292,3036964,4,3,408167
ring,3,4194304,200000.0,0.4,0.0,1.0,71,1,68,6524833,3036964,4,3,280500
ring,3,4194304,200000.0,0.4,0.0,1.0,71,1,69,6209084,3036964,4,3,331917
ring,3,4194304,200000.0,0.4,0.0,1.0,71,1,70,6480791,3036964,4,3,120332
ring,3,4194304,200000.0,0.4,0.0,1.0,71,1,71,6517958,3036964,4,3,9333
ring,3,4194304,200000.0,0.4,0.0,1.0,71,1,72,6488125,3036964,4,3,276750
ring,3,4194304,200000.0,0.4,0.0,1.0,71,1,73,6407000,3036964,4,3,291417
ring,3,4194304,200000.0,0.4,0.0,1.0,71,1,74,6645000,3036964,4,3,183458
ring,3,4194304,200000.0,0.4,0.0,1.0,71,1,75,6400000,3036964,4,3,237875
ring,3,4194304,200000.0,0.4,0.0,1.0,71,1,76,6394541,3036964,4,3,321541
ring,3,4194304,200000.0,0.4,0.0,1.0,71,1,77,6388417,3036964,4,3,353376
ring,3,4194304,200000.0,0.4,0.0,1.0,71,1,78,6449334,3036964,4,3,174709
ring,3,4194304,200000.0,0.4,0.0,1.0,71,1,79,6515583,3036964,4,3,348208
ring,3,4194304,200000.0,0.4,0.0,1.0,71,1,80,6598958,3036964,4,3,323374
ring,3,4194304,200000.0,0.4,0.0,1.0,71,1,81,6394291,3036964,4,3,304874
ring,3,4194304,200000.0,0.4,0.0,1.0,71,1,82,6441500,3036964,4,3,291000
ring,3,4194304,200000.0,0.4,0.0,1.0,71,1,83,6252458,3036964,4,3,248750
ring,3,4194304,200000.0,0.4,0.0,1.0,71,1,84,6230041,3036964,4,3,295958
ring,3,4194304,200000.0,0.4,0.0,1.0,71,1,85,6520792,3036964,4,3,301417
ring,3,4194304,200000.0,0.4,0.0,1.0,71,1,86,6408375,3036964,4,3,386583
ring,3,4194304,200000.0,0.4,0.0,1.0,71,1,87,6129333,3036964,4,3,287333
ring,3,4194304,200000.0,0.4,0.0,1.0,71,1,88,6349792,3036964,4,3,274250
ring,3,4194304,200000.0,0.4,0.0,1.0,71,1,89,6384792,3036964,4,3,330000
ring,3,4194304,200000.0,0.4,0.0,1.0,71,1,90,6199458,3036964,4,3,258624
ring,3,4194304,200000.0,0.4,0.0,1.0,71,1,91,6268250,3036964,4,3,275792
ring,3,4194304,200000.0,0.4,0.0,1.0,71,1,92,6380542,3036964,4,3,258833
ring,3,4194304,200000.0,0.4,0.0,1.0,71,1,93,6316500,3036964,4,3,266750
ring,3,4194304,200000.0,0.4,0.0,1.0,71,1,94,6338167,3036964,4,3,272126
ring,3,4194304,200000.0,0.4,0.0,1.0,71,1,95,6714416,3036964,4,3,273916
ring,3,4194304,200000.0,0.4,0.0,1.0,71,1,96,6624417,3036964,4,3,10042
ring,3,4194304,200000.0,0.4,0.0,1.0,71,1,97,6531125,3036964,4,3,390875
ring,3,4194304,200000.0,0.4,0.0,1.0,71,1,98,6574000,3036964,4,3,296625
ring,3,4194304,200000.0,0.4,0.0,1.0,71,1,99,6166000,3036964,4,3,227459
ring,3,4194304,200000.0,0.4,0.0,1.0,71,1,100,6587583,3036964,4,3,363416
ring,3,4194304,200000.0,0.4,0.0,1.0,71,1,101,6542042,3036964,4,3,350500
ring,3,4194304,200000.0,0.4,0.0,1.0,71,1,102,6373417,3036964,4,3,289417
ring,3,4194304,200000.0,0.4,0.0,1.0,71,1,103,6460584,3036964,4,3,372500
ring,3,4194304,200000.0,0.4,0.0,1.0,71,1,104,6488750,3036964,4,3,389250
ring,3,4194304,200000.0,0.4,0.0,1.0,71,1,105,6509250,3036964,4,3,295334
ring,3,4194304,200000.0,0.4,0.0,1.0,71,1,106,6688042,3036964,4,3,290542
ring,3,4194304,200000.0,0.4,0.0,1.0,71,1,107,6397250,3036964,4,3,362750
ring,3,4194304,200000.0,0.4,0.0,1.0,71,1,108,6427583,3036964,4,3,327083
ring,3,4194304,200000.0,0.4,0.0,1.0,71,1,109,6277875,3036964,4,3,373000
ring,3,4194304,200000.0,0.4,0.0,1.0,71,1,110,6374334,3036964,4,3,298959
ring,3,4194304,200000.0,0.4,0.0,1.0,71,1,111,6425791,3036964,4,3,379208
ring,3,4194304,200000.0,0.4,0.0,1.0,71,1,112,6370375,3036964,4,3,386042
ring,3,4194304,200000.0,0.4,0.0,1.0,71,1,113,6291458,3036964,4,3,381917
ring,3,4194304,200000.0,0.4,0.0,1.0,71,1,114,6672667,3036964,4,3,377376
ring,3,4194304,200000.0,0.4,0.0,1.0,71,1,115,6422250,3036964,4,3,332334
ring,3,4194304,200000.0,0.4,0.0,1.0,71,1,116,6355416,3036964,4,3,267374
ring,3,4194304,200000.0,0.4,0.0,1.0,71,1,117,6330959,3036964,4,3,289292
ring,3,4194304,200000.0,0.4,0.0,1.0,71,1,118,6418250,3036964,4,3,198833
ring,3,4194304,200000.0,0.4,0.0,1.0,71,1,119,6411208,3036964,4,3,384458
ring,3,4194304,200000.0,0.4,0.0,1.0,71,1,120,6435667,3036964,4,3,282334
ring,3,4194304,200000.0,0.4,0.0,1.0,71,1,121,6521000,3036964,4,3,344458
ring,3,4194304,200000.0,0.4,0.0,1.0,71,1,122,6406375,3036964,4,3,302416
ring,3,4194304,200000.0,0.4,0.0,1.0,71,1,123,6283750,3036964,4,3,304666
ring,3,4194304,200000.0,0.4,0.0,1.0,71,1,124,6396042,3036964,4,3,340917
ring,3,4194304,200000.0,0.4,0.0,1.0,71,1,125,6249166,3036964,4,3,274416
ring,3,4194304,200000.0,0.4,0.0,1.0,71,1,126,6598292,3036964,4,3,288876
ring,3,4194304,200000.0,0.4,0.0,1.0,71,1,127,6467166,3036964,4,3,392125
ring,3,4194304,200000.0,0.4,0.0,1.0,71,1,128,6490708,3036964,4,3,293791
ring,3,4194304,200000.0,0.4,0.0,1.0,71,1,129,6320292,3036964,4,3,226125
ring,3,4194304,200000.0,0.4,0.0,1.0,71,1,130,6359958,3036964,4,3,306124
ring,3,4194304,200000.0,0.4,0.0,1.0,71,1,131,6614209,3036964,4,3,169417
ring,3,4194304,200000.0,0.4,0.0,1.0,71,1,132,6340833,3036964,4,3,390041
ring,3,4194304,200000.0,0.4,0.0,1.0,71,1,133,6360750,3036964,4,3,306875
ring,3,4194304,200000.0,0.4,0.0,1.0,71,1,134,6281792,3036964,4,3,309042
ring,3,4194304,200000.0,0.4,0.0,1.0,71,1,135,6402584,3036964,4,3,332334
ring,3,4194304,200000.0,0.4,0.0,1.0,71,1,136,6559375,3036964,4,3,325791
ring,3,4194304,200000.0,0.4,0.0,1.0,71,1,137,6704833,3036964,4,3,355291
ring,3,4194304,200000.0,0.4,0.0,1.0,71,1,138,6297958,3036964,4,3,351083
ring,3,4194304,200000.0,0.4,0.0,1.0,71,1,139,6397833,3036964,4,3,368458
ring,3,4194304,200000.0,0.4,0.0,1.0,71,1,140,6560209,3036964,4,3,312917
ring,3,4194304,200000.0,0.4,0.0,1.0,71,1,141,6497334,3036964,4,3,384084
ring,3,4194304,200000.0,0.4,0.0,1.0,71,1,142,6540959,3036964,4,3,292459
ring,3,4194304,200000.0,0.4,0.0,1.0,71,1,143,6758084,3036964,4,3,355334
ring,3,4194304,200000.0,0.4,0.0,1.0,71,1,144,6380417,3036964,4,3,251625
ring,3,4194304,200000.0,0.4,0.0,1.0,71,1,145,6502166,3036964,4,3,346708
ring,3,4194304,200000.0,0.4,0.0,1.0,71,1,146,6506292,3036964,4,3,310125
ring,3,4194304,200000.0,0.4,0.0,1.0,71,1,147,6477875,3036964,4,3,374167
ring,3,4194304,200000.0,0.4,0.0,1.0,71,1,148,6702916,3036964,4,3,297208
ring,3,4194304,200000.0,0.4,0.0,1.0,71,1,149,6317042,3036964,4,3,335501
ring,3,4194304,200000.0,0.4,0.0,1.0,71,1,150,6398416,3036964,4,3,243416
ring,3,4194304,200000.0,0.4,0.0,1.0,71,1,151,6517250,3036964,4,3,272083
ring,3,4194304,200000.0,0.4,0.0,1.0,71,1,152,6727334,3036964,4,3,384334
ring,3,4194304,200000.0,0.4,0.0,1.0,71,1,153,6612291,3036964,4,3,389375
ring,3,4194304,200000.0,0.4,0.0,1.0,71,1,154,6422083,3036964,4,3,306375
ring,3,4194304,200000.0,0.4,0.0,1.0,71,1,155,6528208,3036964,4,3,219124
ring,3,4194304,200000.0,0.4,0.0,1.0,71,1,156,6443792,3036964,4,3,207251
ring,3,4194304,200000.0,0.4,0.0,1.0,71,1,157,6438000,3036964,4,3,313875
ring,3,4194304,200000.0,0.4,0.0,1.0,71,1,158,6389542,3036964,4,3,239876
ring,3,4194304,200000.0,0.4,0.0,1.0,71,1,159,6468958,3036964,4,3,389541
ring,3,4194304,200000.0,0.4,0.0,1.0,71,1,160,6438250,3036964,4,3,270167
ring,3,4194304,200000.0,0.4,0.0,1.0,71,1,161,6526625,3036964,4,3,312667
ring,3,4194304,200000.0,0.4,0.0,1.0,71,1,162,6458292,3036964,4,3,315334
ring,3,4194304,200000.0,0.4,0.0,1.0,71,1,163,6424625,3036964,4,3,279250
ring,3,4194304,200000.0,0.4,0.0,1.0,71,1,164,6525875,3036964,4,3,303833
ring,3,4194304,200000.0,0.4,0.0,1.0,71,1,165,6680167,3036964,4,3,376250
ring,3,4194304,200000.0,0.4,0.0,1.0,71,1,166,6480416,3036964,4,3,229666
ring,3,4194304,200000.0,0.4,0.0,1.0,71,1,167,6758708,3036964,4,3,253083
ring,3,4194304,200000.0,0.4,0.0,1.0,71,1,168,6320417,3036964,4,3,242917
ring,3,4194304,200000.0,0.4,0.0,1.0,71,1,169,6256541,3036964,4,3,246375
ring,3,4194304,200000.0,0.4,0.0,1.0,71,1,170,6326833,3036964,4,3,244542
ring,3,4194304,200000.0,0.4,0.0,1.0,71,1,171,6640542,3036964,4,3,367917
ring,3,4194304,200000.0,0.4,0.0,1.0,71,1,172,6535417,3036964,4,3,302208
ring,3,4194304,200000.0,0.4,0.0,1.0,71,1,173,6705916,3036964,4,3,357833
ring,3,4194304,200000.0,0.4,0.0,1.0,71,1,174,6873292,3036964,4,3,405000
ring,3,4194304,200000.0,0.4,0.0,1.0,71,1,175,6938958,3036964,4,3,126000
ring,3,4194304,200000.0,0.4,0.0,1.0,71,1,176,7305584,3036964,4,3,344834
ring,3,4194304,200000.0,0.4,0.0,1.0,71,1,177,7048708,3036964,4,3,373375
ring,3,4194304,200000.0,0.4,0.0,1.0,71,1,178,6940583,3036964,4,3,134833
ring,3,4194304,200000.0,0.4,0.0,1.0,71,1,179,6909959,3036964,4,3,468501
ring,3,4194304,200000.0,0.4,0.0,1.0,71,1,180,7408292,3036964,4,3,414292
ring,3,4194304,200000.0,0.4,0.0,1.0,71,1,181,8413584,3036964,4,3,506126
ring,3,4194304,200000.0,0.4,0.0,1.0,71,1,182,8816500,3036964,4,3,300000
ring,3,4194304,200000.0,0.4,0.0,1.0,71,1,183,7006416,3036964,4,3,251332
ring,3,4194304,200000.0,0.4,0.0,1.0,71,1,184,6918875,3036964,4,3,168708
ring,3,4194304,200000.0,0.4,0.0,1.0,71,1,185,6723000,3036964,4,3,28416
ring,3,4194304,200000.0,0.4,0.0,1.0,71,1,186,6461958,3036964,4,3,351833
ring,3,4194304,200000.0,0.4,0.0,1.0,71,1,187,6400125,3036964,4,3,277833
ring,3,4194304,200000.0,0.4,0.0,1.0,71,1,188,6530083,3036964,4,3,308791
ring,3,4194304,200000.0,0.4,0.0,1.0,71,1,189,6426042,3036964,4,3,362709
ring,3,4194304,200000.0,0.4,0.0,1.0,71,1,190,6545500,3036964,4,3,193209
ring,3,4194304,200000.0,0.4,0.0,1.0,71,1,191,6580000,3036964,4,3,318375
ring,3,4194304,200000.0,0.4,0.0,1.0,71,1,192,6395375,3036964,4,3,197750
ring,3,4194304,200000.0,0.4,0.0,1.0,71,1,193,6418958,3036964,4,3,306791
ring,3,4194304,200000.0,0.4,0.0,1.0,71,1,194,6675917,3036964,4,3,361417
ring,3,4194304,200000.0,0.4,0.0,1.0,71,1,195,6508000,3036964,4,3,290250
ring,3,4194304,200000.0,0.4,0.0,1.0,71,1,196,6405542,3036964,4,3,388834
ring,3,4194304,200000.0,0.4,0.0,1.0,71,1,197,6705292,3036964,4,3,343542
ring,3,4194304,200000.0,0.4,0.0,1.0,71,1,198,6553459,3036964,4,3,282167
ring,3,4194304,200000.0,0.4,0.0,1.0,71,1,199,6499292,3036964,4,3,291334
ring,3,4194304,200000.0,0.4,0.0,1.0,71,1,200,6597292,3036964,4,3,303583
ring,3,4194304,200000.0,0.4,0.0,1.0,71,1,201,6490125,3036964,4,3,363916
ring,3,4194304,200000.0,0.4,0.0,1.0,71,1,202,6402708,3036964,4,3,305208
ring,3,4194304,200000.0,0.4,0.0,1.0,71,1,203,6700625,3036964,4,3,370916
ring,3,4194304,200000.0,0.4,0.0,1.0,71,1,204,6660750,3036964,4,3,448916
ring,3,4194304,200000.0,0.4,0.0,1.0,71,1,205,6521041,3036964,4,3,350332
ring,3,4194304,200000.0,0.4,0.0,1.0,71,1,206,6304625,3036964,4,3,364625
ring,3,4194304,200000.0,0.4,0.0,1.0,71,1,207,6417208,3036964,4,3,271583
ring,3,4194304,200000.0,0.4,0.0,1.0,71,1,208,6796292,3036964,4,3,242876
ring,3,4194304,200000.0,0.4,0.0,1.0,71,1,209,6394958,3036964,4,3,241583
ring,3,4194304,200000.0,0.4,0.0,1.0,71,1,210,6809334,3036964,4,3,418167
ring,3,4194304,200000.0,0.4,0.0,1.0,71,1,211,6548375,3036964,4,3,357542
ring,3,4194304,200000.0,0.4,0.0,1.0,71,1,212,6332291,3036964,4,3,223833
ring,3,4194304,200000.0,0.4,0.0,1.0,71,1,213,6495791,3036964,4,3,306958
ring,3,4194304,200000.0,0.4,0.0,1.0,71,1,214,6546375,3036964,4,3,317000
ring,3,4194304,200000.0,0.4,0.0,1.0,71,1,215,6537500,3036964,4,3,348166
ring,3,4194304,200000.0,0.4,0.0,1.0,71,1,216,6588250,3036964,4,3,309458
ring,3,4194304,200000.0,0.4,0.0,1.0,71,1,217,6650708,3036964,4,3,376666
ring,3,4194304,200000.0,0.4,0.0,1.0,71,1,218,6671916,3036964,4,3,261375
ring,3,4194304,200000.0,0.4,0.0,1.0,71,1,219,6690500,3036964,4,3,398708
ring,3,4194304,200000.0,0.4,0.0,1.0,71,1,220,6751875,3036964,4,3,443000
ring,3,4194304,200000.0,0.4,0.0,1.0,71,1,221,6605000,3036964,4,3,358166
ring,3,4194304,200000.0,0.4,0.0,1.0,71,1,222,6931208,3036964,4,3,688042
ring,3,4194304,200000.0,0.4,0.0,1.0,71,1,223,6537625,3036964,4,3,309375
ring,3,4194304,200000.0,0.4,0.0,1.0,71,1,224,6544000,3036964,4,3,291500
ring,3,4194304,200000.0,0.4,0.0,1.0,71,1,225,6513167,3036964,4,3,342751
ring,3,4194304,200000.0,0.4,0.0,1.0,71,1,226,6281542,3036964,4,3,259000
ring,3,4194304,200000.0,0.4,0.0,1.0,71,1,227,6484959,3036964,4,3,271876
ring,3,4194304,200000.0,0.4,0.0,1.0,71,1,228,6567417,3036964,4,3,383792
ring,3,4194304,200000.0,0.4,0.0,1.0,71,1,229,6513792,3036964,4,3,265625
ring,3,4194304,200000.0,0.4,0.0,1.0,71,1,230,6243875,3036964,4,3,323875
ring,3,4194304,200000.0,0.4,0.0,1.0,71,1,231,6649000,3036964,4,3,481375
ring,3,4194304,200000.0,0.4,0.0,1.0,71,1,232,6503875,3036964,4,3,313583
ring,3,4194304,200000.0,0.4,0.0,1.0,71,1,233,6186333,3036964,4,3,243416
ring,3,4194304,200000.0,0.4,0.0,1.0,71,1,234,6533250,3036964,4,3,231458
ring,3,4194304,200000.0,0.4,0.0,1.0,71,1,235,6447333,3036964,4,3,298500
ring,3,4194304,200000.0,0.4,0.0,1.0,71,1,236,6272917,3036964,4,3,402333
ring,3,4194304,200000.0,0.4,0.0,1.0,71,1,237,6608083,3036964,4,3,289750
ring,3,4194304,200000.0,0.4,0.0,1.0,71,1,238,7048500,3036964,4,3,359916
ring,3,4194304,200000.0,0.4,0.0,1.0,71,1,239,6421000,3036964,4,3,292875
ring,3,4194304,200000.0,0.4,0.0,1.0,71,1,240,6507917,3036964,4,3,371917
ring,3,4194304,200000.0,0.4,0.0,1.0,71,1,241,6419084,3036964,4,3,249875
ring,3,4194304,200000.0,0.4,0.0,1.0,71,1,242,6559000,3036964,4,3,410167
ring,3,4194304,200000.0,0.4,0.0,1.0,71,1,243,6507084,3036964,4,3,336459
ring,3,4194304,200000.0,0.4,0.0,1.0,71,1,244,6495000,3036964,4,3,292791
ring,3,4194304,200000.0,0.4,0.0,1.0,71,1,245,6533833,3036964,4,3,278833
ring,3,4194304,200000.0,0.4,0.0,1.0,71,1,246,6588959,3036964,4,3,238584
ring,3,4194304,200000.0,0.4,0.0,1.0,71,1,247,6358375,3036964,4,3,271292
ring,3,4194304,200000.0,0.4,0.0,1.0,71,1,248,6552708,3036964,4,3,360958
ring,3,4194304,200000.0,0.4,0.0,1.0,71,1,249,6479125,3036964,4,3,192917
ps,3,1048576,200000.0,0.4,0.0,1.0,71,1,0,2963708,619430,1,3,636499
ps,3,1048576,200000.0,0.4,0.0,1.0,71,1,1,2926417,619430,1,3,626917
ps,3,1048576,200000.0,0.4,0.0,1.0,71,1,2,2884459,619430,1,3,614751
ps,3,1048576,200000.0,0.4,0.0,1.0,71,1,3,2935666,619430,1,3,645416
ps,3,1048576,200000.0,0.4,0.0,1.0,71,1,4,2927291,619430,1,3,635124
ps,3,1048576,200000.0,0.4,0.0,1.0,71,1,5,2907416,619430,1,3,499207
ps,3,1048576,200000.0,0.4,0.0,1.0,71,1,6,3138125,619430,1,3,601208
ps,3,1048576,200000.0,0.4,0.0,1.0,71,1,7,3248375,619430,1,3,652292
ps,3,1048576,200000.0,0.4,0.0,1.0,71,1,8,3081375,619430,1,3,547834
ps,3,1048576,200000.0,0.4,0.0,1.0,71,1,9,3209125,619430,1,3,555583
ps,3,1048576,200000.0,0.4,0.0,1.0,71,1,10,3179208,619430,1,3,532291
ps,3,1048576,200000.0,0.4,0.0,1.0,71,1,11,3075833,619430,1,3,628125
ps,3,1048576,200000.0,0.4,0.0,1.0,71,1,12,3119250,619430,1,3,628666
ps,3,1048576,200000.0,0.4,0.0,1.0,71,1,13,3136916,619430,1,3,614708
ps,3,1048576,200000.0,0.4,0.0,1.0,71,1,14,3119875,619430,1,3,585791
ps,3,1048576,200000.0,0.4,0.0,1.0,71,1,15,3261250,619430,1,3,578000
ps,3,1048576,200000.0,0.4,0.0,1.0,71,1,16,3106917,619430,1,3,607667
ps,3,1048576,200000.0,0.4,0.0,1.0,71,1,17,3126959,619430,1,3,609793
ps,3,1048576,200000.0,0.4,0.0,1.0,71,1,18,3155667,619430,1,3,600917
ps,3,1048576,200000.0,0.4,0.0,1.0,71,1,19,3162917,619430,1,3,628542
ps,3,1048576,200000.0,0.4,0.0,1.0,71,1,20,3022292,619430,1,3,578459
ps,3,1048576,200000.0,0.4,0.0,1.0,71,1,21,3186125,619430,1,3,525417
ps,3,1048576,200000.0,0.4,0.0,1.0,71,1,22,3119125,619430,1,3,585459
ps,3,1048576,200000.0,0.4,0.0,1.0,71,1,23,3064500,619430,1,3,536042
ps,3,1048576,200000.0,0.4,0.0,1.0,71,1,24,3198250,619430,1,3,560375
ps,3,1048576,200000.0,0.4,0.0,1.0,71,1,25,3161583,619430,1,3,650292
ps,3,1048576,200000.0,0.4,0.0,1.0,71,1,26,3207000,619430,1,3,659625
ps,3,1048576,200000.0,0.4,0.0,1.0,71,1,27,3105000,619430,1,3,622709
ps,3,1048576,200000.0,0.4,0.0,1.0,71,1,28,3133459,619430,1,3,605209
ps,3,1048576,200000.0,0.4,0.0,1.0,71,1,29,3011416,619430,1,3,537333
ps,3,1048576,200000.0,0.4,0.0,1.0,71,1,30,3116959,619430,1,3,622251
ps,3,1048576,200000.0,0.4,0.0,1.0,71,1,31,3092875,619430,1,3,554792
ps,3,1048576,200000.0,0.4,0.0,1.0,71,1,32,3071125,619430,1,3,586459
ps,3,1048576,200000.0,0.4,0.0,1.0,71,1,33,3069208,619430,1,3,534583
ps,3,1048576,200000.0,0.4,0.0,1.0,71,1,34,3191042,619430,1,3,655417
ps,3,1048576,200000.0,0.4,0.0,1.0,71,1,35,3200625,619430,1,3,662125
ps,3,1048576,200000.0,0.4,0.0,1.0,71,1,36,3312417,619430,1,3,627833
ps,3,1048576,200000.0,0.4,0.0,1.0,71,1,37,3287916,619430,1,3,623041
ps,3,1048576,200000.0,0.4,0.0,1.0,71,1,38,3041042,619430,1,3,477709
ps,3,1048576,200000.0,0.4,0.0,1.0,71,1,39,3232834,619430,1,3,615875
ps,3,1048576,200000.0,0.4,0.0,1.0,71,1,40,3141416,619430,1,3,533291
ps,3,1048576,200000.0,0.4,0.0,1.0,71,1,41,3079958,619430,1,3,486458
ps,3,1048576,200000.0,0.4,0.0,1.0,71,1,42,3021416,619430,1,3,642958
ps,3,1048576,200000.0,0.4,0.0,1.0,71,1,43,3021792,619430,1,3,611750
ps,3,1048576,200000.0,0.4,0.0,1.0,71,1,44,2997958,619430,1,3,649042
ps,3,1048576,200000.0,0.4,0.0,1.0,71,1,45,2978541,619430,1,3,531958
ps,3,1048576,200000.0,0.4,0.0,1.0,71,1,46,3096708,619430,1,3,416833
ps,3,1048576,200000.0,0.4,0.0,1.0,71,1,47,3201208,619430,1,3,595541
ps,3,1048576,200000.0,0.4,0.0,1.0,71,1,48,3070083,619430,1,3,624833
ps,3,1048576,200000.0,0.4,0.0,1.0,71,1,49,3021208,619430,1,3,622125
ps,3,1048576,200000.0,0.4,0.0,1.0,71,1,50,3176333,619430,1,3,575458
ps,3,1048576,200000.0,0.4,0.0,1.0,71,1,51,3109750,619430,1,3,586666
ps,3,1048576,200000.0,0.4,0.0,1.0,71,1,52,3116000,619430,1,3,598625
ps,3,1048576,200000.0,0.4,0.0,1.0,71,1,53,3018125,619430,1,3,482166
ps,3,1048576,200000.0,0.4,0.0,1.0,71,1,54,3040625,619430,1,3,464625
ps,3,1048576,200000.0,0.4,0.0,1.0,71,1,55,3163417,619430,1,3,598042
ps,3,1048576,200000.0,0.4,0.0,1.0,71,1,56,2992542,619430,1,3,484542
ps,3,1048576,200000.0,0.4,0.0,1.0,71,1,57,3128167,619430,1,3,525584
ps,3,1048576,200000.0,0.4,0.0,1.0,71,1,58,3157917,619430,1,3,614833
ps,3,1048576,200000.0,0.4,0.0,1.0,71,1,59,3233875,619430,1,3,630375
ps,3,1048576,200000.0,0.4,0.0,1.0,71,1,60,3289125,619430,1,3,656084
ps,3,1048576,200000.0,0.4,0.0,1.0,71,1,61,3100000,619430,1,3,499500
ps,3,1048576,200000.0,0.4,0.0,1.0,71,1,62,3230709,619430,1,3,595292
ps,3,1048576,200000.0,0.4,0.0,1.0,71,1,63,3050875,619430,1,3,664000
ps,3,1048576,200000.0,0.4,0.0,1.0,71,1,64,3134708,619430,1,3,535708
ps,3,1048576,200000.0,0.4,0.0,1.0,71,1,65,3258625,619430,1,3,657167
ps,3,1048576,200000.0,0.4,0.0,1.0,71,1,66,3109208,619430,1,3,577000
ps,3,1048576,200000.0,0.4,0.0,1.0,71,1,67,3185000,619430,1,3,621583
ps,3,1048576,200000.0,0.4,0.0,1.0,71,1,68,3181708,619430,1,3,513083
ps,3,1048576,200000.0,0.4,0.0,1.0,71,1,69,3075708,619430,1,3,634541
ps,3,1048576,200000.0,0.4,0.0,1.0,71,1,70,3262792,619430,1,3,642125
ps,3,1048576,200000.0,0.4,0.0,1.0,71,1,71,3019042,619430,1,3,527667
ps,3,1048576,200000.0,0.4,0.0,1.0,71,1,72,3127292,619430,1,3,636208
ps,3,1048576,200000.0,0.4,0.0,1.0,71,1,73,3112417,619430,1,3,509792
ps,3,1048576,200000.0,0.4,0.0,1.0,71,1,74,3001708,619430,1,3,525624
ps,3,1048576,200000.0,0.4,0.0,1.0,71,1,75,3103292,619430,1,3,600001
ps,3,1048576,200000.0,0.4,0.0,1.0,71,1,76,3094833,619430,1,3,566041
ps,3,1048576,200000.0,0.4,0.0,1.0,71,1,77,3149500,619430,1,3,614375
ps,3,1048576,200000.0,0.4,0.0,1.0,71,1,78,2980500,619430,1,3,500500
ps,3,1048576,200000.0,0.4,0.0,1.0,71,1,79,3093042,619430,1,3,504375
ps,3,1048576,200000.0,0.4,0.0,1.0,71,1,80,3027209,619430,1,3,535584
ps,3,1048576,200000.0,0.4,0.0,1.0,71,1,81,3145084,619430,1,3,666917
ps,3,1048576,200000.0,0.4,0.0,1.0,71,1,82,3185084,619430,1,3,632542
ps,3,1048576,200000.0,0.4,0.0,1.0,71,1,83,3241667,619430,1,3,596750
ps,3,1048576,200000.0,0.4,0.0,1.0,71,1,84,3200541,619430,1,3,634583
ps,3,1048576,200000.0,0.4,0.0,1.0,71,1,85,3129875,619430,1,3,605083
ps,3,1048576,200000.0,0.4,0.0,1.0,71,1,86,3055875,619430,1,3,588583
ps,3,1048576,200000.0,0.4,0.0,1.0,71,1,87,3125167,619430,1,3,632042
ps,3,1048576,200000.0,0.4,0.0,1.0,71,1,88,2989542,619430,1,3,498875
ps,3,1048576,200000.0,0.4,0.0,1.0,71,1,89,3168833,619430,1,3,625791
ps,3,1048576,200000.0,0.4,0.0,1.0,71,1,90,3175208,619430,1,3,569583
ps,3,1048576,200000.0,0.4,0.0,1.0,71,1,91,3109375,619430,1,3,588125
ps,3,1048576,200000.0,0.4,0.0,1.0,71,1,92,3072125,619430,1,3,501875
ps,3,1048576,200000.0,0.4,0.0,1.0,71,1,93,3094209,619430,1,3,522667
ps,3,1048576,200000.0,0.4,0.0,1.0,71,1,94,3124250,619430,1,3,580917
ps,3,1048576,200000.0,0.4,0.0,1.0,71,1,95,2965000,619430,1,3,551875
ps,3,1048576,200000.0,0.4,0.0,1.0,71,1,96,3013416,619430,1,3,614333
ps,3,1048576,200000.0,0.4,0.0,1.0,71,1,97,3046375,619430,1,3,580958
ps,3,1048576,200000.0,0.4,0.0,1.0,71,1,98,3094750,619430,1,3,540583
ps,3,1048576,200000.0,0.4,0.0,1.0,71,1,99,3233250,619430,1,3,656375
ps,3,1048576,200000.0,0.4,0.0,1.0,71,1,100,3130917,619430,1,3,613834
ps,3,1048576,200000.0,0.4,0.0,1.0,71,1,101,2974416,619430,1,3,575707
ps,3,1048576,200000.0,0.4,0.0,1.0,71,1,102,3073417,619430,1,3,585875
ps,3,1048576,200000.0,0.4,0.0,1.0,71,1,103,3090292,619430,1,3,747251
ps,3,1048576,200000.0,0.4,0.0,1.0,71,1,104,2975166,619430,1,3,522833
ps,3,1048576,200000.0,0.4,0.0,1.0,71,1,105,2938750,619430,1,3,608250
ps,3,1048576,200000.0,0.4,0.0,1.0,71,1,106,3483958,1238860,2,3,987208
ps,3,1048576,200000.0,0.4,0.0,1.0,71,1,107,3180791,619430,1,3,640249
ps,3,1048576,200000.0,0.4,0.0,1.0,71,1,108,3079750,619430,1,3,654250
ps,3,1048576,200000.0,0.4,0.0,1.0,71,1,109,3011000,619430,1,3,595542
ps,3,1048576,200000.0,0.4,0.0,1.0,71,1,110,3151083,619430,1,3,626375
ps,3,1048576,200000.0,0.4,0.0,1.0,71,1,111,2989792,619430,1,3,536417
ps,3,1048576,200000.0,0.4,0.0,1.0,71,1,112,3105667,619430,1,3,657667
ps,3,1048576,200000.0,0.4,0.0,1.0,71,1,113,3031333,619430,1,3,565708
ps,3,1048576,200000.0,0.4,0.0,1.0,71,1,114,3087167,619430,1,3,602084
ps,3,1048576,200000.0,0.4,0.0,1.0,71,1,115,3094083,619430,1,3,623375
ps,3,1048576,200000.0,0.4,0.0,1.0,71,1,116,3065333,619430,1,3,581458
ps,3,1048576,200000.0,0.4,0.0,1.0,71,1,117,3034583,1238860,2,3,471292
ps,3,1048576,200000.0,0.4,0.0,1.0,71,1,118,3127959,619430,1,3,621709
ps,3,1048576,200000.0,0.4,0.0,1.0,71,1,119,3088541,619430,1,3,597083
ps,3,1048576,200000.0,0.4,0.0,1.0,71,1,120,3057459,619430,1,3,635584
ps,3,1048576,200000.0,0.4,0.0,1.0,71,1,121,3021417,619430,1,3,532792
ps,3,1048576,200000.0,0.4,0.0,1.0,71,1,122,2970833,619430,1,3,575042
ps,3,1048576,200000.0,0.4,0.0,1.0,71,1,123,3132542,619430,1,3,623417
ps,3,1048576,200000.0,0.4,0.0,1.0,71,1,124,3069417,619430,1,3,591334
ps,3,1048576,200000.0,0.4,0.0,1.0,71,1,125,3027667,619430,1,3,545501
ps,3,1048576,200000.0,0.4,0.0,1.0,71,1,126,3027750,619430,1,3,568458
ps,3,1048576,200000.0,0.4,0.0,1.0,71,1,127,3082542,619430,1,3,592042
ps,3,1048576,200000.0,0.4,0.0,1.0,71,1,128,2988958,619430,1,3,533791
ps,3,1048576,200000.0,0.4,0.0,1.0,71,1,129,3023125,619430,1,3,591500
ps,3,1048576,200000.0,0.4,0.0,1.0,71,1,130,3024167,619430,1,3,557792
ps,3,1048576,200000.0,0.4,0.0,1.0,71,1,131,3085209,619430,1,3,593001
ps,3,1048576,200000.0,0.4,0.0,1.0,71,1,132,3087458,619430,1,3,639917
ps,3,1048576,200000.0,0.4,0.0,1.0,71,1,133,3012500,619430,1,3,512334
ps,3,1048576,200000.0,0.4,0.0,1.0,71,1,134,3028792,619430,1,3,601583
ps,3,1048576,200000.0,0.4,0.0,1.0,71,1,135,2975750,619430,1,3,666667
ps,3,1048576,200000.0,0.4,0.0,1.0,71,1,136,3173042,619430,1,3,608209
ps,3,1048576,200000.0,0.4,0.0,1.0,71,1,137,2976167,619430,1,3,637542
ps,3,1048576,200000.0,0.4,0.0,1.0,71,1,138,3066000,619430,1,3,564709
ps,3,1048576,200000.0,0.4,0.0,1.0,71,1,139,3026416,619430,1,3,625750
ps,3,1048576,200000.0,0.4,0.0,1.0,71,1,140,2964125,619430,1,3,622458
ps,3,1048576,200000.0,0.4,0.0,1.0,71,1,141,2966625,619430,1,3,612125
ps,3,1048576,200000.0,0.4,0.0,1.0,71,1,142,2991334,619430,1,3,604000
ps,3,1048576,200000.0,0.4,0.0,1.0,71,1,143,2943708,619430,1,3,622583
ps,3,1048576,200000.0,0.4,0.0,1.0,71,1,144,3004083,619430,1,3,631208
ps,3,1048576,200000.0,0.4,0.0,1.0,71,1,145,2971083,619430,1,3,658666
ps,3,1048576,200000.0,0.4,0.0,1.0,71,1,146,2999375,619430,1,3,656208
ps,3,1048576,200000.0,0.4,0.0,1.0,71,1,147,3425292,619430,1,3,725000
ps,3,1048576,200000.0,0.4,0.0,1.0,71,1,148,3085042,619430,1,3,630000
ps,3,1048576,200000.0,0.4,0.0,1.0,71,1,149,3068166,619430,1,3,721875
ps,3,1048576,200000.0,0.4,0.0,1.0,71,1,150,3273917,619430,1,3,634167
ps,3,1048576,200000.0,0.4,0.0,1.0,71,1,151,2997375,619430,1,3,602834
ps,3,1048576,200000.0,0.4,0.0,1.0,71,1,152,2955750,619430,1,3,609667
ps,3,1048576,200000.0,0.4,0.0,1.0,71,1,153,3183417,619430,1,3,646625
ps,3,1048576,200000.0,0.4,0.0,1.0,71,1,154,3208791,619430,1,3,612624
ps,3,1048576,200000.0,0.4,0.0,1.0,71,1,155,2947000,619430,1,3,598625
ps,3,1048576,200000.0,0.4,0.0,1.0,71,1,156,3083542,619430,1,3,650751
ps,3,1048576,200000.0,0.4,0.0,1.0,71,1,157,3303583,619430,1,3,652708
ps,3,1048576,200000.0,0.4,0.0,1.0,71,1,158,3100125,619430,1,3,494416
ps,3,1048576,200000.0,0.4,0.0,1.0,71,1,159,3346250,619430,1,3,673375
ps,3,1048576,200000.0,0.4,0.0,1.0,71,1,160,3158916,619430,1,3,559875
ps,3,1048576,200000.0,0.4,0.0,1.0,71,1,161,3345167,619430,1,3,508125
ps,3,1048576,200000.0,0.4,0.0,1.0,71,1,162,3035792,619430,1,3,571709
ps,3,1048576,200000.0,0.4,0.0,1.0,71,1,163,3038208,619430,1,3,602375
ps,3,1048576,200000.0,0.4,0.0,1.0,71,1,164,3091666,619430,1,3,577250
ps,3,1048576,200000.0,0.4,0.0,1.0,71,1,165,3070625,619430,1,3,549958
ps,3,1048576,200000.0,0.4,0.0,1.0,71,1,166,3007000,619430,1,3,588208
ps,3,1048576,200000.0,0.4,0.0,1.0,71,1,167,2997292,619430,1,3,628792
ps,3,1048576,200000.0,0.4,0.0,1.0,71,1,168,3033625,619430,1,3,491417
ps,3,1048576,200000.0,0.4,0.0,1.0,71,1,169,3091833,619430,1,3,586874
ps,3,1048576,200000.0,0.4,0.0,1.0,71,1,170,2979667,619430,1,3,501750
ps,3,1048576,200000.0,0.4,0.0,1.0,71,1,171,3140333,619430,1,3,558041
ps,3,1048576,200000.0,0.4,0.0,1.0,71,1,172,3019042,619430,1,3,614625
ps,3,1048576,200000.0,0.4,0.0,1.0,71,1,173,3321541,619430,1,3,620874
ps,3,1048576,200000.0,0.4,0.0,1.0,71,1,174,3282833,619430,1,3,637166
ps,3,1048576,200000.0,0.4,0.0,1.0,71,1,175,3204083,619430,1,3,544416
ps,3,1048576,200000.0,0.4,0.0,1.0,71,1,176,3078167,619430,1,3,643125
ps,3,1048576,200000.0,0.4,0.0,1.0,71,1,177,3321292,619430,1,3,598042
ps,3,1048576,200000.0,0.4,0.0,1.0,71,1,178,3031292,619430,1,3,713417
ps,3,1048576,200000.0,0.4,0.0,1.0,71,1,179,3154542,619430,1,3,646250
ps,3,1048576,200000.0,0.4,0.0,1.0,71,1,180,3327833,619430,1,3,636333
ps,3,1048576,200000.0,0.4,0.0,1.0,71,1,181,3201917,619430,1,3,710584
ps,3,1048576,200000.0,0.4,0.0,1.0,71,1,182,3141958,619430,1,3,605541
ps,3,1048576,200000.0,0.4,0.0,1.0,71,1,183,2984333,619430,1,3,460833
ps,3,1048576,200000.0,0.4,0.0,1.0,71,1,184,3217375,619430,1,3,620125
ps,3,1048576,200000.0,0.4,0.0,1.0,71,1,185,3309583,619430,1,3,693917
ps,3,1048576,200000.0,0.4,0.0,1.0,71,1,186,3272250,619430,1,3,643292
ps,3,1048576,200000.0,0.4,0.0,1.0,71,1,187,3293459,619430,1,3,577376
ps,3,1048576,200000.0,0.4,0.0,1.0,71,1,188,3217625,619430,1,3,597292
ps,3,1048576,200000.0,0.4,0.0,1.0,71,1,189,2895334,619430,1,3,631375
ps,3,1048576,200000.0,0.4,0.0,1.0,71,1,190,3135250,619430,1,3,519209
ps,3,1048576,200000.0,0.4,0.0,1.0,71,1,191,3070292,619430,1,3,652542
ps,3,1048576,200000.0,0.4,0.0,1.0,71,1,192,2930416,619430,1,3,608499
ps,3,1048576,200000.0,0.4,0.0,1.0,71,1,193,2998959,619430,1,3,641626
ps,3,1048576,200000.0,0.4,0.0,1.0,71,1,194,2922291,619430,1,3,623916
ps,3,1048576,200000.0,0.4,0.0,1.0,71,1,195,3020125,619430,1,3,615958
ps,3,1048576,200000.0,0.4,0.0,1.0,71,1,196,3018917,619430,1,3,593459
ps,3,1048576,200000.0,0.4,0.0,1.0,71,1,197,3002750,619430,1,3,720833
ps,3,1048576,200000.0,0.4,0.0,1.0,71,1,198,3071959,619430,1,3,732584
ps,3,1048576,200000.0,0.4,0.0,1.0,71,1,199,2927333,619430,1,3,622958
ps,3,1048576,200000.0,0.4,0.0,1.0,71,1,200,2851667,619430,1,3,609875
ps,3,1048576,200000.0,0.4,0.0,1.0,71,1,201,3037875,619430,1,3,540583
ps,3,1048576,200000.0,0.4,0.0,1.0,71,1,202,2938292,619430,1,3,656083
ps,3,1048576,200000.0,0.4,0.0,1.0,71,1,203,3058416,619430,1,3,702708
ps,3,1048576,200000.0,0.4,0.0,1.0,71,1,204,2874250,619430,1,3,595000
ps,3,1048576,200000.0,0.4,0.0,1.0,71,1,205,3043875,619430,1,3,666041
ps,3,1048576,200000.0,0.4,0.0,1.0,71,1,206,2893250,619430,1,3,527500
ps,3,1048576,200000.0,0.4,0.0,1.0,71,1,207,2890458,619430,1,3,602917
ps,3,1048576,200000.0,0.4,0.0,1.0,71,1,208,2965500,619430,1,3,627667
ps,3,1048576,200000.0,0.4,0.0,1.0,71,1,209,2996041,619430,1,3,607708
ps,3,1048576,200000.0,0.4,0.0,1.0,71,1,210,3027250,619430,1,3,697500
ps,3,1048576,200000.0,0.4,0.0,1.0,71,1,211,2903917,619430,1,3,517625
ps,3,1048576,200000.0,0.4,0.0,1.0,71,1,212,2905417,619430,1,3,548042
ps,3,1048576,200000.0,0.4,0.0,1.0,71,1,213,2917500,619430,1,3,608125
ps,3,1048576,200000.0,0.4,0.0,1.0,71,1,214,2945542,619430,1,3,597876
ps,3,1048576,200000.0,0.4,0.0,1.0,71,1,215,3033959,619430,1,3,630876
ps,3,1048576,200000.0,0.4,0.0,1.0,71,1,216,3012667,619430,1,3,577292
ps,3,1048576,200000.0,0.4,0.0,1.0,71,1,217,2989458,619430,1,3,664791
ps,3,1048576,200000.0,0.4,0.0,1.0,71,1,218,2996792,619430,1,3,611292
ps,3,1048576,200000.0,0.4,0.0,1.0,71,1,219,2954625,619430,1,3,607667
ps,3,1048576,200000.0,0.4,0.0,1.0,71,1,220,3022875,619430,1,3,601084
ps,3,1048576,200000.0,0.4,0.0,1.0,71,1,221,3041750,619430,1,3,641833
ps,3,1048576,200000.0,0.4,0.0,1.0,71,1,222,3040708,619430,1,3,677375
ps,3,1048576,200000.0,0.4,0.0,1.0,71,1,223,2966000,619430,1,3,607417
ps,3,1048576,200000.0,0.4,0.0,1.0,71,1,224,2961375,619430,1,3,610959
ps,3,1048576,200000.0,0.4,0.0,1.0,71,1,225,2997750,619430,1,3,618541
ps,3,1048576,200000.0,0.4,0.0,1.0,71,1,226,2938542,619430,1,3,631542
ps,3,1048576,200000.0,0.4,0.0,1.0,71,1,227,2970750,619430,1,3,599375
ps,3,1048576,200000.0,0.4,0.0,1.0,71,1,228,2997167,619430,1,3,595625
ps,3,1048576,200000.0,0.4,0.0,1.0,71,1,229,2912792,619430,1,3,604875
ps,3,1048576,200000.0,0.4,0.0,1.0,71,1,230,2987291,619430,1,3,610624
ps,3,1048576,200000.0,0.4,0.0,1.0,71,1,231,2919875,619430,1,3,587833
ps,3,1048576,200000.0,0.4,0.0,1.0,71,1,232,2984292,619430,1,3,646417
ps,3,1048576,200000.0,0.4,0.0,1.0,71,1,233,3001708,619430,1,3,643416
ps,3,1048576,200000.0,0.4,0.0,1.0,71,1,234,2959000,619430,1,3,621084
ps,3,1048576,200000.0,0.4,0.0,1.0,71,1,235,2963625,619430,1,3,631458
ps,3,1048576,200000.0,0.4,0.0,1.0,71,1,236,2994583,619430,1,3,617541
ps,3,1048576,200000.0,0.4,0.0,1.0,71,1,237,2925291,619430,1,3,622583
ps,3,1048576,200000.0,0.4,0.0,1.0,71,1,238,2960583,619430,1,3,656500
ps,3,1048576,200000.0,0.4,0.0,1.0,71,1,239,2930416,619430,1,3,630374
ps,3,1048576,200000.0,0.4,0.0,1.0,71,1,240,2934583,619430,1,3,644292
ps,3,1048576,200000.0,0.4,0.0,1.0,71,1,241,2926166,619430,1,3,640125
ps,3,1048576,200000.0,0.4,0.0,1.0,71,1,242,2894959,619430,1,3,615584
ps,3,1048576,200000.0,0.4,0.0,1.0,71,1,243,2930375,619430,1,3,600250
ps,3,1048576,200000.0,0.4,0.0,1.0,71,1,244,2896959,619430,1,3,637750
ps,3,1048576,200000.0,0.4,0.0,1.0,71,1,245,2923709,619430,1,3,615292
ps,3,1048576,200000.0,0.4,0.0,1.0,71,1,246,2875042,619430,1,3,592542
ps,3,1048576,200000.0,0.4,0.0,1.0,71,1,247,2907000,619430,1,3,633083
ps,3,1048576,200000.0,0.4,0.0,1.0,71,1,248,2947625,619430,1,3,628333
ps,3,1048576,200000.0,0.4,0.0,1.0,71,1,249,2875667,619430,1,3,614875
ps,3,4194304,200000.0,0.4,0.0,1.0,71,1,0,8528500,1877721,1,3,1933833
ps,3,4194304,200000.0,0.4,0.0,1.0,71,1,1,8488000,1877721,1,3,1894292
ps,3,4194304,200000.0,0.4,0.0,1.0,71,1,2,8603375,1877721,1,3,1780042
ps,3,4194304,200000.0,0.4,0.0,1.0,71,1,3,8865917,1877721,1,3,1770208
ps,3,4194304,200000.0,0.4,0.0,1.0,71,1,4,8749833,1877721,1,3,1840458
ps,3,4194304,200000.0,0.4,0.0,1.0,71,1,5,8727875,1877721,1,3,1659000
ps,3,4194304,200000.0,0.4,0.0,1.0,71,1,6,8882167,1877721,1,3,1856959
ps,3,4194304,200000.0,0.4,0.0,1.0,71,1,7,8996834,1877721,1,3,1894668
ps,3,4194304,200000.0,0.4,0.0,1.0,71,1,8,9043042,1877721,1,3,2010459
ps,3,4194304,200000.0,0.4,0.0,1.0,71,1,9,9087791,1877721,1,3,1811499
ps,3,4194304,200000.0,0.4,0.0,1.0,71,1,10,8749542,1877721,1,3,1835792
ps,3,4194304,200000.0,0.4,0.0,1.0,71,1,11,8896459,1877721,1,3,1781917
ps,3,4194304,200000.0,0.4,0.0,1.0,71,1,12,8735916,1877721,1,3,1802874
ps,3,4194304,200000.0,0.4,0.0,1.0,71,1,13,8658666,1877721,1,3,1858999
ps,3,4194304,200000.0,0.4,0.0,1.0,71,1,14,8782291,1877721,1,3,1426583
ps,3,4194304,200000.0,0.4,0.0,1.0,71,1,15,9345083,1877721,1,3,1907042
ps,3,4194304,200000.0,0.4,0.0,1.0,71,1,16,9362583,1877721,1,3,1740833
ps,3,4194304,200000.0,0.4,0.0,1.0,71,1,17,9301375,1877721,1,3,1722334
ps,3,4194304,200000.0,0.4,0.0,1.0,71,1,18,9083000,1877721,1,3,1833833
ps,3,4194304,200000.0,0.4,0.0,1.0,71,1,19,9148083,1877721,1,3,1429833
ps,3,4194304,200000.0,0.4,0.0,1.0,71,1,20,9214000,1877721,1,3,1984541
ps,3,4194304,200000.0,0.4,0.0,1.0,71,1,21,9149500,1877721,1,3,1816750
ps,3,4194304,200000.0,0.4,0.0,1.0,71,1,22,9171542,1877721,1,3,1766709
ps,3,4194304,200000.0,0.4,0.0,1.0,71,1,23,9029500,1877721,1,3,1765750
ps,3,4194304,200000.0,0.4,0.0,1.0,71,1,24,9159083,1877721,1,3,1764375
ps,3,4194304,200000.0,0.4,0.0,1.0,71,1,25,9084208,1877721,1,3,2245958
ps,3,4194304,200000.0,0.4,0.0,1.0,71,1,26,9857166,1877721,1,3,1807541
ps,3,4194304,200000.0,0.4,0.0,1.0,71,1,27,9704500,1877721,1,3,1845000
ps,3,4194304,200000.0,0.4,0.0,1.0,71,1,28,9458750,1877721,1,3,1681709
ps,3,4194304,200000.0,0.4,0.0,1.0,71,1,29,8747541,1877721,1,3,1842374
ps,3,4194304,200000.0,0.4,0.0,1.0,71,1,30,8829208,1877721,1,3,1382833
ps,3,4194304,200000.0,0.4,0.0,1.0,71,1,31,9605208,1877721,1,3,1854541
ps,3,4194304,200000.0,0.4,0.0,1.0,71,1,32,9916167,1877721,1,3,1855834
ps,3,4194304,200000.0,0.4,0.0,1.0,71,1,33,9932917,1877721,1,3,1802792
ps,3,4194304,200000.0,0.4,0.0,1.0,71,1,34,9910333,1877721,1,3,1826958
ps,3,4194304,200000.0,0.4,0.0,1.0,71,1,35,9672000,1877721,1,3,1845334
ps,3,4194304,200000.0,0.4,0.0,1.0,71,1,36,9608333,1877721,1,3,1796917
ps,3,4194304,200000.0,0.4,0.0,1.0,71,1,37,9411625,1877721,1,3,1813375
ps,3,4194304,200000.0,0.4,0.0,1.0,71,1,38,9176750,1877721,1,3,1905916
ps,3,4194304,200000.0,0.4,0.0,1.0,71,1,39,8496542,1877721,1,3,1986459
ps,3,4194304,200000.0,0.4,0.0,1.0,71,1,40,8449583,1877721,1,3,1973999
ps,3,4194304,200000.0,0.4,0.0,1.0,71,1,41,8918542,1877721,1,3,1819709
ps,3,4194304,200000.0,0.4,0.0,1.0,71,1,42,8408042,1877721,1,3,1915167
ps,3,4194304,200000.0,0.4,0.0,1.0,71,1,43,9801833,1877721,1,3,1903833
ps,3,4194304,200000.0,0.4,0.0,1.0,71,1,44,9053292,1877721,1,3,1860834
ps,3,4194304,200000.0,0.4,0.0,1.0,71,1,45,8390834,1877721,1,3,1845834
ps,3,4194304,200000.0,0.4,0.0,1.0,71,1,46,8395208,1877721,1,3,1877083
ps,3,4194304,200000.0,0.4,0.0,1.0,71,1,47,8441834,1877721,1,3,1896000
ps,3,4194304,200000.0,0.4,0.0,1.0,71,1,48,8425833,1877721,1,3,1914625
ps,3,4194304,200000.0,0.4,0.0,1.0,71,1,49,8386834,1877721,1,3,1925334
ps,3,4194304,200000.0,0.4,0.0,1.0,71,1,50,8354042,1877721,1,3,1959459
ps,3,4194304,200000.0,0.4,0.0,1.0,71,1,51,8479208,1877721,1,3,1970916
ps,3,4194304,200000.0,0.4,0.0,1.0,71,1,52,8529375,1877721,1,3,2037125
ps,3,4194304,200000.0,0.4,0.0,1.0,71,1,53,8281375,1877721,1,3,1870917
ps,3,4194304,200000.0,0.4,0.0,1.0,71,1,54,8272292,1877721,1,3,1819875
ps,3,4194304,200000.0,0.4,0.0,1.0,71,1,55,8367542,1877721,1,3,1871042
ps,3,4194304,200000.0,0.4,0.0,1.0,71,1,56,8857500,1877721,1,3,1992541
ps,3,4194304,200000.0,0.4,0.0,1.0,71,1,57,8640083,1877721,1,3,1800042
ps,3,4194304,200000.0,0.4,0.0,1.0,71,1,58,8459333,1877721,1,3,1915375
ps,3,4194304,200000.0,0.4,0.0,1.0,71,1,59,8325042,1877721,1,3,1888917
ps,3,4194304,200000.0,0.4,0.0,1.0,71,1,60,8616083,1877721,1,3,1821000
ps,3,4194304,200000.0,0.4,0.0,1.0,71,1,61,8533000,1877721,1,3,1912375
ps,3,4194304,200000.0,0.4,0.0,1.0,71,1,62,8486625,1877721,1,3,1901291
ps,3,4194304,200000.0,0.4,0.0,1.0,71,1,63,8390334,1877721,1,3,1772834
ps,3,4194304,200000.0,0.4,0.0,1.0,71,1,64,8395667,1877721,1,3,1923125
ps,3,4194304,200000.0,0.4,0.0,1.0,71,1,65,8385084,1877721,1,3,1919459
ps,3,4194304,200000.0,0.4,0.0,1.0,71,1,66,8440792,1877721,1,3,1848083
ps,3,4194304,200000.0,0.4,0.0,1.0,71,1,67,8840959,1877721,1,3,1706001
ps,3,4194304,200000.0,0.4,0.0,1.0,71,1,68,11210167,1877721,1,3,1457126
ps,3,4194304,200000.0,0.4,0.0,1.0,71,1,69,8785875,1877721,1,3,1751750
ps,3,4194304,200000.0,0.4,0.0,1.0,71,1,70,8947250,1877721,1,3,1912583
ps,3,4194304,200000.0,0.4,0.0,1.0,71,1,71,8656875,1877721,1,3,1923958
ps,3,4194304,200000.0,0.4,0.0,1.0,71,1,72,8668792,1877721,1,3,1916958
ps,3,4194304,200000.0,0.4,0.0,1.0,71,1,73,8622208,1877721,1,3,1466000
ps,3,4194304,200000.0,0.4,0.0,1.0,71,1,74,9841875,1877721,1,3,1979333
ps,3,4194304,200000.0,0.4,0.0,1.0,71,1,75,9048000,1877721,1,3,1882958
ps,3,4194304,200000.0,0.4,0.0,1.0,71,1,76,8906375,1877721,1,3,1912042
ps,3,4194304,200000.0,0.4,0.0,1.0,71,1,77,8738167,1877721,1,3,1797209
ps,3,4194304,200000.0,0.4,0.0,1.0,71,1,78,8645000,1877721,1,3,1719792
ps,3,4194304,200000.0,0.4,0.0,1.0,71,1,79,8948958,1877721,1,3,1898291
ps,3,4194304,200000.0,0.4,0.0,1.0,71,1,80,9306625,1877721,1,3,2551166
ps,3,4194304,200000.0,0.4,0.0,1.0,71,1,81,8333250,1877721,1,3,1490959
ps,3,4194304,200000.0,0.4,0.0,1.0,71,1,82,7902833,1877721,1,3,2144917
ps,3,4194304,200000.0,0.4,0.0,1.0,71,1,83,7836042,1877721,1,3,1939751
ps,3,4194304,200000.0,0.4,0.0,1.0,71,1,84,8770792,1877721,1,3,2056876
ps,3,4194304,200000.0,0.4,0.0,1.0,71,1,85,8639459,1877721,1,3,1784959
ps,3,4194304,200000.0,0.4,0.0,1.0,71,1,86,12625416,1877721,1,3,1169041
ps,3,4194304,200000.0,0.4,0.0,1.0,71,1,87,24643084,1877721,1,3,10235334
ps,3,4194304,200000.0,0.4,0.0,1.0,71,1,88,12240708,1877721,1,3,2964000
ps,3,4194304,200000.0,0.4,0.0,1.0,71,1,89,11159792,1877721,1,3,1515292
ps,3,4194304,200000.0,0.4,0.0,1.0,71,1,90,9667417,1877721,1,3,1916459
ps,3,4194304,200000.0,0.4,0.0,1.0,71,1,91,8543542,1877721,1,3,1936334
ps,3,4194304,200000.0,0.4,0.0,1.0,71,1,92,8446125,1877721,1,3,1844542
ps,3,4194304,200000.0,0.4,0.0,1.0,71,1,93,8439833,1877721,1,3,1957875
ps,3,4194304,200000.0,0.4,0.0,1.0,71,1,94,8262542,1877721,1,3,1844459
ps,3,4194304,200000.0,0.4,0.0,1.0,71,1,95,8436792,1877721,1,3,1913250
ps,3,4194304,200000.0,0.4,0.0,1.0,71,1,96,8773833,1877721,1,3,1881833
ps,3,4194304,200000.0,0.4,0.0,1.0,71,1,97,8657916,1877721,1,3,1670291
ps,3,4194304,200000.0,0.4,0.0,1.0,71,1,98,9035250,1877721,1,3,1908584
ps,3,4194304,200000.0,0.4,0.0,1.0,71,1,99,9206084,1877721,1,3,1896459
ps,3,4194304,200000.0,0.4,0.0,1.0,71,1,100,8985625,1877721,1,3,2009125
ps,3,4194304,200000.0,0.4,0.0,1.0,71,1,101,8797750,1877721,1,3,1791250
ps,3,4194304,200000.0,0.4,0.0,1.0,71,1,102,9029083,1877721,1,3,1504166
ps,3,4194304,200000.0,0.4,0.0,1.0,71,1,103,9549833,1877721,1,3,1523167
ps,3,4194304,200000.0,0.4,0.0,1.0,71,1,104,9760833,1877721,1,3,1570208
ps,3,4194304,200000.0,0.4,0.0,1.0,71,1,105,9360709,1877721,1,3,1732376
ps,3,4194304,200000.0,0.4,0.0,1.0,71,1,106,9318125,1877721,1,3,2335750
ps,3,4194304,200000.0,0.4,0.0,1.0,71,1,107,9567584,1877721,1,3,1580501
ps,3,4194304,200000.0,0.4,0.0,1.0,71,1,108,8792333,1877721,1,3,1644125
ps,3,4194304,200000.0,0.4,0.0,1.0,71,1,109,8798000,1877721,1,3,1816583
ps,3,4194304,200000.0,0.4,0.0,1.0,71,1,110,8564417,1877721,1,3,1997792
ps,3,4194304,200000.0,0.4,0.0,1.0,71,1,111,8815625,1877721,1,3,1558458
ps,3,4194304,200000.0,0.4,0.0,1.0,71,1,112,8739000,1877721,1,3,1971542
ps,3,4194304,200000.0,0.4,0.0,1.0,71,1,113,9133875,1877721,1,3,1855375
ps,3,4194304,200000.0,0.4,0.0,1.0,71,1,114,9005000,1877721,1,3,1851875
ps,3,4194304,200000.0,0.4,0.0,1.0,71,1,115,8976459,1877721,1,3,1861625
ps,3,4194304,200000.0,0.4,0.0,1.0,71,1,116,9056000,1877721,1,3,1921209
ps,3,4194304,200000.0,0.4,0.0,1.0,71,1,117,8955542,1877721,1,3,1931334
ps,3,4194304,200000.0,0.4,0.0,1.0,71,1,118,8838833,1877721,1,3,1987708
ps,3,4194304,200000.0,0.4,0.0,1.0,71,1,119,8940709,1877721,1,3,1859625
ps,3,4194304,200000.0,0.4,0.0,1.0,71,1,120,8727458,1877721,1,3,2038166
ps,3,4194304,200000.0,0.4,0.0,1.0,71,1,121,8684875,1877721,1,3,1903958
ps,3,4194304,200000.0,0.4,0.0,1.0,71,1,122,8417708,1877721,1,3,1901666
ps,3,4194304,200000.0,0.4,0.0,1.0,71,1,123,8448792,1877721,1,3,1877667
ps,3,4194304,200000.0,0.4,0.0,1.0,71,1,124,8474833,1877721,1,3,1851166
ps,3,4194304,200000.0,0.4,0.0,1.0,71,1,125,8324958,1877721,1,3,1912791
ps,3,4194304,200000.0,0.4,0.0,1.0,71,1,126,8317792,1877721,1,3,1835167
ps,3,4194304,200000.0,0.4,0.0,1.0,71,1,127,8426458,1877721,1,3,1953667
ps,3,4194304,200000.0,0.4,0.0,1.0,71,1,128,8424459,1877721,1,3,1892250
ps,3,4194304,200000.0,0.4,0.0,1.0,71,1,129,8443000,1877721,1,3,1887083
ps,3,4194304,200000.0,0.4,0.0,1.0,71,1,130,8482834,1877721,1,3,2003709
ps,3,4194304,200000.0,0.4,0.0,1.0,71,1,131,8399417,1877721,1,3,1853500
ps,3,4194304,200000.0,0.4,0.0,1.0,71,1,132,8335583,1877721,1,3,1957541
ps,3,4194304,200000.0,0.4,0.0,1.0,71,1,133,8427917,1877721,1,3,2020375
ps,3,4194304,200000.0,0.4,0.0,1.0,71,1,134,8382959,1877721,1,3,1937626
ps,3,4194304,200000.0,0.4,0.0,1.0,71,1,135,8411000,1877721,1,3,1863542
ps,3,4194304,200000.0,0.4,0.0,1.0,71,1,136,8280250,1877721,1,3,1914750
ps,3,4194304,200000.0,0.4,0.0,1.0,71,1,137,8485375,1877721,1,3,1907750
ps,3,4194304,200000.0,0.4,0.0,1.0,71,1,138,8544583,1877721,1,3,1975916
ps,3,4194304,200000.0,0.4,0.0,1.0,71,1,139,8387084,1877721,1,3,1914459
ps,3,4194304,200000.0,0.4,0.0,1.0,71,1,140,8341000,1877721,1,3,1954084
ps,3,4194304,200000.0,0.4,0.0,1.0,71,1,141,8402500,1877721,1,3,1859000
ps,3,4194304,200000.0,0.4,0.0,1.0,71,1,142,8387500,1877721,1,3,1879375
ps,3,4194304,200000.0,0.4,0.0,1.0,71,1,143,8226916,1877721,1,3,1821499
ps,3,4194304,200000.0,0.4,0.0,1.0,71,1,144,8317666,1877721,1,3,1962499
ps,3,4194304,200000.0,0.4,0.0,1.0,71,1,145,8383833,1877721,1,3,1883625
ps,3,4194304,200000.0,0.4,0.0,1.0,71,1,146,8472500,1877721,1,3,1928291
ps,3,4194304,200000.0,0.4,0.0,1.0,71,1,147,8379041,1877721,1,3,1907291
ps,3,4194304,200000.0,0.4,0.0,1.0,71,1,148,8401541,1877721,1,3,1943916
ps,3,4194304,200000.0,0.4,0.0,1.0,71,1,149,8412875,1877721,1,3,1984333
ps,3,4194304,200000.0,0.4,0.0,1.0,71,1,150,8410209,1877721,1,3,1950375
ps,3,4194304,200000.0,0.4,0.0,1.0,71,1,151,8464542,1877721,1,3,1939042
ps,3,4194304,200000.0,0.4,0.0,1.0,71,1,152,8452500,1877721,1,3,1938292
ps,3,4194304,200000.0,0.4,0.0,1.0,71,1,153,8381333,1877721,1,3,1927042
ps,3,4194304,200000.0,0.4,0.0,1.0,71,1,154,8428375,1877721,1,3,2052834
ps,3,4194304,200000.0,0.4,0.0,1.0,71,1,155,8466750,1877721,1,3,2018959
ps,3,4194304,200000.0,0.4,0.0,1.0,71,1,156,9421750,1877721,1,3,1466167
ps,3,4194304,200000.0,0.4,0.0,1.0,71,1,157,8423417,1877721,1,3,1938875
ps,3,4194304,200000.0,0.4,0.0,1.0,71,1,158,8376166,1877721,1,3,1907250
ps,3,4194304,200000.0,0.4,0.0,1.0,71,1,159,8350875,1877721,1,3,1855833
ps,3,4194304,200000.0,0.4,0.0,1.0,71,1,160,8423209,1877721,1,3,1950875
ps,3,4194304,200000.0,0.4,0.0,1.0,71,1,161,8405584,1877721,1,3,1955250
ps,3,4194304,200000.0,0.4,0.0,1.0,71,1,162,8539750,1877721,1,3,2080208
ps,3,4194304,200000.0,0.4,0.0,1.0,71,1,163,8973375,1877721,1,3,1649042
ps,3,4194304,200000.0,0.4,0.0,1.0,71,1,164,8492208,1877721,1,3,1840625
ps,3,4194304,200000.0,0.4,0.0,1.0,71,1,165,8390375,1877721,1,3,1976625
ps,3,4194304,200000.0,0.4,0.0,1.0,71,1,166,8426500,1877721,1,3,1930000
ps,3,4194304,200000.0,0.4,0.0,1.0,71,1,167,8416000,1877721,1,3,1855791
ps,3,4194304,200000.0,0.4,0.0,1.0,71,1,168,8303042,1877721,1,3,1854792
ps,3,4194304,200000.0,0.4,0.0,1.0,71,1,169,8404875,1877721,1,3,1966208
ps,3,4194304,200000.0,0.4,0.0,1.0,71,1,170,8343125,1877721,1,3,1898458
ps,3,4194304,200000.0,0.4,0.0,1.0,71,1,171,8479666,1877721,1,3,2029666
ps,3,4194304,200000.0,0.4,0.0,1.0,71,1,172,8340292,1877721,1,3,1896917
ps,3,4194304,200000.0,0.4,0.0,1.0,71,1,173,8361583,1877721,1,3,1903333
ps,3,4194304,200000.0,0.4,0.0,1.0,71,1,174,8240584,1877721,1,3,1855167
ps,3,4194304,200000.0,0.4,0.0,1.0,71,1,175,8267250,1877721,1,3,1887625
ps,3,4194304,200000.0,0.4,0.0,1.0,71,1,176,8227625,1877721,1,3,1908667
ps,3,4194304,200000.0,0.4,0.0,1.0,71,1,177,8084125,1877721,1,3,1876333
ps,3,4194304,200000.0,0.4,0.0,1.0,71,1,178,8269084,1877721,1,3,1962042
ps,3,4194304,200000.0,0.4,0.0,1.0,71,1,179,8285958,1877721,1,3,1968166
ps,3,4194304,200000.0,0.4,0.0,1.0,71,1,180,8263917,1877721,1,3,1945084
ps,3,4194304,200000.0,0.4,0.0,1.0,71,1,181,8251834,1877721,1,3,1892334
ps,3,4194304,200000.0,0.4,0.0,1.0,71,1,182,8234875,1877721,1,3,1885167
ps,3,4194304,200000.0,0.4,0.0,1.0,71,1,183,8160709,1877721,1,3,1871001
ps,3,4194304,200000.0,0.4,0.0,1.0,71,1,184,8259791,1877721,1,3,1863125
ps,3,4194304,200000.0,0.4,0.0,1.0,71,1,185,8216667,1877721,1,3,1859125
ps,3,4194304,200000.0,0.4,0.0,1.0,71,1,186,8285583,1877721,1,3,1940208
ps,3,4194304,200000.0,0.4,0.0,1.0,71,1,187,8189417,1877721,1,3,1955250
ps,3,4194304,200000.0,0.4,0.0,1.0,71,1,188,8252750,1877721,1,3,1924291
ps,3,4194304,200000.0,0.4,0.0,1.0,71,1,189,8309375,1877721,1,3,1929667
ps,3,4194304,200000.0,0.4,0.0,1.0,71,1,190,8262708,1877721,1,3,1921624
ps,3,4194304,200000.0,0.4,0.0,1.0,71,1,191,8384792,1877721,1,3,1910459
ps,3,4194304,200000.0,0.4,0.0,1.0,71,1,192,8339292,1877721,1,3,1801375
ps,3,4194304,200000.0,0.4,0.0,1.0,71,1,193,8377250,1877721,1,3,1958125
ps,3,4194304,200000.0,0.4,0.0,1.0,71,1,194,8278166,1877721,1,3,1899124
ps,3,4194304,200000.0,0.4,0.0,1.0,71,1,195,8372625,1877721,1,3,1913584
ps,3,4194304,200000.0,0.4,0.0,1.0,71,1,196,8317125,1877721,1,3,1924667
ps,3,4194304,200000.0,0.4,0.0,1.0,71,1,197,8190750,1877721,1,3,1868750
ps,3,4194304,200000.0,0.4,0.0,1.0,71,1,198,8193167,1877721,1,3,1894917
ps,3,4194304,200000.0,0.4,0.0,1.0,71,1,199,8252333,1877721,1,3,1907667
ps,3,4194304,200000.0,0.4,0.0,1.0,71,1,200,8201542,1877721,1,3,1864417
ps,3,4194304,200000.0,0.4,0.0,1.0,71,1,201,8267959,1877721,1,3,1922125
ps,3,4194304,200000.0,0.4,0.0,1.0,71,1,202,8199083,1877721,1,3,1855667
ps,3,4194304,200000.0,0.4,0.0,1.0,71,1,203,8209541,1877721,1,3,1909916
ps,3,4194304,200000.0,0.4,0.0,1.0,71,1,204,8263541,1877721,1,3,1864582
ps,3,4194304,200000.0,0.4,0.0,1.0,71,1,205,8166166,1877721,1,3,1928916
ps,3,4194304,200000.0,0.4,0.0,1.0,71,1,206,8282292,1877721,1,3,1879834
ps,3,4194304,200000.0,0.4,0.0,1.0,71,1,207,8345459,1877721,1,3,1942542
ps,3,4194304,200000.0,0.4,0.0,1.0,71,1,208,8297625,1877721,1,3,1982458
ps,3,4194304,200000.0,0.4,0.0,1.0,71,1,209,8277792,1877721,1,3,1913875
ps,3,4194304,200000.0,0.4,0.0,1.0,71,1,210,8375125,1877721,1,3,1913291
ps,3,4194304,200000.0,0.4,0.0,1.0,71,1,211,8293500,1877721,1,3,1938042
ps,3,4194304,200000.0,0.4,0.0,1.0,71,1,212,8152167,1877721,1,3,1900667
ps,3,4194304,200000.0,0.4,0.0,1.0,71,1,213,8234458,1877721,1,3,1918083
ps,3,4194304,200000.0,0.4,0.0,1.0,71,1,214,8373166,1877721,1,3,1931374
ps,3,4194304,200000.0,0.4,0.0,1.0,71,1,215,8238083,1877721,1,3,1922667
ps,3,4194304,200000.0,0.4,0.0,1.0,71,1,216,8213416,1877721,1,3,1897000
ps,3,4194304,200000.0,0.4,0.0,1.0,71,1,217,8121709,1877721,1,3,1871167
ps,3,4194304,200000.0,0.4,0.0,1.0,71,1,218,8200958,1877721,1,3,1874875
ps,3,4194304,200000.0,0.4,0.0,1.0,71,1,219,8207875,1877721,1,3,1863958
ps,3,4194304,200000.0,0.4,0.0,1.0,71,1,220,8255458,1877721,1,3,1880042
ps,3,4194304,200000.0,0.4,0.0,1.0,71,1,221,8248167,1877721,1,3,1930417
ps,3,4194304,200000.0,0.4,0.0,1.0,71,1,222,8163708,1877721,1,3,1946958
ps,3,4194304,200000.0,0.4,0.0,1.0,71,1,223,8235333,1877721,1,3,1921292
ps,3,4194304,200000.0,0.4,0.0,1.0,71,1,224,8262875,1877721,1,3,1902375
ps,3,4194304,200000.0,0.4,0.0,1.0,71,1,225,8223916,1877721,1,3,1909082
ps,3,4194304,200000.0,0.4,0.0,1.0,71,1,226,8240292,1877721,1,3,1904292
ps,3,4194304,200000.0,0.4,0.0,1.0,71,1,227,8276792,1877721,1,3,1885042
ps,3,4194304,200000.0,0.4,0.0,1.0,71,1,228,8302917,1877721,1,3,1930417
ps,3,4194304,200000.0,0.4,0.0,1.0,71,1,229,8339916,1877721,1,3,1939457
ps,3,4194304,200000.0,0.4,0.0,1.0,71,1,230,8235458,1877721,1,3,1916958
ps,3,4194304,200000.0,0.4,0.0,1.0,71,1,231,8165458,1877721,1,3,1883958
ps,3,4194304,200000.0,0.4,0.0,1.0,71,1,232,8295458,1877721,1,3,1941750
ps,3,4194304,200000.0,0.4,0.0,1.0,71,1,233,8258541,1877721,1,3,1891749
ps,3,4194304,200000.0,0.4,0.0,1.0,71,1,234,8226000,1877721,1,3,1869750
ps,3,4194304,200000.0,0.4,0.0,1.0,71,1,235,8208625,1877721,1,3,1880041
ps,3,4194304,200000.0,0.4,0.0,1.0,71,1,236,8219875,1877721,1,3,1934208
ps,3,4194304,200000.0,0.4,0.0,1.0,71,1,237,8223125,1877721,1,3,1932417
ps,3,4194304,200000.0,0.4,0.0,1.0,71,1,238,8218333,1877721,1,3,1924292
ps,3,4194304,200000.0,0.4,0.0,1.0,71,1,239,8222375,1877721,1,3,1903916
ps,3,4194304,200000.0,0.4,0.0,1.0,71,1,240,8386250,1877721,1,3,1949791
ps,3,4194304,200000.0,0.4,0.0,1.0,71,1,241,8261167,1877721,1,3,1914708
ps,3,4194304,200000.0,0.4,0.0,1.0,71,1,242,8158541,1877721,1,3,1887291
ps,3,4194304,200000.0,0.4,0.0,1.0,71,1,243,8192042,1877721,1,3,1892334
ps,3,4194304,200000.0,0.4,0.0,1.0,71,1,244,8094625,1877721,1,3,1864500
ps,3,4194304,200000.0,0.4,0.0,1.0,71,1,245,8304625,1877721,1,3,1942375
ps,3,4194304,200000.0,0.4,0.0,1.0,71,1,246,8320709,1877721,1,3,1935084
ps,3,4194304,200000.0,0.4,0.0,1.0,71,1,247,8193542,1877721,1,3,1969125
ps,3,4194304,200000.0,0.4,0.0,1.0,71,1,248,8779333,1877721,1,3,1868917
ps,3,4194304,200000.0,0.4,0.0,1.0,71,1,249,8769333,1877721,1,3,1902458
ring,3,1048576,200000.0,0.4,0.0,1.0,71,1,0,2763125,1359244,4,3,102584
ring,3,1048576,200000.0,0.4,0.0,1.0,71,1,1,2903708,1359244,4,3,153666
ring,3,1048576,200000.0,0.4,0.0,1.0,71,1,2,2809458,1359244,4,3,125541
ring,3,1048576,200000.0,0.4,0.0,1.0,71,1,3,2813000,1359244,4,3,128500
ring,3,1048576,200000.0,0.4,0.0,1.0,71,1,4,2820708,1359244,4,3,125874
ring,3,1048576,200000.0,0.4,0.0,1.0,71,1,5,2844708,1359244,4,3,4791
ring,3,1048576,200000.0,0.4,0.0,1.0,71,1,6,2817833,1359244,4,3,66333
ring,3,1048576,200000.0,0.4,0.0,1.0,71,1,7,2799500,1359244,4,3,123583
ring,3,1048576,200000.0,0.4,0.0,1.0,71,1,8,2709083,1359244,4,3,131583
ring,3,1048576,200000.0,0.4,0.0,1.0,71,1,9,2752834,1359244,4,3,89126
ring,3,1048576,200000.0,0.4,0.0,1.0,71,1,10,2774125,1359244,4,3,95417
ring,3,1048576,200000.0,0.4,0.0,1.0,71,1,11,2833500,1359244,4,3,80292
ring,3,1048576,200000.0,0.4,0.0,1.0,71,1,12,2724667,1359244,4,3,90000
ring,3,1048576,200000.0,0.4,0.0,1.0,71,1,13,2738750,1359244,4,3,59041
ring,3,1048576,200000.0,0.4,0.0,1.0,71,1,14,2754000,1359244,4,3,175458
ring,3,1048576,200000.0,0.4,0.0,1.0,71,1,15,2650292,1359244,4,3,117583
ring,3,1048576,200000.0,0.4,0.0,1.0,71,1,16,2732125,1359244,4,3,134250
ring,3,1048576,200000.0,0.4,0.0,1.0,71,1,17,2701542,1359244,4,3,80125
ring,3,1048576,200000.0,0.4,0.0,1.0,71,1,18,2777459,1359244,4,3,144542
ring,3,1048576,200000.0,0.4,0.0,1.0,71,1,19,2675208,1359244,4,3,148125
ring,3,1048576,200000.0,0.4,0.0,1.0,71,1,20,2885459,1359244,4,3,198668
ring,3,1048576,200000.0,0.4,0.0,1.0,71,1,21,2714541,1359244,4,3,121916
ring,3,1048576,200000.0,0.4,0.0,1.0,71,1,22,2695875,1359244,4,3,65541
ring,3,1048576,200000.0,0.4,0.0,1.0,71,1,23,2689625,1359244,4,3,150250
ring,3,1048576,200000.0,0.4,0.0,1.0,71,1,24,2750750,1359244,4,3,204083
ring,3,1048576,200000.0,0.4,0.0,1.0,71,1,25,2595958,1359244,4,3,119083
ring,3,1048576,200000.0,0.4,0.0,1.0,71,1,26,2761042,1359244,4,3,113917
ring,3,1048576,200000.0,0.4,0.0,1.0,71,1,27,2596292,1359244,4,3,104834
ring,3,1048576,200000.0,0.4,0.0,1.0,71,1,28,2743916,1359244,4,3,9374
ring,3,1048576,200000.0,0.4,0.0,1.0,71,1,29,2731458,1359244,4,3,171083
ring,3,1048576,200000.0,0.4,0.0,1.0,71,1,30,2797791,1359244,4,3,144791
ring,3,1048576,200000.0,0.4,0.0,1.0,71,1,31,2713541,1359244,4,3,142291
ring,3,1048576,200000.0,0.4,0.0,1.0,71,1,32,2787000,1359244,4,3,128875
ring,3,1048576,200000.0,0.4,0.0,1.0,71,1,33,2691417,1359244,4,3,106500
ring,3,1048576,200000.0,0.4,0.0,1.0,71,1,34,2717416,1359244,4,3,82666
ring,3,1048576,200000.0,0.4,0.0,1.0,71,1,35,2653459,1359244,4,3,124500
ring,3,1048576,200000.0,0.4,0.0,1.0,71,1,36,2822000,1359244,4,3,90375
ring,3,1048576,200000.0,0.4,0.0,1.0,71,1,37,2723208,1359244,4,3,87583
ring,3,1048576,200000.0,0.4,0.0,1.0,71,1,38,2676834,1359244,4,3,112792
ring,3,1048576,200000.0,0.4,0.0,1.0,71,1,39,2694917,1359244,4,3,107875
ring,3,1048576,200000.0,0.4,0.0,1.0,71,1,40,2795834,1359244,4,3,78042
ring,3,1048576,200000.0,0.4,0.0,1.0,71,1,41,2725458,1359244,4,3,205791
ring,3,1048576,200000.0,0.4,0.0,1.0,71,1,42,2762625,1359244,4,3,106625
ring,3,1048576,200000.0,0.4,0.0,1.0,71,1,43,2699833,1359244,4,3,83500
ring,3,1048576,200000.0,0.4,0.0,1.0,71,1,44,2811833,1359244,4,3,87000
ring,3,1048576,200000.0,0.4,0.0,1.0,71,1,45,2812792,1359244,4,3,173459
ring,3,1048576,200000.0,0.4,0.0,1.0,71,1,46,2751875,1359244,4,3,189167
ring,3,1048576,200000.0,0.4,0.0,1.0,71,1,47,2699000,1359244,4,3,107167
ring,3,1048576,200000.0,0.4,0.0,1.0,71,1,48,2694791,1359244,4,3,158125
ring,3,1048576,200000.0,0.4,0.0,1.0,71,1,49,2745959,1359244,4,3,130417
ring,3,1048576,200000.0,0.4,0.0,1.0,71,1,50,2721125,1359244,4,3,78375
ring,3,1048576,200000.0,0.4,0.0,1.0,71,1,51,2911792,1359244,4,3,76292
ring,3,1048576,200000.0,0.4,0.0,1.0,71,1,52,2589333,1359244,4,3,96458
ring,3,1048576,200000.0,0.4,0.0,1.0,71,1,53,2738375,1359244,4,3,92084
ring,3,1048576,200000.0,0.4,0.0,1.0,71,1,54,2681417,1359244,4,3,137376
ring,3,1048576,200000.0,0.4,0.0,1.0,71,1,55,2777208,1359244,4,3,101250
ring,3,1048576,200000.0,0.4,0.0,1.0,71,1,56,2733958,1359244,4,3,96583
ring,3,1048576,200000.0,0.4,0.0,1.0,71,1,57,2658250,1359244,4,3,151834
ring,3,1048576,200000.0,0.4,0.0,1.0,71,1,58,2608667,1359244,4,3,112167
ring,3,1048576,200000.0,0.4,0.0,1.0,71,1,59,2578875,1359244,4,3,130500
ring,3,1048576,200000.0,0.4,0.0,1.0,71,1,60,2668167,1359244,4,3,126792
ring,3,1048576,200000.0,0.4,0.0,1.0,71,1,61,2723709,1359244,4,3,108000
ring,3,1048576,200000.0,0.4,0.0,1.0,71,1,62,2729042,1359244,4,3,155376
ring,3,1048576,200000.0,0.4,0.0,1.0,71,1,63,2693083,1359244,4,3,126166
ring,3,1048576,200000.0,0.4,0.0,1.0,71,1,64,2700833,1359244,4,3,97541
ring,3,1048576,200000.0,0.4,0.0,1.0,71,1,65,2688209,1359244,4,3,69917
ring,3,1048576,200000.0,0.4,0.0,1.0,71,1,66,2660542,1359244,4,3,149709
ring,3,1048576,200000.0,0.4,0.0,1.0,71,1,67,2702292,1359244,4,3,113584
ring,3,1048576,200000.0,0.4,0.0,1.0,71,1,68,2815625,1359244,4,3,132542
ring,3,1048576,200000.0,0.4,0.0,1.0,71,1,69,2734333,1359244,4,3,55208
ring,3,1048576,200000.0,0.4,0.0,1.0,71,1,70,2717792,1359244,4,3,148833
ring,3,1048576,200000.0,0.4,0.0,1.0,71,1,71,2694791,1359244,4,3,129958
ring,3,1048576,200000.0,0.4,0.0,1.0,71,1,72,2763416,1359244,4,3,124541
ring,3,1048576,200000.0,0.4,0.0,1.0,71,1,73,2750417,1359244,4,3,163376
ring,3,1048576,200000.0,0.4,0.0,1.0,71,1,74,2835125,1359244,4,3,70792
ring,3,1048576,200000.0,0.4,0.0,1.0,71,1,75,2868125,1359244,4,3,149250
ring,3,1048576,200000.0,0.4,0.0,1.0,71,1,76,2619333,1359244,4,3,120750
ring,3,1048576,200000.0,0.4,0.0,1.0,71,1,77,2710750,1359244,4,3,146208
ring,3,1048576,200000.0,0.4,0.0,1.0,71,1,78,2638959,1359244,4,3,116459
ring,3,1048576,200000.0,0.4,0.0,1.0,71,1,79,2883334,1359244,4,3,164001
ring,3,1048576,200000.0,0.4,0.0,1.0,71,1,80,2732833,1359244,4,3,118541
ring,3,1048576,200000.0,0.4,0.0,1.0,71,1,81,2743667,1359244,4,3,177334
ring,3,1048576,200000.0,0.4,0.0,1.0,71,1,82,2674458,1359244,4,3,114625
ring,3,1048576,200000.0,0.4,0.0,1.0,71,1,83,2667292,1359244,4,3,58459
ring,3,1048576,200000.0,0.4,0.0,1.0,71,1,84,2862917,1359244,4,3,127542
ring,3,1048576,200000.0,0.4,0.0,1.0,71,1,85,2645917,1359244,4,3,181959
ring,3,1048576,200000.0,0.4,0.0,1.0,71,1,86,2709416,1359244,4,3,165833
ring,3,1048576,200000.0,0.4,0.0,1.0,71,1,87,2614750,1359244,4,3,120625
ring,3,1048576,200000.0,0.4,0.0,1.0,71,1,88,2670917,1359244,4,3,104958
ring,3,1048576,200000.0,0.4,0.0,1.0,71,1,89,2818958,1359244,4,3,103208
ring,3,1048576,200000.0,0.4,0.0,1.0,71,1,90,2731375,1359244,4,3,144708
ring,3,1048576,200000.0,0.4,0.0,1.0,71,1,91,2817209,1359244,4,3,135292
ring,3,1048576,200000.0,0.4,0.0,1.0,71,1,92,2809125,1359244,4,3,201000
ring,3,1048576,200000.0,0.4,0.0,1.0,71,1,93,2735041,1359244,4,3,74999
ring,3,1048576,200000.0,0.4,0.0,1.0,71,1,94,2710000,1359244,4,3,119167
ring,3,1048576,200000.0,0.4,0.0,1.0,71,1,95,2754000,1359244,4,3,111209
ring,3,1048576,200000.0,0.4,0.0,1.0,71,1,96,2709375,1359244,4,3,97625
ring,3,1048576,200000.0,0.4,0.0,1.0,71,1,97,2690000,1359244,4,3,113459
ring,3,1048576,200000.0,0.4,0.0,1.0,71,1,98,2777500,1359244,4,3,108250
ring,3,1048576,200000.0,0.4,0.0,1.0,71,1,99,2586292,1359244,4,3,107459
ring,3,1048576,200000.0,0.4,0.0,1.0,71,1,100,2631375,1359244,4,3,119209
ring,3,1048576,200000.0,0.4,0.0,1.0,71,1,101,2606209,1359244,4,3,160209
ring,3,1048576,200000.0,0.4,0.0,1.0,71,1,102,2660458,1359244,4,3,115541
ring,3,1048576,200000.0,0.4,0.0,1.0,71,1,103,2821666,1359244,4,3,247832
ring,3,1048576,200000.0,0.4,0.0,1.0,71,1,104,2822083,1359244,4,3,55624
ring,3,1048576,200000.0,0.4,0.0,1.0,71,1,105,2739208,1359244,4,3,50375
ring,3,1048576,200000.0,0.4,0.0,1.0,71,1,106,2652167,1359244,4,3,145209
ring,3,1048576,200000.0,0.4,0.0,1.0,71,1,107,2651834,1359244,4,3,125292
ring,3,1048576,200000.0,0.4,0.0,1.0,71,1,108,2626666,1359244,4,3,64999
ring,3,1048576,200000.0,0.4,0.0,1.0,71,1,109,2594584,1359244,4,3,75459
ring,3,1048576,200000.0,0.4,0.0,1.0,71,1,110,2686792,1359244,4,3,139875
ring,3,1048576,200000.0,0.4,0.0,1.0,71,1,111,2726542,1359244,4,3,68417
ring,3,1048576,200000.0,0.4,0.0,1.0,71,1,112,2726917,1359244,4,3,152583
ring,3,1048576,200000.0,0.4,0.0,1.0,71,1,113,2691958,1359244,4,3,97249
ring,3,1048576,200000.0,0.4,0.0,1.0,71,1,114,2685833,1359244,4,3,53083
ring,3,1048576,200000.0,0.4,0.0,1.0,71,1,115,2856583,1359244,4,3,101500
ring,3,1048576,200000.0,0.4,0.0,1.0,71,1,116,2683083,1359244,4,3,140708
ring,3,1048576,200000.0,0.4,0.0,1.0,71,1,117,2688000,1359244,4,3,113375
ring,3,1048576,200000.0,0.4,0.0,1.0,71,1,118,2660667,1359244,4,3,148000
ring,3,1048576,200000.0,0.4,0.0,1.0,71,1,119,2685458,1359244,4,3,114041
ring,3,1048576,200000.0,0.4,0.0,1.0,71,1,120,2709542,1359244,4,3,226125
ring,3,1048576,200000.0,0.4,0.0,1.0,71,1,121,2749083,1359244,4,3,112042
ring,3,1048576,200000.0,0.4,0.0,1.0,71,1,122,2714416,1359244,4,3,135124
ring,3,1048576,200000.0,0.4,0.0,1.0,71,1,123,2856000,1359244,4,3,97667
ring,3,1048576,200000.0,0.4,0.0,1.0,71,1,124,2844083,1359244,4,3,86999
ring,3,1048576,200000.0,0.4,0.0,1.0,71,1,125,2723625,1359244,4,3,176458
ring,3,1048576,200000.0,0.4,0.0,1.0,71,1,126,2791959,1359244,4,3,133751
ring,3,1048576,200000.0,0.4,0.0,1.0,71,1,127,2758041,1359244,4,3,129458
ring,3,1048576,200000.0,0.4,0.0,1.0,71,1,128,2645750,1359244,4,3,128417
ring,3,1048576,200000.0,0.4,0.0,1.0,71,1,129,2927417,1359244,4,3,126459
ring,3,1048576,200000.0,0.4,0.0,1.0,71,1,130,2752708,1359244,4,3,108083
ring,3,1048576,200000.0,0.4,0.0,1.0,71,1,131,2730875,1359244,4,3,98916
ring,3,1048576,200000.0,0.4,0.0,1.0,71,1,132,2800250,1359244,4,3,164375
ring,3,1048576,200000.0,0.4,0.0,1.0,71,1,133,2819417,1359244,4,3,84126
ring,3,1048576,200000.0,0.4,0.0,1.0,71,1,134,2772167,1359244,4,3,115917
ring,3,1048576,200000.0,0.4,0.0,1.0,71,1,135,2816250,1359244,4,3,127709
ring,3,1048576,200000.0,0.4,0.0,1.0,71,1,136,2683959,1359244,4,3,100043
ring,3,1048576,200000.0,0.4,0.0,1.0,71,1,137,2795458,1359244,4,3,109292
ring,3,1048576,200000.0,0.4,0.0,1.0,71,1,138,2677958,1359244,4,3,122000
ring,3,1048576,200000.0,0.4,0.0,1.0,71,1,139,2681791,1359244,4,3,44750
ring,3,1048576,200000.0,0.4,0.0,1.0,71,1,140,2763166,1359244,4,3,142500
ring,3,1048576,200000.0,0.4,0.0,1.0,71,1,141,2733292,1359244,4,3,118584
ring,3,1048576,200000.0,0.4,0.0,1.0,71,1,142,2660125,1359244,4,3,123750
ring,3,1048576,200000.0,0.4,0.0,1.0,71,1,143,2760833,1359244,4,3,97541
ring,3,1048576,200000.0,0.4,0.0,1.0,71,1,144,2823417,1359244,4,3,129292
ring,3,1048576,200000.0,0.4,0.0,1.0,71,1,145,2711833,1359244,4,3,155833
ring,3,1048576,200000.0,0.4,0.0,1.0,71,1,146,2736333,1359244,4,3,25167
ring,3,1048576,200000.0,0.4,0.0,1.0,71,1,147,2687167,1359244,4,3,141459
ring,3,1048576,200000.0,0.4,0.0,1.0,71,1,148,2716709,1359244,4,3,125709
ring,3,1048576,200000.0,0.4,0.0,1.0,71,1,149,2693375,1359244,4,3,53375
ring,3,1048576,200000.0,0.4,0.0,1.0,71,1,150,2747333,1359244,4,3,180292
ring,3,1048576,200000.0,0.4,0.0,1.0,71,1,151,2727958,1359244,4,3,116167
ring,3,1048576,200000.0,0.4,0.0,1.0,71,1,152,2664042,1359244,4,3,113417
ring,3,1048576,200000.0,0.4,0.0,1.0,71,1,153,2804000,1359244,4,3,123917
ring,3,1048576,200000.0,0.4,0.0,1.0,71,1,154,2689041,1359244,4,3,164666
ring,3,1048576,200000.0,0.4,0.0,1.0,71,1,155,2678458,1359244,4,3,64416
ring,3,1048576,200000.0,0.4,0.0,1.0,71,1,156,2882625,1359244,4,3,159000
ring,3,1048576,200000.0,0.4,0.0,1.0,71,1,157,2824917,1359244,4,3,67500
ring,3,1048576,200000.0,0.4,0.0,1.0,71,1,158,2750917,1359244,4,3,125167
ring,3,1048576,200000.0,0.4,0.0,1.0,71,1,159,2702916,1359244,4,3,156833
ring,3,1048576,200000.0,0.4,0.0,1.0,71,1,160,2699458,1359244,4,3,148874
ring,3,1048576,200000.0,0.4,0.0,1.0,71,1,161,2668750,1359244,4,3,116750
ring,3,1048576,200000.0,0.4,0.0,1.0,71,1,162,2610250,1359244,4,3,88250
ring,3,1048576,200000.0,0.4,0.0,1.0,71,1,163,2763959,1359244,4,3,54293
ring,3,1048576,200000.0,0.4,0.0,1.0,71,1,164,2772958,1359244,4,3,86500
ring,3,1048576,200000.0,0.4,0.0,1.0,71,1,165,2722958,1359244,4,3,115541
ring,3,1048576,200000.0,0.4,0.0,1.0,71,1,166,2623875,1359244,4,3,104875
ring,3,1048576,200000.0,0.4,0.0,1.0,71,1,167,2798625,1359244,4,3,165292
ring,3,1048576,200000.0,0.4,0.0,1.0,71,1,168,2708583,1359244,4,3,112542
ring,3,1048576,200000.0,0.4,0.0,1.0,71,1,169,2618292,1359244,4,3,134209
ring,3,1048576,200000.0,0.4,0.0,1.0,71,1,170,2691250,1359244,4,3,27292
ring,3,1048576,200000.0,0.4,0.0,1.0,71,1,171,2629458,1359244,4,3,51708
ring,3,1048576,200000.0,0.4,0.0,1.0,71,1,172,2732834,1359244,4,3,75667
ring,3,1048576,200000.0,0.4,0.0,1.0,71,1,173,2680333,1359244,4,3,116708
ring,3,1048576,200000.0,0.4,0.0,1.0,71,1,174,2785459,1359244,4,3,218751
ring,3,1048576,200000.0,0.4,0.0,1.0,71,1,175,2699000,1359244,4,3,130292
ring,3,1048576,200000.0,0.4,0.0,1.0,71,1,176,2702792,1359244,4,3,116334
ring,3,1048576,200000.0,0.4,0.0,1.0,71,1,177,2633834,1359244,4,3,150292
ring,3,1048576,200000.0,0.4,0.0,1.0,71,1,178,2936500,1359244,4,3,127625
ring,3,1048576,200000.0,0.4,0.0,1.0,71,1,179,2738375,1359244,4,3,100292
ring,3,1048576,200000.0,0.4,0.0,1.0,71,1,180,2774875,1359244,4,3,128458
ring,3,1048576,200000.0,0.4,0.0,1.0,71,1,181,2727750,1359244,4,3,113083
ring,3,1048576,200000.0,0.4,0.0,1.0,71,1,182,2861625,1359244,4,3,230666
ring,3,1048576,200000.0,0.4,0.0,1.0,71,1,183,2755292,1359244,4,3,108042
ring,3,1048576,200000.0,0.4,0.0,1.0,71,1,184,2916000,1359244,4,3,90500
ring,3,1048576,200000.0,0.4,0.0,1.0,71,1,185,2662417,1359244,4,3,91208
ring,3,1048576,200000.0,0.4,0.0,1.0,71,1,186,2724333,1359244,4,3,133666
ring,3,1048576,200000.0,0.4,0.0,1.0,71,1,187,2698917,1359244,4,3,105750
ring,3,1048576,200000.0,0.4,0.0,1.0,71,1,188,2773292,1359244,4,3,142583
ring,3,1048576,200000.0,0.4,0.0,1.0,71,1,189,2638500,1359244,4,3,165917
ring,3,1048576,200000.0,0.4,0.0,1.0,71,1,190,2683375,1359244,4,3,17084
ring,3,1048576,200000.0,0.4,0.0,1.0,71,1,191,2757542,1359244,4,3,64084
ring,3,1048576,200000.0,0.4,0.0,1.0,71,1,192,2984625,1359244,4,3,317375
ring,3,1048576,200000.0,0.4,0.0,1.0,71,1,193,2902833,1359244,4,3,145124
ring,3,1048576,200000.0,0.4,0.0,1.0,71,1,194,2824292,1359244,4,3,29833
ring,3,1048576,200000.0,0.4,0.0,1.0,71,1,195,2839333,1359244,4,3,180958
ring,3,1048576,200000.0,0.4,0.0,1.0,71,1,196,2943041,1359244,4,3,109500
ring,3,1048576,200000.0,0.4,0.0,1.0,71,1,197,2818916,1359244,4,3,183749
ring,3,1048576,200000.0,0.4,0.0,1.0,71,1,198,2803959,1359244,4,3,104250
ring,3,1048576,200000.0,0.4,0.0,1.0,71,1,199,2724000,1359244,4,3,107542
ring,3,1048576,200000.0,0.4,0.0,1.0,71,1,200,2731458,1359244,4,3,124042
ring,3,1048576,200000.0,0.4,0.0,1.0,71,1,201,2806292,1359244,4,3,109334
ring,3,1048576,200000.0,0.4,0.0,1.0,71,1,202,2669541,1359244,4,3,112124
ring,3,1048576,200000.0,0.4,0.0,1.0,71,1,203,2754000,1359244,4,3,200375
ring,3,1048576,200000.0,0.4,0.0,1.0,71,1,204,2773667,1359244,4,3,96209
ring,3,1048576,200000.0,0.4,0.0,1.0,71,1,205,2753500,1359244,4,3,195458
ring,3,1048576,200000.0,0.4,0.0,1.0,71,1,206,2760333,1359244,4,3,167750
ring,3,1048576,200000.0,0.4,0.0,1.0,71,1,207,2685750,1359244,4,3,132041
ring,3,1048576,200000.0,0.4,0.0,1.0,71,1,208,2684042,1359244,4,3,169959
ring,3,1048576,200000.0,0.4,0.0,1.0,71,1,209,2737750,1359244,4,3,94417
ring,3,1048576,200000.0,0.4,0.0,1.0,71,1,210,2697292,1359244,4,3,106500
ring,3,1048576,200000.0,0.4,0.0,1.0,71,1,211,2783416,1359244,4,3,151541
ring,3,1048576,200000.0,0.4,0.0,1.0,71,1,212,2708458,1359244,4,3,121917
ring,3,1048576,200000.0,0.4,0.0,1.0,71,1,213,2842958,1359244,4,3,134417
ring,3,1048576,200000.0,0.4,0.0,1.0,71,1,214,2702834,1359244,4,3,87667
ring,3,1048576,200000.0,0.4,0.0,1.0,71,1,215,2729583,1359244,4,3,81958
ring,3,1048576,200000.0,0.4,0.0,1.0,71,1,216,2633416,1359244,4,3,157208
ring,3,1048576,200000.0,0.4,0.0,1.0,71,1,217,2712875,1359244,4,3,71958
ring,3,1048576,200000.0,0.4,0.0,1.0,71,1,218,2655125,1359244,4,3,141750
ring,3,1048576,200000.0,0.4,0.0,1.0,71,1,219,2875709,1359244,4,3,123084
ring,3,1048576,200000.0,0.4,0.0,1.0,71,1,220,2681625,1359244,4,3,131000
ring,3,1048576,200000.0,0.4,0.0,1.0,71,1,221,2735625,1359244,4,3,120417
ring,3,1048576,200000.0,0.4,0.0,1.0,71,1,222,2720834,1359244,4,3,119334
ring,3,1048576,200000.0,0.4,0.0,1.0,71,1,223,2798208,1359244,4,3,139750
ring,3,1048576,200000.0,0.4,0.0,1.0,71,1,224,2802208,1359244,4,3,176875
ring,3,1048576,200000.0,0.4,0.0,1.0,71,1,225,2749625,1359244,4,3,136292
ring,3,1048576,200000.0,0.4,0.0,1.0,71,1,226,2715167,1359244,4,3,128250
ring,3,1048576,200000.0,0.4,0.0,1.0,71,1,227,2944208,1359244,4,3,165708
ring,3,1048576,200000.0,0.4,0.0,1.0,71,1,228,2712084,1359244,4,3,105292
ring,3,1048576,200000.0,0.4,0.0,1.0,71,1,229,2689584,1359244,4,3,98459
ring,3,1048576,200000.0,0.4,0.0,1.0,71,1,230,2629750,1359244,4,3,165375
ring,3,1048576,200000.0,0.4,0.0,1.0,71,1,231,2756833,1359244,4,3,117958
ring,3,1048576,200000.0,0.4,0.0,1.0,71,1,232,2680542,1359244,4,3,128125
ring,3,1048576,200000.0,0.4,0.0,1.0,71,1,233,2754875,1359244,4,3,172875
ring,3,1048576,200000.0,0.4,0.0,1.0,71,1,234,2799834,1359244,4,3,133751
ring,3,1048576,200000.0,0.4,0.0,1.0,71,1,235,2730459,1359244,4,3,169167
ring,3,1048576,200000.0,0.4,0.0,1.0,71,1,236,2754750,1359244,4,3,63750
ring,3,1048576,200000.0,0.4,0.0,1.0,71,1,237,2932208,1359244,4,3,120208
ring,3,1048576,200000.0,0.4,0.0,1.0,71,1,238,2749584,1359244,4,3,45209
ring,3,1048576,200000.0,0.4,0.0,1.0,71,1,239,2800500,1359244,4,3,102791
ring,3,1048576,200000.0,0.4,0.0,1.0,71,1,240,2674500,1359244,4,3,154083
ring,3,1048576,200000.0,0.4,0.0,1.0,71,1,241,2683875,1359244,4,3,78334
ring,3,1048576,200000.0,0.4,0.0,1.0,71,1,242,2752334,1359244,4,3,88334
ring,3,1048576,200000.0,0.4,0.0,1.0,71,1,243,2725084,1359244,4,3,62959
ring,3,1048576,200000.0,0.4,0.0,1.0,71,1,244,2681417,1359244,4,3,125792
ring,3,1048576,200000.0,0.4,0.0,1.0,71,1,245,2903750,1359244,4,3,119166
ring,3,1048576,200000.0,0.4,0.0,1.0,71,1,246,2748708,1359244,4,3,149666
ring,3,1048576,200000.0,0.4,0.0,1.0,71,1,247,2726542,1359244,4,3,101084
ring,3,1048576,200000.0,0.4,0.0,1.0,71,1,248,2588583,1359244,4,3,153666
ring,3,1048576,200000.0,0.4,0.0,1.0,71,1,249,2657292,1359244,4,3,76542
ps,3,1048576,200000.0,0.4,0.0,1.0,71,2,0,3131167,619430,1,3,590251
ps,3,1048576,200000.0,0.4,0.0,1.0,71,2,1,3158583,619430,1,3,746416
ps,3,1048576,200000.0,0.4,0.0,1.0,71,2,2,3158375,1238860,2,3,604417
ps,3,1048576,200000.0,0.4,0.0,1.0,71,2,3,4177375,619430,1,3,779792
ps,3,1048576,200000.0,0.4,0.0,1.0,71,2,4,3218375,619430,1,3,567250
ps,3,1048576,200000.0,0.4,0.0,1.0,71,2,5,3082500,619430,1,3,617917
ps,3,1048576,200000.0,0.4,0.0,1.0,71,2,6,3273417,619430,1,3,654542
ps,3,1048576,200000.0,0.4,0.0,1.0,71,2,7,2997292,619430,1,3,633042
ps,3,1048576,200000.0,0.4,0.0,1.0,71,2,8,2986291,619430,1,3,653999
ps,3,1048576,200000.0,0.4,0.0,1.0,71,2,9,3107334,619430,1,3,668292
ps,3,1048576,200000.0,0.4,0.0,1.0,71,2,10,3111500,619430,1,3,616500
ps,3,1048576,200000.0,0.4,0.0,1.0,71,2,11,3052625,619430,1,3,659250
ps,3,1048576,200000.0,0.4,0.0,1.0,71,2,12,3341333,619430,1,3,719791
ps,3,1048576,200000.0,0.4,0.0,1.0,71,2,13,3129792,619430,1,3,589334
ps,3,1048576,200000.0,0.4,0.0,1.0,71,2,14,3297500,619430,1,3,345834
ps,3,1048576,200000.0,0.4,0.0,1.0,71,2,15,3374000,1238860,2,3,508208
ps,3,1048576,200000.0,0.4,0.0,1.0,71,2,16,3182625,619430,1,3,670042
ps,3,1048576,200000.0,0.4,0.0,1.0,71,2,17,3151916,619430,1,3,681583
ps,3,1048576,200000.0,0.4,0.0,1.0,71,2,18,3068917,619430,1,3,614459
ps,3,1048576,200000.0,0.4,0.0,1.0,71,2,19,2998875,619430,1,3,613167
ps,3,1048576,200000.0,0.4,0.0,1.0,71,2,20,3016958,619430,1,3,612958
ps,3,1048576,200000.0,0.4,0.0,1.0,71,2,21,3081750,619430,1,3,618667
ps,3,1048576,200000.0,0.4,0.0,1.0,71,2,22,3018000,619430,1,3,641375
ps,3,1048576,200000.0,0.4,0.0,1.0,71,2,23,3070125,619430,1,3,640250
ps,3,1048576,200000.0,0.4,0.0,1.0,71,2,24,3099500,619430,1,3,611791
ps,3,1048576,200000.0,0.4,0.0,1.0,71,2,25,2921959,619430,1,3,546000
ps,3,1048576,200000.0,0.4,0.0,1.0,71,2,26,2949667,619430,1,3,618376
ps,3,1048576,200000.0,0.4,0.0,1.0,71,2,27,3040750,619430,1,3,670833
ps,3,1048576,200000.0,0.4,0.0,1.0,71,2,28,3142667,619430,1,3,669126
ps,3,1048576,200000.0,0.4,0.0,1.0,71,2,29,3086084,619430,1,3,590918
ps,3,1048576,200000.0,0.4,0.0,1.0,71,2,30,3043292,619430,1,3,548542
ps,3,1048576,200000.0,0.4,0.0,1.0,71,2,31,3101917,619430,1,3,601709
ps,3,1048576,200000.0,0.4,0.0,1.0,71,2,32,3017250,619430,1,3,641625
ps,3,1048576,200000.0,0.4,0.0,1.0,71,2,33,2908417,619430,1,3,595626
ps,3,1048576,200000.0,0.4,0.0,1.0,71,2,34,2893000,619430,1,3,622084
ps,3,1048576,200000.0,0.4,0.0,1.0,71,2,35,2860083,619430,1,3,627292
ps,3,1048576,200000.0,0.4,0.0,1.0,71,2,36,2833750,619430,1,3,605542
ps,3,1048576,200000.0,0.4,0.0,1.0,71,2,37,2848125,619430,1,3,652375
ps,3,1048576,200000.0,0.4,0.0,1.0,71,2,38,2863084,619430,1,3,629251
ps,3,1048576,200000.0,0.4,0.0,1.0,71,2,39,2785875,619430,1,3,608542
ps,3,1048576,200000.0,0.4,0.0,1.0,71,2,40,2857333,619430,1,3,619541
ps,3,1048576,200000.0,0.4,0.0,1.0,71,2,41,2823209,619430,1,3,620459
ps,3,1048576,200000.0,0.4,0.0,1.0,71,2,42,2881875,619430,1,3,631542
ps,3,1048576,200000.0,0.4,0.0,1.0,71,2,43,2802084,619430,1,3,596792
ps,3,1048576,200000.0,0.4,0.0,1.0,71,2,44,2815708,619430,1,3,607125
ps,3,1048576,200000.0,0.4,0.0,1.0,71,2,45,2838000,619430,1,3,635459
ps,3,1048576,200000.0,0.4,0.0,1.0,71,2,46,2843541,619430,1,3,617707
ps,3,1048576,200000.0,0.4,0.0,1.0,71,2,47,2847292,619430,1,3,622959
ps,3,1048576,200000.0,0.4,0.0,1.0,71,2,48,2847709,619430,1,3,639584
ps,3,1048576,200000.0,0.4,0.0,1.0,71,2,49,2818667,619430,1,3,634084
ps,3,1048576,200000.0,0.4,0.0,1.0,71,2,50,2840125,619430,1,3,639250
ps,3,1048576,200000.0,0.4,0.0,1.0,71,2,51,3009791,619430,1,3,565124
ps,3,1048576,200000.0,0.4,0.0,1.0,71,2,52,2861208,619430,1,3,450875
ps,3,1048576,200000.0,0.4,0.0,1.0,71,2,53,3182125,619430,1,3,729917
ps,3,1048576,200000.0,0.4,0.0,1.0,71,2,54,2954417,619430,1,3,548959
ps,3,1048576,200000.0,0.4,0.0,1.0,71,2,55,3035292,619430,1,3,532251
ps,3,1048576,200000.0,0.4,0.0,1.0,71,2,56,2930459,619430,1,3,602626
ps,3,1048576,200000.0,0.4,0.0,1.0,71,2,57,2908333,619430,1,3,565958
ps,3,1048576,200000.0,0.4,0.0,1.0,71,2,58,2839417,619430,1,3,601167
ps,3,1048576,200000.0,0.4,0.0,1.0,71,2,59,2992667,619430,1,3,618958
ps,3,1048576,200000.0,0.4,0.0,1.0,71,2,60,2968583,619430,1,3,641167
ps,3,1048576,200000.0,0.4,0.0,1.0,71,2,61,2977917,619430,1,3,609667
ps,3,1048576,200000.0,0.4,0.0,1.0,71,2,62,2944250,619430,1,3,621792
ps,3,1048576,200000.0,0.4,0.0,1.0,71,2,63,3072916,619430,1,3,615291
ps,3,1048576,200000.0,0.4,0.0,1.0,71,2,64,2876667,619430,1,3,521209
ps,3,1048576,200000.0,0.4,0.0,1.0,71,2,65,2986209,619430,1,3,611000
ps,3,1048576,200000.0,0.4,0.0,1.0,71,2,66,2874875,619430,1,3,602125
ps,3,1048576,200000.0,0.4,0.0,1.0,71,2,67,2882583,619430,1,3,658875
ps,3,1048576,200000.0,0.4,0.0,1.0,71,2,68,2946958,619430,1,3,575708
ps,3,1048576,200000.0,0.4,0.0,1.0,71,2,69,2910750,619430,1,3,673167
ps,3,1048576,200000.0,0.4,0.0,1.0,71,2,70,2886875,619430,1,3,564333
ps,3,1048576,200000.0,0.4,0.0,1.0,71,2,71,2857708,619430,1,3,633083
ps,3,1048576,200000.0,0.4,0.0,1.0,71,2,72,2889958,619430,1,3,643416
ps,3,1048576,200000.0,0.4,0.0,1.0,71,2,73,2872334,619430,1,3,608043
ps,3,1048576,200000.0,0.4,0.0,1.0,71,2,74,2885875,619430,1,3,642959
ps,3,1048576,200000.0,0.4,0.0,1.0,71,2,75,2887459,619430,1,3,639084
ps,3,1048576,200000.0,0.4,0.0,1.0,71,2,76,3142000,619430,1,3,496042
ps,3,1048576,200000.0,0.4,0.0,1.0,71,2,77,2946917,619430,1,3,614584
ps,3,1048576,200000.0,0.4,0.0,1.0,71,2,78,2958500,619430,1,3,635417
ps,3,1048576,200000.0,0.4,0.0,1.0,71,2,79,2837041,619430,1,3,616791
ps,3,1048576,200000.0,0.4,0.0,1.0,71,2,80,2839583,619430,1,3,617541
ps,3,1048576,200000.0,0.4,0.0,1.0,71,2,81,2834834,619430,1,3,639250
ps,3,1048576,200000.0,0.4,0.0,1.0,71,2,82,2814250,619430,1,3,595667
ps,3,1048576,200000.0,0.4,0.0,1.0,71,2,83,2975541,619430,1,3,635541
ps,3,1048576,200000.0,0.4,0.0,1.0,71,2,84,3008084,619430,1,3,640543
ps,3,1048576,200000.0,0.4,0.0,1.0,71,2,85,2832833,619430,1,3,600374
ps,3,1048576,200000.0,0.4,0.0,1.0,71,2,86,2832750,619430,1,3,608500
ps,3,1048576,200000.0,0.4,0.0,1.0,71,2,87,2875666,619430,1,3,627166
ps,3,1048576,200000.0,0.4,0.0,1.0,71,2,88,2861834,619430,1,3,631292
ps,3,1048576,200000.0,0.4,0.0,1.0,71,2,89,2867041,619430,1,3,593999
ps,3,1048576,200000.0,0.4,0.0,1.0,71,2,90,2835250,619430,1,3,618583
ps,3,1048576,200000.0,0.4,0.0,1.0,71,2,91,2857542,619430,1,3,621917
ps,3,1048576,200000.0,0.4,0.0,1.0,71,2,92,2848375,619430,1,3,609834
ps,3,1048576,200000.0,0.4,0.0,1.0,71,2,93,2823208,619430,1,3,585625
ps,3,1048576,200000.0,0.4,0.0,1.0,71,2,94,2832000,619430,1,3,611916
ps,3,1048576,200000.0,0.4,0.0,1.0,71,2,95,2851542,619430,1,3,616833
ps,3,1048576,200000.0,0.4,0.0,1.0,71,2,96,2832125,619430,1,3,631125
ps,3,1048576,200000.0,0.4,0.0,1.0,71,2,97,2798208,619430,1,3,636124
ps,3,1048576,200000.0,0.4,0.0,1.0,71,2,98,2813125,619430,1,3,608792
ps,3,1048576,200000.0,0.4,0.0,1.0,71,2,99,2851500,619430,1,3,635250
ps,3,1048576,200000.0,0.4,0.0,1.0,71,2,100,2810667,619430,1,3,650292
ps,3,1048576,200000.0,0.4,0.0,1.0,71,2,101,2834333,619430,1,3,634000
ps,3,1048576,200000.0,0.4,0.0,1.0,71,2,102,3017959,619430,1,3,629334
ps,3,1048576,200000.0,0.4,0.0,1.0,71,2,103,2876250,619430,1,3,617834
ps,3,1048576,200000.0,0.4,0.0,1.0,71,2,104,2851750,619430,1,3,617750
ps,3,1048576,200000.0,0.4,0.0,1.0,71,2,105,2822709,619430,1,3,679959
ps,3,1048576,200000.0,0.4,0.0,1.0,71,2,106,3153375,619430,1,3,627875
ps,3,1048576,200000.0,0.4,0.0,1.0,71,2,107,3130083,619430,1,3,627208
ps,3,1048576,200000.0,0.4,0.0,1.0,71,2,108,3124167,619430,1,3,629917
ps,3,1048576,200000.0,0.4,0.0,1.0,71,2,109,3033791,619430,1,3,647458
ps,3,1048576,200000.0,0.4,0.0,1.0,71,2,110,2934333,619430,1,3,623625
ps,3,1048576,200000.0,0.4,0.0,1.0,71,2,111,2948875,619430,1,3,723458
ps,3,1048576,200000.0,0.4,0.0,1.0,71,2,112,3112958,619430,1,3,623749
ps,3,1048576,200000.0,0.4,0.0,1.0,71,2,113,2904500,619430,1,3,635833
ps,3,1048576,200000.0,0.4,0.0,1.0,71,2,114,3113625,619430,1,3,657291
ps,3,1048576,200000.0,0.4,0.0,1.0,71,2,115,2921542,619430,1,3,611750
ps,3,1048576,200000.0,0.4,0.0,1.0,71,2,116,2826625,619430,1,3,638791
ps,3,1048576,200000.0,0.4,0.0,1.0,71,2,117,2876000,619430,1,3,598042
ps,3,1048576,200000.0,0.4,0.0,1.0,71,2,118,2878709,619430,1,3,641792
ps,3,1048576,200000.0,0.4,0.0,1.0,71,2,119,2836667,619430,1,3,610417
ps,3,1048576,200000.0,0.4,0.0,1.0,71,2,120,2890667,619430,1,3,624834
ps,3,1048576,200000.0,0.4,0.0,1.0,71,2,121,2939125,619430,1,3,611792
ps,3,1048576,200000.0,0.4,0.0,1.0,71,2,122,2948125,619430,1,3,745333
ps,3,1048576,200000.0,0.4,0.0,1.0,71,2,123,2938292,619430,1,3,657709
ps,3,1048576,200000.0,0.4,0.0,1.0,71,2,124,2947291,619430,1,3,620457
ps,3,1048576,200000.0,0.4,0.0,1.0,71,2,125,2982875,619430,1,3,570541
ps,3,1048576,200000.0,0.4,0.0,1.0,71,2,126,3021125,619430,1,3,609625
ps,3,1048576,200000.0,0.4,0.0,1.0,71,2,127,3111458,619430,1,3,621000
ps,3,1048576,200000.0,0.4,0.0,1.0,71,2,128,3189666,619430,1,3,579708
ps,3,1048576,200000.0,0.4,0.0,1.0,71,2,129,3043000,619430,1,3,580833
ps,3,1048576,200000.0,0.4,0.0,1.0,71,2,130,2995666,619430,1,3,496749
ps,3,1048576,200000.0,0.4,0.0,1.0,71,2,131,3168666,619430,1,3,598624
ps,3,1048576,200000.0,0.4,0.0,1.0,71,2,132,3189125,1238860,2,3,563458
ps,3,1048576,200000.0,0.4,0.0,1.0,71,2,133,2957000,619430,1,3,657416
ps,3,1048576,200000.0,0.4,0.0,1.0,71,2,134,3097834,619430,1,3,686459
ps,3,1048576,200000.0,0.4,0.0,1.0,71,2,135,3135500,619430,1,3,606875
ps,3,1048576,200000.0,0.4,0.0,1.0,71,2,136,3097625,619430,1,3,637666
ps,3,1048576,200000.0,0.4,0.0,1.0,71,2,137,3087875,619430,1,3,540708
ps,3,1048576,200000.0,0.4,0.0,1.0,71,2,138,3096750,619430,1,3,698208
ps,3,1048576,200000.0,0.4,0.0,1.0,71,2,139,3057500,619430,1,3,502000
ps,3,1048576,200000.0,0.4,0.0,1.0,71,2,140,2874000,619430,1,3,599000
ps,3,1048576,200000.0,0.4,0.0,1.0,71,2,141,2966292,619430,1,3,623042
ps,3,1048576,200000.0,0.4,0.0,1.0,71,2,142,2920083,619430,1,3,637583
ps,3,1048576,200000.0,0.4,0.0,1.0,71,2,143,2850458,619430,1,3,620291
ps,3,1048576,200000.0,0.4,0.0,1.0,71,2,144,2810667,619430,1,3,595834
ps,3,1048576,200000.0,0.4,0.0,1.0,71,2,145,3062792,619430,1,3,615292
ps,3,1048576,200000.0,0.4,0.0,1.0,71,2,146,3022042,619430,1,3,475501
ps,3,1048576,200000.0,0.4,0.0,1.0,71,2,147,3043875,619430,1,3,609958
ps,3,1048576,200000.0,0.4,0.0,1.0,71,2,148,3007750,619430,1,3,614291
ps,3,1048576,200000.0,0.4,0.0,1.0,71,2,149,3270583,619430,1,3,829750
ps,3,1048576,200000.0,0.4,0.0,1.0,71,2,150,3051834,619430,1,3,612876
ps,3,1048576,200000.0,0.4,0.0,1.0,71,2,151,3161125,619430,1,3,633041
ps,3,1048576,200000.0,0.4,0.0,1.0,71,2,152,3204125,619430,1,3,555834
ps,3,1048576,200000.0,0.4,0.0,1.0,71,2,153,3113708,619430,1,3,607625
ps,3,1048576,200000.0,0.4,0.0,1.0,71,2,154,2939875,619430,1,3,600583
ps,3,1048576,200000.0,0.4,0.0,1.0,71,2,155,3112291,619430,1,3,515332
ps,3,1048576,200000.0,0.4,0.0,1.0,71,2,156,3177208,619430,1,3,619250
ps,3,1048576,200000.0,0.4,0.0,1.0,71,2,157,3127875,619430,1,3,612000
ps,3,1048576,200000.0,0.4,0.0,1.0,71,2,158,3072542,619430,1,3,525084
ps,3,1048576,200000.0,0.4,0.0,1.0,71,2,159,3005917,619430,1,3,596625
ps,3,1048576,200000.0,0.4,0.0,1.0,71,2,160,3222750,619430,1,3,635750
ps,3,1048576,200000.0,0.4,0.0,1.0,71,2,161,3119833,619430,1,3,625666
ps,3,1048576,200000.0,0.4,0.0,1.0,71,2,162,3150125,619430,1,3,592708
ps,3,1048576,200000.0,0.4,0.0,1.0,71,2,163,3122542,619430,1,3,617583
ps,3,1048576,200000.0,0.4,0.0,1.0,71,2,164,3223958,619430,1,3,643708
ps,3,1048576,200000.0,0.4,0.0,1.0,71,2,165,3204583,619430,1,3,698458
ps,3,1048576,200000.0,0.4,0.0,1.0,71,2,166,3140250,619430,1,3,639791
ps,3,1048576,200000.0,0.4,0.0,1.0,71,2,167,3025500,619430,1,3,721750
ps,3,1048576,200000.0,0.4,0.0,1.0,71,2,168,3133209,619430,1,3,635459
ps,3,1048576,200000.0,0.4,0.0,1.0,71,2,169,2843334,619430,1,3,595418
ps,3,1048576,200000.0,0.4,0.0,1.0,71,2,170,3071167,619430,1,3,616751
ps,3,1048576,200000.0,0.4,0.0,1.0,71,2,171,2945500,619430,1,3,539291
ps,3,1048576,200000.0,0.4,0.0,1.0,71,2,172,2927709,619430,1,3,649209
ps,3,1048576,200000.0,0.4,0.0,1.0,71,2,173,3132625,619430,1,3,629584
ps,3,1048576,200000.0,0.4,0.0,1.0,71,2,174,2830166,619430,1,3,624749
ps,3,1048576,200000.0,0.4,0.0,1.0,71,2,175,2973792,619430,1,3,646667
ps,3,1048576,200000.0,0.4,0.0,1.0,71,2,176,3013042,619430,1,3,626042
ps,3,1048576,200000.0,0.4,0.0,1.0,71,2,177,2786417,619430,1,3,548750
ps,3,1048576,200000.0,0.4,0.0,1.0,71,2,178,2880959,619430,1,3,593293
ps,3,1048576,200000.0,0.4,0.0,1.0,71,2,179,2878500,619430,1,3,638625
ps,3,1048576,200000.0,0.4,0.0,1.0,71,2,180,2831375,619430,1,3,634834
ps,3,1048576,200000.0,0.4,0.0,1.0,71,2,181,2852042,619430,1,3,605542
ps,3,1048576,200000.0,0.4,0.0,1.0,71,2,182,2836000,619430,1,3,620375
ps,3,1048576,200000.0,0.4,0.0,1.0,71,2,183,2875333,619430,1,3,629624
ps,3,1048576,200000.0,0.4,0.0,1.0,71,2,184,3061667,619430,1,3,616042
ps,3,1048576,200000.0,0.4,0.0,1.0,71,2,185,2907084,619430,1,3,628500
ps,3,1048576,200000.0,0.4,0.0,1.0,71,2,186,2928625,619430,1,3,582750
ps,3,1048576,200000.0,0.4,0.0,1.0,71,2,187,2886292,619430,1,3,615208
ps,3,1048576,200000.0,0.4,0.0,1.0,71,2,188,3029958,619430,1,3,724625
ps,3,1048576,200000.0,0.4,0.0,1.0,71,2,189,3071792,619430,1,3,576709
ps,3,1048576,200000.0,0.4,0.0,1.0,71,2,190,3110083,619430,1,3,623417
ps,3,1048576,200000.0,0.4,0.0,1.0,71,2,191,2889250,619430,1,3,483583
ps,3,1048576,200000.0,0.4,0.0,1.0,71,2,192,2963750,619430,1,3,651292
ps,3,1048576,200000.0,0.4,0.0,1.0,71,2,193,3086875,619430,1,3,531625
ps,3,1048576,200000.0,0.4,0.0,1.0,71,2,194,2906541,619430,1,3,591708
ps,3,1048576,200000.0,0.4,0.0,1.0,71,2,195,3273833,619430,1,3,657458
ps,3,1048576,200000.0,0.4,0.0,1.0,71,2,196,3090292,619430,1,3,630125
ps,3,1048576,200000.0,0.4,0.0,1.0,71,2,197,2874333,619430,1,3,625333
ps,3,1048576,200000.0,0.4,0.0,1.0,71,2,198,2819750,619430,1,3,634708
ps,3,1048576,200000.0,0.4,0.0,1.0,71,2,199,2828625,619430,1,3,640625
ps,3,1048576,200000.0,0.4,0.0,1.0,71,2,200,2871292,619430,1,3,615876
ps,3,1048576,200000.0,0.4,0.0,1.0,71,2,201,2847125,619430,1,3,631500
ps,3,1048576,200000.0,0.4,0.0,1.0,71,2,202,2853000,619430,1,3,554833
ps,3,1048576,200000.0,0.4,0.0,1.0,71,2,203,3176917,619430,1,3,650375
ps,3,1048576,200000.0,0.4,0.0,1.0,71,2,204,3179292,619430,1,3,641000
ps,3,1048576,200000.0,0.4,0.0,1.0,71,2,205,2904208,619430,1,3,719250
ps,3,1048576,200000.0,0.4,0.0,1.0,71,2,206,2950250,619430,1,3,673375
ps,3,1048576,200000.0,0.4,0.0,1.0,71,2,207,3011000,619430,1,3,645167
ps,3,1048576,200000.0,0.4,0.0,1.0,71,2,208,2888708,619430,1,3,612041
ps,3,1048576,200000.0,0.4,0.0,1.0,71,2,209,2845625,619430,1,3,625416
ps,3,1048576,200000.0,0.4,0.0,1.0,71,2,210,2882084,619430,1,3,621793
ps,3,1048576,200000.0,0.4,0.0,1.0,71,2,211,2913750,619430,1,3,535167
ps,3,1048576,200000.0,0.4,0.0,1.0,71,2,212,2848000,619430,1,3,629584
ps,3,1048576,200000.0,0.4,0.0,1.0,71,2,213,2901041,619430,1,3,658374
ps,3,1048576,200000.0,0.4,0.0,1.0,71,2,214,2936916,619430,1,3,669249
ps,3,1048576,200000.0,0.4,0.0,1.0,71,2,215,2924292,619430,1,3,660459
ps,3,1048576,200000.0,0.4,0.0,1.0,71,2,216,2873917,619430,1,3,655376
ps,3,1048576,200000.0,0.4,0.0,1.0,71,2,217,2844458,619430,1,3,660292
ps,3,1048576,200000.0,0.4,0.0,1.0,71,2,218,2844167,619430,1,3,618584
ps,3,1048576,200000.0,0.4,0.0,1.0,71,2,219,2756125,619430,1,3,584875
ps,3,1048576,200000.0,0.4,0.0,1.0,71,2,220,2808250,619430,1,3,605500
ps,3,1048576,200000.0,0.4,0.0,1.0,71,2,221,2836666,619430,1,3,621166
ps,3,1048576,200000.0,0.4,0.0,1.0,71,2,222,2810500,619430,1,3,628459
ps,3,1048576,200000.0,0.4,0.0,1.0,71,2,223,2865083,619430,1,3,580125
ps,3,1048576,200000.0,0.4,0.0,1.0,71,2,224,2906292,619430,1,3,676084
ps,3,1048576,200000.0,0.4,0.0,1.0,71,2,225,2809125,619430,1,3,616750
ps,3,1048576,200000.0,0.4,0.0,1.0,71,2,226,2811000,619430,1,3,628875
ps,3,1048576,200000.0,0.4,0.0,1.0,71,2,227,2834875,619430,1,3,637209
ps,3,1048576,200000.0,0.4,0.0,1.0,71,2,228,2827708,619430,1,3,616291
ps,3,1048576,200000.0,0.4,0.0,1.0,71,2,229,2823625,619430,1,3,630708
ps,3,1048576,200000.0,0.4,0.0,1.0,71,2,230,2801250,619430,1,3,616000
ps,3,1048576,200000.0,0.4,0.0,1.0,71,2,231,2873500,619430,1,3,642500
ps,3,1048576,200000.0,0.4,0.0,1.0,71,2,232,2843625,619430,1,3,625084
ps,3,1048576,200000.0,0.4,0.0,1.0,71,2,233,2803458,619430,1,3,621416
ps,3,1048576,200000.0,0.4,0.0,1.0,71,2,234,2809417,619430,1,3,618042
ps,3,1048576,200000.0,0.4,0.0,1.0,71,2,235,2854708,619430,1,3,615124
ps,3,1048576,200000.0,0.4,0.0,1.0,71,2,236,2849042,619430,1,3,637875
ps,3,1048576,200000.0,0.4,0.0,1.0,71,2,237,2786625,619430,1,3,579834
ps,3,1048576,200000.0,0.4,0.0,1.0,71,2,238,2841916,619430,1,3,642916
ps,3,1048576,200000.0,0.4,0.0,1.0,71,2,239,2810334,619430,1,3,624501
ps,3,1048576,200000.0,0.4,0.0,1.0,71,2,240,2788416,619430,1,3,615916
ps,3,1048576,200000.0,0.4,0.0,1.0,71,2,241,2856708,619430,1,3,664833
ps,3,1048576,200000.0,0.4,0.0,1.0,71,2,242,2846208,619430,1,3,613583
ps,3,1048576,200000.0,0.4,0.0,1.0,71,2,243,2818250,619430,1,3,619667
ps,3,1048576,200000.0,0.4,0.0,1.0,71,2,244,2897458,619430,1,3,609958
ps,3,1048576,200000.0,0.4,0.0,1.0,71,2,245,2829000,619430,1,3,589125
ps,3,1048576,200000.0,0.4,0.0,1.0,71,2,246,2888250,619430,1,3,623583
ps,3,1048576,200000.0,0.4,0.0,1.0,71,2,247,2805750,619430,1,3,634709
ps,3,1048576,200000.0,0.4,0.0,1.0,71,2,248,2883959,619430,1,3,626126
ps,3,1048576,200000.0,0.4,0.0,1.0,71,2,249,3118375,619430,1,3,931958
ring,3,4194304,200000.0,0.4,0.0,1.0,71,2,0,6200000,3036964,4,3,323375
ring,3,4194304,200000.0,0.4,0.0,1.0,71,2,1,6611125,3036964,4,3,390334
ring,3,4194304,200000.0,0.4,0.0,1.0,71,2,2,6285167,3036964,4,3,292667
ring,3,4194304,200000.0,0.4,0.0,1.0,71,2,3,6349542,3036964,4,3,326917
ring,3,4194304,200000.0,0.4,0.0,1.0,71,2,4,6162041,3036964,4,3,254291
ring,3,4194304,200000.0,0.4,0.0,1.0,71,2,5,6146166,3036964,4,3,306499
ring,3,4194304,200000.0,0.4,0.0,1.0,71,2,6,6192042,3036964,4,3,309750
ring,3,4194304,200000.0,0.4,0.0,1.0,71,2,7,6159292,3036964,4,3,301958
ring,3,4194304,200000.0,0.4,0.0,1.0,71,2,8,6073083,3036964,4,3,284958
ring,3,4194304,200000.0,0.4,0.0,1.0,71,2,9,6385958,3036964,4,3,346458
ring,3,4194304,200000.0,0.4,0.0,1.0,71,2,10,6733375,3036964,4,3,185916
ring,3,4194304,200000.0,0.4,0.0,1.0,71,2,11,6622667,3036964,4,3,276917
ring,3,4194304,200000.0,0.4,0.0,1.0,71,2,12,6597375,3036964,4,3,232708
ring,3,4194304,200000.0,0.4,0.0,1.0,71,2,13,6610208,3036964,4,3,311208
ring,3,4194304,200000.0,0.4,0.0,1.0,71,2,14,6402791,3036964,4,3,324041
ring,3,4194304,200000.0,0.4,0.0,1.0,71,2,15,6735750,3036964,4,3,393875
ring,3,4194304,200000.0,0.4,0.0,1.0,71,2,16,6645583,3036964,4,3,384458
ring,3,4194304,200000.0,0.4,0.0,1.0,71,2,17,6446666,3036964,4,3,279457
ring,3,4194304,200000.0,0.4,0.0,1.0,71,2,18,6479291,3036964,4,3,157375
ring,3,4194304,200000.0,0.4,0.0,1.0,71,2,19,6683750,3036964,4,3,214958
ring,3,4194304,200000.0,0.4,0.0,1.0,71,2,20,6252125,3036964,4,3,309000
ring,3,4194304,200000.0,0.4,0.0,1.0,71,2,21,6469792,3036964,4,3,319167
ring,3,4194304,200000.0,0.4,0.0,1.0,71,2,22,6009709,3036964,4,3,219418
ring,3,4194304,200000.0,0.4,0.0,1.0,71,2,23,6557583,3036964,4,3,167625
ring,3,4194304,200000.0,0.4,0.0,1.0,71,2,24,6616458,3036964,4,3,270250
ring,3,4194304,200000.0,0.4,0.0,1.0,71,2,25,6378042,3036964,4,3,354834
ring,3,4194304,200000.0,0.4,0.0,1.0,71,2,26,6332291,3036964,4,3,217416
ring,3,4194304,200000.0,0.4,0.0,1.0,71,2,27,6432958,3036964,4,3,310083
ring,3,4194304,200000.0,0.4,0.0,1.0,71,2,28,6445917,3036964,4,3,285459
ring,3,4194304,200000.0,0.4,0.0,1.0,71,2,29,6245334,3036964,4,3,368126
ring,3,4194304,200000.0,0.4,0.0,1.0,71,2,30,6403375,3036964,4,3,252541
ring,3,4194304,200000.0,0.4,0.0,1.0,71,2,31,6131916,3036964,4,3,331582
ring,3,4194304,200000.0,0.4,0.0,1.0,71,2,32,6239625,3036964,4,3,330166
ring,3,4194304,200000.0,0.4,0.0,1.0,71,2,33,6015125,3036964,4,3,238125
ring,3,4194304,200000.0,0.4,0.0,1.0,71,2,34,6493125,3036964,4,3,387833
ring,3,4194304,200000.0,0.4,0.0,1.0,71,2,35,6239917,3036964,4,3,323208
ring,3,4194304,200000.0,0.4,0.0,1.0,71,2,36,6305959,3036964,4,3,335625
ring,3,4194304,200000.0,0.4,0.0,1.0,71,2,37,6677750,3036964,4,3,213375
ring,3,4194304,200000.0,0.4,0.0,1.0,71,2,38,6300166,3036964,4,3,323541
ring,3,4194304,200000.0,0.4,0.0,1.0,71,2,39,6243917,3036964,4,3,331042
ring,3,4194304,200000.0,0.4,0.0,1.0,71,2,40,6167709,3036964,4,3,276875
ring,3,4194304,200000.0,0.4,0.0,1.0,71,2,41,6222542,3036964,4,3,282959
ring,3,4194304,200000.0,0.4,0.0,1.0,71,2,42,6422375,3036964,4,3,355250
ring,3,4194304,200000.0,0.4,0.0,1.0,71,2,43,6414459,3036964,4,3,316209
ring,3,4194304,200000.0,0.4,0.0,1.0,71,2,44,6347334,3036964,4,3,392084
ring,3,4194304,200000.0,0.4,0.0,1.0,71,2,45,6184666,3036964,4,3,272124
ring,3,4194304,200000.0,0.4,0.0,1.0,71,2,46,6228083,3036964,4,3,304458
ring,3,4194304,200000.0,0.4,0.0,1.0,71,2,47,6046875,3036964,4,3,307458
ring,3,4194304,200000.0,0.4,0.0,1.0,71,2,48,6102958,3036964,4,3,325083
ring,3,4194304,200000.0,0.4,0.0,1.0,71,2,49,6150417,3036964,4,3,282292
ring,3,4194304,200000.0,0.4,0.0,1.0,71,2,50,6264959,3036964,4,3,238709
ring,3,4194304,200000.0,0.4,0.0,1.0,71,2,51,6168459,3036964,4,3,263417
ring,3,4194304,200000.0,0.4,0.0,1.0,71,2,52,5990834,3036964,4,3,367709
ring,3,4194304,200000.0,0.4,0.0,1.0,71,2,53,6241875,3036964,4,3,306459
ring,3,4194304,200000.0,0.4,0.0,1.0,71,2,54,6303584,3036964,4,3,333542
ring,3,4194304,200000.0,0.4,0.0,1.0,71,2,55,6478625,3036964,4,3,236667
ring,3,4194304,200000.0,0.4,0.0,1.0,71,2,56,6122083,3036964,4,3,227708
ring,3,4194304,200000.0,0.4,0.0,1.0,71,2,57,6102417,3036964,4,3,212126
ring,3,4194304,200000.0,0.4,0.0,1.0,71,2,58,6306916,3036964,4,3,199582
ring,3,4194304,200000.0,0.4,0.0,1.0,71,2,59,6125959,3036964,4,3,350876
ring,3,4194304,200000.0,0.4,0.0,1.0,71,2,60,6034625,3036964,4,3,217250
ring,3,4194304,200000.0,0.4,0.0,1.0,71,2,61,6197958,3036964,4,3,320541
ring,3,4194304,200000.0,0.4,0.0,1.0,71,2,62,6169167,3036964,4,3,299209
ring,3,4194304,200000.0,0.4,0.0,1.0,71,2,63,6163416,3036964,4,3,269541
ring,3,4194304,200000.0,0.4,0.0,1.0,71,2,64,6308583,3036964,4,3,336958
ring,3,4194304,200000.0,0.4,0.0,1.0,71,2,65,6174917,3036964,4,3,232125
ring,3,4194304,200000.0,0.4,0.0,1.0,71,2,66,6306125,3036964,4,3,312625
ring,3,4194304,200000.0,0.4,0.0,1.0,71,2,67,6263166,3036964,4,3,327708
ring,3,4194304,200000.0,0.4,0.0,1.0,71,2,68,6380292,3036964,4,3,233042
ring,3,4194304,200000.0,0.4,0.0,1.0,71,2,69,6204833,3036964,4,3,327458
ring,3,4194304,200000.0,0.4,0.0,1.0,71,2,70,6154125,3036964,4,3,318000
ring,3,4194304,200000.0,0.4,0.0,1.0,71,2,71,6262959,3036964,4,3,362750
ring,3,4194304,200000.0,0.4,0.0,1.0,71,2,72,6144125,3036964,4,3,317833
ring,3,4194304,200000.0,0.4,0.0,1.0,71,2,73,6166416,3036964,4,3,244000
ring,3,4194304,200000.0,0.4,0.0,1.0,71,2,74,6384250,3036964,4,3,300250
ring,3,4194304,200000.0,0.4,0.0,1.0,71,2,75,6125917,3036964,4,3,308834
ring,3,4194304,200000.0,0.4,0.0,1.0,71,2,76,6017334,3036964,4,3,287668
ring,3,4194304,200000.0,0.4,0.0,1.0,71,2,77,6170041,3036964,4,3,304541
ring,3,4194304,200000.0,0.4,0.0,1.0,71,2,78,6211041,3036964,4,3,223707
ring,3,4194304,200000.0,0.4,0.0,1.0,71,2,79,6070458,3036964,4,3,334624
ring,3,4194304,200000.0,0.4,0.0,1.0,71,2,80,6236875,3036964,4,3,323333
ring,3,4194304,200000.0,0.4,0.0,1.0,71,2,81,6172583,3036964,4,3,292083
ring,3,4194304,200000.0,0.4,0.0,1.0,71,2,82,6226542,3036964,4,3,291042
ring,3,4194304,200000.0,0.4,0.0,1.0,71,2,83,6247250,3036964,4,3,264791
ring,3,4194304,200000.0,0.4,0.0,1.0,71,2,84,6392875,3036964,4,3,149959
ring,3,4194304,200000.0,0.4,0.0,1.0,71,2,85,6276541,3036964,4,3,285958
ring,3,4194304,200000.0,0.4,0.0,1.0,71,2,86,6428792,3036964,4,3,296250
ring,3,4194304,200000.0,0.4,0.0,1.0,71,2,87,6329542,3036964,4,3,358208
ring,3,4194304,200000.0,0.4,0.0,1.0,71,2,88,6236875,3036964,4,3,326708
ring,3,4194304,200000.0,0.4,0.0,1.0,71,2,89,6093458,3036964,4,3,324124
ring,3,4194304,200000.0,0.4,0.0,1.0,71,2,90,6173250,3036964,4,3,295125
ring,3,4194304,200000.0,0.4,0.0,1.0,71,2,91,6165208,3036964,4,3,384500
ring,3,4194304,200000.0,0.4,0.0,1.0,71,2,92,6131292,3036964,4,3,323625
ring,3,4194304,200000.0,0.4,0.0,1.0,71,2,93,6054542,3036964,4,3,296208
ring,3,4194304,200000.0,0.4,0.0,1.0,71,2,94,6180750,3036964,4,3,264084
ring,3,4194304,200000.0,0.4,0.0,1.0,71,2,95,6189834,3036964,4,3,319084
ring,3,4194304,200000.0,0.4,0.0,1.0,71,2,96,6393333,3036964,4,3,345125
ring,3,4194304,200000.0,0.4,0.0,1.0,71,2,97,6161334,3036964,4,3,295751
ring,3,4194304,200000.0,0.4,0.0,1.0,71,2,98,6184541,3036964,4,3,256666
ring,3,4194304,200000.0,0.4,0.0,1.0,71,2,99,5976334,3036964,4,3,281375
ring,3,4194304,200000.0,0.4,0.0,1.0,71,2,100,6233125,3036964,4,3,333375
ring,3,4194304,200000.0,0.4,0.0,1.0,71,2,101,6021708,3036964,4,3,343541
ring,3,4194304,200000.0,0.4,0.0,1.0,71,2,102,6195833,3036964,4,3,267333
ring,3,4194304,200000.0,0.4,0.0,1.0,71,2,103,6210834,3036964,4,3,347751
ring,3,4194304,200000.0,0.4,0.0,1.0,71,2,104,6093334,3036964,4,3,281417
ring,3,4194304,200000.0,0.4,0.0,1.0,71,2,105,6254583,3036964,4,3,293750
ring,3,4194304,200000.0,0.4,0.0,1.0,71,2,106,6222542,3036964,4,3,255750
ring,3,4194304,200000.0,0.4,0.0,1.0,71,2,107,6173083,3036964,4,3,325958
ring,3,4194304,200000.0,0.4,0.0,1.0,71,2,108,6020541,3036964,4,3,246708
ring,3,4194304,200000.0,0.4,0.0,1.0,71,2,109,6204542,3036964,4,3,270208
ring,3,4194304,200000.0,0.4,0.0,1.0,71,2,110,6292167,3036964,4,3,362917
ring,3,4194304,200000.0,0.4,0.0,1.0,71,2,111,6132375,3036964,4,3,315584
ring,3,4194304,200000.0,0.4,0.0,1.0,71,2,112,6358167,3036964,4,3,388000
ring,3,4194304,200000.0,0.4,0.0,1.0,71,2,113,6043625,3036964,4,3,295166
ring,3,4194304,200000.0,0.4,0.0,1.0,71,2,114,6410792,3036964,4,3,295334
ring,3,4194304,200000.0,0.4,0.0,1.0,71,2,115,6077250,3036964,4,3,305750
ring,3,4194304,200000.0,0.4,0.0,1.0,71,2,116,6234583,3036964,4,3,333666
ring,3,4194304,200000.0,0.4,0.0,1.0,71,2,117,6374583,3036964,4,3,292958
ring,3,4194304,200000.0,0.4,0.0,1.0,71,2,118,6241500,3036964,4,3,316833
ring,3,4194304,200000.0,0.4,0.0,1.0,71,2,119,6152500,3036964,4,3,281042
ring,3,4194304,200000.0,0.4,0.0,1.0,71,2,120,6219125,3036964,4,3,294750
ring,3,4194304,200000.0,0.4,0.0,1.0,71,2,121,6297084,3036964,4,3,255959
ring,3,4194304,200000.0,0.4,0.0,1.0,71,2,122,6230167,3036964,4,3,208583
ring,3,4194304,200000.0,0.4,0.0,1.0,71,2,123,6172834,3036964,4,3,305959
ring,3,4194304,200000.0,0.4,0.0,1.0,71,2,124,6126083,3036964,4,3,276583
ring,3,4194304,200000.0,0.4,0.0,1.0,71,2,125,6058375,3036964,4,3,307542
ring,3,4194304,200000.0,0.4,0.0,1.0,71,2,126,6148750,3036964,4,3,345458
ring,3,4194304,200000.0,0.4,0.0,1.0,71,2,127,6373083,3036964,4,3,419750
ring,3,4194304,200000.0,0.4,0.0,1.0,71,2,128,6150666,3036964,4,3,302333
ring,3,4194304,200000.0,0.4,0.0,1.0,71,2,129,6340875,3036964,4,3,362709
ring,3,4194304,200000.0,0.4,0.0,1.0,71,2,130,6015042,3036964,4,3,280001
ring,3,4194304,200000.0,0.4,0.0,1.0,71,2,131,6420500,3036964,4,3,294458
ring,3,4194304,200000.0,0.4,0.0,1.0,71,2,132,6170208,3036964,4,3,256083
ring,3,4194304,200000.0,0.4,0.0,1.0,71,2,133,6394542,3036964,4,3,338084
ring,3,4194304,200000.0,0.4,0.0,1.0,71,2,134,6410375,3036964,4,3,320500
ring,3,4194304,200000.0,0.4,0.0,1.0,71,2,135,6272834,3036964,4,3,304250
ring,3,4194304,200000.0,0.4,0.0,1.0,71,2,136,6506583,3036964,4,3,326042
ring,3,4194304,200000.0,0.4,0.0,1.0,71,2,137,6404667,3036964,4,3,321500
ring,3,4194304,200000.0,0.4,0.0,1.0,71,2,138,6147250,3036964,4,3,306042
ring,3,4194304,200000.0,0.4,0.0,1.0,71,2,139,6148125,3036964,4,3,330333
ring,3,4194304,200000.0,0.4,0.0,1.0,71,2,140,6303208,3036964,4,3,282749
ring,3,4194304,200000.0,0.4,0.0,1.0,71,2,141,6144625,3036964,4,3,286417
ring,3,4194304,200000.0,0.4,0.0,1.0,71,2,142,6083791,3036964,4,3,279083
ring,3,4194304,200000.0,0.4,0.0,1.0,71,2,143,6173291,3036964,4,3,319958
ring,3,4194304,200000.0,0.4,0.0,1.0,71,2,144,6225958,3036964,4,3,344917
ring,3,4194304,200000.0,0.4,0.0,1.0,71,2,145,6306209,3036964,4,3,357417
ring,3,4194304,200000.0,0.4,0.0,1.0,71,2,146,6387459,3036964,4,3,264167
ring,3,4194304,200000.0,0.4,0.0,1.0,71,2,147,6501709,3036964,4,3,206001
ring,3,4194304,200000.0,0.4,0.0,1.0,71,2,148,6154417,3036964,4,3,284042
ring,3,4194304,200000.0,0.4,0.0,1.0,71,2,149,6321541,3036964,4,3,314957
ring,3,4194304,200000.0,0.4,0.0,1.0,71,2,150,6227584,3036964,4,3,249084
ring,3,4194304,200000.0,0.4,0.0,1.0,71,2,151,6347417,3036964,4,3,362000
ring,3,4194304,200000.0,0.4,0.0,1.0,71,2,152,6305917,3036964,4,3,226125
ring,3,4194304,200000.0,0.4,0.0,1.0,71,2,153,6620458,3036964,4,3,403750
ring,3,4194304,200000.0,0.4,0.0,1.0,71,2,154,6391834,3036964,4,3,312292
ring,3,4194304,200000.0,0.4,0.0,1.0,71,2,155,6207292,3036964,4,3,339376
ring,3,4194304,200000.0,0.4,0.0,1.0,71,2,156,6103833,3036964,4,3,212792
ring,3,4194304,200000.0,0.4,0.0,1.0,71,2,157,6488250,3036964,4,3,453417
ring,3,4194304,200000.0,0.4,0.0,1.0,71,2,158,6916500,3036964,4,3,302792
ring,3,4194304,200000.0,0.4,0.0,1.0,71,2,159,6625875,3036964,4,3,260917
ring,3,4194304,200000.0,0.4,0.0,1.0,71,2,160,6947250,3036964,4,3,204625
ring,3,4194304,200000.0,0.4,0.0,1.0,71,2,161,7157167,3036964,4,3,486167
ring,3,4194304,200000.0,0.4,0.0,1.0,71,2,162,20577125,3036964,4,3,65875
ring,3,4194304,200000.0,0.4,0.0,1.0,71,2,163,7714041,3036964,4,3,608999
ring,3,4194304,200000.0,0.4,0.0,1.0,71,2,164,10936375,3036964,4,3,23959
ring,3,4194304,200000.0,0.4,0.0,1.0,71,2,165,7189083,3036964,4,3,63833
ring,3,4194304,200000.0,0.4,0.0,1.0,71,2,166,7581625,3036964,4,3,410709
ring,3,4194304,200000.0,0.4,0.0,1.0,71,2,167,9107958,3036964,4,3,324583
ring,3,4194304,200000.0,0.4,0.0,1.0,71,2,168,6961000,3036964,4,3,287041
ring,3,4194304,200000.0,0.4,0.0,1.0,71,2,169,6580458,3036964,4,3,294791
ring,3,4194304,200000.0,0.4,0.0,1.0,71,2,170,6573209,3036964,4,3,307668
ring,3,4194304,200000.0,0.4,0.0,1.0,71,2,171,6515834,3036964,4,3,221042
ring,3,4194304,200000.0,0.4,0.0,1.0,71,2,172,7654125,3036964,4,3,908834
ring,3,4194304,200000.0,0.4,0.0,1.0,71,2,173,7930125,3036964,4,3,617041
ring,3,4194304,200000.0,0.4,0.0,1.0,71,2,174,6809125,3036964,4,3,283000
ring,3,4194304,200000.0,0.4,0.0,1.0,71,2,175,6498375,3036964,4,3,269792
ring,3,4194304,200000.0,0.4,0.0,1.0,71,2,176,6414042,3036964,4,3,300583
ring,3,4194304,200000.0,0.4,0.0,1.0,71,2,177,6389292,3036964,4,3,349584
ring,3,4194304,200000.0,0.4,0.0,1.0,71,2,178,6479375,3036964,4,3,319500
ring,3,4194304,200000.0,0.4,0.0,1.0,71,2,179,6193875,3036964,4,3,316625
ring,3,4194304,200000.0,0.4,0.0,1.0,71,2,180,6326792,3036964,4,3,305751
ring,3,4194304,200000.0,0.4,0.0,1.0,71,2,181,6661750,3036964,4,3,334792
ring,3,4194304,200000.0,0.4,0.0,1.0,71,2,182,6249750,3036964,4,3,200709
ring,3,4194304,200000.0,0.4,0.0,1.0,71,2,183,6642916,3036964,4,3,167624
ring,3,4194304,200000.0,0.4,0.0,1.0,71,2,184,6497333,3036964,4,3,261624
ring,3,4194304,200000.0,0.4,0.0,1.0,71,2,185,6341042,3036964,4,3,283584
ring,3,4194304,200000.0,0.4,0.0,1.0,71,2,186,6478292,3036964,4,3,306542
ring,3,4194304,200000.0,0.4,0.0,1.0,71,2,187,6481792,3036964,4,3,338500
ring,3,4194304,200000.0,0.4,0.0,1.0,71,2,188,6395709,3036964,4,3,265917
ring,3,4194304,200000.0,0.4,0.0,1.0,71,2,189,6496833,3036964,4,3,352458
ring,3,4194304,200000.0,0.4,0.0,1.0,71,2,190,6478542,3036964,4,3,353667
ring,3,4194304,200000.0,0.4,0.0,1.0,71,2,191,6457083,3036964,4,3,254875
ring,3,4194304,200000.0,0.4,0.0,1.0,71,2,192,6500625,3036964,4,3,299000
ring,3,4194304,200000.0,0.4,0.0,1.0,71,2,193,6364291,3036964,4,3,325332
ring,3,4194304,200000.0,0.4,0.0,1.0,71,2,194,6714791,3036964,4,3,351999
ring,3,4194304,200000.0,0.4,0.0,1.0,71,2,195,6554667,3036964,4,3,289209
ring,3,4194304,200000.0,0.4,0.0,1.0,71,2,196,6582416,3036964,4,3,348791
ring,3,4194304,200000.0,0.4,0.0,1.0,71,2,197,6319458,3036964,4,3,327792
ring,3,4194304,200000.0,0.4,0.0,1.0,71,2,198,6886375,3036964,4,3,293459
ring,3,4194304,200000.0,0.4,0.0,1.0,71,2,199,6803333,3036964,4,3,222916
ring,3,4194304,200000.0,0.4,0.0,1.0,71,2,200,6736958,3036964,4,3,302708
ring,3,4194304,200000.0,0.4,0.0,1.0,71,2,201,6570750,3036964,4,3,294209
ring,3,4194304,200000.0,0.4,0.0,1.0,71,2,202,6653083,3036964,4,3,156625
ring,3,4194304,200000.0,0.4,0.0,1.0,71,2,203,6626750,3036964,4,3,243584
ring,3,4194304,200000.0,0.4,0.0,1.0,71,2,204,6520750,3036964,4,3,302000
ring,3,4194304,200000.0,0.4,0.0,1.0,71,2,205,6546125,3036964,4,3,321125
ring,3,4194304,200000.0,0.4,0.0,1.0,71,2,206,6393458,3036964,4,3,260083
ring,3,4194304,200000.0,0.4,0.0,1.0,71,2,207,6512459,3036964,4,3,392834
ring,3,4194304,200000.0,0.4,0.0,1.0,71,2,208,6480542,3036964,4,3,291584
ring,3,4194304,200000.0,0.4,0.0,1.0,71,2,209,6479417,3036964,4,3,273876
ring,3,4194304,200000.0,0.4,0.0,1.0,71,2,210,6468583,3036964,4,3,206249
ring,3,4194304,200000.0,0.4,0.0,1.0,71,2,211,6440459,3036964,4,3,327334
ring,3,4194304,200000.0,0.4,0.0,1.0,71,2,212,6534334,3036964,4,3,284209
ring,3,4194304,200000.0,0.4,0.0,1.0,71,2,213,6373959,3036964,4,3,281292
ring,3,4194304,200000.0,0.4,0.0,1.0,71,2,214,6466875,3036964,4,3,339375
ring,3,4194304,200000.0,0.4,0.0,1.0,71,2,215,6711917,3036964,4,3,195125
ring,3,4194304,200000.0,0.4,0.0,1.0,71,2,216,6312083,3036964,4,3,300750
ring,3,4194304,200000.0,0.4,0.0,1.0,71,2,217,6715542,3036964,4,3,377667
ring,3,4194304,200000.0,0.4,0.0,1.0,71,2,218,6704292,3036964,4,3,346500
ring,3,4194304,200000.0,0.4,0.0,1.0,71,2,219,6351750,3036964,4,3,370333
ring,3,4194304,200000.0,0.4,0.0,1.0,71,2,220,6388375,3036964,4,3,333000
ring,3,4194304,200000.0,0.4,0.0,1.0,71,2,221,6571916,3036964,4,3,137416
ring,3,4194304,200000.0,0.4,0.0,1.0,71,2,222,6445333,3036964,4,3,334083
ring,3,4194304,200000.0,0.4,0.0,1.0,71,2,223,6330875,3036964,4,3,360000
ring,3,4194304,200000.0,0.4,0.0,1.0,71,2,224,6449959,3036964,4,3,299668
ring,3,4194304,200000.0,0.4,0.0,1.0,71,2,225,6393750,3036964,4,3,278625
ring,3,4194304,200000.0,0.4,0.0,1.0,71,2,226,6413500,3036964,4,3,280416
ring,3,4194304,200000.0,0.4,0.0,1.0,71,2,227,6489042,3036964,4,3,397625
ring,3,4194304,200000.0,0.4,0.0,1.0,71,2,228,6248958,3036964,4,3,298916
ring,3,4194304,200000.0,0.4,0.0,1.0,71,2,229,6707959,3036964,4,3,387501
ring,3,4194304,200000.0,0.4,0.0,1.0,71,2,230,6406333,3036964,4,3,235250
ring,3,4194304,200000.0,0.4,0.0,1.0,71,2,231,6421542,3036964,4,3,308709
ring,3,4194304,200000.0,0.4,0.0,1.0,71,2,232,6311791,3036964,4,3,345041
ring,3,4194304,200000.0,0.4,0.0,1.0,71,2,233,6621583,3036964,4,3,298083
ring,3,4194304,200000.0,0.4,0.0,1.0,71,2,234,6247750,3036964,4,3,311959
ring,3,4194304,200000.0,0.4,0.0,1.0,71,2,235,6483791,3036964,4,3,319166
ring,3,4194304,200000.0,0.4,0.0,1.0,71,2,236,6375083,3036964,4,3,235041
ring,3,4194304,200000.0,0.4,0.0,1.0,71,2,237,6518500,3036964,4,3,300000
ring,3,4194304,200000.0,0.4,0.0,1.0,71,2,238,6294875,3036964,4,3,251792
ring,3,4194304,200000.0,0.4,0.0,1.0,71,2,239,6324833,3036964,4,3,357791
ring,3,4194304,200000.0,0.4,0.0,1.0,71,2,240,6264584,3036964,4,3,251959
ring,3,4194304,200000.0,0.4,0.0,1.0,71,2,241,6327500,3036964,4,3,294291
ring,3,4194304,200000.0,0.4,0.0,1.0,71,2,242,6475334,3036964,4,3,258417
ring,3,4194304,200000.0,0.4,0.0,1.0,71,2,243,6546750,3036964,4,3,320500
ring,3,4194304,200000.0,0.4,0.0,1.0,71,2,244,6737833,3036964,4,3,300958
ring,3,4194304,200000.0,0.4,0.0,1.0,71,2,245,6231125,3036964,4,3,246917
ring,3,4194304,200000.0,0.4,0.0,1.0,71,2,246,6498417,3036964,4,3,242125
ring,3,4194304,200000.0,0.4,0.0,1.0,71,2,247,6461875,3036964,4,3,345959
ring,3,4194304,200000.0,0.4,0.0,1.0,71,2,248,6293916,3036964,4,3,269666
ring,3,4194304,200000.0,0.4,0.0,1.0,71,2,249,6409459,3036964,4,3,299876
ring,3,1048576,200000.0,0.4,0.0,1.0,71,2,0,2861709,1359244,4,3,8334
ring,3,1048576,200000.0,0.4,0.0,1.0,71,2,1,3048833,1359244,4,3,75625
ring,3,1048576,200000.0,0.4,0.0,1.0,71,2,2,2929708,1359244,4,3,43958
ring,3,1048576,200000.0,0.4,0.0,1.0,71,2,3,2852125,1359244,4,3,16792
ring,3,1048576,200000.0,0.4,0.0,1.0,71,2,4,2927292,1359244,4,3,132125
ring,3,1048576,200000.0,0.4,0.0,1.0,71,2,5,3067834,1359244,4,3,87834
ring,3,1048576,200000.0,0.4,0.0,1.0,71,2,6,2890792,1359244,4,3,43958
ring,3,1048576,200000.0,0.4,0.0,1.0,71,2,7,3137292,1359244,4,3,170458
ring,3,1048576,200000.0,0.4,0.0,1.0,71,2,8,3269500,1359244,4,3,33916
ring,3,1048576,200000.0,0.4,0.0,1.0,71,2,9,4627083,1359244,4,3,189999
ring,3,1048576,200000.0,0.4,0.0,1.0,71,2,10,3802000,1359244,4,3,86167
ring,3,1048576,200000.0,0.4,0.0,1.0,71,2,11,3169417,1359244,4,3,132167
ring,3,1048576,200000.0,0.4,0.0,1.0,71,2,12,3047125,1359244,4,3,92750
ring,3,1048576,200000.0,0.4,0.0,1.0,71,2,13,3013375,1359244,4,3,97500
ring,3,1048576,200000.0,0.4,0.0,1.0,71,2,14,3011542,1359244,4,3,89542
ring,3,1048576,200000.0,0.4,0.0,1.0,71,2,15,2983083,1359244,4,3,212083
ring,3,1048576,200000.0,0.4,0.0,1.0,71,2,16,2987334,1359244,4,3,81626
ring,3,1048576,200000.0,0.4,0.0,1.0,71,2,17,3008042,1359244,4,3,30208
ring,3,1048576,200000.0,0.4,0.0,1.0,71,2,18,3168542,1359244,4,3,52292
ring,3,1048576,200000.0,0.4,0.0,1.0,71,2,19,3438625,1359244,4,3,161875
ring,3,1048576,200000.0,0.4,0.0,1.0,71,2,20,4016083,1359244,4,3,327041
ring,3,1048576,200000.0,0.4,0.0,1.0,71,2,21,3773875,1359244,4,3,190833
ring,3,1048576,200000.0,0.4,0.0,1.0,71,2,22,2995500,1359244,4,3,88791
ring,3,1048576,200000.0,0.4,0.0,1.0,71,2,23,3048833,1359244,4,3,131583
ring,3,1048576,200000.0,0.4,0.0,1.0,71,2,24,2930125,1359244,4,3,75208
ring,3,1048576,200000.0,0.4,0.0,1.0,71,2,25,2953583,1359244,4,3,122875
ring,3,1048576,200000.0,0.4,0.0,1.0,71,2,26,3111125,1359244,4,3,56125
ring,3,1048576,200000.0,0.4,0.0,1.0,71,2,27,2979041,1359244,4,3,153457
ring,3,1048576,200000.0,0.4,0.0,1.0,71,2,28,2900792,1359244,4,3,75334
ring,3,1048576,200000.0,0.4,0.0,1.0,71,2,29,3083625,1359244,4,3,80459
ring,3,1048576,200000.0,0.4,0.0,1.0,71,2,30,3055667,1359244,4,3,149875
ring,3,1048576,200000.0,0.4,0.0,1.0,71,2,31,2980334,1359244,4,3,192251
ring,3,1048576,200000.0,0.4,0.0,1.0,71,2,32,3040166,1359244,4,3,181166
ring,3,1048576,200000.0,0.4,0.0,1.0,71,2,33,2928125,1359244,4,3,106750
ring,3,1048576,200000.0,0.4,0.0,1.0,71,2,34,2944834,1359244,4,3,27750
ring,3,1048576,200000.0,0.4,0.0,1.0,71,2,35,2970209,1359244,4,3,150292
ring,3,1048576,200000.0,0.4,0.0,1.0,71,2,36,3053625,1359244,4,3,151500
ring,3,1048576,200000.0,0.4,0.0,1.0,71,2,37,2928750,1359244,4,3,72792
ring,3,1048576,200000.0,0.4,0.0,1.0,71,2,38,3006583,1359244,4,3,89083
ring,3,1048576,200000.0,0.4,0.0,1.0,71,2,39,2975875,1359244,4,3,158750
ring,3,1048576,200000.0,0.4,0.0,1.0,71,2,40,2960083,1359244,4,3,221667
ring,3,1048576,200000.0,0.4,0.0,1.0,71,2,41,2921208,1359244,4,3,114708
ring,3,1048576,200000.0,0.4,0.0,1.0,71,2,42,2973584,1359244,4,3,167334
ring,3,1048576,200000.0,0.4,0.0,1.0,71,2,43,3017917,1359244,4,3,125958
ring,3,1048576,200000.0,0.4,0.0,1.0,71,2,44,2992583,1359244,4,3,156916
ring,3,1048576,200000.0,0.4,0.0,1.0,71,2,45,2895125,1359244,4,3,166500
ring,3,1048576,200000.0,0.4,0.0,1.0,71,2,46,3082916,1359244,4,3,174208
ring,3,1048576,200000.0,0.4,0.0,1.0,71,2,47,3327000,1359244,4,3,174125
ring,3,1048576,200000.0,0.4,0.0,1.0,71,2,48,3860416,1359244,4,3,240999
ring,3,1048576,200000.0,0.4,0.0,1.0,71,2,49,3258584,1359244,4,3,108750
ring,3,1048576,200000.0,0.4,0.0,1.0,71,2,50,3120208,1359244,4,3,113041
ring,3,1048576,200000.0,0.4,0.0,1.0,71,2,51,3161333,1359244,4,3,77041
ring,3,1048576,200000.0,0.4,0.0,1.0,71,2,52,3002458,1359244,4,3,7333
ring,3,1048576,200000.0,0.4,0.0,1.0,71,2,53,3420417,1359244,4,3,148083
ring,3,1048576,200000.0,0.4,0.0,1.0,71,2,54,5503084,1359244,4,3,468084
ring,3,1048576,200000.0,0.4,0.0,1.0,71,2,55,3969750,1359244,4,3,197042
ring,3,1048576,200000.0,0.4,0.0,1.0,71,2,56,3617708,1359244,4,3,246791
ring,3,1048576,200000.0,0.4,0.0,1.0,71,2,57,3094917,1359244,4,3,58751
ring,3,1048576,200000.0,0.4,0.0,1.0,71,2,58,3124750,1359244,4,3,95875
ring,3,1048576,200000.0,0.4,0.0,1.0,71,2,59,3021208,1359244,4,3,128750
ring,3,1048576,200000.0,0.4,0.0,1.0,71,2,60,2960250,1359244,4,3,4834
ring,3,1048576,200000.0,0.4,0.0,1.0,71,2,61,2986458,1359244,4,3,75375
ring,3,1048576,200000.0,0.4,0.0,1.0,71,2,62,3088500,1359244,4,3,181209
ring,3,1048576,200000.0,0.4,0.0,1.0,71,2,63,3029084,1359244,4,3,167001
ring,3,1048576,200000.0,0.4,0.0,1.0,71,2,64,3363833,1359244,4,3,91292
ring,3,1048576,200000.0,0.4,0.0,1.0,71,2,65,3538042,1359244,4,3,276500
ring,3,1048576,200000.0,0.4,0.0,1.0,71,2,66,4208083,1359244,4,3,66416
ring,3,1048576,200000.0,0.4,0.0,1.0,71,2,67,3640417,1359244,4,3,153250
ring,3,1048576,200000.0,0.4,0.0,1.0,71,2,68,3261042,1359244,4,3,120084
ring,3,1048576,200000.0,0.4,0.0,1.0,71,2,69,3306125,1359244,4,3,174375
ring,3,1048576,200000.0,0.4,0.0,1.0,71,2,70,3286958,1359244,4,3,131083
ring,3,1048576,200000.0,0.4,0.0,1.0,71,2,71,3349542,1359244,4,3,149334
ring,3,1048576,200000.0,0.4,0.0,1.0,71,2,72,4044041,1359244,4,3,80458
ring,3,1048576,200000.0,0.4,0.0,1.0,71,2,73,2964542,1359244,4,3,138334
ring,3,1048576,200000.0,0.4,0.0,1.0,71,2,74,2994208,1359244,4,3,42292
ring,3,1048576,200000.0,0.4,0.0,1.0,71,2,75,3094750,1359244,4,3,199625
ring,3,1048576,200000.0,0.4,0.0,1.0,71,2,76,3209375,1359244,4,3,181250
ring,3,1048576,200000.0,0.4,0.0,1.0,71,2,77,3126334,1359244,4,3,184292
ring,3,1048576,200000.0,0.4,0.0,1.0,71,2,78,3069958,1359244,4,3,139416
ring,3,1048576,200000.0,0.4,0.0,1.0,71,2,79,3126750,1359244,4,3,138334
ring,3,1048576,200000.0,0.4,0.0,1.0,71,2,80,3000500,1359244,4,3,72125
ring,3,1048576,200000.0,0.4,0.0,1.0,71,2,81,3008500,1359244,4,3,25833
ring,3,1048576,200000.0,0.4,0.0,1.0,71,2,82,3147625,1359244,4,3,113542
ring,3,1048576,200000.0,0.4,0.0,1.0,71,2,83,3012000,1359244,4,3,108000
ring,3,1048576,200000.0,0.4,0.0,1.0,71,2,84,3026125,1359244,4,3,220916
ring,3,1048576,200000.0,0.4,0.0,1.0,71,2,85,2913458,1359244,4,3,44041
ring,3,1048576,200000.0,0.4,0.0,1.0,71,2,86,3121000,1359244,4,3,112709
ring,3,1048576,200000.0,0.4,0.0,1.0,71,2,87,3096084,1359244,4,3,72792
ring,3,1048576,200000.0,0.4,0.0,1.0,71,2,88,3052375,1359244,4,3,151375
ring,3,1048576,200000.0,0.4,0.0,1.0,71,2,89,3206291,1359244,4,3,67874
ring,3,1048576,200000.0,0.4,0.0,1.0,71,2,90,3154583,1359244,4,3,103791
ring,3,1048576,200000.0,0.4,0.0,1.0,71,2,91,3202209,1359244,4,3,215209
ring,3,1048576,200000.0,0.4,0.0,1.0,71,2,92,3083625,1359244,4,3,86334
ring,3,1048576,200000.0,0.4,0.0,1.0,71,2,93,3048625,1359244,4,3,26375
ring,3,1048576,200000.0,0.4,0.0,1.0,71,2,94,3187875,1359244,4,3,155750
ring,3,1048576,200000.0,0.4,0.0,1.0,71,2,95,3217375,1359244,4,3,195958
ring,3,1048576,200000.0,0.4,0.0,1.0,71,2,96,3232166,1359244,4,3,38499
ring,3,1048576,200000.0,0.4,0.0,1.0,71,2,97,3118541,1359244,4,3,123833
ring,3,1048576,200000.0,0.4,0.0,1.0,71,2,98,3299292,1359244,4,3,48250
ring,3,1048576,200000.0,0.4,0.0,1.0,71,2,99,3675333,1359244,4,3,110916
ring,3,1048576,200000.0,0.4,0.0,1.0,71,2,100,9409583,1359244,4,3,3339208
ring,3,1048576,200000.0,0.4,0.0,1.0,71,2,101,4970459,1359244,4,3,305918
ring,3,1048576,200000.0,0.4,0.0,1.0,71,2,102,3377958,1359244,4,3,137666
ring,3,1048576,200000.0,0.4,0.0,1.0,71,2,103,3400417,1359244,4,3,269459
ring,3,1048576,200000.0,0.4,0.0,1.0,71,2,104,3317792,1359244,4,3,190292
ring,3,1048576,200000.0,0.4,0.0,1.0,71,2,105,3221083,1359244,4,3,94792
ring,3,1048576,200000.0,0.4,0.0,1.0,71,2,106,3197625,1359244,4,3,50417
ring,3,1048576,200000.0,0.4,0.0,1.0,71,2,107,3181625,1359244,4,3,53833
ring,3,1048576,200000.0,0.4,0.0,1.0,71,2,108,3453375,1359244,4,3,183958
ring,3,1048576,200000.0,0.4,0.0,1.0,71,2,109,3168500,1359244,4,3,143792
ring,3,1048576,200000.0,0.4,0.0,1.0,71,2,110,3101292,1359244,4,3,22042
ring,3,1048576,200000.0,0.4,0.0,1.0,71,2,111,3468334,1359244,4,3,244917
ring,3,1048576,200000.0,0.4,0.0,1.0,71,2,112,4783875,1359244,4,3,180250
ring,3,1048576,200000.0,0.4,0.0,1.0,71,2,113,3206042,1359244,4,3,233376
ring,3,1048576,200000.0,0.4,0.0,1.0,71,2,114,3172541,1359244,4,3,76249
ring,3,1048576,200000.0,0.4,0.0,1.0,71,2,115,3176625,1359244,4,3,141916
ring,3,1048576,200000.0,0.4,0.0,1.0,71,2,116,3140167,1359244,4,3,75084
ring,3,1048576,200000.0,0.4,0.0,1.0,71,2,117,3171750,1359244,4,3,188583
ring,3,1048576,200000.0,0.4,0.0,1.0,71,2,118,3259833,1359244,4,3,136375
ring,3,1048576,200000.0,0.4,0.0,1.0,71,2,119,3251667,1359244,4,3,231417
ring,3,1048576,200000.0,0.4,0.0,1.0,71,2,120,3134833,1359244,4,3,151666
ring,3,1048576,200000.0,0.4,0.0,1.0,71,2,121,3016250,1359244,4,3,28250
ring,3,1048576,200000.0,0.4,0.0,1.0,71,2,122,3363125,1359244,4,3,124917
ring,3,1048576,200000.0,0.4,0.0,1.0,71,2,123,5191875,1359244,4,3,309792
ring,3,1048576,200000.0,0.4,0.0,1.0,71,2,124,4841125,1359244,4,3,97000
ring,3,1048576,200000.0,0.4,0.0,1.0,71,2,125,3607959,1359244,4,3,238001
ring,3,1048576,200000.0,0.4,0.0,1.0,71,2,126,8451167,1359244,4,3,79792
ring,3,1048576,200000.0,0.4,0.0,1.0,71,2,127,4122917,1359244,4,3,78209
ring,3,1048576,200000.0,0.4,0.0,1.0,71,2,128,7696708,1359244,4,3,324542
ring,3,1048576,200000.0,0.4,0.0,1.0,71,2,129,4736250,1359244,4,3,616416
ring,3,1048576,200000.0,0.4,0.0,1.0,71,2,130,4094334,1359244,4,3,42459
ring,3,1048576,200000.0,0.4,0.0,1.0,71,2,131,5086625,1359244,4,3,203292
ring,3,1048576,200000.0,0.4,0.0,1.0,71,2,132,3972875,1359244,4,3,137875
ring,3,1048576,200000.0,0.4,0.0,1.0,71,2,133,3145792,1359244,4,3,32458
ring,3,1048576,200000.0,0.4,0.0,1.0,71,2,134,3252917,1359244,4,3,189667
ring,3,1048576,200000.0,0.4,0.0,1.0,71,2,135,3068875,1359244,4,3,9750
ring,3,1048576,200000.0,0.4,0.0,1.0,71,2,136,3150916,1359244,4,3,191833
ring,3,1048576,200000.0,0.4,0.0,1.0,71,2,137,3193708,1359244,4,3,100916
ring,3,1048576,200000.0,0.4,0.0,1.0,71,2,138,3287959,1359244,4,3,116792
ring,3,1048576,200000.0,0.4,0.0,1.0,71,2,139,3121042,1359244,4,3,84625
ring,3,1048576,200000.0,0.4,0.0,1.0,71,2,140,3083875,1359244,4,3,191541
ring,3,1048576,200000.0,0.4,0.0,1.0,71,2,141,3058000,1359244,4,3,111042
ring,3,1048576,200000.0,0.4,0.0,1.0,71,2,142,3285541,1359244,4,3,127708
ring,3,1048576,200000.0,0.4,0.0,1.0,71,2,143,3089959,1359244,4,3,62751
ring,3,1048576,200000.0,0.4,0.0,1.0,71,2,144,2968459,1359244,4,3,67293
ring,3,1048576,200000.0,0.4,0.0,1.0,71,2,145,3105875,1359244,4,3,139958
ring,3,1048576,200000.0,0.4,0.0,1.0,71,2,146,3168708,1359244,4,3,29208
ring,3,1048576,200000.0,0.4,0.0,1.0,71,2,147,3117333,1359244,4,3,9125
ring,3,1048576,200000.0,0.4,0.0,1.0,71,2,148,3154750,1359244,4,3,93458
ring,3,1048576,200000.0,0.4,0.0,1.0,71,2,149,3046500,1359244,4,3,180959
ring,3,1048576,200000.0,0.4,0.0,1.0,71,2,150,2979917,1359244,4,3,38625
ring,3,1048576,200000.0,0.4,0.0,1.0,71,2,151,3090041,1359244,4,3,107666
ring,3,1048576,200000.0,0.4,0.0,1.0,71,2,152,2981625,1359244,4,3,4750
ring,3,1048576,200000.0,0.4,0.0,1.0,71,2,153,3132292,1359244,4,3,36334
ring,3,1048576,200000.0,0.4,0.0,1.0,71,2,154,3071917,1359244,4,3,58167
ring,3,1048576,200000.0,0.4,0.0,1.0,71,2,155,3017292,1359244,4,3,87667
ring,3,1048576,200000.0,0.4,0.0,1.0,71,2,156,3038583,1359244,4,3,154500
ring,3,1048576,200000.0,0.4,0.0,1.0,71,2,157,2946542,1359244,4,3,11917
ring,3,1048576,200000.0,0.4,0.0,1.0,71,2,158,3120875,1359244,4,3,116459
ring,3,1048576,200000.0,0.4,0.0,1.0,71,2,159,3038250,1359244,4,3,22541
ring,3,1048576,200000.0,0.4,0.0,1.0,71,2,160,2976083,1359244,4,3,120750
ring,3,1048576,200000.0,0.4,0.0,1.0,71,2,161,3132166,1359244,4,3,210416
ring,3,1048576,200000.0,0.4,0.0,1.0,71,2,162,2997958,1359244,4,3,119041
ring,3,1048576,200000.0,0.4,0.0,1.0,71,2,163,2997458,1359244,4,3,93833
ring,3,1048576,200000.0,0.4,0.0,1.0,71,2,164,3782125,1359244,4,3,81792
ring,3,1048576,200000.0,0.4,0.0,1.0,71,2,165,3142708,1359244,4,3,129541
ring,3,1048576,200000.0,0.4,0.0,1.0,71,2,166,2992750,1359244,4,3,175666
ring,3,1048576,200000.0,0.4,0.0,1.0,71,2,167,3177208,1359244,4,3,128625
ring,3,1048576,200000.0,0.4,0.0,1.0,71,2,168,3020792,1359244,4,3,112042
ring,3,1048576,200000.0,0.4,0.0,1.0,71,2,169,3082833,1359244,4,3,142249
ring,3,1048576,200000.0,0.4,0.0,1.0,71,2,170,2928583,1359244,4,3,105875
ring,3,1048576,200000.0,0.4,0.0,1.0,71,2,171,3039750,1359244,4,3,123917
ring,3,1048576,200000.0,0.4,0.0,1.0,71,2,172,3171209,1359244,4,3,175167
ring,3,1048576,200000.0,0.4,0.0,1.0,71,2,173,3017625,1359244,4,3,85625
ring,3,1048576,200000.0,0.4,0.0,1.0,71,2,174,2965459,1359244,4,3,135959
ring,3,1048576,200000.0,0.4,0.0,1.0,71,2,175,3088834,1359244,4,3,91292
ring,3,1048576,200000.0,0.4,0.0,1.0,71,2,176,3110125,1359244,4,3,254417
ring,3,1048576,200000.0,0.4,0.0,1.0,71,2,177,3098458,1359244,4,3,117041
ring,3,1048576,200000.0,0.4,0.0,1.0,71,2,178,2990084,1359244,4,3,97459
ring,3,1048576,200000.0,0.4,0.0,1.0,71,2,179,3098250,1359244,4,3,183291
ring,3,1048576,200000.0,0.4,0.0,1.0,71,2,180,2974792,1359244,4,3,196834
ring,3,1048576,200000.0,0.4,0.0,1.0,71,2,181,3105042,1359244,4,3,101584
ring,3,1048576,200000.0,0.4,0.0,1.0,71,2,182,3096000,1359244,4,3,118250
ring,3,1048576,200000.0,0.4,0.0,1.0,71,2,183,3006250,1359244,4,3,5458
ring,3,1048576,200000.0,0.4,0.0,1.0,71,2,184,3235625,1359244,4,3,170125
ring,3,1048576,200000.0,0.4,0.0,1.0,71,2,185,3024417,1359244,4,3,203583
ring,3,1048576,200000.0,0.4,0.0,1.0,71,2,186,3044333,1359244,4,3,86625
ring,3,1048576,200000.0,0.4,0.0,1.0,71,2,187,3000791,1359244,4,3,115958
ring,3,1048576,200000.0,0.4,0.0,1.0,71,2,188,3067750,1359244,4,3,128959
ring,3,1048576,200000.0,0.4,0.0,1.0,71,2,189,3124541,1359244,4,3,114458
ring,3,1048576,200000.0,0.4,0.0,1.0,71,2,190,3175208,1359244,4,3,212250
ring,3,1048576,200000.0,0.4,0.0,1.0,71,2,191,3202291,1359244,4,3,118583
ring,3,1048576,200000.0,0.4,0.0,1.0,71,2,192,3126125,1359244,4,3,143333
ring,3,1048576,200000.0,0.4,0.0,1.0,71,2,193,3012333,1359244,4,3,47208
ring,3,1048576,200000.0,0.4,0.0,1.0,71,2,194,3114625,1359244,4,3,90666
ring,3,1048576,200000.0,0.4,0.0,1.0,71,2,195,3060041,1359244,4,3,58833
ring,3,1048576,200000.0,0.4,0.0,1.0,71,2,196,3133208,1359244,4,3,199499
ring,3,1048576,200000.0,0.4,0.0,1.0,71,2,197,3142333,1359244,4,3,166791
ring,3,1048576,200000.0,0.4,0.0,1.0,71,2,198,3103333,1359244,4,3,135375
ring,3,1048576,200000.0,0.4,0.0,1.0,71,2,199,3041708,1359244,4,3,149083
ring,3,1048576,200000.0,0.4,0.0,1.0,71,2,200,3096625,1359244,4,3,195042
ring,3,1048576,200000.0,0.4,0.0,1.0,71,2,201,3208083,1359244,4,3,244833
ring,3,1048576,200000.0,0.4,0.0,1.0,71,2,202,3102292,1359244,4,3,8708
ring,3,1048576,200000.0,0.4,0.0,1.0,71,2,203,3107792,1359244,4,3,109750
ring,3,1048576,200000.0,0.4,0.0,1.0,71,2,204,3030958,1359244,4,3,154791
ring,3,1048576,200000.0,0.4,0.0,1.0,71,2,205,3015500,1359244,4,3,51958
ring,3,1048576,200000.0,0.4,0.0,1.0,71,2,206,3062834,1359244,4,3,119000
ring,3,1048576,200000.0,0.4,0.0,1.0,71,2,207,3082042,1359244,4,3,142125
ring,3,1048576,200000.0,0.4,0.0,1.0,71,2,208,3176333,1359244,4,3,108916
ring,3,1048576,200000.0,0.4,0.0,1.0,71,2,209,3139500,1359244,4,3,155459
ring,3,1048576,200000.0,0.4,0.0,1.0,71,2,210,3033291,1359244,4,3,119125
ring,3,1048576,200000.0,0.4,0.0,1.0,71,2,211,3175958,1359244,4,3,126917
ring,3,1048576,200000.0,0.4,0.0,1.0,71,2,212,3011166,1359244,4,3,159041
ring,3,1048576,200000.0,0.4,0.0,1.0,71,2,213,3033666,1359244,4,3,65250
ring,3,1048576,200000.0,0.4,0.0,1.0,71,2,214,3086834,1359244,4,3,180584
ring,3,1048576,200000.0,0.4,0.0,1.0,71,2,215,3046500,1359244,4,3,118042
ring,3,1048576,200000.0,0.4,0.0,1.0,71,2,216,3146750,1359244,4,3,219750
ring,3,1048576,200000.0,0.4,0.0,1.0,71,2,217,3058416,1359244,4,3,18708
ring,3,1048576,200000.0,0.4,0.0,1.0,71,2,218,3431792,1359244,4,3,24084
ring,3,1048576,200000.0,0.4,0.0,1.0,71,2,219,6121833,1359244,4,3,7833
ring,3,1048576,200000.0,0.4,0.0,1.0,71,2,220,4130709,1359244,4,3,171501
ring,3,1048576,200000.0,0.4,0.0,1.0,71,2,221,3901791,1359244,4,3,227957
ring,3,1048576,200000.0,0.4,0.0,1.0,71,2,222,3136208,1359244,4,3,131291
ring,3,1048576,200000.0,0.4,0.0,1.0,71,2,223,3152583,1359244,4,3,187166
ring,3,1048576,200000.0,0.4,0.0,1.0,71,2,224,3056167,1359244,4,3,147875
ring,3,1048576,200000.0,0.4,0.0,1.0,71,2,225,3107584,1359244,4,3,145792
ring,3,1048576,200000.0,0.4,0.0,1.0,71,2,226,3199417,1359244,4,3,122708
ring,3,1048576,200000.0,0.4,0.0,1.0,71,2,227,3012708,1359244,4,3,132208
ring,3,1048576,200000.0,0.4,0.0,1.0,71,2,228,3071208,1359244,4,3,121791
ring,3,1048576,200000.0,0.4,0.0,1.0,71,2,229,3026916,1359244,4,3,173041
ring,3,1048576,200000.0,0.4,0.0,1.0,71,2,230,3229958,1359244,4,3,216124
ring,3,1048576,200000.0,0.4,0.0,1.0,71,2,231,3365208,1359244,4,3,64041
ring,3,1048576,200000.0,0.4,0.0,1.0,71,2,232,3678458,1359244,4,3,56291
ring,3,1048576,200000.0,0.4,0.0,1.0,71,2,233,4527834,1359244,4,3,203251
ring,3,1048576,200000.0,0.4,0.0,1.0,71,2,234,4011292,1359244,4,3,196042
ring,3,1048576,200000.0,0.4,0.0,1.0,71,2,235,3002666,1359244,4,3,45916
ring,3,1048576,200000.0,0.4,0.0,1.0,71,2,236,3107000,1359244,4,3,119708
ring,3,1048576,200000.0,0.4,0.0,1.0,71,2,237,3061167,1359244,4,3,79501
ring,3,1048576,200000.0,0.4,0.0,1.0,71,2,238,3155167,1359244,4,3,120167
ring,3,1048576,200000.0,0.4,0.0,1.0,71,2,239,2920000,1359244,4,3,239500
ring,3,1048576,200000.0,0.4,0.0,1.0,71,2,240,2964125,1359244,4,3,109209
ring,3,1048576,200000.0,0.4,0.0,1.0,71,2,241,3131916,1359244,4,3,227041
ring,3,1048576,200000.0,0.4,0.0,1.0,71,2,242,3027958,1359244,4,3,98875
ring,3,1048576,200000.0,0.4,0.0,1.0,71,2,243,3013209,1359244,4,3,103417
ring,3,1048576,200000.0,0.4,0.0,1.0,71,2,244,3024750,1359244,4,3,67375
ring,3,1048576,200000.0,0.4,0.0,1.0,71,2,245,3067959,1359244,4,3,130376
ring,3,1048576,200000.0,0.4,0.0,1.0,71,2,246,2980416,1359244,4,3,7791
ring,3,1048576,200000.0,0.4,0.0,1.0,71,2,247,3110417,1359244,4,3,163625
ring,3,1048576,200000.0,0.4,0.0,1.0,71,2,248,3144542,1359244,4,3,99376
ring,3,1048576,200000.0,0.4,0.0,1.0,71,2,249,3008209,1359244,4,3,101376
ps,3,4194304,200000.0,0.4,0.0,1.0,71,2,0,9215208,1877721,1,3,1985458
ps,3,4194304,200000.0,0.4,0.0,1.0,71,2,1,9020209,1877721,1,3,1922626
ps,3,4194304,200000.0,0.4,0.0,1.0,71,2,2,9887500,1877721,1,3,1880083
ps,3,4194304,200000.0,0.4,0.0,1.0,71,2,3,8880458,1877721,1,3,2095542
ps,3,4194304,200000.0,0.4,0.0,1.0,71,2,4,9403459,1877721,1,3,1962167
ps,3,4194304,200000.0,0.4,0.0,1.0,71,2,5,9070083,1877721,1,3,1563208
ps,3,4194304,200000.0,0.4,0.0,1.0,71,2,6,8845500,1877721,1,3,1832500
ps,3,4194304,200000.0,0.4,0.0,1.0,71,2,7,8946791,1877721,1,3,1587166
ps,3,4194304,200000.0,0.4,0.0,1.0,71,2,8,9372833,1877721,1,3,1173417
ps,3,4194304,200000.0,0.4,0.0,1.0,71,2,9,8813375,1877721,1,3,1415667
ps,3,4194304,200000.0,0.4,0.0,1.0,71,2,10,8947416,1877721,1,3,1909332
ps,3,4194304,200000.0,0.4,0.0,1.0,71,2,11,8794250,1877721,1,3,1911125
ps,3,4194304,200000.0,0.4,0.0,1.0,71,2,12,8888583,1877721,1,3,1587750
ps,3,4194304,200000.0,0.4,0.0,1.0,71,2,13,9648833,1877721,1,3,1704666
ps,3,4194304,200000.0,0.4,0.0,1.0,71,2,14,9424375,1877721,1,3,1885000
ps,3,4194304,200000.0,0.4,0.0,1.0,71,2,15,9297542,1877721,1,3,2055917
ps,3,4194304,200000.0,0.4,0.0,1.0,71,2,16,9243458,1877721,1,3,1428792
ps,3,4194304,200000.0,0.4,0.0,1.0,71,2,17,9127667,1877721,1,3,1502250
ps,3,4194304,200000.0,0.4,0.0,1.0,71,2,18,9213417,1877721,1,3,1904208
ps,3,4194304,200000.0,0.4,0.0,1.0,71,2,19,9508917,1877721,1,3,1763209
ps,3,4194304,200000.0,0.4,0.0,1.0,71,2,20,8923375,1877721,1,3,2079500
ps,3,4194304,200000.0,0.4,0.0,1.0,71,2,21,8983541,1877721,1,3,1945041
ps,3,4194304,200000.0,0.4,0.0,1.0,71,2,22,8890292,1877721,1,3,2107709
ps,3,4194304,200000.0,0.4,0.0,1.0,71,2,23,9138959,1877721,1,3,2037584
ps,3,4194304,200000.0,0.4,0.0,1.0,71,2,24,8978250,1877721,1,3,1727959
ps,3,4194304,200000.0,0.4,0.0,1.0,71,2,25,8853958,1877721,1,3,1723583
ps,3,4194304,200000.0,0.4,0.0,1.0,71,2,26,9249875,1877721,1,3,1536000
ps,3,4194304,200000.0,0.4,0.0,1.0,71,2,27,9748666,1877721,1,3,1589457
ps,3,4194304,200000.0,0.4,0.0,1.0,71,2,28,9389333,1877721,1,3,1605458
ps,3,4194304,200000.0,0.4,0.0,1.0,71,2,29,9452875,1877721,1,3,1591583
ps,3,4194304,200000.0,0.4,0.0,1.0,71,2,30,8796583,1877721,1,3,1895000
ps,3,4194304,200000.0,0.4,0.0,1.0,71,2,31,8715000,1877721,1,3,1840667
ps,3,4194304,200000.0,0.4,0.0,1.0,71,2,32,9310708,1877721,1,3,1527125
ps,3,4194304,200000.0,0.4,0.0,1.0,71,2,33,9670833,1877721,1,3,1985917
ps,3,4194304,200000.0,0.4,0.0,1.0,71,2,34,9428250,1877721,1,3,1846625
ps,3,4194304,200000.0,0.4,0.0,1.0,71,2,35,9286625,1877721,1,3,1545125
ps,3,4194304,200000.0,0.4,0.0,1.0,71,2,36,9964625,1877721,1,3,1907000
ps,3,4194304,200000.0,0.4,0.0,1.0,71,2,37,8903333,1877721,1,3,2026916
ps,3,4194304,200000.0,0.4,0.0,1.0,71,2,38,9522083,1877721,1,3,1622958
ps,3,4194304,200000.0,0.4,0.0,1.0,71,2,39,9511625,1877721,1,3,1710667
ps,3,4194304,200000.0,0.4,0.0,1.0,71,2,40,9232291,1877721,1,3,1570041
ps,3,4194304,200000.0,0.4,0.0,1.0,71,2,41,9108708,1877721,1,3,1511083
ps,3,4194304,200000.0,0.4,0.0,1.0,71,2,42,8755292,1877721,1,3,1779376
ps,3,4194304,200000.0,0.4,0.0,1.0,71,2,43,8831583,1877721,1,3,1536125
ps,3,4194304,200000.0,0.4,0.0,1.0,71,2,44,9970584,1877721,1,3,1773751
ps,3,4194304,200000.0,0.4,0.0,1.0,71,2,45,9509583,1877721,1,3,1811083
ps,3,4194304,200000.0,0.4,0.0,1.0,71,2,46,8673250,1877721,1,3,1881333
ps,3,4194304,200000.0,0.4,0.0,1.0,71,2,47,8686708,1877721,1,3,2017708
ps,3,4194304,200000.0,0.4,0.0,1.0,71,2,48,9957041,1877721,1,3,1934666
ps,3,4194304,200000.0,0.4,0.0,1.0,71,2,49,9454500,1877721,1,3,1465208
ps,3,4194304,200000.0,0.4,0.0,1.0,71,2,50,9145084,1877721,1,3,1736584
ps,3,4194304,200000.0,0.4,0.0,1.0,71,2,51,8426833,1877721,1,3,1948958
ps,3,4194304,200000.0,0.4,0.0,1.0,71,2,52,8725125,1877721,1,3,1592041
ps,3,4194304,200000.0,0.4,0.0,1.0,71,2,53,8747916,1877721,1,3,2027458
ps,3,4194304,200000.0,0.4,0.0,1.0,71,2,54,8945667,1877721,1,3,1998334
ps,3,4194304,200000.0,0.4,0.0,1.0,71,2,55,9431875,1877721,1,3,1831958
ps,3,4194304,200000.0,0.4,0.0,1.0,71,2,56,8699791,1877721,1,3,1674791
ps,3,4194304,200000.0,0.4,0.0,1.0,71,2,57,8872958,1877721,1,3,1903625
ps,3,4194304,200000.0,0.4,0.0,1.0,71,2,58,9468416,1877721,1,3,1749749
ps,3,4194304,200000.0,0.4,0.0,1.0,71,2,59,8873250,1877721,1,3,1577084
ps,3,4194304,200000.0,0.4,0.0,1.0,71,2,60,9204250,1877721,1,3,1520708
ps,3,4194304,200000.0,0.4,0.0,1.0,71,2,61,9288958,1877721,1,3,1849708
ps,3,4194304,200000.0,0.4,0.0,1.0,71,2,62,10071208,1877721,1,3,1833958
ps,3,4194304,200000.0,0.4,0.0,1.0,71,2,63,9704542,1877721,1,3,1544000
ps,3,4194304,200000.0,0.4,0.0,1.0,71,2,64,9160667,1877721,1,3,1677001
ps,3,4194304,200000.0,0.4,0.0,1.0,71,2,65,9408333,1877721,1,3,1492875
ps,3,4194304,200000.0,0.4,0.0,1.0,71,2,66,9797458,1877721,1,3,1764375
ps,3,4194304,200000.0,0.4,0.0,1.0,71,2,67,8475750,1877721,1,3,1903917
ps,3,4194304,200000.0,0.4,0.0,1.0,71,2,68,8488750,1877721,1,3,1898292
ps,3,4194304,200000.0,0.4,0.0,1.0,71,2,69,8261333,1877721,1,3,1777208
ps,3,4194304,200000.0,0.4,0.0,1.0,71,2,70,8266500,1877721,1,3,1927542
ps,3,4194304,200000.0,0.4,0.0,1.0,71,2,71,8370875,1877721,1,3,1948041
ps,3,4194304,200000.0,0.4,0.0,1.0,71,2,72,8425334,1877721,1,3,1928918
ps,3,4194304,200000.0,0.4,0.0,1.0,71,2,73,8450667,1877721,1,3,1884001
ps,3,4194304,200000.0,0.4,0.0,1.0,71,2,74,8415166,1877721,1,3,1945666
ps,3,4194304,200000.0,0.4,0.0,1.0,71,2,75,8370084,1877721,1,3,1972834
ps,3,4194304,200000.0,0.4,0.0,1.0,71,2,76,8475708,1877721,1,3,1878125
ps,3,4194304,200000.0,0.4,0.0,1.0,71,2,77,8399250,1877721,1,3,1968583
ps,3,4194304,200000.0,0.4,0.0,1.0,71,2,78,8196333,1877721,1,3,1959291
ps,3,4194304,200000.0,0.4,0.0,1.0,71,2,79,8192750,1877721,1,3,1931125
ps,3,4194304,200000.0,0.4,0.0,1.0,71,2,80,8401500,1877721,1,3,2124333
ps,3,4194304,200000.0,0.4,0.0,1.0,71,2,81,8370500,1877721,1,3,1990625
ps,3,4194304,200000.0,0.4,0.0,1.0,71,2,82,8211292,1877721,1,3,1904125
ps,3,4194304,200000.0,0.4,0.0,1.0,71,2,83,8232042,1877721,1,3,1862542
ps,3,4194304,200000.0,0.4,0.0,1.0,71,2,84,8251708,1877721,1,3,1928749
ps,3,4194304,200000.0,0.4,0.0,1.0,71,2,85,8115541,1877721,1,3,1793041
ps,3,4194304,200000.0,0.4,0.0,1.0,71,2,86,8211583,1877721,1,3,1943458
ps,3,4194304,200000.0,0.4,0.0,1.0,71,2,87,8184250,1877721,1,3,1871584
ps,3,4194304,200000.0,0.4,0.0,1.0,71,2,88,8215708,1877721,1,3,1905083
ps,3,4194304,200000.0,0.4,0.0,1.0,71,2,89,8266000,1877721,1,3,1897416
ps,3,4194304,200000.0,0.4,0.0,1.0,71,2,90,8287958,1877721,1,3,1804083
ps,3,4194304,200000.0,0.4,0.0,1.0,71,2,91,8205333,1877721,1,3,1954083
ps,3,4194304,200000.0,0.4,0.0,1.0,71,2,92,8067875,1877721,1,3,1919083
ps,3,4194304,200000.0,0.4,0.0,1.0,71,2,93,8274750,1877721,1,3,1915500
ps,3,4194304,200000.0,0.4,0.0,1.0,71,2,94,8222667,1877721,1,3,1829167
ps,3,4194304,200000.0,0.4,0.0,1.0,71,2,95,8018917,1877721,1,3,1834834
ps,3,4194304,200000.0,0.4,0.0,1.0,71,2,96,8198750,1877721,1,3,1800625
ps,3,4194304,200000.0,0.4,0.0,1.0,71,2,97,8199250,1877721,1,3,1979375
ps,3,4194304,200000.0,0.4,0.0,1.0,71,2,98,8114459,1877721,1,3,1896167
ps,3,4194304,200000.0,0.4,0.0,1.0,71,2,99,8138041,1877721,1,3,1828791
ps,3,4194304,200000.0,0.4,0.0,1.0,71,2,100,8152625,1877721,1,3,1795125
ps,3,4194304,200000.0,0.4,0.0,1.0,71,2,101,8148167,1877721,1,3,1890375
ps,3,4194304,200000.0,0.4,0.0,1.0,71,2,102,8034667,1877721,1,3,1874126
ps,3,4194304,200000.0,0.4,0.0,1.0,71,2,103,8206292,1877721,1,3,1862375
ps,3,4194304,200000.0,0.4,0.0,1.0,71,2,104,8092750,1877721,1,3,1884459
ps,3,4194304,200000.0,0.4,0.0,1.0,71,2,105,8120833,1877721,1,3,1841583
ps,3,4194304,200000.0,0.4,0.0,1.0,71,2,106,8137334,1877721,1,3,1842417
ps,3,4194304,200000.0,0.4,0.0,1.0,71,2,107,8055292,1877721,1,3,1799333
ps,3,4194304,200000.0,0.4,0.0,1.0,71,2,108,8180583,1877721,1,3,1912500
ps,3,4194304,200000.0,0.4,0.0,1.0,71,2,109,8141417,1877721,1,3,1857542
ps,3,4194304,200000.0,0.4,0.0,1.0,71,2,110,8559833,1877721,1,3,1922749
ps,3,4194304,200000.0,0.4,0.0,1.0,71,2,111,8636166,1877721,1,3,1955124
ps,3,4194304,200000.0,0.4,0.0,1.0,71,2,112,8625833,1877721,1,3,2018041
ps,3,4194304,200000.0,0.4,0.0,1.0,71,2,113,8601541,1877721,1,3,1857708
ps,3,4194304,200000.0,0.4,0.0,1.0,71,2,114,8752000,1877721,1,3,1950292
ps,3,4194304,200000.0,0.4,0.0,1.0,71,2,115,8790083,1877721,1,3,2006958
ps,3,4194304,200000.0,0.4,0.0,1.0,71,2,116,8694792,1877721,1,3,1985542
ps,3,4194304,200000.0,0.4,0.0,1.0,71,2,117,8692750,1877721,1,3,1894500
ps,3,4194304,200000.0,0.4,0.0,1.0,71,2,118,8527333,1877721,1,3,1736750
ps,3,4194304,200000.0,0.4,0.0,1.0,71,2,119,8216917,1877721,1,3,1845709
ps,3,4194304,200000.0,0.4,0.0,1.0,71,2,120,8099208,1877721,1,3,1833833
ps,3,4194304,200000.0,0.4,0.0,1.0,71,2,121,8168083,1877721,1,3,1898000
ps,3,4194304,200000.0,0.4,0.0,1.0,71,2,122,8176667,1877721,1,3,1829126
ps,3,4194304,200000.0,0.4,0.0,1.0,71,2,123,8132333,1877721,1,3,1945916
ps,3,4194304,200000.0,0.4,0.0,1.0,71,2,124,8132709,1877721,1,3,1816501
ps,3,4194304,200000.0,0.4,0.0,1.0,71,2,125,8077167,1877721,1,3,1747959
ps,3,4194304,200000.0,0.4,0.0,1.0,71,2,126,8172291,1877721,1,3,1903208
ps,3,4194304,200000.0,0.4,0.0,1.0,71,2,127,8103708,1877721,1,3,1717208
ps,3,4194304,200000.0,0.4,0.0,1.0,71,2,128,8188542,1877721,1,3,1915084
ps,3,4194304,200000.0,0.4,0.0,1.0,71,2,129,8055000,1877721,1,3,1768083
ps,3,4194304,200000.0,0.4,0.0,1.0,71,2,130,8246500,1877721,1,3,1890709
ps,3,4194304,200000.0,0.4,0.0,1.0,71,2,131,8201000,1877721,1,3,1827667
ps,3,4194304,200000.0,0.4,0.0,1.0,71,2,132,8171542,1877721,1,3,1837167
ps,3,4194304,200000.0,0.4,0.0,1.0,71,2,133,8166083,1877721,1,3,1796708
ps,3,4194304,200000.0,0.4,0.0,1.0,71,2,134,8169750,1877721,1,3,1825833
ps,3,4194304,200000.0,0.4,0.0,1.0,71,2,135,8261708,1877721,1,3,1947291
ps,3,4194304,200000.0,0.4,0.0,1.0,71,2,136,8329750,1877721,1,3,1929625
ps,3,4194304,200000.0,0.4,0.0,1.0,71,2,137,8167916,1877721,1,3,1917208
ps,3,4194304,200000.0,0.4,0.0,1.0,71,2,138,8280583,1877721,1,3,1932750
ps,3,4194304,200000.0,0.4,0.0,1.0,71,2,139,8314042,1877721,1,3,1893084
ps,3,4194304,200000.0,0.4,0.0,1.0,71,2,140,8252084,1877721,1,3,1937500
ps,3,4194304,200000.0,0.4,0.0,1.0,71,2,141,8364458,1877721,1,3,1890000
ps,3,4194304,200000.0,0.4,0.0,1.0,71,2,142,8378583,1877721,1,3,1903750
ps,3,4194304,200000.0,0.4,0.0,1.0,71,2,143,8237250,1877721,1,3,1882458
ps,3,4194304,200000.0,0.4,0.0,1.0,71,2,144,8255375,1877721,1,3,2064625
ps,3,4194304,200000.0,0.4,0.0,1.0,71,2,145,8246541,1877721,1,3,1886541
ps,3,4194304,200000.0,0.4,0.0,1.0,71,2,146,8203250,1877721,1,3,1916875
ps,3,4194304,200000.0,0.4,0.0,1.0,71,2,147,8167875,1877721,1,3,1901333
ps,3,4194304,200000.0,0.4,0.0,1.0,71,2,148,8091875,1877721,1,3,1818875
ps,3,4194304,200000.0,0.4,0.0,1.0,71,2,149,8127375,1877721,1,3,1902709
ps,3,4194304,200000.0,0.4,0.0,1.0,71,2,150,8172875,1877721,1,3,1909208
ps,3,4194304,200000.0,0.4,0.0,1.0,71,2,151,8354791,1877721,1,3,2044833
ps,3,4194304,200000.0,0.4,0.0,1.0,71,2,152,8207333,1877721,1,3,1956417
ps,3,4194304,200000.0,0.4,0.0,1.0,71,2,153,8361417,1877721,1,3,2055333
ps,3,4194304,200000.0,0.4,0.0,1.0,71,2,154,8119458,1877721,1,3,1909166
ps,3,4194304,200000.0,0.4,0.0,1.0,71,2,155,8245958,1877721,1,3,1971166
ps,3,4194304,200000.0,0.4,0.0,1.0,71,2,156,8421458,1877721,1,3,2144333
ps,3,4194304,200000.0,0.4,0.0,1.0,71,2,157,8207750,1877721,1,3,1855834
ps,3,4194304,200000.0,0.4,0.0,1.0,71,2,158,8192334,1877721,1,3,1719418
ps,3,4194304,200000.0,0.4,0.0,1.0,71,2,159,8177583,1877721,1,3,1930625
ps,3,4194304,200000.0,0.4,0.0,1.0,71,2,160,8180875,1877721,1,3,1989417
ps,3,4194304,200000.0,0.4,0.0,1.0,71,2,161,8136333,1877721,1,3,1897666
ps,3,4194304,200000.0,0.4,0.0,1.0,71,2,162,8125125,1877721,1,3,1787000
ps,3,4194304,200000.0,0.4,0.0,1.0,71,2,163,8030584,1877721,1,3,1800959
ps,3,4194304,200000.0,0.4,0.0,1.0,71,2,164,8145750,1877721,1,3,1851208
ps,3,4194304,200000.0,0.4,0.0,1.0,71,2,165,9253500,1877721,1,3,2924333
ps,3,4194304,200000.0,0.4,0.0,1.0,71,2,166,11503333,3755442,2,3,1254583
ps,3,4194304,200000.0,0.4,0.0,1.0,71,2,167,13422958,1877721,1,3,1009000
ps,3,4194304,200000.0,0.4,0.0,1.0,71,2,168,8666250,3755442,2,3,2133625
ps,3,4194304,200000.0,0.4,0.0,1.0,71,2,169,8681042,1877721,1,3,2169876
ps,3,4194304,200000.0,0.4,0.0,1.0,71,2,170,8561875,1877721,1,3,2053833
ps,3,4194304,200000.0,0.4,0.0,1.0,71,2,171,8217709,1877721,1,3,1859251
ps,3,4194304,200000.0,0.4,0.0,1.0,71,2,172,8257791,1877721,1,3,1884624
ps,3,4194304,200000.0,0.4,0.0,1.0,71,2,173,8278709,1877721,1,3,1948459
ps,3,4194304,200000.0,0.4,0.0,1.0,71,2,174,8551792,1877721,1,3,1906542
ps,3,4194304,200000.0,0.4,0.0,1.0,71,2,175,8338917,1877721,1,3,1850459
ps,3,4194304,200000.0,0.4,0.0,1.0,71,2,176,8368083,1877721,1,3,1924000
ps,3,4194304,200000.0,0.4,0.0,1.0,71,2,177,8799583,1877721,1,3,2058333
ps,3,4194304,200000.0,0.4,0.0,1.0,71,2,178,9904958,1877721,1,3,1166458
ps,3,4194304,200000.0,0.4,0.0,1.0,71,2,179,8520791,1877721,1,3,1911082
ps,3,4194304,200000.0,0.4,0.0,1.0,71,2,180,8194583,1877721,1,3,1853333
ps,3,4194304,200000.0,0.4,0.0,1.0,71,2,181,8122334,1877721,1,3,1890959
ps,3,4194304,200000.0,0.4,0.0,1.0,71,2,182,8199583,1877721,1,3,1937333
ps,3,4194304,200000.0,0.4,0.0,1.0,71,2,183,8183291,1877721,1,3,1940416
ps,3,4194304,200000.0,0.4,0.0,1.0,71,2,184,8329000,1877721,1,3,1955708
ps,3,4194304,200000.0,0.4,0.0,1.0,71,2,185,8153667,1877721,1,3,1892583
ps,3,4194304,200000.0,0.4,0.0,1.0,71,2,186,8152792,1877721,1,3,1860417
ps,3,4194304,200000.0,0.4,0.0,1.0,71,2,187,8096000,1877721,1,3,1915083
ps,3,4194304,200000.0,0.4,0.0,1.0,71,2,188,8117959,1877721,1,3,1895001
ps,3,4194304,200000.0,0.4,0.0,1.0,71,2,189,8117000,1877721,1,3,1920833
ps,3,4194304,200000.0,0.4,0.0,1.0,71,2,190,8219459,1877721,1,3,1997417
ps,3,4194304,200000.0,0.4,0.0,1.0,71,2,191,8258625,1877721,1,3,1896083
ps,3,4194304,200000.0,0.4,0.0,1.0,71,2,192,8194875,1877721,1,3,1871166
ps,3,4194304,200000.0,0.4,0.0,1.0,71,2,193,8210417,1877721,1,3,1946583
ps,3,4194304,200000.0,0.4,0.0,1.0,71,2,194,8113167,1877721,1,3,1925584
ps,3,4194304,200000.0,0.4,0.0,1.0,71,2,195,8267250,1877721,1,3,1899625
ps,3,4194304,200000.0,0.4,0.0,1.0,71,2,196,8108500,1877721,1,3,1873291
ps,3,4194304,200000.0,0.4,0.0,1.0,71,2,197,8130208,1877721,1,3,1917750
ps,3,4194304,200000.0,0.4,0.0,1.0,71,2,198,8036542,1877721,1,3,1844209
ps,3,4194304,200000.0,0.4,0.0,1.0,71,2,199,8136334,1877721,1,3,1964542
ps,3,4194304,200000.0,0.4,0.0,1.0,71,2,200,8076375,1877721,1,3,1859833
ps,3,4194304,200000.0,0.4,0.0,1.0,71,2,201,8142125,1877721,1,3,1853167
ps,3,4194304,200000.0,0.4,0.0,1.0,71,2,202,8130792,1877721,1,3,1959584
ps,3,4194304,200000.0,0.4,0.0,1.0,71,2,203,8065625,1877721,1,3,1915458
ps,3,4194304,200000.0,0.4,0.0,1.0,71,2,204,8246458,1877721,1,3,2011875
ps,3,4194304,200000.0,0.4,0.0,1.0,71,2,205,8271667,1877721,1,3,1887958
ps,3,4194304,200000.0,0.4,0.0,1.0,71,2,206,8224750,1877721,1,3,1889625
ps,3,4194304,200000.0,0.4,0.0,1.0,71,2,207,8161750,1877721,1,3,1861333
ps,3,4194304,200000.0,0.4,0.0,1.0,71,2,208,8056792,1877721,1,3,1866876
ps,3,4194304,200000.0,0.4,0.0,1.0,71,2,209,8024041,1877721,1,3,1845333
ps,3,4194304,200000.0,0.4,0.0,1.0,71,2,210,8173042,1877721,1,3,1835417
ps,3,4194304,200000.0,0.4,0.0,1.0,71,2,211,8161792,1877721,1,3,1931376
ps,3,4194304,200000.0,0.4,0.0,1.0,71,2,212,8221834,1877721,1,3,1918418
ps,3,4194304,200000.0,0.4,0.0,1.0,71,2,213,8148792,1877721,1,3,1853751
ps,3,4194304,200000.0,0.4,0.0,1.0,71,2,214,8091708,1877721,1,3,1886250
ps,3,4194304,200000.0,0.4,0.0,1.0,71,2,215,8163541,1877721,1,3,1909249
ps,3,4194304,200000.0,0.4,0.0,1.0,71,2,216,8098583,1877721,1,3,1903625
ps,3,4194304,200000.0,0.4,0.0,1.0,71,2,217,8140917,1877721,1,3,1904500
ps,3,4194304,200000.0,0.4,0.0,1.0,71,2,218,8114292,1877721,1,3,1895958
ps,3,4194304,200000.0,0.4,0.0,1.0,71,2,219,8224916,1877721,1,3,1905458
ps,3,4194304,200000.0,0.4,0.0,1.0,71,2,220,8093708,1877721,1,3,1932667
ps,3,4194304,200000.0,0.4,0.0,1.0,71,2,221,8073791,1877721,1,3,1836124
ps,3,4194304,200000.0,0.4,0.0,1.0,71,2,222,8154250,1877721,1,3,1883625
ps,3,4194304,200000.0,0.4,0.0,1.0,71,2,223,8139459,1877721,1,3,1894334
ps,3,4194304,200000.0,0.4,0.0,1.0,71,2,224,8272208,1877721,1,3,1983916
ps,3,4194304,200000.0,0.4,0.0,1.0,71,2,225,8199458,1877721,1,3,1923917
ps,3,4194304,200000.0,0.4,0.0,1.0,71,2,226,8158666,1877721,1,3,1986958
ps,3,4194304,200000.0,0.4,0.0,1.0,71,2,227,8233041,1877721,1,3,1931583
ps,3,4194304,200000.0,0.4,0.0,1.0,71,2,228,8153875,1877721,1,3,1915416
ps,3,4194304,200000.0,0.4,0.0,1.0,71,2,229,8093750,1877721,1,3,1934834
ps,3,4194304,200000.0,0.4,0.0,1.0,71,2,230,8211667,1877721,1,3,1909084
ps,3,4194304,200000.0,0.4,0.0,1.0,71,2,231,8085667,1877721,1,3,1895917
ps,3,4194304,200000.0,0.4,0.0,1.0,71,2,232,8091291,1877721,1,3,1860041
ps,3,4194304,200000.0,0.4,0.0,1.0,71,2,233,8129375,1877721,1,3,1977000
ps,3,4194304,200000.0,0.4,0.0,1.0,71,2,234,8112625,1877721,1,3,1969416
ps,3,4194304,200000.0,0.4,0.0,1.0,71,2,235,8043250,1877721,1,3,1887792
ps,3,4194304,200000.0,0.4,0.0,1.0,71,2,236,8111208,1877721,1,3,1932458
ps,3,4194304,200000.0,0.4,0.0,1.0,71,2,237,8059917,1877721,1,3,1889084
ps,3,4194304,200000.0,0.4,0.0,1.0,71,2,238,8077041,1877721,1,3,1858791
ps,3,4194304,200000.0,0.4,0.0,1.0,71,2,239,8036125,1877721,1,3,1894750
ps,3,4194304,200000.0,0.4,0.0,1.0,71,2,240,8059250,1877721,1,3,1886292
ps,3,4194304,200000.0,0.4,0.0,1.0,71,2,241,8079083,1877721,1,3,1881624
ps,3,4194304,200000.0,0.4,0.0,1.0,71,2,242,8125209,1877721,1,3,1949418
ps,3,4194304,200000.0,0.4,0.0,1.0,71,2,243,8034166,1877721,1,3,1902583
ps,3,4194304,200000.0,0.4,0.0,1.0,71,2,244,8067791,1877721,1,3,1910749
ps,3,4194304,200000.0,0.4,0.0,1.0,71,2,245,8042333,1877721,1,3,1831833
ps,3,4194304,200000.0,0.4,0.0,1.0,71,2,246,8031459,1877721,1,3,1883751
ps,3,4194304,200000.0,0.4,0.0,1.0,71,2,247,8074416,1877721,1,3,1916833
ps,3,4194304,200000.0,0.4,0.0,1.0,71,2,248,7965750,1877721,1,3,1857667
ps,3,4194304,200000.0,0.4,0.0,1.0,71,2,249,8043541,1877721,1,3,1923999
ps,3,4194304,200000.0,0.4,0.0,1.0,71,3,0,8396083,1877721,1,3,1971667
ps,3,4194304,200000.0,0.4,0.0,1.0,71,3,1,8231625,1877721,1,3,2004500
ps,3,4194304,200000.0,0.4,0.0,1.0,71,3,2,8237750,1877721,1,3,1908709
ps,3,4194304,200000.0,0.4,0.0,1.0,71,3,3,8140334,1877721,1,3,1905542
ps,3,4194304,200000.0,0.4,0.0,1.0,71,3,4,8224125,1877721,1,3,1944750
ps,3,4194304,200000.0,0.4,0.0,1.0,71,3,5,8146208,1877721,1,3,1930500
ps,3,4194304,200000.0,0.4,0.0,1.0,71,3,6,8212792,1877721,1,3,1989625
ps,3,4194304,200000.0,0.4,0.0,1.0,71,3,7,8083166,1877721,1,3,1902916
ps,3,4194304,200000.0,0.4,0.0,1.0,71,3,8,8096917,1877721,1,3,1871001
ps,3,4194304,200000.0,0.4,0.0,1.0,71,3,9,8217917,1877721,1,3,1989958
ps,3,4194304,200000.0,0.4,0.0,1.0,71,3,10,8298833,1877721,1,3,1996708
ps,3,4194304,200000.0,0.4,0.0,1.0,71,3,11,8186541,1877721,1,3,1865874
ps,3,4194304,200000.0,0.4,0.0,1.0,71,3,12,8172625,1877721,1,3,1922500
ps,3,4194304,200000.0,0.4,0.0,1.0,71,3,13,8145959,1877721,1,3,1861168
ps,3,4194304,200000.0,0.4,0.0,1.0,71,3,14,8186083,1877721,1,3,1872542
ps,3,4194304,200000.0,0.4,0.0,1.0,71,3,15,8298459,1877721,1,3,1927084
ps,3,4194304,200000.0,0.4,0.0,1.0,71,3,16,8192334,1877721,1,3,1936251
ps,3,4194304,200000.0,0.4,0.0,1.0,71,3,17,8161584,1877721,1,3,1895959
ps,3,4194304,200000.0,0.4,0.0,1.0,71,3,18,8125167,1877721,1,3,1882417
ps,3,4194304,200000.0,0.4,0.0,1.0,71,3,19,8222000,1877721,1,3,1939000
ps,3,4194304,200000.0,0.4,0.0,1.0,71,3,20,8189041,1877721,1,3,1870541
ps,3,4194304,200000.0,0.4,0.0,1.0,71,3,21,8235500,1877721,1,3,1810834
ps,3,4194304,200000.0,0.4,0.0,1.0,71,3,22,8196000,1877721,1,3,1851875
ps,3,4194304,200000.0,0.4,0.0,1.0,71,3,23,8118250,1877721,1,3,1869125
ps,3,4194304,200000.0,0.4,0.0,1.0,71,3,24,8196209,1877721,1,3,1801459
ps,3,4194304,200000.0,0.4,0.0,1.0,71,3,25,8148083,1877721,1,3,1899374
ps,3,4194304,200000.0,0.4,0.0,1.0,71,3,26,8207292,1877721,1,3,1889459
ps,3,4194304,200000.0,0.4,0.0,1.0,71,3,27,8163084,1877721,1,3,1945834
ps,3,4194304,200000.0,0.4,0.0,1.0,71,3,28,8075208,1877721,1,3,1889500
ps,3,4194304,200000.0,0.4,0.0,1.0,71,3,29,8032375,1877721,1,3,1826166
ps,3,4194304,200000.0,0.4,0.0,1.0,71,3,30,8169541,1877721,1,3,1881583
ps,3,4194304,200000.0,0.4,0.0,1.0,71,3,31,8191667,1877721,1,3,1919250
ps,3,4194304,200000.0,0.4,0.0,1.0,71,3,32,8140458,1877721,1,3,1947542
ps,3,4194304,200000.0,0.4,0.0,1.0,71,3,33,8157000,1877721,1,3,1805875
ps,3,4194304,200000.0,0.4,0.0,1.0,71,3,34,8137917,1877721,1,3,1942042
ps,3,4194304,200000.0,0.4,0.0,1.0,71,3,35,8190500,1877721,1,3,1921125
ps,3,4194304,200000.0,0.4,0.0,1.0,71,3,36,8135792,1877721,1,3,1862709
ps,3,4194304,200000.0,0.4,0.0,1.0,71,3,37,8030792,1877721,1,3,1856792
ps,3,4194304,200000.0,0.4,0.0,1.0,71,3,38,8155500,1877721,1,3,1915625
ps,3,4194304,200000.0,0.4,0.0,1.0,71,3,39,8232833,1877721,1,3,1883333
ps,3,4194304,200000.0,0.4,0.0,1.0,71,3,40,8208875,1877721,1,3,1853250
ps,3,4194304,200000.0,0.4,0.0,1.0,71,3,41,8292917,1877721,1,3,1937250
ps,3,4194304,200000.0,0.4,0.0,1.0,71,3,42,8269334,1877721,1,3,1944459
ps,3,4194304,200000.0,0.4,0.0,1.0,71,3,43,8177042,1877721,1,3,1877751
ps,3,4194304,200000.0,0.4,0.0,1.0,71,3,44,8305042,1877721,1,3,1952625
ps,3,4194304,200000.0,0.4,0.0,1.0,71,3,45,8150833,1877721,1,3,1903124
ps,3,4194304,200000.0,0.4,0.0,1.0,71,3,46,8182125,1877721,1,3,1926125
ps,3,4194304,200000.0,0.4,0.0,1.0,71,3,47,8200875,1877721,1,3,1906625
ps,3,4194304,200000.0,0.4,0.0,1.0,71,3,48,8190750,1877721,1,3,1858250
ps,3,4194304,200000.0,0.4,0.0,1.0,71,3,49,8337958,1877721,1,3,1897708
ps,3,4194304,200000.0,0.4,0.0,1.0,71,3,50,8337167,1877721,1,3,1698667
ps,3,4194304,200000.0,0.4,0.0,1.0,71,3,51,8286708,1877721,1,3,1860041
ps,3,4194304,200000.0,0.4,0.0,1.0,71,3,52,8081875,1877721,1,3,1840875
ps,3,4194304,200000.0,0.4,0.0,1.0,71,3,53,8250125,1877721,1,3,1872959
ps,3,4194304,200000.0,0.4,0.0,1.0,71,3,54,8242000,1877721,1,3,1867708
ps,3,4194304,200000.0,0.4,0.0,1.0,71,3,55,8578958,1877721,1,3,2005458
ps,3,4194304,200000.0,0.4,0.0,1.0,71,3,56,8304000,1877721,1,3,1888250
ps,3,4194304,200000.0,0.4,0.0,1.0,71,3,57,8296084,1877721,1,3,1897667
ps,3,4194304,200000.0,0.4,0.0,1.0,71,3,58,8376708,1877721,1,3,1913833
ps,3,4194304,200000.0,0.4,0.0,1.0,71,3,59,8332167,1877721,1,3,2020334
ps,3,4194304,200000.0,0.4,0.0,1.0,71,3,60,8317500,1877721,1,3,1959334
ps,3,4194304,200000.0,0.4,0.0,1.0,71,3,61,8224625,1877721,1,3,1846209
ps,3,4194304,200000.0,0.4,0.0,1.0,71,3,62,8300000,1877721,1,3,1862500
ps,3,4194304,200000.0,0.4,0.0,1.0,71,3,63,8342958,1877721,1,3,1971833
ps,3,4194304,200000.0,0.4,0.0,1.0,71,3,64,8153000,1877721,1,3,1861375
ps,3,4194304,200000.0,0.4,0.0,1.0,71,3,65,8870583,1877721,1,3,1909916
ps,3,4194304,200000.0,0.4,0.0,1.0,71,3,66,8317667,1877721,1,3,1912708
ps,3,4194304,200000.0,0.4,0.0,1.0,71,3,67,8231500,1877721,1,3,1877750
ps,3,4194304,200000.0,0.4,0.0,1.0,71,3,68,8308958,1877721,1,3,1884375
ps,3,4194304,200000.0,0.4,0.0,1.0,71,3,69,8910959,1877721,1,3,1433417
ps,3,4194304,200000.0,0.4,0.0,1.0,71,3,70,8216583,1877721,1,3,1814791
ps,3,4194304,200000.0,0.4,0.0,1.0,71,3,71,8194875,1877721,1,3,1763667
ps,3,4194304,200000.0,0.4,0.0,1.0,71,3,72,8187084,1877721,1,3,1827793
ps,3,4194304,200000.0,0.4,0.0,1.0,71,3,73,8271708,1877721,1,3,1820458
ps,3,4194304,200000.0,0.4,0.0,1.0,71,3,74,8410666,1877721,1,3,1927249
ps,3,4194304,200000.0,0.4,0.0,1.0,71,3,75,8201083,1877721,1,3,1891875
ps,3,4194304,200000.0,0.4,0.0,1.0,71,3,76,8279000,1877721,1,3,1911208
ps,3,4194304,200000.0,0.4,0.0,1.0,71,3,77,8296666,1877721,1,3,1962541
ps,3,4194304,200000.0,0.4,0.0,1.0,71,3,78,8265416,1877721,1,3,1917749
ps,3,4194304,200000.0,0.4,0.0,1.0,71,3,79,8259084,1877721,1,3,1876000
ps,3,4194304,200000.0,0.4,0.0,1.0,71,3,80,8068625,1877721,1,3,1884917
ps,3,4194304,200000.0,0.4,0.0,1.0,71,3,81,8201584,1877721,1,3,1914125
ps,3,4194304,200000.0,0.4,0.0,1.0,71,3,82,8242500,1877721,1,3,1934209
ps,3,4194304,200000.0,0.4,0.0,1.0,71,3,83,8313167,1877721,1,3,1841126
ps,3,4194304,200000.0,0.4,0.0,1.0,71,3,84,8281541,1877721,1,3,1912874
ps,3,4194304,200000.0,0.4,0.0,1.0,71,3,85,8305959,1877721,1,3,1873959
ps,3,4194304,200000.0,0.4,0.0,1.0,71,3,86,8352875,1877721,1,3,1890584
ps,3,4194304,200000.0,0.4,0.0,1.0,71,3,87,8239292,1877721,1,3,1898584
ps,3,4194304,200000.0,0.4,0.0,1.0,71,3,88,8297625,1877721,1,3,1867000
ps,3,4194304,200000.0,0.4,0.0,1.0,71,3,89,8315958,1877721,1,3,1876875
ps,3,4194304,200000.0,0.4,0.0,1.0,71,3,90,8263875,1877721,1,3,1885792
ps,3,4194304,200000.0,0.4,0.0,1.0,71,3,91,8308917,1877721,1,3,1884708
ps,3,4194304,200000.0,0.4,0.0,1.0,71,3,92,8209458,1877721,1,3,1850625
ps,3,4194304,200000.0,0.4,0.0,1.0,71,3,93,8260792,1877721,1,3,1884875
ps,3,4194304,200000.0,0.4,0.0,1.0,71,3,94,8308000,1877721,1,3,1868125
ps,3,4194304,200000.0,0.4,0.0,1.0,71,3,95,8220958,1877721,1,3,1807375
ps,3,4194304,200000.0,0.4,0.0,1.0,71,3,96,8456750,1877721,1,3,1954458
ps,3,4194304,200000.0,0.4,0.0,1.0,71,3,97,8383542,1877721,1,3,1866334
ps,3,4194304,200000.0,0.4,0.0,1.0,71,3,98,8291375,1877721,1,3,1988084
ps,3,4194304,200000.0,0.4,0.0,1.0,71,3,99,8227375,1877721,1,3,1817292
ps,3,4194304,200000.0,0.4,0.0,1.0,71,3,100,8307958,1877721,1,3,1871917
ps,3,4194304,200000.0,0.4,0.0,1.0,71,3,101,8216334,1877721,1,3,1877751
ps,3,4194304,200000.0,0.4,0.0,1.0,71,3,102,8164625,1877721,1,3,1902500
ps,3,4194304,200000.0,0.4,0.0,1.0,71,3,103,8230666,1877721,1,3,1945457
ps,3,4194304,200000.0,0.4,0.0,1.0,71,3,104,8206041,1877721,1,3,1838916
ps,3,4194304,200000.0,0.4,0.0,1.0,71,3,105,8234417,1877721,1,3,1871584
ps,3,4194304,200000.0,0.4,0.0,1.0,71,3,106,8263500,1877721,1,3,1928958
ps,3,4194304,200000.0,0.4,0.0,1.0,71,3,107,8238875,1877721,1,3,1925708
ps,3,4194304,200000.0,0.4,0.0,1.0,71,3,108,8245583,1877721,1,3,1893542
ps,3,4194304,200000.0,0.4,0.0,1.0,71,3,109,8258917,1877721,1,3,1911251
ps,3,4194304,200000.0,0.4,0.0,1.0,71,3,110,8237375,1877721,1,3,1926917
ps,3,4194304,200000.0,0.4,0.0,1.0,71,3,111,8254250,1877721,1,3,1953917
ps,3,4194304,200000.0,0.4,0.0,1.0,71,3,112,8174958,1877721,1,3,1851458
ps,3,4194304,200000.0,0.4,0.0,1.0,71,3,113,8211792,1877721,1,3,1929958
ps,3,4194304,200000.0,0.4,0.0,1.0,71,3,114,8268459,1877721,1,3,1890625
ps,3,4194304,200000.0,0.4,0.0,1.0,71,3,115,8198875,1877721,1,3,1888250
ps,3,4194304,200000.0,0.4,0.0,1.0,71,3,116,8278208,1877721,1,3,1998791
ps,3,4194304,200000.0,0.4,0.0,1.0,71,3,117,8280333,1877721,1,3,1900749
ps,3,4194304,200000.0,0.4,0.0,1.0,71,3,118,8254208,1877721,1,3,1967416
ps,3,4194304,200000.0,0.4,0.0,1.0,71,3,119,8320000,1877721,1,3,1993417
ps,3,4194304,200000.0,0.4,0.0,1.0,71,3,120,8221750,1877721,1,3,1814041
ps,3,4194304,200000.0,0.4,0.0,1.0,71,3,121,8250708,1877721,1,3,1986958
ps,3,4194304,200000.0,0.4,0.0,1.0,71,3,122,8185542,1877721,1,3,1928792
ps,3,4194304,200000.0,0.4,0.0,1.0,71,3,123,8195417,1877721,1,3,1950084
ps,3,4194304,200000.0,0.4,0.0,1.0,71,3,124,8261541,1877721,1,3,1958832
ps,3,4194304,200000.0,0.4,0.0,1.0,71,3,125,8263334,1877721,1,3,1959959
ps,3,4194304,200000.0,0.4,0.0,1.0,71,3,126,8221042,1877721,1,3,1958751
ps,3,4194304,200000.0,0.4,0.0,1.0,71,3,127,8355041,1877721,1,3,2013166
ps,3,4194304,200000.0,0.4,0.0,1.0,71,3,128,8207791,1877721,1,3,1807875
ps,3,4194304,200000.0,0.4,0.0,1.0,71,3,129,8436250,1877721,1,3,1835125
ps,3,4194304,200000.0,0.4,0.0,1.0,71,3,130,8199042,1877721,1,3,1874084
ps,3,4194304,200000.0,0.4,0.0,1.0,71,3,131,8252208,1877721,1,3,1925750
ps,3,4194304,200000.0,0.4,0.0,1.0,71,3,132,8335667,1877721,1,3,1892542
ps,3,4194304,200000.0,0.4,0.0,1.0,71,3,133,8267792,1877721,1,3,1924500
ps,3,4194304,200000.0,0.4,0.0,1.0,71,3,134,8281375,1877721,1,3,1907333
ps,3,4194304,200000.0,0.4,0.0,1.0,71,3,135,8175208,1877721,1,3,1846458
ps,3,4194304,200000.0,0.4,0.0,1.0,71,3,136,8567500,1877721,1,3,2112458
ps,3,4194304,200000.0,0.4,0.0,1.0,71,3,137,9776666,1877721,1,3,1660707
ps,3,4194304,200000.0,0.4,0.0,1.0,71,3,138,8818292,1877721,1,3,1881208
ps,3,4194304,200000.0,0.4,0.0,1.0,71,3,139,8776708,1877721,1,3,1879125
ps,3,4194304,200000.0,0.4,0.0,1.0,71,3,140,8790500,1877721,1,3,1907917
ps,3,4194304,200000.0,0.4,0.0,1.0,71,3,141,8879750,1877721,1,3,1926958
ps,3,4194304,200000.0,0.4,0.0,1.0,71,3,142,8906792,1877721,1,3,1882334
ps,3,4194304,200000.0,0.4,0.0,1.0,71,3,143,8960708,1877721,1,3,2027249
ps,3,4194304,200000.0,0.4,0.0,1.0,71,3,144,8907834,1877721,1,3,1795751
ps,3,4194304,200000.0,0.4,0.0,1.0,71,3,145,8498958,1877721,1,3,1931542
ps,3,4194304,200000.0,0.4,0.0,1.0,71,3,146,8278500,1877721,1,3,1883041
ps,3,4194304,200000.0,0.4,0.0,1.0,71,3,147,8324541,1877721,1,3,1888541
ps,3,4194304,200000.0,0.4,0.0,1.0,71,3,148,8401291,1877721,1,3,1937208
ps,3,4194304,200000.0,0.4,0.0,1.0,71,3,149,8583875,1877721,1,3,1954959
ps,3,4194304,200000.0,0.4,0.0,1.0,71,3,150,8451084,1877721,1,3,2052959
ps,3,4194304,200000.0,0.4,0.0,1.0,71,3,151,8269667,1877721,1,3,1915876
ps,3,4194304,200000.0,0.4,0.0,1.0,71,3,152,8220334,1877721,1,3,1883167
ps,3,4194304,200000.0,0.4,0.0,1.0,71,3,153,8476250,1877721,1,3,1923709
ps,3,4194304,200000.0,0.4,0.0,1.0,71,3,154,8197166,1877721,1,3,1828458
ps,3,4194304,200000.0,0.4,0.0,1.0,71,3,155,8297250,1877721,1,3,1882667
ps,3,4194304,200000.0,0.4,0.0,1.0,71,3,156,8360542,1877721,1,3,1932750
ps,3,4194304,200000.0,0.4,0.0,1.0,71,3,157,8371584,1877721,1,3,1977750
ps,3,4194304,200000.0,0.4,0.0,1.0,71,3,158,8241625,1877721,1,3,1826209
ps,3,4194304,200000.0,0.4,0.0,1.0,71,3,159,8436583,1877721,1,3,2003000
ps,3,4194304,200000.0,0.4,0.0,1.0,71,3,160,8433875,1877721,1,3,2022209
ps,3,4194304,200000.0,0.4,0.0,1.0,71,3,161,8309000,1877721,1,3,1921917
ps,3,4194304,200000.0,0.4,0.0,1.0,71,3,162,8210625,1877721,1,3,1910708
ps,3,4194304,200000.0,0.4,0.0,1.0,71,3,163,8310666,1877721,1,3,1927833
ps,3,4194304,200000.0,0.4,0.0,1.0,71,3,164,8312833,1877721,1,3,1862292
ps,3,4194304,200000.0,0.4,0.0,1.0,71,3,165,8220208,1877721,1,3,1892958
ps,3,4194304,200000.0,0.4,0.0,1.0,71,3,166,8095541,1877721,1,3,1756749
ps,3,4194304,200000.0,0.4,0.0,1.0,71,3,167,8262500,1877721,1,3,1859458
ps,3,4194304,200000.0,0.4,0.0,1.0,71,3,168,8178500,1877721,1,3,1765334
ps,3,4194304,200000.0,0.4,0.0,1.0,71,3,169,8271667,1877721,1,3,1845292
ps,3,4194304,200000.0,0.4,0.0,1.0,71,3,170,8250000,1877721,1,3,1877625
ps,3,4194304,200000.0,0.4,0.0,1.0,71,3,171,8201834,1877721,1,3,1859834
ps,3,4194304,200000.0,0.4,0.0,1.0,71,3,172,8158625,1877721,1,3,1775875
ps,3,4194304,200000.0,0.4,0.0,1.0,71,3,173,8270083,1877721,1,3,1862708
ps,3,4194304,200000.0,0.4,0.0,1.0,71,3,174,8302084,1877721,1,3,1931918
ps,3,4194304,200000.0,0.4,0.0,1.0,71,3,175,8377750,1877721,1,3,1940167
ps,3,4194304,200000.0,0.4,0.0,1.0,71,3,176,8318250,1877721,1,3,1941458
ps,3,4194304,200000.0,0.4,0.0,1.0,71,3,177,8200958,1877721,1,3,1838249
ps,3,4194304,200000.0,0.4,0.0,1.0,71,3,178,8253541,1877721,1,3,1921166
ps,3,4194304,200000.0,0.4,0.0,1.0,71,3,179,8202125,1877721,1,3,1797416
ps,3,4194304,200000.0,0.4,0.0,1.0,71,3,180,8314417,1877721,1,3,1898042
ps,3,4194304,200000.0,0.4,0.0,1.0,71,3,181,8248875,1877721,1,3,1886542
ps,3,4194304,200000.0,0.4,0.0,1.0,71,3,182,8260250,1877721,1,3,1917584
ps,3,4194304,200000.0,0.4,0.0,1.0,71,3,183,8213542,1877721,1,3,1865792
ps,3,4194304,200000.0,0.4,0.0,1.0,71,3,184,8355250,1877721,1,3,1940459
ps,3,4194304,200000.0,0.4,0.0,1.0,71,3,185,8283917,1877721,1,3,1918792
ps,3,4194304,200000.0,0.4,0.0,1.0,71,3,186,8339125,1877721,1,3,2036167
ps,3,4194304,200000.0,0.4,0.0,1.0,71,3,187,8267875,1877721,1,3,1870291
ps,3,4194304,200000.0,0.4,0.0,1.0,71,3,188,8208458,1877721,1,3,1765542
ps,3,4194304,200000.0,0.4,0.0,1.0,71,3,189,8264167,1877721,1,3,1855501
ps,3,4194304,200000.0,0.4,0.0,1.0,71,3,190,8405334,1877721,1,3,1962584
ps,3,4194304,200000.0,0.4,0.0,1.0,71,3,191,8206584,1877721,1,3,1833459
ps,3,4194304,200000.0,0.4,0.0,1.0,71,3,192,8234875,1877721,1,3,1881792
ps,3,4194304,200000.0,0.4,0.0,1.0,71,3,193,8380583,1877721,1,3,1857500
ps,3,4194304,200000.0,0.4,0.0,1.0,71,3,194,8192583,1877721,1,3,1824624
ps,3,4194304,200000.0,0.4,0.0,1.0,71,3,195,8391208,1877721,1,3,1937916
ps,3,4194304,200000.0,0.4,0.0,1.0,71,3,196,8263709,1877721,1,3,1894334
ps,3,4194304,200000.0,0.4,0.0,1.0,71,3,197,8274208,1877721,1,3,1829375
ps,3,4194304,200000.0,0.4,0.0,1.0,71,3,198,8228500,1877721,1,3,1865958
ps,3,4194304,200000.0,0.4,0.0,1.0,71,3,199,8316708,1877721,1,3,1835125
ps,3,4194304,200000.0,0.4,0.0,1.0,71,3,200,8332042,1877721,1,3,1898792
ps,3,4194304,200000.0,0.4,0.0,1.0,71,3,201,8153917,1877721,1,3,1824708
ps,3,4194304,200000.0,0.4,0.0,1.0,71,3,202,8284916,1877721,1,3,1821416
ps,3,4194304,200000.0,0.4,0.0,1.0,71,3,203,8275917,1877721,1,3,1874000
ps,3,4194304,200000.0,0.4,0.0,1.0,71,3,204,8275333,1877721,1,3,1904375
ps,3,4194304,200000.0,0.4,0.0,1.0,71,3,205,8212917,1877721,1,3,1928458
ps,3,4194304,200000.0,0.4,0.0,1.0,71,3,206,8171042,1877721,1,3,1922292
ps,3,4194304,200000.0,0.4,0.0,1.0,71,3,207,8322958,1877721,1,3,2009333
ps,3,4194304,200000.0,0.4,0.0,1.0,71,3,208,8234917,1877721,1,3,1908501
ps,3,4194304,200000.0,0.4,0.0,1.0,71,3,209,8236625,1877721,1,3,1872250
ps,3,4194304,200000.0,0.4,0.0,1.0,71,3,210,8153792,1877721,1,3,1879875
ps,3,4194304,200000.0,0.4,0.0,1.0,71,3,211,8324458,1877721,1,3,1900833
ps,3,4194304,200000.0,0.4,0.0,1.0,71,3,212,8345583,1877721,1,3,1829000
ps,3,4194304,200000.0,0.4,0.0,1.0,71,3,213,8195125,1877721,1,3,1838292
ps,3,4194304,200000.0,0.4,0.0,1.0,71,3,214,8278667,1877721,1,3,1930834
ps,3,4194304,200000.0,0.4,0.0,1.0,71,3,215,8218250,1877721,1,3,1893666
ps,3,4194304,200000.0,0.4,0.0,1.0,71,3,216,8152166,1877721,1,3,1916083
ps,3,4194304,200000.0,0.4,0.0,1.0,71,3,217,8285542,1877721,1,3,1867167
ps,3,4194304,200000.0,0.4,0.0,1.0,71,3,218,8359083,1877721,1,3,1885750
ps,3,4194304,200000.0,0.4,0.0,1.0,71,3,219,8393750,1877721,1,3,1941833
ps,3,4194304,200000.0,0.4,0.0,1.0,71,3,220,8229916,1877721,1,3,1868208
ps,3,4194304,200000.0,0.4,0.0,1.0,71,3,221,8274875,1877721,1,3,2044083
ps,3,4194304,200000.0,0.4,0.0,1.0,71,3,222,8344583,1877721,1,3,1880125
ps,3,4194304,200000.0,0.4,0.0,1.0,71,3,223,8304209,1877721,1,3,1967167
ps,3,4194304,200000.0,0.4,0.0,1.0,71,3,224,8383875,1877721,1,3,2002958
ps,3,4194304,200000.0,0.4,0.0,1.0,71,3,225,8271458,1877721,1,3,1882874
ps,3,4194304,200000.0,0.4,0.0,1.0,71,3,226,8198875,1877721,1,3,1880125
ps,3,4194304,200000.0,0.4,0.0,1.0,71,3,227,8297250,1877721,1,3,1916167
ps,3,4194304,200000.0,0.4,0.0,1.0,71,3,228,8315541,1877721,1,3,1935208
ps,3,4194304,200000.0,0.4,0.0,1.0,71,3,229,8254625,1877721,1,3,1977208
ps,3,4194304,200000.0,0.4,0.0,1.0,71,3,230,8190000,1877721,1,3,1914333
ps,3,4194304,200000.0,0.4,0.0,1.0,71,3,231,8199417,1877721,1,3,1850250
ps,3,4194304,200000.0,0.4,0.0,1.0,71,3,232,8280542,1877721,1,3,1877792
ps,3,4194304,200000.0,0.4,0.0,1.0,71,3,233,8246458,1877721,1,3,1870000
ps,3,4194304,200000.0,0.4,0.0,1.0,71,3,234,8180000,1877721,1,3,1898000
ps,3,4194304,200000.0,0.4,0.0,1.0,71,3,235,8168250,1877721,1,3,1878459
ps,3,4194304,200000.0,0.4,0.0,1.0,71,3,236,8244334,1877721,1,3,1981500
ps,3,4194304,200000.0,0.4,0.0,1.0,71,3,237,8324792,1877721,1,3,1879542
ps,3,4194304,200000.0,0.4,0.0,1.0,71,3,238,8194333,1877721,1,3,1893417
ps,3,4194304,200000.0,0.4,0.0,1.0,71,3,239,8242875,1877721,1,3,1863291
ps,3,4194304,200000.0,0.4,0.0,1.0,71,3,240,8196459,1877721,1,3,1911209
ps,3,4194304,200000.0,0.4,0.0,1.0,71,3,241,8206708,1877721,1,3,1919374
ps,3,4194304,200000.0,0.4,0.0,1.0,71,3,242,8261667,1877721,1,3,1934959
ps,3,4194304,200000.0,0.4,0.0,1.0,71,3,243,8180250,1877721,1,3,1913959
ps,3,4194304,200000.0,0.4,0.0,1.0,71,3,244,8435584,1877721,1,3,1876751
ps,3,4194304,200000.0,0.4,0.0,1.0,71,3,245,8220042,1877721,1,3,1898250
ps,3,4194304,200000.0,0.4,0.0,1.0,71,3,246,8262834,1877721,1,3,1856626
ps,3,4194304,200000.0,0.4,0.0,1.0,71,3,247,8505375,1877721,1,3,1952625
ps,3,4194304,200000.0,0.4,0.0,1.0,71,3,248,8191291,1877721,1,3,1853666
ps,3,4194304,200000.0,0.4,0.0,1.0,71,3,249,8209458,1877721,1,3,1936791
ring,3,1048576,200000.0,0.4,0.0,1.0,71,3,0,2734167,1359244,4,3,172334
ring,3,1048576,200000.0,0.4,0.0,1.0,71,3,1,2700416,1359244,4,3,154000
ring,3,1048576,200000.0,0.4,0.0,1.0,71,3,2,2686958,1359244,4,3,65375
ring,3,1048576,200000.0,0.4,0.0,1.0,71,3,3,2615833,1359244,4,3,132750
ring,3,1048576,200000.0,0.4,0.0,1.0,71,3,4,2643750,1359244,4,3,151625
ring,3,1048576,200000.0,0.4,0.0,1.0,71,3,5,2692917,1359244,4,3,150000
ring,3,1048576,200000.0,0.4,0.0,1.0,71,3,6,2605916,1359244,4,3,148291
ring,3,1048576,200000.0,0.4,0.0,1.0,71,3,7,2684542,1359244,4,3,129001
ring,3,1048576,200000.0,0.4,0.0,1.0,71,3,8,2647750,1359244,4,3,138958
ring,3,1048576,200000.0,0.4,0.0,1.0,71,3,9,2677291,1359244,4,3,78166
ring,3,1048576,200000.0,0.4,0.0,1.0,71,3,10,2689500,1359244,4,3,89417
ring,3,1048576,200000.0,0.4,0.0,1.0,71,3,11,2717958,1359244,4,3,60583
ring,3,1048576,200000.0,0.4,0.0,1.0,71,3,12,2786125,1359244,4,3,116667
ring,3,1048576,200000.0,0.4,0.0,1.0,71,3,13,2867875,1359244,4,3,82708
ring,3,1048576,200000.0,0.4,0.0,1.0,71,3,14,3785708,1359244,4,3,69708
ring,3,1048576,200000.0,0.4,0.0,1.0,71,3,15,3788333,1359244,4,3,80499
ring,3,1048576,200000.0,0.4,0.0,1.0,71,3,16,3180125,1359244,4,3,68666
ring,3,1048576,200000.0,0.4,0.0,1.0,71,3,17,2783792,1359244,4,3,153125
ring,3,1048576,200000.0,0.4,0.0,1.0,71,3,18,2819209,1359244,4,3,24418
ring,3,1048576,200000.0,0.4,0.0,1.0,71,3,19,2944125,1359244,4,3,188750
ring,3,1048576,200000.0,0.4,0.0,1.0,71,3,20,2898459,1359244,4,3,85126
ring,3,1048576,200000.0,0.4,0.0,1.0,71,3,21,2844166,1359244,4,3,122749
ring,3,1048576,200000.0,0.4,0.0,1.0,71,3,22,2733417,1359244,4,3,156375
ring,3,1048576,200000.0,0.4,0.0,1.0,71,3,23,2746500,1359244,4,3,111458
ring,3,1048576,200000.0,0.4,0.0,1.0,71,3,24,3000000,1359244,4,3,53500
ring,3,1048576,200000.0,0.4,0.0,1.0,71,3,25,2745667,1359244,4,3,127875
ring,3,1048576,200000.0,0.4,0.0,1.0,71,3,26,2834833,1359244,4,3,75708
ring,3,1048576,200000.0,0.4,0.0,1.0,71,3,27,2840333,1359244,4,3,148208
ring,3,1048576,200000.0,0.4,0.0,1.0,71,3,28,2817375,1359244,4,3,95917
ring,3,1048576,200000.0,0.4,0.0,1.0,71,3,29,2982292,1359244,4,3,143126
ring,3,1048576,200000.0,0.4,0.0,1.0,71,3,30,2810792,1359244,4,3,63792
ring,3,1048576,200000.0,0.4,0.0,1.0,71,3,31,2835250,1359244,4,3,52166
ring,3,1048576,200000.0,0.4,0.0,1.0,71,3,32,2936916,1359244,4,3,186624
ring,3,1048576,200000.0,0.4,0.0,1.0,71,3,33,2756708,1359244,4,3,64750
ring,3,1048576,200000.0,0.4,0.0,1.0,71,3,34,2806042,1359244,4,3,21834
ring,3,1048576,200000.0,0.4,0.0,1.0,71,3,35,2860000,1359244,4,3,158667
ring,3,1048576,200000.0,0.4,0.0,1.0,71,3,36,2855667,1359244,4,3,39501
ring,3,1048576,200000.0,0.4,0.0,1.0,71,3,37,2969250,1359244,4,3,175167
ring,3,1048576,200000.0,0.4,0.0,1.0,71,3,38,2881084,1359244,4,3,76584
ring,3,1048576,200000.0,0.4,0.0,1.0,71,3,39,3019500,1359244,4,3,180292
ring,3,1048576,200000.0,0.4,0.0,1.0,71,3,40,2717542,1359244,4,3,73000
ring,3,1048576,200000.0,0.4,0.0,1.0,71,3,41,2800916,1359244,4,3,134416
ring,3,1048576,200000.0,0.4,0.0,1.0,71,3,42,2801583,1359244,4,3,141583
ring,3,1048576,200000.0,0.4,0.0,1.0,71,3,43,2756500,1359244,4,3,31250
ring,3,1048576,200000.0,0.4,0.0,1.0,71,3,44,2910458,1359244,4,3,104500
ring,3,1048576,200000.0,0.4,0.0,1.0,71,3,45,2813208,1359244,4,3,62999
ring,3,1048576,200000.0,0.4,0.0,1.0,71,3,46,2903208,1359244,4,3,104333
ring,3,1048576,200000.0,0.4,0.0,1.0,71,3,47,2816625,1359244,4,3,120583
ring,3,1048576,200000.0,0.4,0.0,1.0,71,3,48,2830041,1359244,4,3,136125
ring,3,1048576,200000.0,0.4,0.0,1.0,71,3,49,2828375,1359244,4,3,161333
ring,3,1048576,200000.0,0.4,0.0,1.0,71,3,50,2788958,1359244,4,3,105791
ring,3,1048576,200000.0,0.4,0.0,1.0,71,3,51,2783417,1359244,4,3,126292
ring,3,1048576,200000.0,0.4,0.0,1.0,71,3,52,2937125,1359244,4,3,209167
ring,3,1048576,200000.0,0.4,0.0,1.0,71,3,53,2742750,1359244,4,3,164458
ring,3,1048576,200000.0,0.4,0.0,1.0,71,3,54,2869542,1359244,4,3,156000
ring,3,1048576,200000.0,0.4,0.0,1.0,71,3,55,2709333,1359244,4,3,124166
ring,3,1048576,200000.0,0.4,0.0,1.0,71,3,56,2842250,1359244,4,3,73000
ring,3,1048576,200000.0,0.4,0.0,1.0,71,3,57,2830958,1359244,4,3,58041
ring,3,1048576,200000.0,0.4,0.0,1.0,71,3,58,2802375,1359244,4,3,156667
ring,3,1048576,200000.0,0.4,0.0,1.0,71,3,59,3011542,1359244,4,3,192792
ring,3,1048576,200000.0,0.4,0.0,1.0,71,3,60,2767667,1359244,4,3,183667
ring,3,1048576,200000.0,0.4,0.0,1.0,71,3,61,2763000,1359244,4,3,91458
ring,3,1048576,200000.0,0.4,0.0,1.0,71,3,62,2919334,1359244,4,3,132376
ring,3,1048576,200000.0,0.4,0.0,1.0,71,3,63,2764625,1359244,4,3,47292
ring,3,1048576,200000.0,0.4,0.0,1.0,71,3,64,2746417,1359244,4,3,153250
ring,3,1048576,200000.0,0.4,0.0,1.0,71,3,65,2703541,1359244,4,3,178541
ring,3,1048576,200000.0,0.4,0.0,1.0,71,3,66,2609334,1359244,4,3,192542
ring,3,1048576,200000.0,0.4,0.0,1.0,71,3,67,2665209,1359244,4,3,122750
ring,3,1048576,200000.0,0.4,0.0,1.0,71,3,68,2774000,1359244,4,3,120583
ring,3,1048576,200000.0,0.4,0.0,1.0,71,3,69,2760125,1359244,4,3,93833
ring,3,1048576,200000.0,0.4,0.0,1.0,71,3,70,2697166,1359244,4,3,104791
ring,3,1048576,200000.0,0.4,0.0,1.0,71,3,71,2714708,1359244,4,3,177708
ring,3,1048576,200000.0,0.4,0.0,1.0,71,3,72,2891416,1359244,4,3,26999
ring,3,1048576,200000.0,0.4,0.0,1.0,71,3,73,2769208,1359244,4,3,160250
ring,3,1048576,200000.0,0.4,0.0,1.0,71,3,74,2790500,1359244,4,3,97042
ring,3,1048576,200000.0,0.4,0.0,1.0,71,3,75,2670292,1359244,4,3,109251
ring,3,1048576,200000.0,0.4,0.0,1.0,71,3,76,2715500,1359244,4,3,118750
ring,3,1048576,200000.0,0.4,0.0,1.0,71,3,77,2841083,1359244,4,3,89750
ring,3,1048576,200000.0,0.4,0.0,1.0,71,3,78,2694916,1359244,4,3,87749
ring,3,1048576,200000.0,0.4,0.0,1.0,71,3,79,2751083,1359244,4,3,188708
ring,3,1048576,200000.0,0.4,0.0,1.0,71,3,80,2807834,1359244,4,3,222834
ring,3,1048576,200000.0,0.4,0.0,1.0,71,3,81,2818292,1359244,4,3,133333
ring,3,1048576,200000.0,0.4,0.0,1.0,71,3,82,2680834,1359244,4,3,9792
ring,3,1048576,200000.0,0.4,0.0,1.0,71,3,83,2724917,1359244,4,3,119834
ring,3,1048576,200000.0,0.4,0.0,1.0,71,3,84,2675667,1359244,4,3,159376
ring,3,1048576,200000.0,0.4,0.0,1.0,71,3,85,2854084,1359244,4,3,163875
ring,3,1048576,200000.0,0.4,0.0,1.0,71,3,86,2720167,1359244,4,3,138876
ring,3,1048576,200000.0,0.4,0.0,1.0,71,3,87,2833917,1359244,4,3,153751
ring,3,1048576,200000.0,0.4,0.0,1.0,71,3,88,2784542,1359244,4,3,214334
ring,3,1048576,200000.0,0.4,0.0,1.0,71,3,89,2692625,1359244,4,3,100333
ring,3,1048576,200000.0,0.4,0.0,1.0,71,3,90,4303583,1359244,4,3,492874
ring,3,1048576,200000.0,0.4,0.0,1.0,71,3,91,3444792,1359244,4,3,26458
ring,3,1048576,200000.0,0.4,0.0,1.0,71,3,92,2787166,1359244,4,3,119041
ring,3,1048576,200000.0,0.4,0.0,1.0,71,3,93,2824917,1359244,4,3,84001
ring,3,1048576,200000.0,0.4,0.0,1.0,71,3,94,2843875,1359244,4,3,201792
ring,3,1048576,200000.0,0.4,0.0,1.0,71,3,95,2867500,1359244,4,3,98000
ring,3,1048576,200000.0,0.4,0.0,1.0,71,3,96,2764708,1359244,4,3,94458
ring,3,1048576,200000.0,0.4,0.0,1.0,71,3,97,2770417,1359244,4,3,165667
ring,3,1048576,200000.0,0.4,0.0,1.0,71,3,98,2774792,1359244,4,3,154042
ring,3,1048576,200000.0,0.4,0.0,1.0,71,3,99,2910583,1359244,4,3,138708
ring,3,1048576,200000.0,0.4,0.0,1.0,71,3,100,2927167,1359244,4,3,87750
ring,3,1048576,200000.0,0.4,0.0,1.0,71,3,101,2716083,1359244,4,3,148374
ring,3,1048576,200000.0,0.4,0.0,1.0,71,3,102,2756958,1359244,4,3,205208
ring,3,1048576,200000.0,0.4,0.0,1.0,71,3,103,2755292,1359244,4,3,97626
ring,3,1048576,200000.0,0.4,0.0,1.0,71,3,104,2699125,1359244,4,3,48333
ring,3,1048576,200000.0,0.4,0.0,1.0,71,3,105,2829875,1359244,4,3,111167
ring,3,1048576,200000.0,0.4,0.0,1.0,71,3,106,2722792,1359244,4,3,163125
ring,3,1048576,200000.0,0.4,0.0,1.0,71,3,107,2722333,1359244,4,3,114708
ring,3,1048576,200000.0,0.4,0.0,1.0,71,3,108,2725209,1359244,4,3,14667
ring,3,1048576,200000.0,0.4,0.0,1.0,71,3,109,2842708,1359244,4,3,108292
ring,3,1048576,200000.0,0.4,0.0,1.0,71,3,110,2727542,1359244,4,3,129250
ring,3,1048576,200000.0,0.4,0.0,1.0,71,3,111,2771125,1359244,4,3,128625
ring,3,1048576,200000.0,0.4,0.0,1.0,71,3,112,2832500,1359244,4,3,101667
ring,3,1048576,200000.0,0.4,0.0,1.0,71,3,113,2808917,1359244,4,3,85250
ring,3,1048576,200000.0,0.4,0.0,1.0,71,3,114,2841000,1359244,4,3,108500
ring,3,1048576,200000.0,0.4,0.0,1.0,71,3,115,2675750,1359244,4,3,172208
ring,3,1048576,200000.0,0.4,0.0,1.0,71,3,116,2844917,1359244,4,3,129625
ring,3,1048576,200000.0,0.4,0.0,1.0,71,3,117,2886583,1359244,4,3,147500
ring,3,1048576,200000.0,0.4,0.0,1.0,71,3,118,3189459,1359244,4,3,183834
ring,3,1048576,200000.0,0.4,0.0,1.0,71,3,119,2955084,1359244,4,3,32459
ring,3,1048576,200000.0,0.4,0.0,1.0,71,3,120,3119792,1359244,4,3,156709
ring,3,1048576,200000.0,0.4,0.0,1.0,71,3,121,3530167,1359244,4,3,47626
ring,3,1048576,200000.0,0.4,0.0,1.0,71,3,122,3293500,1359244,4,3,214292
ring,3,1048576,200000.0,0.4,0.0,1.0,71,3,123,2913000,1359244,4,3,89167
ring,3,1048576,200000.0,0.4,0.0,1.0,71,3,124,3044250,1359244,4,3,86792
ring,3,1048576,200000.0,0.4,0.0,1.0,71,3,125,3062209,1359244,4,3,153709
ring,3,1048576,200000.0,0.4,0.0,1.0,71,3,126,2975250,1359244,4,3,144834
ring,3,1048576,200000.0,0.4,0.0,1.0,71,3,127,2968959,1359244,4,3,84834
ring,3,1048576,200000.0,0.4,0.0,1.0,71,3,128,3054500,1359244,4,3,115625
ring,3,1048576,200000.0,0.4,0.0,1.0,71,3,129,3022750,1359244,4,3,93875
ring,3,1048576,200000.0,0.4,0.0,1.0,71,3,130,2924834,1359244,4,3,164751
ring,3,1048576,200000.0,0.4,0.0,1.0,71,3,131,2909333,1359244,4,3,175166
ring,3,1048576,200000.0,0.4,0.0,1.0,71,3,132,2881583,1359244,4,3,78125
ring,3,1048576,200000.0,0.4,0.0,1.0,71,3,133,2902875,1359244,4,3,154792
ring,3,1048576,200000.0,0.4,0.0,1.0,71,3,134,2886625,1359244,4,3,166167
ring,3,1048576,200000.0,0.4,0.0,1.0,71,3,135,2940417,1359244,4,3,93626
ring,3,1048576,200000.0,0.4,0.0,1.0,71,3,136,2830833,1359244,4,3,100416
ring,3,1048576,200000.0,0.4,0.0,1.0,71,3,137,3085125,1359244,4,3,117750
ring,3,1048576,200000.0,0.4,0.0,1.0,71,3,138,3043083,1359244,4,3,90833
ring,3,1048576,200000.0,0.4,0.0,1.0,71,3,139,2918791,1359244,4,3,189958
ring,3,1048576,200000.0,0.4,0.0,1.0,71,3,140,2868041,1359244,4,3,148708
ring,3,1048576,200000.0,0.4,0.0,1.0,71,3,141,2961417,1359244,4,3,169667
ring,3,1048576,200000.0,0.4,0.0,1.0,71,3,142,2940042,1359244,4,3,170000
ring,3,1048576,200000.0,0.4,0.0,1.0,71,3,143,2957084,1359244,4,3,276959
ring,3,1048576,200000.0,0.4,0.0,1.0,71,3,144,3033625,1359244,4,3,211333
ring,3,1048576,200000.0,0.4,0.0,1.0,71,3,145,2831708,1359244,4,3,114124
ring,3,1048576,200000.0,0.4,0.0,1.0,71,3,146,2922750,1359244,4,3,142958
ring,3,1048576,200000.0,0.4,0.0,1.0,71,3,147,2869541,1359244,4,3,190249
ring,3,1048576,200000.0,0.4,0.0,1.0,71,3,148,3163125,1359244,4,3,173000
ring,3,1048576,200000.0,0.4,0.0,1.0,71,3,149,3008875,1359244,4,3,177083
ring,3,1048576,200000.0,0.4,0.0,1.0,71,3,150,2931167,1359244,4,3,238750
ring,3,1048576,200000.0,0.4,0.0,1.0,71,3,151,3043458,1359244,4,3,136458
ring,3,1048576,200000.0,0.4,0.0,1.0,71,3,152,3041750,1359244,4,3,68625
ring,3,1048576,200000.0,0.4,0.0,1.0,71,3,153,3356792,1359244,4,3,88542
ring,3,1048576,200000.0,0.4,0.0,1.0,71,3,154,2958583,1359244,4,3,93916
ring,3,1048576,200000.0,0.4,0.0,1.0,71,3,155,3048208,1359244,4,3,121708
ring,3,1048576,200000.0,0.4,0.0,1.0,71,3,156,2971208,1359244,4,3,83916
ring,3,1048576,200000.0,0.4,0.0,1.0,71,3,157,3019375,1359244,4,3,236167
ring,3,1048576,200000.0,0.4,0.0,1.0,71,3,158,3086416,1359244,4,3,48583
ring,3,1048576,200000.0,0.4,0.0,1.0,71,3,159,2972292,1359244,4,3,128709
ring,3,1048576,200000.0,0.4,0.0,1.0,71,3,160,2984583,1359244,4,3,70833
ring,3,1048576,200000.0,0.4,0.0,1.0,71,3,161,2878834,1359244,4,3,55834
ring,3,1048576,200000.0,0.4,0.0,1.0,71,3,162,2992291,1359244,4,3,37541
ring,3,1048576,200000.0,0.4,0.0,1.0,71,3,163,3068333,1359244,4,3,162749
ring,3,1048576,200000.0,0.4,0.0,1.0,71,3,164,2890750,1359244,4,3,134000
ring,3,1048576,200000.0,0.4,0.0,1.0,71,3,165,2946708,1359244,4,3,127666
ring,3,1048576,200000.0,0.4,0.0,1.0,71,3,166,2949375,1359244,4,3,213875
ring,3,1048576,200000.0,0.4,0.0,1.0,71,3,167,2931542,1359244,4,3,149083
ring,3,1048576,200000.0,0.4,0.0,1.0,71,3,168,2916417,1359244,4,3,28667
ring,3,1048576,200000.0,0.4,0.0,1.0,71,3,169,2834167,1359244,4,3,114875
ring,3,1048576,200000.0,0.4,0.0,1.0,71,3,170,2953458,1359244,4,3,99625
ring,3,1048576,200000.0,0.4,0.0,1.0,71,3,171,2911458,1359244,4,3,157750
ring,3,1048576,200000.0,0.4,0.0,1.0,71,3,172,2952042,1359244,4,3,169917
ring,3,1048576,200000.0,0.4,0.0,1.0,71,3,173,2899458,1359244,4,3,166708
ring,3,1048576,200000.0,0.4,0.0,1.0,71,3,174,3005875,1359244,4,3,199667
ring,3,1048576,200000.0,0.4,0.0,1.0,71,3,175,2934583,1359244,4,3,165083
ring,3,1048576,200000.0,0.4,0.0,1.0,71,3,176,3097833,1359244,4,3,185833
ring,3,1048576,200000.0,0.4,0.0,1.0,71,3,177,2841584,1359244,4,3,146542
ring,3,1048576,200000.0,0.4,0.0,1.0,71,3,178,3002916,1359244,4,3,89250
ring,3,1048576,200000.0,0.4,0.0,1.0,71,3,179,2990084,1359244,4,3,108876
ring,3,1048576,200000.0,0.4,0.0,1.0,71,3,180,2862166,1359244,4,3,144416
ring,3,1048576,200000.0,0.4,0.0,1.0,71,3,181,2830291,1359244,4,3,128958
ring,3,1048576,200000.0,0.4,0.0,1.0,71,3,182,3079292,1359244,4,3,124500
ring,3,1048576,200000.0,0.4,0.0,1.0,71,3,183,3024833,1359244,4,3,81916
ring,3,1048576,200000.0,0.4,0.0,1.0,71,3,184,3056125,1359244,4,3,117709
ring,3,1048576,200000.0,0.4,0.0,1.0,71,3,185,2899959,1359244,4,3,68209
ring,3,1048576,200000.0,0.4,0.0,1.0,71,3,186,2960542,1359244,4,3,113792
ring,3,1048576,200000.0,0.4,0.0,1.0,71,3,187,2824625,1359244,4,3,48292
ring,3,1048576,200000.0,0.4,0.0,1.0,71,3,188,2992792,1359244,4,3,162959
ring,3,1048576,200000.0,0.4,0.0,1.0,71,3,189,2891834,1359244,4,3,35459
ring,3,1048576,200000.0,0.4,0.0,1.0,71,3,190,3138959,1359244,4,3,120501
ring,3,1048576,200000.0,0.4,0.0,1.0,71,3,191,3139416,1359244,4,3,158999
ring,3,1048576,200000.0,0.4,0.0,1.0,71,3,192,3060166,1359244,4,3,66958
ring,3,1048576,200000.0,0.4,0.0,1.0,71,3,193,3016750,1359244,4,3,54709
ring,3,1048576,200000.0,0.4,0.0,1.0,71,3,194,3068292,1359244,4,3,178501
ring,3,1048576,200000.0,0.4,0.0,1.0,71,3,195,3009375,1359244,4,3,77084
ring,3,1048576,200000.0,0.4,0.0,1.0,71,3,196,2949958,1359244,4,3,128792
ring,3,1048576,200000.0,0.4,0.0,1.0,71,3,197,3016458,1359244,4,3,153999
ring,3,1048576,200000.0,0.4,0.0,1.0,71,3,198,3114625,1359244,4,3,179125
ring,3,1048576,200000.0,0.4,0.0,1.0,71,3,199,2983292,1359244,4,3,74750
ring,3,1048576,200000.0,0.4,0.0,1.0,71,3,200,3002250,1359244,4,3,126542
ring,3,1048576,200000.0,0.4,0.0,1.0,71,3,201,2909000,1359244,4,3,65000
ring,3,1048576,200000.0,0.4,0.0,1.0,71,3,202,2947916,1359244,4,3,106499
ring,3,1048576,200000.0,0.4,0.0,1.0,71,3,203,2896625,1359244,4,3,72292
ring,3,1048576,200000.0,0.4,0.0,1.0,71,3,204,3067791,1359244,4,3,161875
ring,3,1048576,200000.0,0.4,0.0,1.0,71,3,205,3133084,1359244,4,3,174168
ring,3,1048576,200000.0,0.4,0.0,1.0,71,3,206,3091875,1359244,4,3,73292
ring,3,1048576,200000.0,0.4,0.0,1.0,71,3,207,3166292,1359244,4,3,107958
ring,3,1048576,200000.0,0.4,0.0,1.0,71,3,208,3150334,1359244,4,3,74834
ring,3,1048576,200000.0,0.4,0.0,1.0,71,3,209,3269584,1359244,4,3,118001
ring,3,1048576,200000.0,0.4,0.0,1.0,71,3,210,3240458,1359244,4,3,150083
ring,3,1048576,200000.0,0.4,0.0,1.0,71,3,211,3188125,1359244,4,3,154042
ring,3,1048576,200000.0,0.4,0.0,1.0,71,3,212,3209292,1359244,4,3,125000
ring,3,1048576,200000.0,0.4,0.0,1.0,71,3,213,3119333,1359244,4,3,79875
ring,3,1048576,200000.0,0.4,0.0,1.0,71,3,214,3234750,1359244,4,3,36458
ring,3,1048576,200000.0,0.4,0.0,1.0,71,3,215,3159166,1359244,4,3,123250
ring,3,1048576,200000.0,0.4,0.0,1.0,71,3,216,3258667,1359244,4,3,47917
ring,3,1048576,200000.0,0.4,0.0,1.0,71,3,217,3100084,1359244,4,3,161668
ring,3,1048576,200000.0,0.4,0.0,1.0,71,3,218,3102875,1359244,4,3,149416
ring,3,1048576,200000.0,0.4,0.0,1.0,71,3,219,3014959,1359244,4,3,131626
ring,3,1048576,200000.0,0.4,0.0,1.0,71,3,220,3119875,1359244,4,3,156209
ring,3,1048576,200000.0,0.4,0.0,1.0,71,3,221,3122542,1359244,4,3,53876
ring,3,1048576,200000.0,0.4,0.0,1.0,71,3,222,3199583,1359244,4,3,148791
ring,3,1048576,200000.0,0.4,0.0,1.0,71,3,223,3144417,1359244,4,3,124917
ring,3,1048576,200000.0,0.4,0.0,1.0,71,3,224,3125542,1359244,4,3,143584
ring,3,1048576,200000.0,0.4,0.0,1.0,71,3,225,3175166,1359244,4,3,157625
ring,3,1048576,200000.0,0.4,0.0,1.0,71,3,226,3050041,1359244,4,3,160541
ring,3,1048576,200000.0,0.4,0.0,1.0,71,3,227,3027042,1359244,4,3,85542
ring,3,1048576,200000.0,0.4,0.0,1.0,71,3,228,3136125,1359244,4,3,161917
ring,3,1048576,200000.0,0.4,0.0,1.0,71,3,229,3083500,1359244,4,3,149042
ring,3,1048576,200000.0,0.4,0.0,1.0,71,3,230,3069167,1359244,4,3,130001
ring,3,1048576,200000.0,0.4,0.0,1.0,71,3,231,3142500,1359244,4,3,40250
ring,3,1048576,200000.0,0.4,0.0,1.0,71,3,232,3293208,1359244,4,3,201792
ring,3,1048576,200000.0,0.4,0.0,1.0,71,3,233,3112750,1359244,4,3,122083
ring,3,1048576,200000.0,0.4,0.0,1.0,71,3,234,3126417,1359244,4,3,163625
ring,3,1048576,200000.0,0.4,0.0,1.0,71,3,235,3069500,1359244,4,3,182667
ring,3,1048576,200000.0,0.4,0.0,1.0,71,3,236,3131416,1359244,4,3,135458
ring,3,1048576,200000.0,0.4,0.0,1.0,71,3,237,3119458,1359244,4,3,109000
ring,3,1048576,200000.0,0.4,0.0,1.0,71,3,238,3156542,1359244,4,3,180876
ring,3,1048576,200000.0,0.4,0.0,1.0,71,3,239,3169667,1359244,4,3,223292
ring,3,1048576,200000.0,0.4,0.0,1.0,71,3,240,3104250,1359244,4,3,187541
ring,3,1048576,200000.0,0.4,0.0,1.0,71,3,241,3005833,1359244,4,3,147208
ring,3,1048576,200000.0,0.4,0.0,1.0,71,3,242,3076125,1359244,4,3,121250
ring,3,1048576,200000.0,0.4,0.0,1.0,71,3,243,3188375,1359244,4,3,145167
ring,3,1048576,200000.0,0.4,0.0,1.0,71,3,244,3021541,1359244,4,3,155416
ring,3,1048576,200000.0,0.4,0.0,1.0,71,3,245,3047500,1359244,4,3,121000
ring,3,1048576,200000.0,0.4,0.0,1.0,71,3,246,3164958,1359244,4,3,166500
ring,3,1048576,200000.0,0.4,0.0,1.0,71,3,247,3006500,1359244,4,3,136042
ring,3,1048576,200000.0,0.4,0.0,1.0,71,3,248,3106292,1359244,4,3,226084
ring,3,1048576,200000.0,0.4,0.0,1.0,71,3,249,3046083,1359244,4,3,65292
ring,3,4194304,200000.0,0.4,0.0,1.0,71,3,0,6361625,3036964,4,3,363750
ring,3,4194304,200000.0,0.4,0.0,1.0,71,3,1,6500209,3036964,4,3,229500
ring,3,4194304,200000.0,0.4,0.0,1.0,71,3,2,6696292,3036964,4,3,482084
ring,3,4194304,200000.0,0.4,0.0,1.0,71,3,3,6280500,3036964,4,3,285833
ring,3,4194304,200000.0,0.4,0.0,1.0,71,3,4,6474667,3036964,4,3,381583
ring,3,4194304,200000.0,0.4,0.0,1.0,71,3,5,6403042,3036964,4,3,225084
ring,3,4194304,200000.0,0.4,0.0,1.0,71,3,6,6512958,3036964,4,3,359041
ring,3,4194304,200000.0,0.4,0.0,1.0,71,3,7,6499375,3036964,4,3,334875
ring,3,4194304,200000.0,0.4,0.0,1.0,71,3,8,6473542,3036964,4,3,370709
ring,3,4194304,200000.0,0.4,0.0,1.0,71,3,9,6469000,3036964,4,3,288584
ring,3,4194304,200000.0,0.4,0.0,1.0,71,3,10,6492083,3036964,4,3,302458
ring,3,4194304,200000.0,0.4,0.0,1.0,71,3,11,6410542,3036964,4,3,322375
ring,3,4194304,200000.0,0.4,0.0,1.0,71,3,12,6270708,3036964,4,3,320250
ring,3,4194304,200000.0,0.4,0.0,1.0,71,3,13,6355084,3036964,4,3,328459
ring,3,4194304,200000.0,0.4,0.0,1.0,71,3,14,6631208,3036964,4,3,284958
ring,3,4194304,200000.0,0.4,0.0,1.0,71,3,15,6364125,3036964,4,3,288417
ring,3,4194304,200000.0,0.4,0.0,1.0,71,3,16,6384583,3036964,4,3,412208
ring,3,4194304,200000.0,0.4,0.0,1.0,71,3,17,6467000,3036964,4,3,226958
ring,3,4194304,200000.0,0.4,0.0,1.0,71,3,18,6224750,3036964,4,3,368250
ring,3,4194304,200000.0,0.4,0.0,1.0,71,3,19,6581000,3036964,4,3,265709
ring,3,4194304,200000.0,0.4,0.0,1.0,71,3,20,6523167,3036964,4,3,235709
ring,3,4194304,200000.0,0.4,0.0,1.0,71,3,21,6521916,3036964,4,3,384749
ring,3,4194304,200000.0,0.4,0.0,1.0,71,3,22,6446000,3036964,4,3,307500
ring,3,4194304,200000.0,0.4,0.0,1.0,71,3,23,6444958,3036964,4,3,255750
ring,3,4194304,200000.0,0.4,0.0,1.0,71,3,24,6655583,3036964,4,3,166583
ring,3,4194304,200000.0,0.4,0.0,1.0,71,3,25,6730583,3036964,4,3,298917
ring,3,4194304,200000.0,0.4,0.0,1.0,71,3,26,6687875,3036964,4,3,241541
ring,3,4194304,200000.0,0.4,0.0,1.0,71,3,27,6510041,3036964,4,3,269624
ring,3,4194304,200000.0,0.4,0.0,1.0,71,3,28,6901584,3036964,4,3,324876
ring,3,4194304,200000.0,0.4,0.0,1.0,71,3,29,6797750,3036964,4,3,229208
ring,3,4194304,200000.0,0.4,0.0,1.0,71,3,30,6922042,3036964,4,3,300583
ring,3,4194304,200000.0,0.4,0.0,1.0,71,3,31,7040875,3036964,4,3,444209
ring,3,4194304,200000.0,0.4,0.0,1.0,71,3,32,6931209,3036964,4,3,333376
ring,3,4194304,200000.0,0.4,0.0,1.0,71,3,33,7022209,3036964,4,3,403209
ring,3,4194304,200000.0,0.4,0.0,1.0,71,3,34,7279125,3036964,4,3,567292
ring,3,4194304,200000.0,0.4,0.0,1.0,71,3,35,7022000,3036964,4,3,240416
ring,3,4194304,200000.0,0.4,0.0,1.0,71,3,36,6684250,3036964,4,3,229375
ring,3,4194304,200000.0,0.4,0.0,1.0,71,3,37,6736791,3036964,4,3,243166
ring,3,4194304,200000.0,0.4,0.0,1.0,71,3,38,6787125,3036964,4,3,271500
ring,3,4194304,200000.0,0.4,0.0,1.0,71,3,39,7526000,3036964,4,3,313833
ring,3,4194304,200000.0,0.4,0.0,1.0,71,3,40,6874958,3036964,4,3,411500
ring,3,4194304,200000.0,0.4,0.0,1.0,71,3,41,6813666,3036964,4,3,339875
ring,3,4194304,200000.0,0.4,0.0,1.0,71,3,42,6785208,3036964,4,3,308250
ring,3,4194304,200000.0,0.4,0.0,1.0,71,3,43,6656667,3036964,4,3,256250
ring,3,4194304,200000.0,0.4,0.0,1.0,71,3,44,6865166,3036964,4,3,461041
ring,3,4194304,200000.0,0.4,0.0,1.0,71,3,45,7023375,3036964,4,3,271625
ring,3,4194304,200000.0,0.4,0.0,1.0,71,3,46,6699000,3036964,4,3,98417
ring,3,4194304,200000.0,0.4,0.0,1.0,71,3,47,6945916,3036964,4,3,408249
ring,3,4194304,200000.0,0.4,0.0,1.0,71,3,48,7066916,3036964,4,3,459374
ring,3,4194304,200000.0,0.4,0.0,1.0,71,3,49,6644791,3036964,4,3,340166
ring,3,4194304,200000.0,0.4,0.0,1.0,71,3,50,7055666,3036964,4,3,248958
ring,3,4194304,200000.0,0.4,0.0,1.0,71,3,51,6978292,3036964,4,3,178625
ring,3,4194304,200000.0,0.4,0.0,1.0,71,3,52,6840333,3036964,4,3,308624
ring,3,4194304,200000.0,0.4,0.0,1.0,71,3,53,6801250,3036964,4,3,208458
ring,3,4194304,200000.0,0.4,0.0,1.0,71,3,54,6807042,3036964,4,3,440209
ring,3,4194304,200000.0,0.4,0.0,1.0,71,3,55,7268084,3036964,4,3,595292
ring,3,4194304,200000.0,0.4,0.0,1.0,71,3,56,7335583,3036964,4,3,320458
ring,3,4194304,200000.0,0.4,0.0,1.0,71,3,57,6542917,3036964,4,3,368042
ring,3,4194304,200000.0,0.4,0.0,1.0,71,3,58,6700375,3036964,4,3,263083
ring,3,4194304,200000.0,0.4,0.0,1.0,71,3,59,6751417,3036964,4,3,291709
ring,3,4194304,200000.0,0.4,0.0,1.0,71,3,60,6713541,3036964,4,3,252916
ring,3,4194304,200000.0,0.4,0.0,1.0,71,3,61,6792292,3036964,4,3,217126
ring,3,4194304,200000.0,0.4,0.0,1.0,71,3,62,6738292,3036964,4,3,318876
ring,3,4194304,200000.0,0.4,0.0,1.0,71,3,63,6798291,3036964,4,3,266708
ring,3,4194304,200000.0,0.4,0.0,1.0,71,3,64,6841500,3036964,4,3,222000
ring,3,4194304,200000.0,0.4,0.0,1.0,71,3,65,6599708,3036964,4,3,37500
ring,3,4194304,200000.0,0.4,0.0,1.0,71,3,66,6597791,3036964,4,3,218291
ring,3,4194304,200000.0,0.4,0.0,1.0,71,3,67,6661625,3036964,4,3,357083
ring,3,4194304,200000.0,0.4,0.0,1.0,71,3,68,6704500,3036964,4,3,362500
ring,3,4194304,200000.0,0.4,0.0,1.0,71,3,69,6838833,3036964,4,3,384208
ring,3,4194304,200000.0,0.4,0.0,1.0,71,3,70,6922708,3036964,4,3,386666
ring,3,4194304,200000.0,0.4,0.0,1.0,71,3,71,6997458,3036964,4,3,143708
ring,3,4194304,200000.0,0.4,0.0,1.0,71,3,72,6829042,3036964,4,3,408792
ring,3,4194304,200000.0,0.4,0.0,1.0,71,3,73,6864750,3036964,4,3,201833
ring,3,4194304,200000.0,0.4,0.0,1.0,71,3,74,6897209,3036964,4,3,518501
ring,3,4194304,200000.0,0.4,0.0,1.0,71,3,75,6928375,3036964,4,3,434334
ring,3,4194304,200000.0,0.4,0.0,1.0,71,3,76,8002542,3036964,4,3,357417
ring,3,4194304,200000.0,0.4,0.0,1.0,71,3,77,6731042,3036964,4,3,294042
ring,3,4194304,200000.0,0.4,0.0,1.0,71,3,78,6943250,3036964,4,3,537250
ring,3,4194304,200000.0,0.4,0.0,1.0,71,3,79,6658500,3036964,4,3,143916
ring,3,4194304,200000.0,0.4,0.0,1.0,71,3,80,6896042,3036964,4,3,394251
ring,3,4194304,200000.0,0.4,0.0,1.0,71,3,81,6833625,3036964,4,3,361000
ring,3,4194304,200000.0,0.4,0.0,1.0,71,3,82,7163041,3036964,4,3,260957
ring,3,4194304,200000.0,0.4,0.0,1.0,71,3,83,6903750,3036964,4,3,282125
ring,3,4194304,200000.0,0.4,0.0,1.0,71,3,84,6965708,3036964,4,3,248666
ring,3,4194304,200000.0,0.4,0.0,1.0,71,3,85,6924500,3036964,4,3,270875
ring,3,4194304,200000.0,0.4,0.0,1.0,71,3,86,6852500,3036964,4,3,364792
ring,3,4194304,200000.0,0.4,0.0,1.0,71,3,87,6793000,3036964,4,3,109625
ring,3,4194304,200000.0,0.4,0.0,1.0,71,3,88,7197375,3036964,4,3,570166
ring,3,4194304,200000.0,0.4,0.0,1.0,71,3,89,6828417,3036964,4,3,338542
ring,3,4194304,200000.0,0.4,0.0,1.0,71,3,90,7022500,3036964,4,3,295792
ring,3,4194304,200000.0,0.4,0.0,1.0,71,3,91,7003334,3036964,4,3,230293
ring,3,4194304,200000.0,0.4,0.0,1.0,71,3,92,7343583,3036964,4,3,200833
ring,3,4194304,200000.0,0.4,0.0,1.0,71,3,93,7979666,3036964,4,3,723958
ring,3,4194304,200000.0,0.4,0.0,1.0,71,3,94,7350292,3036964,4,3,345959
ring,3,4194304,200000.0,0.4,0.0,1.0,71,3,95,7299333,3036964,4,3,27833
ring,3,4194304,200000.0,0.4,0.0,1.0,71,3,96,7289542,3036964,4,3,493209
ring,3,4194304,200000.0,0.4,0.0,1.0,71,3,97,7154792,3036964,4,3,438292
ring,3,4194304,200000.0,0.4,0.0,1.0,71,3,98,7392166,3036964,4,3,359749
ring,3,4194304,200000.0,0.4,0.0,1.0,71,3,99,7306792,3036964,4,3,410542
ring,3,4194304,200000.0,0.4,0.0,1.0,71,3,100,7409209,3036964,4,3,447626
ring,3,4194304,200000.0,0.4,0.0,1.0,71,3,101,9367125,3036964,4,3,571208
ring,3,4194304,200000.0,0.4,0.0,1.0,71,3,102,7829500,3036964,4,3,411000
ring,3,4194304,200000.0,0.4,0.0,1.0,71,3,103,7444583,3036964,4,3,208208
ring,3,4194304,200000.0,0.4,0.0,1.0,71,3,104,8147291,3036964,4,3,512625
ring,3,4194304,200000.0,0.4,0.0,1.0,71,3,105,7374541,3036964,4,3,429041
ring,3,4194304,200000.0,0.4,0.0,1.0,71,3,106,7002375,3036964,4,3,75459
ring,3,4194304,200000.0,0.4,0.0,1.0,71,3,107,8036250,3036964,4,3,456417
ring,3,4194304,200000.0,0.4,0.0,1.0,71,3,108,7431709,3036964,4,3,529000
ring,3,4194304,200000.0,0.4,0.0,1.0,71,3,109,7148208,3036964,4,3,269083
ring,3,4194304,200000.0,0.4,0.0,1.0,71,3,110,7096291,3036964,4,3,289082
ring,3,4194304,200000.0,0.4,0.0,1.0,71,3,111,7039958,3036964,4,3,258292
ring,3,4194304,200000.0,0.4,0.0,1.0,71,3,112,7043542,3036964,4,3,70542
ring,3,4194304,200000.0,0.4,0.0,1.0,71,3,113,7306334,3036964,4,3,503918
ring,3,4194304,200000.0,0.4,0.0,1.0,71,3,114,6782333,3036964,4,3,322625
ring,3,4194304,200000.0,0.4,0.0,1.0,71,3,115,6991917,3036964,4,3,233334
ring,3,4194304,200000.0,0.4,0.0,1.0,71,3,116,7108875,3036964,4,3,412333
ring,3,4194304,200000.0,0.4,0.0,1.0,71,3,117,6851083,3036964,4,3,312208
ring,3,4194304,200000.0,0.4,0.0,1.0,71,3,118,6859041,3036964,4,3,347500
ring,3,4194304,200000.0,0.4,0.0,1.0,71,3,119,6817542,3036964,4,3,389709
ring,3,4194304,200000.0,0.4,0.0,1.0,71,3,120,6716333,3036964,4,3,306917
ring,3,4194304,200000.0,0.4,0.0,1.0,71,3,121,7060958,3036964,4,3,337833
ring,3,4194304,200000.0,0.4,0.0,1.0,71,3,122,6774125,3036964,4,3,337500
ring,3,4194304,200000.0,0.4,0.0,1.0,71,3,123,6665167,3036964,4,3,418626
ring,3,4194304,200000.0,0.4,0.0,1.0,71,3,124,6944250,3036964,4,3,297708
ring,3,4194304,200000.0,0.4,0.0,1.0,71,3,125,7098625,3036964,4,3,424459
ring,3,4194304,200000.0,0.4,0.0,1.0,71,3,126,6871041,3036964,4,3,296541
ring,3,4194304,200000.0,0.4,0.0,1.0,71,3,127,6831500,3036964,4,3,519166
ring,3,4194304,200000.0,0.4,0.0,1.0,71,3,128,6679083,3036964,4,3,28792
ring,3,4194304,200000.0,0.4,0.0,1.0,71,3,129,6832334,3036964,4,3,284084
ring,3,4194304,200000.0,0.4,0.0,1.0,71,3,130,6830000,3036964,4,3,404125
ring,3,4194304,200000.0,0.4,0.0,1.0,71,3,131,6964208,3036964,4,3,374250
ring,3,4194304,200000.0,0.4,0.0,1.0,71,3,132,6852666,3036964,4,3,402708
ring,3,4194304,200000.0,0.4,0.0,1.0,71,3,133,6875833,3036964,4,3,218167
ring,3,4194304,200000.0,0.4,0.0,1.0,71,3,134,6912042,3036964,4,3,254250
ring,3,4194304,200000.0,0.4,0.0,1.0,71,3,135,6772916,3036964,4,3,135250
ring,3,4194304,200000.0,0.4,0.0,1.0,71,3,136,6644208,3036964,4,3,300916
ring,3,4194304,200000.0,0.4,0.0,1.0,71,3,137,6939958,3036964,4,3,413542
ring,3,4194304,200000.0,0.4,0.0,1.0,71,3,138,7089792,3036964,4,3,434209
ring,3,4194304,200000.0,0.4,0.0,1.0,71,3,139,7212959,3036964,4,3,508251
ring,3,4194304,200000.0,0.4,0.0,1.0,71,3,140,7282459,3036964,4,3,630293
ring,3,4194304,200000.0,0.4,0.0,1.0,71,3,141,7306250,3036964,4,3,488750
ring,3,4194304,200000.0,0.4,0.0,1.0,71,3,142,7330459,3036964,4,3,571459
ring,3,4194304,200000.0,0.4,0.0,1.0,71,3,143,7005166,3036964,4,3,379625
ring,3,4194304,200000.0,0.4,0.0,1.0,71,3,144,7136209,3036964,4,3,281959
ring,3,4194304,200000.0,0.4,0.0,1.0,71,3,145,6920375,3036964,4,3,390209
ring,3,4194304,200000.0,0.4,0.0,1.0,71,3,146,7145875,3036964,4,3,491542
ring,3,4194304,200000.0,0.4,0.0,1.0,71,3,147,7601708,3036964,4,3,145874
ring,3,4194304,200000.0,0.4,0.0,1.0,71,3,148,13322333,3036964,4,3,39333
ring,3,4194304,200000.0,0.4,0.0,1.0,71,3,149,20892125,3036964,4,3,710417
ring,3,4194304,200000.0,0.4,0.0,1.0,71,3,150,36215166,3036964,4,3,18568708
ring,3,4194304,200000.0,0.4,0.0,1.0,71,3,151,7597834,3036964,4,3,126501
ring,3,4194304,200000.0,0.4,0.0,1.0,71,3,152,7767792,3036964,4,3,81542
ring,3,4194304,200000.0,0.4,0.0,1.0,71,3,153,7392125,3036964,4,3,381500
ring,3,4194304,200000.0,0.4,0.0,1.0,71,3,154,8126417,3036964,4,3,780000
ring,3,4194304,200000.0,0.4,0.0,1.0,71,3,155,7399083,3036964,4,3,593708
ring,3,4194304,200000.0,0.4,0.0,1.0,71,3,156,7214375,3036964,4,3,403000
ring,3,4194304,200000.0,0.4,0.0,1.0,71,3,157,7429209,3036964,4,3,257459
ring,3,4194304,200000.0,0.4,0.0,1.0,71,3,158,7716334,3036964,4,3,354875
ring,3,4194304,200000.0,0.4,0.0,1.0,71,3,159,7453875,3036964,4,3,156416
ring,3,4194304,200000.0,0.4,0.0,1.0,71,3,160,7647083,3036964,4,3,454291
ring,3,4194304,200000.0,0.4,0.0,1.0,71,3,161,7557875,3036964,4,3,298334
ring,3,4194304,200000.0,0.4,0.0,1.0,71,3,162,7899458,3036964,4,3,360249
ring,3,4194304,200000.0,0.4,0.0,1.0,71,3,163,7521833,3036964,4,3,213250
ring,3,4194304,200000.0,0.4,0.0,1.0,71,3,164,7522166,3036964,4,3,577833
ring,3,4194304,200000.0,0.4,0.0,1.0,71,3,165,7642750,3036964,4,3,533084
ring,3,4194304,200000.0,0.4,0.0,1.0,71,3,166,7690167,3036964,4,3,475958
ring,3,4194304,200000.0,0.4,0.0,1.0,71,3,167,8048083,3036964,4,3,261458
ring,3,4194304,200000.0,0.4,0.0,1.0,71,3,168,7214125,3036964,4,3,479209
ring,3,4194304,200000.0,0.4,0.0,1.0,71,3,169,7687709,3036964,4,3,346042
ring,3,4194304,200000.0,0.4,0.0,1.0,71,3,170,7741583,3036964,4,3,71083
ring,3,4194304,200000.0,0.4,0.0,1.0,71,3,171,7733333,3036964,4,3,573541
ring,3,4194304,200000.0,0.4,0.0,1.0,71,3,172,8041417,3036964,4,3,493292
ring,3,4194304,200000.0,0.4,0.0,1.0,71,3,173,8335500,3036964,4,3,467333
ring,3,4194304,200000.0,0.4,0.0,1.0,71,3,174,8587750,3036964,4,3,351833
ring,3,4194304,200000.0,0.4,0.0,1.0,71,3,175,8703875,3036964,4,3,873708
ring,3,4194304,200000.0,0.4,0.0,1.0,71,3,176,9502916,3036964,4,3,653291
ring,3,4194304,200000.0,0.4,0.0,1.0,71,3,177,11141291,3036964,4,3,84791
ring,3,4194304,200000.0,0.4,0.0,1.0,71,3,178,13487709,3036964,4,3,695126
ring,3,4194304,200000.0,0.4,0.0,1.0,71,3,179,14622875,3036964,4,3,794792
ring,3,4194304,200000.0,0.4,0.0,1.0,71,3,180,13933042,3036964,4,3,882667
ring,3,4194304,200000.0,0.4,0.0,1.0,71,3,181,15982625,3036964,4,3,974125
ring,3,4194304,200000.0,0.4,0.0,1.0,71,3,182,11288000,3036964,4,3,490000
ring,3,4194304,200000.0,0.4,0.0,1.0,71,3,183,17256250,3036964,4,3,1712375
ring,3,4194304,200000.0,0.4,0.0,1.0,71,3,184,12243792,3036964,4,3,898959
ring,3,4194304,200000.0,0.4,0.0,1.0,71,3,185,12485917,3036964,4,3,774417
ring,3,4194304,200000.0,0.4,0.0,1.0,71,3,186,8382542,3036964,4,3,8209
ring,3,4194304,200000.0,0.4,0.0,1.0,71,3,187,13061542,3036964,4,3,496084
ring,3,4194304,200000.0,0.4,0.0,1.0,71,3,188,10240875,3036964,4,3,351875
ring,3,4194304,200000.0,0.4,0.0,1.0,71,3,189,9338000,3036964,4,3,702333
ring,3,4194304,200000.0,0.4,0.0,1.0,71,3,190,9902375,3036964,4,3,534459
ring,3,4194304,200000.0,0.4,0.0,1.0,71,3,191,9556834,3036964,4,3,434542
ring,3,4194304,200000.0,0.4,0.0,1.0,71,3,192,9830292,3036964,4,3,71751
ring,3,4194304,200000.0,0.4,0.0,1.0,71,3,193,17566417,3036964,4,3,821958
ring,3,4194304,200000.0,0.4,0.0,1.0,71,3,194,21202459,3036964,4,3,515251
ring,3,4194304,200000.0,0.4,0.0,1.0,71,3,195,10941625,3036964,4,3,1104375
ring,3,4194304,200000.0,0.4,0.0,1.0,71,3,196,9262166,3036964,4,3,736082
ring,3,4194304,200000.0,0.4,0.0,1.0,71,3,197,9602292,3036964,4,3,485542
ring,3,4194304,200000.0,0.4,0.0,1.0,71,3,198,9088083,3036964,4,3,395792
ring,3,4194304,200000.0,0.4,0.0,1.0,71,3,199,9679125,3036964,4,3,744416
ring,3,4194304,200000.0,0.4,0.0,1.0,71,3,200,7357500,3036964,4,3,231750
ring,3,4194304,200000.0,0.4,0.0,1.0,71,3,201,7757625,3036964,4,3,551250
ring,3,4194304,200000.0,0.4,0.0,1.0,71,3,202,8484958,3036964,4,3,218499
ring,3,4194304,200000.0,0.4,0.0,1.0,71,3,203,7099333,3036964,4,3,364375
ring,3,4194304,200000.0,0.4,0.0,1.0,71,3,204,8328500,3036964,4,3,691750
ring,3,4194304,200000.0,0.4,0.0,1.0,71,3,205,8957583,3036964,4,3,343875
ring,3,4194304,200000.0,0.4,0.0,1.0,71,3,206,7368958,3036964,4,3,359041
ring,3,4194304,200000.0,0.4,0.0,1.0,71,3,207,8002834,3036964,4,3,413501
ring,3,4194304,200000.0,0.4,0.0,1.0,71,3,208,8188834,3036964,4,3,80834
ring,3,4194304,200000.0,0.4,0.0,1.0,71,3,209,7314042,3036964,4,3,248500
ring,3,4194304,200000.0,0.4,0.0,1.0,71,3,210,9456000,3036964,4,3,650000
ring,3,4194304,200000.0,0.4,0.0,1.0,71,3,211,8543833,3036964,4,3,34208
ring,3,4194304,200000.0,0.4,0.0,1.0,71,3,212,8625167,3036964,4,3,339875
ring,3,4194304,200000.0,0.4,0.0,1.0,71,3,213,7354125,3036964,4,3,184625
ring,3,4194304,200000.0,0.4,0.0,1.0,71,3,214,7815541,3036964,4,3,467166
ring,3,4194304,200000.0,0.4,0.0,1.0,71,3,215,8806375,3036964,4,3,567042
ring,3,4194304,200000.0,0.4,0.0,1.0,71,3,216,8564625,3036964,4,3,283958
ring,3,4194304,200000.0,0.4,0.0,1.0,71,3,217,8848792,3036964,4,3,771292
ring,3,4194304,200000.0,0.4,0.0,1.0,71,3,218,7581542,3036964,4,3,404542
ring,3,4194304,200000.0,0.4,0.0,1.0,71,3,219,7853291,3036964,4,3,549791
ring,3,4194304,200000.0,0.4,0.0,1.0,71,3,220,10607667,3036964,4,3,637958
ring,3,4194304,200000.0,0.4,0.0,1.0,71,3,221,11205750,3036964,4,3,400084
ring,3,4194304,200000.0,0.4,0.0,1.0,71,3,222,8574417,3036964,4,3,532750
ring,3,4194304,200000.0,0.4,0.0,1.0,71,3,223,73181250,3036964,4,3,176209
ring,3,4194304,200000.0,0.4,0.0,1.0,71,3,224,11021250,3036964,4,3,602333
ring,3,4194304,200000.0,0.4,0.0,1.0,71,3,225,7126250,3036964,4,3,244333
ring,3,4194304,200000.0,0.4,0.0,1.0,71,3,226,8886375,3036964,4,3,995833
ring,3,4194304,200000.0,0.4,0.0,1.0,71,3,227,8543292,3036964,4,3,370084
ring,3,4194304,200000.0,0.4,0.0,1.0,71,3,228,8258333,3036964,4,3,239292
ring,3,4194304,200000.0,0.4,0.0,1.0,71,3,229,7292042,3036964,4,3,393375
ring,3,4194304,200000.0,0.4,0.0,1.0,71,3,230,7615792,3036964,4,3,210126
ring,3,4194304,200000.0,0.4,0.0,1.0,71,3,231,8028542,3036964,4,3,241876
ring,3,4194304,200000.0,0.4,0.0,1.0,71,3,232,9090291,3036964,4,3,1261875
ring,3,4194304,200000.0,0.4,0.0,1.0,71,3,233,7200750,3036964,4,3,157125
ring,3,4194304,200000.0,0.4,0.0,1.0,71,3,234,7738916,3036964,4,3,32958
ring,3,4194304,200000.0,0.4,0.0,1.0,71,3,235,8476000,3036964,4,3,501917
ring,3,4194304,200000.0,0.4,0.0,1.0,71,3,236,8612708,3036964,4,3,458833
ring,3,4194304,200000.0,0.4,0.0,1.0,71,3,237,7352750,3036964,4,3,339625
ring,3,4194304,200000.0,0.4,0.0,1.0,71,3,238,7273667,3036964,4,3,394792
ring,3,4194304,200000.0,0.4,0.0,1.0,71,3,239,8703500,3036964,4,3,375708
ring,3,4194304,200000.0,0.4,0.0,1.0,71,3,240,8236416,3036964,4,3,579791
ring,3,4194304,200000.0,0.4,0.0,1.0,71,3,241,7468500,3036964,4,3,390167
ring,3,4194304,200000.0,0.4,0.0,1.0,71,3,242,6816917,3036964,4,3,409667
ring,3,4194304,200000.0,0.4,0.0,1.0,71,3,243,8753667,3036964,4,3,726292
ring,3,4194304,200000.0,0.4,0.0,1.0,71,3,244,8121042,3036964,4,3,568458
ring,3,4194304,200000.0,0.4,0.0,1.0,71,3,245,7746958,3036964,4,3,315875
ring,3,4194304,200000.0,0.4,0.0,1.0,71,3,246,7132542,3036964,4,3,530626
ring,3,4194304,200000.0,0.4,0.0,1.0,71,3,247,8037958,3036964,4,3,923416
ring,3,4194304,200000.0,0.4,0.0,1.0,71,3,248,9025000,3036964,4,3,313334
ring,3,4194304,200000.0,0.4,0.0,1.0,71,3,249,9367708,3036964,4,3,207917
ps,3,1048576,200000.0,0.4,0.0,1.0,71,3,0,3088834,619430,1,3,542334
ps,3,1048576,200000.0,0.4,0.0,1.0,71,3,1,3014541,619430,1,3,617541
ps,3,1048576,200000.0,0.4,0.0,1.0,71,3,2,3026583,619430,1,3,619041
ps,3,1048576,200000.0,0.4,0.0,1.0,71,3,3,2900834,619430,1,3,585043
ps,3,1048576,200000.0,0.4,0.0,1.0,71,3,4,2889833,619430,1,3,584917
ps,3,1048576,200000.0,0.4,0.0,1.0,71,3,5,3344125,619430,1,3,834708
ps,3,1048576,200000.0,0.4,0.0,1.0,71,3,6,3023208,619430,1,3,671833
ps,3,1048576,200000.0,0.4,0.0,1.0,71,3,7,2994542,619430,1,3,662917
ps,3,1048576,200000.0,0.4,0.0,1.0,71,3,8,2896958,619430,1,3,592875
ps,3,1048576,200000.0,0.4,0.0,1.0,71,3,9,2934500,619430,1,3,639208
ps,3,1048576,200000.0,0.4,0.0,1.0,71,3,10,2976541,619430,1,3,627624
ps,3,1048576,200000.0,0.4,0.0,1.0,71,3,11,3274458,619430,1,3,631917
ps,3,1048576,200000.0,0.4,0.0,1.0,71,3,12,3138417,619430,1,3,594000
ps,3,1048576,200000.0,0.4,0.0,1.0,71,3,13,2974625,619430,1,3,603042
ps,3,1048576,200000.0,0.4,0.0,1.0,71,3,14,2938833,619430,1,3,575375
ps,3,1048576,200000.0,0.4,0.0,1.0,71,3,15,2965666,619430,1,3,616374
ps,3,1048576,200000.0,0.4,0.0,1.0,71,3,16,3228292,619430,1,3,713334
ps,3,1048576,200000.0,0.4,0.0,1.0,71,3,17,3189917,619430,1,3,565208
ps,3,1048576,200000.0,0.4,0.0,1.0,71,3,18,2990250,619430,1,3,599292
ps,3,1048576,200000.0,0.4,0.0,1.0,71,3,19,3021083,619430,1,3,667291
ps,3,1048576,200000.0,0.4,0.0,1.0,71,3,20,3302250,619430,1,3,753583
ps,3,1048576,200000.0,0.4,0.0,1.0,71,3,21,3210417,619430,1,3,725250
ps,3,1048576,200000.0,0.4,0.0,1.0,71,3,22,3113917,619430,1,3,624000
ps,3,1048576,200000.0,0.4,0.0,1.0,71,3,23,2989166,619430,1,3,599416
ps,3,1048576,200000.0,0.4,0.0,1.0,71,3,24,3054625,619430,1,3,597541
ps,3,1048576,200000.0,0.4,0.0,1.0,71,3,25,3203833,619430,1,3,624833
ps,3,1048576,200000.0,0.4,0.0,1.0,71,3,26,2960708,619430,1,3,581500
ps,3,1048576,200000.0,0.4,0.0,1.0,71,3,27,3177083,619430,1,3,640333
ps,3,1048576,200000.0,0.4,0.0,1.0,71,3,28,3014375,619430,1,3,633000
ps,3,1048576,200000.0,0.4,0.0,1.0,71,3,29,3008042,619430,1,3,595750
ps,3,1048576,200000.0,0.4,0.0,1.0,71,3,30,3046833,619430,1,3,532583
ps,3,1048576,200000.0,0.4,0.0,1.0,71,3,31,2914375,619430,1,3,584750
ps,3,1048576,200000.0,0.4,0.0,1.0,71,3,32,3027834,619430,1,3,612126
ps,3,1048576,200000.0,0.4,0.0,1.0,71,3,33,3193958,619430,1,3,593249
ps,3,1048576,200000.0,0.4,0.0,1.0,71,3,34,3198084,619430,1,3,644042
ps,3,1048576,200000.0,0.4,0.0,1.0,71,3,35,3358667,619430,1,3,643417
ps,3,1048576,200000.0,0.4,0.0,1.0,71,3,36,3073458,619430,1,3,587375
ps,3,1048576,200000.0,0.4,0.0,1.0,71,3,37,2994500,619430,1,3,619250
ps,3,1048576,200000.0,0.4,0.0,1.0,71,3,38,3202792,619430,1,3,558750
ps,3,1048576,200000.0,0.4,0.0,1.0,71,3,39,3061459,619430,1,3,620000
ps,3,1048576,200000.0,0.4,0.0,1.0,71,3,40,3037458,619430,1,3,634125
ps,3,1048576,200000.0,0.4,0.0,1.0,71,3,41,3152125,619430,1,3,612542
ps,3,1048576,200000.0,0.4,0.0,1.0,71,3,42,3115000,619430,1,3,686250
ps,3,1048576,200000.0,0.4,0.0,1.0,71,3,43,2992833,619430,1,3,593291
ps,3,1048576,200000.0,0.4,0.0,1.0,71,3,44,3054917,619430,1,3,652000
ps,3,1048576,200000.0,0.4,0.0,1.0,71,3,45,3025834,619430,1,3,632875
ps,3,1048576,200000.0,0.4,0.0,1.0,71,3,46,3077250,619430,1,3,633000
ps,3,1048576,200000.0,0.4,0.0,1.0,71,3,47,3053584,619430,1,3,571750
ps,3,1048576,200000.0,0.4,0.0,1.0,71,3,48,3309166,619430,1,3,593208
ps,3,1048576,200000.0,0.4,0.0,1.0,71,3,49,3174791,619430,1,3,714999
ps,3,1048576,200000.0,0.4,0.0,1.0,71,3,50,2996542,619430,1,3,585792
ps,3,1048576,200000.0,0.4,0.0,1.0,71,3,51,3087584,619430,1,3,604292
ps,3,1048576,200000.0,0.4,0.0,1.0,71,3,52,3572584,1238860,2,3,902584
ps,3,1048576,200000.0,0.4,0.0,1.0,71,3,53,3016208,619430,1,3,610500
ps,3,1048576,200000.0,0.4,0.0,1.0,71,3,54,3138042,619430,1,3,709375
ps,3,1048576,200000.0,0.4,0.0,1.0,71,3,55,2927416,619430,1,3,620166
ps,3,1048576,200000.0,0.4,0.0,1.0,71,3,56,3335708,619430,1,3,652124
ps,3,1048576,200000.0,0.4,0.0,1.0,71,3,57,2991542,619430,1,3,606375
ps,3,1048576,200000.0,0.4,0.0,1.0,71,3,58,2976916,619430,1,3,565416
ps,3,1048576,200000.0,0.4,0.0,1.0,71,3,59,2988834,619430,1,3,623209
ps,3,1048576,200000.0,0.4,0.0,1.0,71,3,60,3008166,619430,1,3,571666
ps,3,1048576,200000.0,0.4,0.0,1.0,71,3,61,3039208,619430,1,3,531291
ps,3,1048576,200000.0,0.4,0.0,1.0,71,3,62,2997209,619430,1,3,680875
ps,3,1048576,200000.0,0.4,0.0,1.0,71,3,63,3024625,619430,1,3,699292
ps,3,1048576,200000.0,0.4,0.0,1.0,71,3,64,2934750,619430,1,3,536084
ps,3,1048576,200000.0,0.4,0.0,1.0,71,3,65,2938083,619430,1,3,509874
ps,3,1048576,200000.0,0.4,0.0,1.0,71,3,66,3034250,619430,1,3,648125
ps,3,1048576,200000.0,0.4,0.0,1.0,71,3,67,3071666,619430,1,3,492291
ps,3,1048576,200000.0,0.4,0.0,1.0,71,3,68,2945708,619430,1,3,540666
ps,3,1048576,200000.0,0.4,0.0,1.0,71,3,69,2960916,619430,1,3,552624
ps,3,1048576,200000.0,0.4,0.0,1.0,71,3,70,3105084,619430,1,3,615167
ps,3,1048576,200000.0,0.4,0.0,1.0,71,3,71,2982167,619430,1,3,619292
ps,3,1048576,200000.0,0.4,0.0,1.0,71,3,72,3052750,619430,1,3,500584
ps,3,1048576,200000.0,0.4,0.0,1.0,71,3,73,3057792,619430,1,3,633376
ps,3,1048576,200000.0,0.4,0.0,1.0,71,3,74,3062125,619430,1,3,587416
ps,3,1048576,200000.0,0.4,0.0,1.0,71,3,75,3029708,619430,1,3,599500
ps,3,1048576,200000.0,0.4,0.0,1.0,71,3,76,3122083,619430,1,3,719583
ps,3,1048576,200000.0,0.4,0.0,1.0,71,3,77,2940292,619430,1,3,598583
ps,3,1048576,200000.0,0.4,0.0,1.0,71,3,78,2959292,619430,1,3,514459
ps,3,1048576,200000.0,0.4,0.0,1.0,71,3,79,2995375,619430,1,3,621958
ps,3,1048576,200000.0,0.4,0.0,1.0,71,3,80,2833583,619430,1,3,557500
ps,3,1048576,200000.0,0.4,0.0,1.0,71,3,81,3099750,619430,1,3,657292
ps,3,1048576,200000.0,0.4,0.0,1.0,71,3,82,3065208,619430,1,3,660499
ps,3,1048576,200000.0,0.4,0.0,1.0,71,3,83,3039458,619430,1,3,659625
ps,3,1048576,200000.0,0.4,0.0,1.0,71,3,84,3108916,619430,1,3,631291
ps,3,1048576,200000.0,0.4,0.0,1.0,71,3,85,3005666,619430,1,3,516791
ps,3,1048576,200000.0,0.4,0.0,1.0,71,3,86,3076666,619430,1,3,651124
ps,3,1048576,200000.0,0.4,0.0,1.0,71,3,87,3065208,619430,1,3,471791
ps,3,1048576,200000.0,0.4,0.0,1.0,71,3,88,2961084,619430,1,3,519501
ps,3,1048576,200000.0,0.4,0.0,1.0,71,3,89,2997500,619430,1,3,548666
ps,3,1048576,200000.0,0.4,0.0,1.0,71,3,90,2918292,619430,1,3,670750
ps,3,1048576,200000.0,0.4,0.0,1.0,71,3,91,2970916,619430,1,3,609833
ps,3,1048576,200000.0,0.4,0.0,1.0,71,3,92,2888792,619430,1,3,263792
ps,3,1048576,200000.0,0.4,0.0,1.0,71,3,93,2933917,619430,1,3,412501
ps,3,1048576,200000.0,0.4,0.0,1.0,71,3,94,2989833,619430,1,3,534083
ps,3,1048576,200000.0,0.4,0.0,1.0,71,3,95,3104459,619430,1,3,600834
ps,3,1048576,200000.0,0.4,0.0,1.0,71,3,96,3473250,619430,1,3,593041
ps,3,1048576,200000.0,0.4,0.0,1.0,71,3,97,2982584,619430,1,3,626667
ps,3,1048576,200000.0,0.4,0.0,1.0,71,3,98,2969458,619430,1,3,511124
ps,3,1048576,200000.0,0.4,0.0,1.0,71,3,99,2962333,619430,1,3,504708
ps,3,1048576,200000.0,0.4,0.0,1.0,71,3,100,3020625,619430,1,3,475083
ps,3,1048576,200000.0,0.4,0.0,1.0,71,3,101,3069292,619430,1,3,512501
ps,3,1048576,200000.0,0.4,0.0,1.0,71,3,102,2997417,619430,1,3,484334
ps,3,1048576,200000.0,0.4,0.0,1.0,71,3,103,2977167,619430,1,3,589959
ps,3,1048576,200000.0,0.4,0.0,1.0,71,3,104,3141834,619430,1,3,545084
ps,3,1048576,200000.0,0.4,0.0,1.0,71,3,105,2965542,619430,1,3,528792
ps,3,1048576,200000.0,0.4,0.0,1.0,71,3,106,2979917,619430,1,3,686625
ps,3,1048576,200000.0,0.4,0.0,1.0,71,3,107,2945042,619430,1,3,586292
ps,3,1048576,200000.0,0.4,0.0,1.0,71,3,108,2962167,619430,1,3,515042
ps,3,1048576,200000.0,0.4,0.0,1.0,71,3,109,2985250,619430,1,3,497000
ps,3,1048576,200000.0,0.4,0.0,1.0,71,3,110,2851250,619430,1,3,581042
ps,3,1048576,200000.0,0.4,0.0,1.0,71,3,111,2954417,619430,1,3,542417
ps,3,1048576,200000.0,0.4,0.0,1.0,71,3,112,2907791,619430,1,3,596750
ps,3,1048576,200000.0,0.4,0.0,1.0,71,3,113,2990583,619430,1,3,575708
ps,3,1048576,200000.0,0.4,0.0,1.0,71,3,114,3151625,619430,1,3,674000
ps,3,1048576,200000.0,0.4,0.0,1.0,71,3,115,2977333,619430,1,3,634625
ps,3,1048576,200000.0,0.4,0.0,1.0,71,3,116,3110541,619430,1,3,613791
ps,3,1048576,200000.0,0.4,0.0,1.0,71,3,117,2933750,619430,1,3,576834
ps,3,1048576,200000.0,0.4,0.0,1.0,71,3,118,2910666,619430,1,3,584666
ps,3,1048576,200000.0,0.4,0.0,1.0,71,3,119,3019750,619430,1,3,647250
ps,3,1048576,200000.0,0.4,0.0,1.0,71,3,120,2903709,619430,1,3,561834
ps,3,1048576,200000.0,0.4,0.0,1.0,71,3,121,3117416,619430,1,3,512249
ps,3,1048576,200000.0,0.4,0.0,1.0,71,3,122,3147792,619430,1,3,693959
ps,3,1048576,200000.0,0.4,0.0,1.0,71,3,123,3064500,619430,1,3,480916
ps,3,1048576,200000.0,0.4,0.0,1.0,71,3,124,2993166,619430,1,3,501333
ps,3,1048576,200000.0,0.4,0.0,1.0,71,3,125,2990625,619430,1,3,578084
ps,3,1048576,200000.0,0.4,0.0,1.0,71,3,126,2947958,619430,1,3,573292
ps,3,1048576,200000.0,0.4,0.0,1.0,71,3,127,2956709,619430,1,3,639667
ps,3,1048576,200000.0,0.4,0.0,1.0,71,3,128,2944708,619430,1,3,627958
ps,3,1048576,200000.0,0.4,0.0,1.0,71,3,129,3020500,619430,1,3,586125
ps,3,1048576,200000.0,0.4,0.0,1.0,71,3,130,2993833,619430,1,3,565166
ps,3,1048576,200000.0,0.4,0.0,1.0,71,3,131,3067666,619430,1,3,486666
ps,3,1048576,200000.0,0.4,0.0,1.0,71,3,132,2970917,619430,1,3,508209
ps,3,1048576,200000.0,0.4,0.0,1.0,71,3,133,2990083,619430,1,3,444750
ps,3,1048576,200000.0,0.4,0.0,1.0,71,3,134,3026000,619430,1,3,612541
ps,3,1048576,200000.0,0.4,0.0,1.0,71,3,135,3043459,619430,1,3,533084
ps,3,1048576,200000.0,0.4,0.0,1.0,71,3,136,2963875,619430,1,3,572709
ps,3,1048576,200000.0,0.4,0.0,1.0,71,3,137,2999875,619430,1,3,652167
ps,3,1048576,200000.0,0.4,0.0,1.0,71,3,138,3057125,619430,1,3,472666
ps,3,1048576,200000.0,0.4,0.0,1.0,71,3,139,2930833,619430,1,3,596125
ps,3,1048576,200000.0,0.4,0.0,1.0,71,3,140,2881333,619430,1,3,457292
ps,3,1048576,200000.0,0.4,0.0,1.0,71,3,141,3034083,619430,1,3,511041
ps,3,1048576,200000.0,0.4,0.0,1.0,71,3,142,3032416,619430,1,3,560916
ps,3,1048576,200000.0,0.4,0.0,1.0,71,3,143,3056916,619430,1,3,535166
ps,3,1048576,200000.0,0.4,0.0,1.0,71,3,144,3021416,619430,1,3,598583
ps,3,1048576,200000.0,0.4,0.0,1.0,71,3,145,2970708,619430,1,3,554792
ps,3,1048576,200000.0,0.4,0.0,1.0,71,3,146,3048542,619430,1,3,575834
ps,3,1048576,200000.0,0.4,0.0,1.0,71,3,147,3039209,619430,1,3,626417
ps,3,1048576,200000.0,0.4,0.0,1.0,71,3,148,3076833,619430,1,3,563500
ps,3,1048576,200000.0,0.4,0.0,1.0,71,3,149,3035292,619430,1,3,511625
ps,3,1048576,200000.0,0.4,0.0,1.0,71,3,150,2982708,619430,1,3,695166
ps,3,1048576,200000.0,0.4,0.0,1.0,71,3,151,3059750,619430,1,3,665916
ps,3,1048576,200000.0,0.4,0.0,1.0,71,3,152,3041292,619430,1,3,494126
ps,3,1048576,200000.0,0.4,0.0,1.0,71,3,153,3043958,619430,1,3,608958
ps,3,1048576,200000.0,0.4,0.0,1.0,71,3,154,2959083,619430,1,3,490875
ps,3,1048576,200000.0,0.4,0.0,1.0,71,3,155,3032125,619430,1,3,647500
ps,3,1048576,200000.0,0.4,0.0,1.0,71,3,156,3013833,619430,1,3,560375
ps,3,1048576,200000.0,0.4,0.0,1.0,71,3,157,2978666,619430,1,3,453541
ps,3,1048576,200000.0,0.4,0.0,1.0,71,3,158,3250209,1238860,2,3,708709
ps,3,1048576,200000.0,0.4,0.0,1.0,71,3,159,3273291,619430,1,3,655458
ps,3,1048576,200000.0,0.4,0.0,1.0,71,3,160,3097916,619430,1,3,602916
ps,3,1048576,200000.0,0.4,0.0,1.0,71,3,161,3051458,619430,1,3,586208
ps,3,1048576,200000.0,0.4,0.0,1.0,71,3,162,3184917,619430,1,3,447876
ps,3,1048576,200000.0,0.4,0.0,1.0,71,3,163,3008125,619430,1,3,559084
ps,3,1048576,200000.0,0.4,0.0,1.0,71,3,164,3026166,619430,1,3,523541
ps,3,1048576,200000.0,0.4,0.0,1.0,71,3,165,3088833,619430,1,3,516041
ps,3,1048576,200000.0,0.4,0.0,1.0,71,3,166,2977750,619430,1,3,513334
ps,3,1048576,200000.0,0.4,0.0,1.0,71,3,167,2909375,619430,1,3,566834
ps,3,1048576,200000.0,0.4,0.0,1.0,71,3,168,2973167,619430,1,3,591625
ps,3,1048576,200000.0,0.4,0.0,1.0,71,3,169,3004542,619430,1,3,509250
ps,3,1048576,200000.0,0.4,0.0,1.0,71,3,170,2950500,619430,1,3,538333
ps,3,1048576,200000.0,0.4,0.0,1.0,71,3,171,2967000,619430,1,3,482625
ps,3,1048576,200000.0,0.4,0.0,1.0,71,3,172,3022625,619430,1,3,486000
ps,3,1048576,200000.0,0.4,0.0,1.0,71,3,173,3047333,619430,1,3,606791
ps,3,1048576,200000.0,0.4,0.0,1.0,71,3,174,3007666,619430,1,3,490541
ps,3,1048576,200000.0,0.4,0.0,1.0,71,3,175,2948417,619430,1,3,482084
ps,3,1048576,200000.0,0.4,0.0,1.0,71,3,176,2883667,619430,1,3,466209
ps,3,1048576,200000.0,0.4,0.0,1.0,71,3,177,2896500,619430,1,3,552958
ps,3,1048576,200000.0,0.4,0.0,1.0,71,3,178,2972208,619430,1,3,507500
ps,3,1048576,200000.0,0.4,0.0,1.0,71,3,179,2877250,619430,1,3,484167
ps,3,1048576,200000.0,0.4,0.0,1.0,71,3,180,3151583,619430,1,3,626333
ps,3,1048576,200000.0,0.4,0.0,1.0,71,3,181,3052916,619430,1,3,638083
ps,3,1048576,200000.0,0.4,0.0,1.0,71,3,182,3107875,619430,1,3,685875
ps,3,1048576,200000.0,0.4,0.0,1.0,71,3,183,2927500,619430,1,3,604459
ps,3,1048576,200000.0,0.4,0.0,1.0,71,3,184,2960833,619430,1,3,565708
ps,3,1048576,200000.0,0.4,0.0,1.0,71,3,185,2937708,619430,1,3,516000
ps,3,1048576,200000.0,0.4,0.0,1.0,71,3,186,3041916,619430,1,3,600958
ps,3,1048576,200000.0,0.4,0.0,1.0,71,3,187,2995667,619430,1,3,656334
ps,3,1048576,200000.0,0.4,0.0,1.0,71,3,188,2894625,619430,1,3,524375
ps,3,1048576,200000.0,0.4,0.0,1.0,71,3,189,3007833,619430,1,3,676458
ps,3,1048576,200000.0,0.4,0.0,1.0,71,3,190,3071958,619430,1,3,466208
ps,3,1048576,200000.0,0.4,0.0,1.0,71,3,191,3231625,619430,1,3,600666
ps,3,1048576,200000.0,0.4,0.0,1.0,71,3,192,3020167,619430,1,3,506750
ps,3,1048576,200000.0,0.4,0.0,1.0,71,3,193,3162542,1238860,2,3,630875
ps,3,1048576,200000.0,0.4,0.0,1.0,71,3,194,3029166,619430,1,3,714124
ps,3,1048576,200000.0,0.4,0.0,1.0,71,3,195,3005666,1238860,2,3,449541
ps,3,1048576,200000.0,0.4,0.0,1.0,71,3,196,3099042,619430,1,3,567625
ps,3,1048576,200000.0,0.4,0.0,1.0,71,3,197,3297000,619430,1,3,618625
ps,3,1048576,200000.0,0.4,0.0,1.0,71,3,198,3008291,619430,1,3,638041
ps,3,1048576,200000.0,0.4,0.0,1.0,71,3,199,3243292,619430,1,3,598376
ps,3,1048576,200000.0,0.4,0.0,1.0,71,3,200,3027583,619430,1,3,625583
ps,3,1048576,200000.0,0.4,0.0,1.0,71,3,201,3095625,619430,1,3,698875
ps,3,1048576,200000.0,0.4,0.0,1.0,71,3,202,2970708,619430,1,3,620583
ps,3,1048576,200000.0,0.4,0.0,1.0,71,3,203,2985417,619430,1,3,660333
ps,3,1048576,200000.0,0.4,0.0,1.0,71,3,204,2983792,619430,1,3,589750
ps,3,1048576,200000.0,0.4,0.0,1.0,71,3,205,2981084,619430,1,3,552084
ps,3,1048576,200000.0,0.4,0.0,1.0,71,3,206,3014500,619430,1,3,603542
ps,3,1048576,200000.0,0.4,0.0,1.0,71,3,207,2983208,619430,1,3,639542
ps,3,1048576,200000.0,0.4,0.0,1.0,71,3,208,3049125,619430,1,3,661917
ps,3,1048576,200000.0,0.4,0.0,1.0,71,3,209,3044333,619430,1,3,567416
ps,3,1048576,200000.0,0.4,0.0,1.0,71,3,210,2897625,619430,1,3,565375
ps,3,1048576,200000.0,0.4,0.0,1.0,71,3,211,2993375,619430,1,3,602042
ps,3,1048576,200000.0,0.4,0.0,1.0,71,3,212,2912083,619430,1,3,605125
ps,3,1048576,200000.0,0.4,0.0,1.0,71,3,213,2930917,619430,1,3,593083
ps,3,1048576,200000.0,0.4,0.0,1.0,71,3,214,2965042,619430,1,3,612125
ps,3,1048576,200000.0,0.4,0.0,1.0,71,3,215,2905917,619430,1,3,591084
ps,3,1048576,200000.0,0.4,0.0,1.0,71,3,216,2904083,619430,1,3,561833
ps,3,1048576,200000.0,0.4,0.0,1.0,71,3,217,2888666,619430,1,3,637916
ps,3,1048576,200000.0,0.4,0.0,1.0,71,3,218,3030417,619430,1,3,569542
ps,3,1048576,200000.0,0.4,0.0,1.0,71,3,219,3183125,619430,1,3,667792
ps,3,1048576,200000.0,0.4,0.0,1.0,71,3,220,3011208,619430,1,3,534583
ps,3,1048576,200000.0,0.4,0.0,1.0,71,3,221,2925125,619430,1,3,559000
ps,3,1048576,200000.0,0.4,0.0,1.0,71,3,222,2948208,619430,1,3,521041
ps,3,1048576,200000.0,0.4,0.0,1.0,71,3,223,3082333,619430,1,3,643250
ps,3,1048576,200000.0,0.4,0.0,1.0,71,3,224,3025292,619430,1,3,656375
ps,3,1048576,200000.0,0.4,0.0,1.0,71,3,225,2921875,619430,1,3,610250
ps,3,1048576,200000.0,0.4,0.0,1.0,71,3,226,2915709,619430,1,3,600084
ps,3,1048576,200000.0,0.4,0.0,1.0,71,3,227,2990084,619430,1,3,597168
ps,3,1048576,200000.0,0.4,0.0,1.0,71,3,228,2907375,619430,1,3,424542
ps,3,1048576,200000.0,0.4,0.0,1.0,71,3,229,2847542,1238860,2,3,476875
ps,3,1048576,200000.0,0.4,0.0,1.0,71,3,230,3150875,619430,1,3,624667
ps,3,1048576,200000.0,0.4,0.0,1.0,71,3,231,2964334,619430,1,3,605709
ps,3,1048576,200000.0,0.4,0.0,1.0,71,3,232,2926542,619430,1,3,548958
ps,3,1048576,200000.0,0.4,0.0,1.0,71,3,233,3015458,619430,1,3,521208
ps,3,1048576,200000.0,0.4,0.0,1.0,71,3,234,3056500,619430,1,3,590875
ps,3,1048576,200000.0,0.4,0.0,1.0,71,3,235,3008125,619430,1,3,613375
ps,3,1048576,200000.0,0.4,0.0,1.0,71,3,236,2954416,619430,1,3,591791
ps,3,1048576,200000.0,0.4,0.0,1.0,71,3,237,2950750,619430,1,3,568917
ps,3,1048576,200000.0,0.4,0.0,1.0,71,3,238,3128042,619430,1,3,588875
ps,3,1048576,200000.0,0.4,0.0,1.0,71,3,239,2939166,619430,1,3,543833
ps,3,1048576,200000.0,0.4,0.0,1.0,71,3,240,2933500,619430,1,3,466666
ps,3,1048576,200000.0,0.4,0.0,1.0,71,3,241,3045917,619430,1,3,607000
ps,3,1048576,200000.0,0.4,0.0,1.0,71,3,242,2912667,619430,1,3,533459
ps,3,1048576,200000.0,0.4,0.0,1.0,71,3,243,2917042,619430,1,3,455334
ps,3,1048576,200000.0,0.4,0.0,1.0,71,3,244,3052083,619430,1,3,626375
ps,3,1048576,200000.0,0.4,0.0,1.0,71,3,245,2929500,619430,1,3,518291
ps,3,1048576,200000.0,0.4,0.0,1.0,71,3,246,2970458,619430,1,3,533250
ps,3,1048576,200000.0,0.4,0.0,1.0,71,3,247,2976125,619430,1,3,555500
ps,3,1048576,200000.0,0.4,0.0,1.0,71,3,248,2979791,619430,1,3,598166
ps,3,1048576,200000.0,0.4,0.0,1.0,71,3,249,2957083,619430,1,3,683916
ps,3,4194304,200000.0,0.4,0.0,1.0,71,4,0,9173917,1877721,1,3,1997251
ps,3,4194304,200000.0,0.4,0.0,1.0,71,4,1,9788833,1877721,1,3,1483833
ps,3,4194304,200000.0,0.4,0.0,1.0,71,4,2,8760834,1877721,1,3,1871209
ps,3,4194304,200000.0,0.4,0.0,1.0,71,4,3,8948959,1877721,1,3,1512376
ps,3,4194304,200000.0,0.4,0.0,1.0,71,4,4,8797458,1877721,1,3,1814208
ps,3,4194304,200000.0,0.4,0.0,1.0,71,4,5,9108500,1877721,1,3,2025375
ps,3,4194304,200000.0,0.4,0.0,1.0,71,4,6,9633208,1877721,1,3,1452333
ps,3,4194304,200000.0,0.4,0.0,1.0,71,4,7,9206500,1877721,1,3,1551875
ps,3,4194304,200000.0,0.4,0.0,1.0,71,4,8,9133875,1877721,1,3,2221417
ps,3,4194304,200000.0,0.4,0.0,1.0,71,4,9,9071666,1877721,1,3,2051999
ps,3,4194304,200000.0,0.4,0.0,1.0,71,4,10,8837000,1877721,1,3,1767042
ps,3,4194304,200000.0,0.4,0.0,1.0,71,4,11,8829834,1877721,1,3,1878042
ps,3,4194304,200000.0,0.4,0.0,1.0,71,4,12,8681958,1877721,1,3,1740208
ps,3,4194304,200000.0,0.4,0.0,1.0,71,4,13,8932792,1877721,1,3,2082959
ps,3,4194304,200000.0,0.4,0.0,1.0,71,4,14,9442667,1877721,1,3,1497084
ps,3,4194304,200000.0,0.4,0.0,1.0,71,4,15,9007833,1877721,1,3,1702791
ps,3,4194304,200000.0,0.4,0.0,1.0,71,4,16,8815541,1877721,1,3,1742250
ps,3,4194304,200000.0,0.4,0.0,1.0,71,4,17,9117125,1877721,1,3,2037792
ps,3,4194304,200000.0,0.4,0.0,1.0,71,4,18,9585917,1877721,1,3,1742708
ps,3,4194304,200000.0,0.4,0.0,1.0,71,4,19,8929792,1877721,1,3,1930000
ps,3,4194304,200000.0,0.4,0.0,1.0,71,4,20,8870834,1877721,1,3,1852043
ps,3,4194304,200000.0,0.4,0.0,1.0,71,4,21,8601167,1877721,1,3,1724292
ps,3,4194304,200000.0,0.4,0.0,1.0,71,4,22,9606375,1877721,1,3,1651083
ps,3,4194304,200000.0,0.4,0.0,1.0,71,4,23,9324334,1877721,1,3,1555876
ps,3,4194304,200000.0,0.4,0.0,1.0,71,4,24,9286250,1877721,1,3,1901875
ps,3,4194304,200000.0,0.4,0.0,1.0,71,4,25,9294833,1877721,1,3,1961125
ps,3,4194304,200000.0,0.4,0.0,1.0,71,4,26,9586792,1877721,1,3,2026084
ps,3,4194304,200000.0,0.4,0.0,1.0,71,4,27,9054667,1877721,1,3,1616000
ps,3,4194304,200000.0,0.4,0.0,1.0,71,4,28,9087209,1877721,1,3,1741709
ps,3,4194304,200000.0,0.4,0.0,1.0,71,4,29,9141500,1877721,1,3,1592250
ps,3,4194304,200000.0,0.4,0.0,1.0,71,4,30,9023750,1877721,1,3,1948125
ps,3,4194304,200000.0,0.4,0.0,1.0,71,4,31,8871375,1877721,1,3,1507875
ps,3,4194304,200000.0,0.4,0.0,1.0,71,4,32,9149625,1877721,1,3,1717875
ps,3,4194304,200000.0,0.4,0.0,1.0,71,4,33,9039958,1877721,1,3,1939041
ps,3,4194304,200000.0,0.4,0.0,1.0,71,4,34,8644834,1877721,1,3,1855626
ps,3,4194304,200000.0,0.4,0.0,1.0,71,4,35,9176042,1877721,1,3,1329125
ps,3,4194304,200000.0,0.4,0.0,1.0,71,4,36,9645625,1877721,1,3,1531250
ps,3,4194304,200000.0,0.4,0.0,1.0,71,4,37,8913709,1877721,1,3,1558042
ps,3,4194304,200000.0,0.4,0.0,1.0,71,4,38,9372000,1877721,1,3,1773667
ps,3,4194304,200000.0,0.4,0.0,1.0,71,4,39,9623333,1877721,1,3,2036125
ps,3,4194304,200000.0,0.4,0.0,1.0,71,4,40,9437542,1877721,1,3,2061875
ps,3,4194304,200000.0,0.4,0.0,1.0,71,4,41,8930542,1877721,1,3,1881667
ps,3,4194304,200000.0,0.4,0.0,1.0,71,4,42,9462500,3755442,2,3,2258875
ps,3,4194304,200000.0,0.4,0.0,1.0,71,4,43,10710875,3755442,2,3,1234000
ps,3,4194304,200000.0,0.4,0.0,1.0,71,4,44,10079584,1877721,1,3,1906709
ps,3,4194304,200000.0,0.4,0.0,1.0,71,4,45,9500958,1877721,1,3,1565958
ps,3,4194304,200000.0,0.4,0.0,1.0,71,4,46,9768500,1877721,1,3,1486083
ps,3,4194304,200000.0,0.4,0.0,1.0,71,4,47,9855209,1877721,1,3,2040625
ps,3,4194304,200000.0,0.4,0.0,1.0,71,4,48,9376459,1877721,1,3,1376292
ps,3,4194304,200000.0,0.4,0.0,1.0,71,4,49,9417583,1877721,1,3,1774166
ps,3,4194304,200000.0,0.4,0.0,1.0,71,4,50,9539125,1877721,1,3,1824833
ps,3,4194304,200000.0,0.4,0.0,1.0,71,4,51,9360709,1877721,1,3,1564417
ps,3,4194304,200000.0,0.4,0.0,1.0,71,4,52,9591542,1877721,1,3,1175834
ps,3,4194304,200000.0,0.4,0.0,1.0,71,4,53,9307167,1877721,1,3,1634709
ps,3,4194304,200000.0,0.4,0.0,1.0,71,4,54,9558834,1877721,1,3,1935501
ps,3,4194304,200000.0,0.4,0.0,1.0,71,4,55,9466542,1877721,1,3,1938417
ps,3,4194304,200000.0,0.4,0.0,1.0,71,4,56,9331500,1877721,1,3,1973042
ps,3,4194304,200000.0,0.4,0.0,1.0,71,4,57,9422667,1877721,1,3,1968625
ps,3,4194304,200000.0,0.4,0.0,1.0,71,4,58,9109125,1877721,1,3,1691917
ps,3,4194304,200000.0,0.4,0.0,1.0,71,4,59,8739375,1877721,1,3,1780458
ps,3,4194304,200000.0,0.4,0.0,1.0,71,4,60,8853000,1877721,1,3,1908834
ps,3,4194304,200000.0,0.4,0.0,1.0,71,4,61,8905500,1877721,1,3,1860667
ps,3,4194304,200000.0,0.4,0.0,1.0,71,4,62,8699333,1877721,1,3,1900583
ps,3,4194304,200000.0,0.4,0.0,1.0,71,4,63,8621667,1877721,1,3,1751583
ps,3,4194304,200000.0,0.4,0.0,1.0,71,4,64,8696375,1877721,1,3,2024083
ps,3,4194304,200000.0,0.4,0.0,1.0,71,4,65,8821292,1877721,1,3,1989250
ps,3,4194304,200000.0,0.4,0.0,1.0,71,4,66,8666750,1877721,1,3,1784375
ps,3,4194304,200000.0,0.4,0.0,1.0,71,4,67,8666500,1877721,1,3,1937375
ps,3,4194304,200000.0,0.4,0.0,1.0,71,4,68,8638375,1877721,1,3,1804333
ps,3,4194304,200000.0,0.4,0.0,1.0,71,4,69,8681542,1877721,1,3,1885375
ps,3,4194304,200000.0,0.4,0.0,1.0,71,4,70,9352833,1877721,1,3,1453792
ps,3,4194304,200000.0,0.4,0.0,1.0,71,4,71,8909458,1877721,1,3,1987167
ps,3,4194304,200000.0,0.4,0.0,1.0,71,4,72,8726875,1877721,1,3,1837250
ps,3,4194304,200000.0,0.4,0.0,1.0,71,4,73,9092541,1877721,1,3,1996999
ps,3,4194304,200000.0,0.4,0.0,1.0,71,4,74,8852917,1877721,1,3,1897167
ps,3,4194304,200000.0,0.4,0.0,1.0,71,4,75,9073375,1877721,1,3,2114084
ps,3,4194304,200000.0,0.4,0.0,1.0,71,4,76,8818042,1877721,1,3,1962667
ps,3,4194304,200000.0,0.4,0.0,1.0,71,4,77,8722208,1877721,1,3,1766833
ps,3,4194304,200000.0,0.4,0.0,1.0,71,4,78,9101708,1877721,1,3,1961250
ps,3,4194304,200000.0,0.4,0.0,1.0,71,4,79,8996333,1877721,1,3,1801458
ps,3,4194304,200000.0,0.4,0.0,1.0,71,4,80,8847000,1877721,1,3,1922125
ps,3,4194304,200000.0,0.4,0.0,1.0,71,4,81,9277834,1877721,1,3,1237751
ps,3,4194304,200000.0,0.4,0.0,1.0,71,4,82,8847458,1877721,1,3,1820708
ps,3,4194304,200000.0,0.4,0.0,1.0,71,4,83,8952083,1877721,1,3,1907916
ps,3,4194304,200000.0,0.4,0.0,1.0,71,4,84,8800917,1877721,1,3,1901292
ps,3,4194304,200000.0,0.4,0.0,1.0,71,4,85,8765959,1877721,1,3,1896292
ps,3,4194304,200000.0,0.4,0.0,1.0,71,4,86,8796167,1877721,1,3,1360417
ps,3,4194304,200000.0,0.4,0.0,1.0,71,4,87,9157792,1877721,1,3,1712126
ps,3,4194304,200000.0,0.4,0.0,1.0,71,4,88,9016333,1877721,1,3,1816375
ps,3,4194304,200000.0,0.4,0.0,1.0,71,4,89,8904000,1877721,1,3,1973500
ps,3,4194304,200000.0,0.4,0.0,1.0,71,4,90,8867375,1877721,1,3,1690792
ps,3,4194304,200000.0,0.4,0.0,1.0,71,4,91,8880375,1877721,1,3,1946833
ps,3,4194304,200000.0,0.4,0.0,1.0,71,4,92,8851417,1877721,1,3,1977751
ps,3,4194304,200000.0,0.4,0.0,1.0,71,4,93,8745125,1877721,1,3,1853417
ps,3,4194304,200000.0,0.4,0.0,1.0,71,4,94,8725875,1877721,1,3,1949541
ps,3,4194304,200000.0,0.4,0.0,1.0,71,4,95,8892333,1877721,1,3,1936083
ps,3,4194304,200000.0,0.4,0.0,1.0,71,4,96,8623417,1877721,1,3,1987084
ps,3,4194304,200000.0,0.4,0.0,1.0,71,4,97,8950958,1877721,1,3,2081208
ps,3,4194304,200000.0,0.4,0.0,1.0,71,4,98,8903834,1877721,1,3,1761417
ps,3,4194304,200000.0,0.4,0.0,1.0,71,4,99,8749333,1877721,1,3,1414750
ps,3,4194304,200000.0,0.4,0.0,1.0,71,4,100,8860709,1877721,1,3,1801542
ps,3,4194304,200000.0,0.4,0.0,1.0,71,4,101,9250833,1877721,1,3,1530916
ps,3,4194304,200000.0,0.4,0.0,1.0,71,4,102,9207459,1877721,1,3,1997834
ps,3,4194304,200000.0,0.4,0.0,1.0,71,4,103,8813541,1877721,1,3,2158957
ps,3,4194304,200000.0,0.4,0.0,1.0,71,4,104,9317875,1877721,1,3,1724792
ps,3,4194304,200000.0,0.4,0.0,1.0,71,4,105,8814542,1877721,1,3,1446750
ps,3,4194304,200000.0,0.4,0.0,1.0,71,4,106,9114000,1877721,1,3,2017375
ps,3,4194304,200000.0,0.4,0.0,1.0,71,4,107,8937500,1877721,1,3,2111458
ps,3,4194304,200000.0,0.4,0.0,1.0,71,4,108,9811500,1877721,1,3,1775291
ps,3,4194304,200000.0,0.4,0.0,1.0,71,4,109,10167500,1877721,1,3,1160875
ps,3,4194304,200000.0,0.4,0.0,1.0,71,4,110,12117083,3755442,2,3,2255958
ps,3,4194304,200000.0,0.4,0.0,1.0,71,4,111,9310750,1877721,1,3,2129875
ps,3,4194304,200000.0,0.4,0.0,1.0,71,4,112,9230083,1877721,1,3,1963292
ps,3,4194304,200000.0,0.4,0.0,1.0,71,4,113,8951791,1877721,1,3,1746208
ps,3,4194304,200000.0,0.4,0.0,1.0,71,4,114,9188166,1877721,1,3,2008791
ps,3,4194304,200000.0,0.4,0.0,1.0,71,4,115,9245250,1877721,1,3,1936292
ps,3,4194304,200000.0,0.4,0.0,1.0,71,4,116,8769917,1877721,1,3,1499875
ps,3,4194304,200000.0,0.4,0.0,1.0,71,4,117,9160417,1877721,1,3,1871834
ps,3,4194304,200000.0,0.4,0.0,1.0,71,4,118,9575375,1877721,1,3,1666959
ps,3,4194304,200000.0,0.4,0.0,1.0,71,4,119,9655083,1877721,1,3,1855125
ps,3,4194304,200000.0,0.4,0.0,1.0,71,4,120,9407834,1877721,1,3,1950209
ps,3,4194304,200000.0,0.4,0.0,1.0,71,4,121,9159667,1877721,1,3,1951334
ps,3,4194304,200000.0,0.4,0.0,1.0,71,4,122,9075917,1877721,1,3,1426000
ps,3,4194304,200000.0,0.4,0.0,1.0,71,4,123,9081042,1877721,1,3,1994126
ps,3,4194304,200000.0,0.4,0.0,1.0,71,4,124,9046500,1877721,1,3,1690791
ps,3,4194304,200000.0,0.4,0.0,1.0,71,4,125,8821125,1877721,1,3,2026709
ps,3,4194304,200000.0,0.4,0.0,1.0,71,4,126,8972333,1877721,1,3,1949916
ps,3,4194304,200000.0,0.4,0.0,1.0,71,4,127,9566167,1877721,1,3,2032542
ps,3,4194304,200000.0,0.4,0.0,1.0,71,4,128,9164666,1877721,1,3,1990708
ps,3,4194304,200000.0,0.4,0.0,1.0,71,4,129,9430292,1877721,1,3,1834375
ps,3,4194304,200000.0,0.4,0.0,1.0,71,4,130,8563333,1877721,1,3,1853875
ps,3,4194304,200000.0,0.4,0.0,1.0,71,4,131,8844125,1877721,1,3,1824792
ps,3,4194304,200000.0,0.4,0.0,1.0,71,4,132,8667292,1877721,1,3,1884792
ps,3,4194304,200000.0,0.4,0.0,1.0,71,4,133,9136125,1877721,1,3,1996833
ps,3,4194304,200000.0,0.4,0.0,1.0,71,4,134,8956125,1877721,1,3,1995958
ps,3,4194304,200000.0,0.4,0.0,1.0,71,4,135,9034208,1877721,1,3,1815833
ps,3,4194304,200000.0,0.4,0.0,1.0,71,4,136,9623834,1877721,1,3,2109167
ps,3,4194304,200000.0,0.4,0.0,1.0,71,4,137,9247292,1877721,1,3,1892917
ps,3,4194304,200000.0,0.4,0.0,1.0,71,4,138,8782583,1877721,1,3,1489541
ps,3,4194304,200000.0,0.4,0.0,1.0,71,4,139,8996708,1877721,1,3,1924333
ps,3,4194304,200000.0,0.4,0.0,1.0,71,4,140,39180459,1877721,1,3,2256334
ps,3,4194304,200000.0,0.4,0.0,1.0,71,4,141,10372584,3755442,2,3,1765376
ps,3,4194304,200000.0,0.4,0.0,1.0,71,4,142,20571834,1877721,1,3,4905709
ps,3,4194304,200000.0,0.4,0.0,1.0,71,4,143,19516375,1877721,1,3,2740750
ps,3,4194304,200000.0,0.4,0.0,1.0,71,4,144,14973292,1877721,1,3,4374167
ps,3,4194304,200000.0,0.4,0.0,1.0,71,4,145,13163250,1877721,1,3,2084167
ps,3,4194304,200000.0,0.4,0.0,1.0,71,4,146,11302916,3755442,2,3,1598666
ps,3,4194304,200000.0,0.4,0.0,1.0,71,4,147,13793125,1877721,1,3,3696459
ps,3,4194304,200000.0,0.4,0.0,1.0,71,4,148,15062917,1877721,1,3,2989542
ps,3,4194304,200000.0,0.4,0.0,1.0,71,4,149,14534209,1877721,1,3,2022250
ps,3,4194304,200000.0,0.4,0.0,1.0,71,4,150,162008042,1877721,1,3,8290709
ps,3,4194304,200000.0,0.4,0.0,1.0,71,4,151,20439250,1877721,1,3,3363208
ps,3,4194304,200000.0,0.4,0.0,1.0,71,4,152,21218125,3755442,2,3,1809250
ps,3,4194304,200000.0,0.4,0.0,1.0,71,4,153,11137625,1877721,1,3,1730083
ps,3,4194304,200000.0,0.4,0.0,1.0,71,4,154,9035375,1877721,1,3,1998500
ps,3,4194304,200000.0,0.4,0.0,1.0,71,4,155,8985792,1877721,1,3,2020458
ps,3,4194304,200000.0,0.4,0.0,1.0,71,4,156,9950542,1877721,1,3,1149083
ps,3,4194304,200000.0,0.4,0.0,1.0,71,4,157,11234584,3755442,2,3,1765584
ps,3,4194304,200000.0,0.4,0.0,1.0,71,4,158,10325500,1877721,1,3,1980667
ps,3,4194304,200000.0,0.4,0.0,1.0,71,4,159,9559583,1877721,1,3,1717667
ps,3,4194304,200000.0,0.4,0.0,1.0,71,4,160,9965834,1877721,1,3,1669417
ps,3,4194304,200000.0,0.4,0.0,1.0,71,4,161,9053833,1877721,1,3,1759041
ps,3,4194304,200000.0,0.4,0.0,1.0,71,4,162,9557042,1877721,1,3,1656292
ps,3,4194304,200000.0,0.4,0.0,1.0,71,4,163,9963708,1877721,1,3,1579291
ps,3,4194304,200000.0,0.4,0.0,1.0,71,4,164,8845834,3755442,2,3,1450917
ps,3,4194304,200000.0,0.4,0.0,1.0,71,4,165,9426917,1877721,1,3,1452917
ps,3,4194304,200000.0,0.4,0.0,1.0,71,4,166,9041166,1877721,1,3,1946749
ps,3,4194304,200000.0,0.4,0.0,1.0,71,4,167,8748292,1877721,1,3,1877500
ps,3,4194304,200000.0,0.4,0.0,1.0,71,4,168,8840292,1877721,1,3,1957084
ps,3,4194304,200000.0,0.4,0.0,1.0,71,4,169,8772084,1877721,1,3,1888168
ps,3,4194304,200000.0,0.4,0.0,1.0,71,4,170,8673167,1877721,1,3,1863167
ps,3,4194304,200000.0,0.4,0.0,1.0,71,4,171,9147542,1877721,1,3,2113042
ps,3,4194304,200000.0,0.4,0.0,1.0,71,4,172,8924000,1877721,1,3,1773292
ps,3,4194304,200000.0,0.4,0.0,1.0,71,4,173,8973042,1877721,1,3,1720292
ps,3,4194304,200000.0,0.4,0.0,1.0,71,4,174,8817750,1877721,1,3,1930833
ps,3,4194304,200000.0,0.4,0.0,1.0,71,4,175,8692791,1877721,1,3,1054166
ps,3,4194304,200000.0,0.4,0.0,1.0,71,4,176,9355625,1877721,1,3,1954125
ps,3,4194304,200000.0,0.4,0.0,1.0,71,4,177,8882875,1877721,1,3,1388500
ps,3,4194304,200000.0,0.4,0.0,1.0,71,4,178,8947083,1877721,1,3,1396667
ps,3,4194304,200000.0,0.4,0.0,1.0,71,4,179,8782208,1877721,1,3,1540458
ps,3,4194304,200000.0,0.4,0.0,1.0,71,4,180,9011667,1877721,1,3,1865000
ps,3,4194304,200000.0,0.4,0.0,1.0,71,4,181,9104125,1877721,1,3,1623208
ps,3,4194304,200000.0,0.4,0.0,1.0,71,4,182,8651333,1877721,1,3,1704083
ps,3,4194304,200000.0,0.4,0.0,1.0,71,4,183,8854500,1877721,1,3,1532167
ps,3,4194304,200000.0,0.4,0.0,1.0,71,4,184,9302667,1877721,1,3,2015334
ps,3,4194304,200000.0,0.4,0.0,1.0,71,4,185,8596958,1877721,1,3,1806666
ps,3,4194304,200000.0,0.4,0.0,1.0,71,4,186,8813583,1877721,1,3,1816375
ps,3,4194304,200000.0,0.4,0.0,1.0,71,4,187,8859708,1877721,1,3,1915000
ps,3,4194304,200000.0,0.4,0.0,1.0,71,4,188,9022959,1877721,1,3,1856376
ps,3,4194304,200000.0,0.4,0.0,1.0,71,4,189,8942833,1877721,1,3,1772041
ps,3,4194304,200000.0,0.4,0.0,1.0,71,4,190,8934250,1877721,1,3,1765625
ps,3,4194304,200000.0,0.4,0.0,1.0,71,4,191,9357375,1877721,1,3,2186041
ps,3,4194304,200000.0,0.4,0.0,1.0,71,4,192,8988333,1877721,1,3,1955458
ps,3,4194304,200000.0,0.4,0.0,1.0,71,4,193,8927458,1877721,1,3,1963958
ps,3,4194304,200000.0,0.4,0.0,1.0,71,4,194,9099958,1877721,1,3,1936833
ps,3,4194304,200000.0,0.4,0.0,1.0,71,4,195,8733084,1877721,1,3,1546959
ps,3,4194304,200000.0,0.4,0.0,1.0,71,4,196,9195875,1877721,1,3,1484250
ps,3,4194304,200000.0,0.4,0.0,1.0,71,4,197,8961792,1877721,1,3,1873042
ps,3,4194304,200000.0,0.4,0.0,1.0,71,4,198,9010833,1877721,1,3,1473541
ps,3,4194304,200000.0,0.4,0.0,1.0,71,4,199,9391792,1877721,1,3,1677334
ps,3,4194304,200000.0,0.4,0.0,1.0,71,4,200,8789500,1877721,1,3,1491583
ps,3,4194304,200000.0,0.4,0.0,1.0,71,4,201,9035209,1877721,1,3,1307418
ps,3,4194304,200000.0,0.4,0.0,1.0,71,4,202,8690250,1877721,1,3,1967417
ps,3,4194304,200000.0,0.4,0.0,1.0,71,4,203,9466542,1877721,1,3,2038001
ps,3,4194304,200000.0,0.4,0.0,1.0,71,4,204,9514541,1877721,1,3,1732374
ps,3,4194304,200000.0,0.4,0.0,1.0,71,4,205,8888000,1877721,1,3,1641542
ps,3,4194304,200000.0,0.4,0.0,1.0,71,4,206,9390792,1877721,1,3,1828167
ps,3,4194304,200000.0,0.4,0.0,1.0,71,4,207,8856459,1877721,1,3,1949834
ps,3,4194304,200000.0,0.4,0.0,1.0,71,4,208,9422625,1877721,1,3,1723459
ps,3,4194304,200000.0,0.4,0.0,1.0,71,4,209,8823875,1877721,1,3,1526666
ps,3,4194304,200000.0,0.4,0.0,1.0,71,4,210,8953959,1877721,1,3,1869917
ps,3,4194304,200000.0,0.4,0.0,1.0,71,4,211,8825667,1877721,1,3,1564959
ps,3,4194304,200000.0,0.4,0.0,1.0,71,4,212,8655000,1877721,1,3,1762291
ps,3,4194304,200000.0,0.4,0.0,1.0,71,4,213,9012625,1877721,1,3,1810625
ps,3,4194304,200000.0,0.4,0.0,1.0,71,4,214,9327417,1877721,1,3,2093250
ps,3,4194304,200000.0,0.4,0.0,1.0,71,4,215,11665875,3755442,2,3,2007625
ps,3,4194304,200000.0,0.4,0.0,1.0,71,4,216,8746625,1877721,1,3,1805083
ps,3,4194304,200000.0,0.4,0.0,1.0,71,4,217,8824000,1877721,1,3,1823084
ps,3,4194304,200000.0,0.4,0.0,1.0,71,4,218,8838208,1877721,1,3,1879000
ps,3,4194304,200000.0,0.4,0.0,1.0,71,4,219,9308334,1877721,1,3,1850584
ps,3,4194304,200000.0,0.4,0.0,1.0,71,4,220,12090083,3755442,2,3,2973166
ps,3,4194304,200000.0,0.4,0.0,1.0,71,4,221,9704833,1877721,1,3,2218958
ps,3,4194304,200000.0,0.4,0.0,1.0,71,4,222,10932875,1877721,1,3,2253792
ps,3,4194304,200000.0,0.4,0.0,1.0,71,4,223,8997292,1877721,1,3,2004542
ps,3,4194304,200000.0,0.4,0.0,1.0,71,4,224,8914000,1877721,1,3,1902375
ps,3,4194304,200000.0,0.4,0.0,1.0,71,4,225,8769625,1877721,1,3,1655791
ps,3,4194304,200000.0,0.4,0.0,1.0,71,4,226,9116584,1877721,1,3,1837167
ps,3,4194304,200000.0,0.4,0.0,1.0,71,4,227,9059500,1877721,1,3,1745792
ps,3,4194304,200000.0,0.4,0.0,1.0,71,4,228,8870542,1877721,1,3,1912709
ps,3,4194304,200000.0,0.4,0.0,1.0,71,4,229,8916500,1877721,1,3,1935417
ps,3,4194304,200000.0,0.4,0.0,1.0,71,4,230,9016916,1877721,1,3,1531291
ps,3,4194304,200000.0,0.4,0.0,1.0,71,4,231,9351042,1877721,1,3,2097834
ps,3,4194304,200000.0,0.4,0.0,1.0,71,4,232,8781375,1877721,1,3,1749625
ps,3,4194304,200000.0,0.4,0.0,1.0,71,4,233,8915083,1877721,1,3,1865375
ps,3,4194304,200000.0,0.4,0.0,1.0,71,4,234,8893541,1877721,1,3,1834249
ps,3,4194304,200000.0,0.4,0.0,1.0,71,4,235,9106125,1877721,1,3,1884667
ps,3,4194304,200000.0,0.4,0.0,1.0,71,4,236,8822292,1877721,1,3,1748584
ps,3,4194304,200000.0,0.4,0.0,1.0,71,4,237,8685333,1877721,1,3,1516833
ps,3,4194304,200000.0,0.4,0.0,1.0,71,4,238,8652834,3755442,2,3,1686168
ps,3,4194304,200000.0,0.4,0.0,1.0,71,4,239,8816708,1877721,1,3,1839208
ps,3,4194304,200000.0,0.4,0.0,1.0,71,4,240,8946875,1877721,1,3,1740792
ps,3,4194304,200000.0,0.4,0.0,1.0,71,4,241,8823541,1877721,1,3,1802124
ps,3,4194304,200000.0,0.4,0.0,1.0,71,4,242,9382708,1877721,1,3,1910958
ps,3,4194304,200000.0,0.4,0.0,1.0,71,4,243,9131333,1877721,1,3,1959708
ps,3,4194304,200000.0,0.4,0.0,1.0,71,4,244,8953333,1877721,1,3,1722375
ps,3,4194304,200000.0,0.4,0.0,1.0,71,4,245,9465459,1877721,1,3,1606250
ps,3,4194304,200000.0,0.4,0.0,1.0,71,4,246,9289125,1877721,1,3,1503166
ps,3,4194304,200000.0,0.4,0.0,1.0,71,4,247,8981750,1877721,1,3,1914209
ps,3,4194304,200000.0,0.4,0.0,1.0,71,4,248,9297042,1877721,1,3,1848750
ps,3,4194304,200000.0,0.4,0.0,1.0,71,4,249,8882000,1877721,1,3,1892917
ring,3,4194304,200000.0,0.4,0.0,1.0,71,4,0,6370375,3036964,4,3,319291
ring,3,4194304,200000.0,0.4,0.0,1.0,71,4,1,6451584,3036964,4,3,70709
ring,3,4194304,200000.0,0.4,0.0,1.0,71,4,2,6577583,3036964,4,3,341166
ring,3,4194304,200000.0,0.4,0.0,1.0,71,4,3,6493292,3036964,4,3,323667
ring,3,4194304,200000.0,0.4,0.0,1.0,71,4,4,6472000,3036964,4,3,354667
ring,3,4194304,200000.0,0.4,0.0,1.0,71,4,5,6796250,3036964,4,3,371500
ring,3,4194304,200000.0,0.4,0.0,1.0,71,4,6,6399875,3036964,4,3,293375
ring,3,4194304,200000.0,0.4,0.0,1.0,71,4,7,8251916,3036964,4,3,767832
ring,3,4194304,200000.0,0.4,0.0,1.0,71,4,8,9555875,3036964,4,3,527209
ring,3,4194304,200000.0,0.4,0.0,1.0,71,4,9,7051291,3036964,4,3,589416
ring,3,4194304,200000.0,0.4,0.0,1.0,71,4,10,6811750,3036964,4,3,329042
ring,3,4194304,200000.0,0.4,0.0,1.0,71,4,11,6987917,3036964,4,3,268417
ring,3,4194304,200000.0,0.4,0.0,1.0,71,4,12,6538875,3036964,4,3,286750
ring,3,4194304,200000.0,0.4,0.0,1.0,71,4,13,6349708,3036964,4,3,301792
ring,3,4194304,200000.0,0.4,0.0,1.0,71,4,14,6323167,3036964,4,3,350667
ring,3,4194304,200000.0,0.4,0.0,1.0,71,4,15,6499166,3036964,4,3,350583
ring,3,4194304,200000.0,0.4,0.0,1.0,71,4,16,6801208,3036964,4,3,386250
ring,3,4194304,200000.0,0.4,0.0,1.0,71,4,17,6646125,3036964,4,3,355666
ring,3,4194304,200000.0,0.4,0.0,1.0,71,4,18,6439750,3036964,4,3,320125
ring,3,4194304,200000.0,0.4,0.0,1.0,71,4,19,6530167,3036964,4,3,362500
ring,3,4194304,200000.0,0.4,0.0,1.0,71,4,20,6455875,3036964,4,3,298208
ring,3,4194304,200000.0,0.4,0.0,1.0,71,4,21,6501208,3036964,4,3,403250
ring,3,4194304,200000.0,0.4,0.0,1.0,71,4,22,6449500,3036964,4,3,266333
ring,3,4194304,200000.0,0.4,0.0,1.0,71,4,23,6417000,3036964,4,3,317291
ring,3,4194304,200000.0,0.4,0.0,1.0,71,4,24,6602708,3036964,4,3,252291
ring,3,4194304,200000.0,0.4,0.0,1.0,71,4,25,6561000,3036964,4,3,270709
ring,3,4194304,200000.0,0.4,0.0,1.0,71,4,26,6542250,3036964,4,3,409708
ring,3,4194304,200000.0,0.4,0.0,1.0,71,4,27,6577458,3036964,4,3,335250
ring,3,4194304,200000.0,0.4,0.0,1.0,71,4,28,6360542,3036964,4,3,282458
ring,3,4194304,200000.0,0.4,0.0,1.0,71,4,29,6142333,3036964,4,3,288500
ring,3,4194304,200000.0,0.4,0.0,1.0,71,4,30,6828000,3036964,4,3,503541
ring,3,4194304,200000.0,0.4,0.0,1.0,71,4,31,6215792,3036964,4,3,264500
ring,3,4194304,200000.0,0.4,0.0,1.0,71,4,32,6206208,3036964,4,3,195000
ring,3,4194304,200000.0,0.4,0.0,1.0,71,4,33,6344583,3036964,4,3,378833
ring,3,4194304,200000.0,0.4,0.0,1.0,71,4,34,6314250,3036964,4,3,272000
ring,3,4194304,200000.0,0.4,0.0,1.0,71,4,35,6300375,3036964,4,3,343000
ring,3,4194304,200000.0,0.4,0.0,1.0,71,4,36,6350166,3036964,4,3,330124
ring,3,4194304,200000.0,0.4,0.0,1.0,71,4,37,6452583,3036964,4,3,388833
ring,3,4194304,200000.0,0.4,0.0,1.0,71,4,38,6416917,3036964,4,3,291167
ring,3,4194304,200000.0,0.4,0.0,1.0,71,4,39,6275042,3036964,4,3,353126
ring,3,4194304,200000.0,0.4,0.0,1.0,71,4,40,6384458,3036964,4,3,298583
ring,3,4194304,200000.0,0.4,0.0,1.0,71,4,41,6593125,3036964,4,3,434625
ring,3,4194304,200000.0,0.4,0.0,1.0,71,4,42,6691125,3036964,4,3,374750
ring,3,4194304,200000.0,0.4,0.0,1.0,71,4,43,6528750,3036964,4,3,261625
ring,3,4194304,200000.0,0.4,0.0,1.0,71,4,44,6533416,3036964,4,3,79333
ring,3,4194304,200000.0,0.4,0.0,1.0,71,4,45,6810875,3036964,4,3,196625
ring,3,4194304,200000.0,0.4,0.0,1.0,71,4,46,6465208,3036964,4,3,335583
ring,3,4194304,200000.0,0.4,0.0,1.0,71,4,47,6245250,3036964,4,3,430500
ring,3,4194304,200000.0,0.4,0.0,1.0,71,4,48,6346041,3036964,4,3,306291
ring,3,4194304,200000.0,0.4,0.0,1.0,71,4,49,6505500,3036964,4,3,315916
ring,3,4194304,200000.0,0.4,0.0,1.0,71,4,50,6362042,3036964,4,3,335000
ring,3,4194304,200000.0,0.4,0.0,1.0,71,4,51,6188959,3036964,4,3,321709
ring,3,4194304,200000.0,0.4,0.0,1.0,71,4,52,6269291,3036964,4,3,383499
ring,3,4194304,200000.0,0.4,0.0,1.0,71,4,53,6166333,3036964,4,3,314916
ring,3,4194304,200000.0,0.4,0.0,1.0,71,4,54,6419625,3036964,4,3,301667
ring,3,4194304,200000.0,0.4,0.0,1.0,71,4,55,6213584,3036964,4,3,369750
ring,3,4194304,200000.0,0.4,0.0,1.0,71,4,56,6321333,3036964,4,3,253249
ring,3,4194304,200000.0,0.4,0.0,1.0,71,4,57,6162542,3036964,4,3,279709
ring,3,4194304,200000.0,0.4,0.0,1.0,71,4,58,6190833,3036964,4,3,338792
ring,3,4194304,200000.0,0.4,0.0,1.0,71,4,59,6245958,3036964,4,3,291208
ring,3,4194304,200000.0,0.4,0.0,1.0,71,4,60,6164334,3036964,4,3,292293
ring,3,4194304,200000.0,0.4,0.0,1.0,71,4,61,6198833,3036964,4,3,400583
ring,3,4194304,200000.0,0.4,0.0,1.0,71,4,62,5958917,3036964,4,3,271750
ring,3,4194304,200000.0,0.4,0.0,1.0,71,4,63,6300166,3036964,4,3,390041
ring,3,4194304,200000.0,0.4,0.0,1.0,71,4,64,6083917,3036964,4,3,286167
ring,3,4194304,200000.0,0.4,0.0,1.0,71,4,65,6215750,3036964,4,3,355417
ring,3,4194304,200000.0,0.4,0.0,1.0,71,4,66,6429459,3036964,4,3,332667
ring,3,4194304,200000.0,0.4,0.0,1.0,71,4,67,6395250,3036964,4,3,290792
ring,3,4194304,200000.0,0.4,0.0,1.0,71,4,68,6105416,3036964,4,3,220457
ring,3,4194304,200000.0,0.4,0.0,1.0,71,4,69,6126875,3036964,4,3,285167
ring,3,4194304,200000.0,0.4,0.0,1.0,71,4,70,6061833,3036964,4,3,268417
ring,3,4194304,200000.0,0.4,0.0,1.0,71,4,71,6261291,3036964,4,3,41958
ring,3,4194304,200000.0,0.4,0.0,1.0,71,4,72,6058583,3036964,4,3,344666
ring,3,4194304,200000.0,0.4,0.0,1.0,71,4,73,6098708,3036964,4,3,338375
ring,3,4194304,200000.0,0.4,0.0,1.0,71,4,74,6096125,3036964,4,3,289084
ring,3,4194304,200000.0,0.4,0.0,1.0,71,4,75,6175875,3036964,4,3,364083
ring,3,4194304,200000.0,0.4,0.0,1.0,71,4,76,5890791,3036964,4,3,255957
ring,3,4194304,200000.0,0.4,0.0,1.0,71,4,77,6031500,3036964,4,3,274166
ring,3,4194304,200000.0,0.4,0.0,1.0,71,4,78,6213375,3036964,4,3,339625
ring,3,4194304,200000.0,0.4,0.0,1.0,71,4,79,6060459,3036964,4,3,302501
ring,3,4194304,200000.0,0.4,0.0,1.0,71,4,80,5926625,3036964,4,3,330833
ring,3,4194304,200000.0,0.4,0.0,1.0,71,4,81,6000834,3036964,4,3,329792
ring,3,4194304,200000.0,0.4,0.0,1.0,71,4,82,6035667,3036964,4,3,345875
ring,3,4194304,200000.0,0.4,0.0,1.0,71,4,83,6052959,3036964,4,3,310209
ring,3,4194304,200000.0,0.4,0.0,1.0,71,4,84,6298167,3036964,4,3,281417
ring,3,4194304,200000.0,0.4,0.0,1.0,71,4,85,6054708,3036964,4,3,311208
ring,3,4194304,200000.0,0.4,0.0,1.0,71,4,86,6288833,3036964,4,3,181542
ring,3,4194304,200000.0,0.4,0.0,1.0,71,4,87,6290167,3036964,4,3,338625
ring,3,4194304,200000.0,0.4,0.0,1.0,71,4,88,6878458,3036964,4,3,298541
ring,3,4194304,200000.0,0.4,0.0,1.0,71,4,89,6092375,3036964,4,3,333625
ring,3,4194304,200000.0,0.4,0.0,1.0,71,4,90,5930208,3036964,4,3,282166
ring,3,4194304,200000.0,0.4,0.0,1.0,71,4,91,6061208,3036964,4,3,310625
ring,3,4194304,200000.0,0.4,0.0,1.0,71,4,92,6122208,3036964,4,3,377916
ring,3,4194304,200000.0,0.4,0.0,1.0,71,4,93,6427958,3036964,4,3,42750
ring,3,4194304,200000.0,0.4,0.0,1.0,71,4,94,5904125,3036964,4,3,109666
ring,3,4194304,200000.0,0.4,0.0,1.0,71,4,95,5850708,3036964,4,3,300708
ring,3,4194304,200000.0,0.4,0.0,1.0,71,4,96,6244208,3036964,4,3,332041
ring,3,4194304,200000.0,0.4,0.0,1.0,71,4,97,6015500,3036964,4,3,279083
ring,3,4194304,200000.0,0.4,0.0,1.0,71,4,98,6657166,3036964,4,3,328708
ring,3,4194304,200000.0,0.4,0.0,1.0,71,4,99,6076625,3036964,4,3,226333
ring,3,4194304,200000.0,0.4,0.0,1.0,71,4,100,6041750,3036964,4,3,42958
ring,3,4194304,200000.0,0.4,0.0,1.0,71,4,101,6130708,3036964,4,3,320249
ring,3,4194304,200000.0,0.4,0.0,1.0,71,4,102,6035750,3036964,4,3,380583
ring,3,4194304,200000.0,0.4,0.0,1.0,71,4,103,6256833,3036964,4,3,223208
ring,3,4194304,200000.0,0.4,0.0,1.0,71,4,104,5957541,3036964,4,3,324374
ring,3,4194304,200000.0,0.4,0.0,1.0,71,4,105,7157417,3036964,4,3,323417
ring,3,4194304,200000.0,0.4,0.0,1.0,71,4,106,8951959,3036964,4,3,405542
ring,3,4194304,200000.0,0.4,0.0,1.0,71,4,107,9070709,3036964,4,3,819334
ring,3,4194304,200000.0,0.4,0.0,1.0,71,4,108,7043250,3036964,4,3,258500
ring,3,4194304,200000.0,0.4,0.0,1.0,71,4,109,6378416,3036964,4,3,292082
ring,3,4194304,200000.0,0.4,0.0,1.0,71,4,110,6486125,3036964,4,3,294292
ring,3,4194304,200000.0,0.4,0.0,1.0,71,4,111,6481500,3036964,4,3,420959
ring,3,4194304,200000.0,0.4,0.0,1.0,71,4,112,6476375,3036964,4,3,333958
ring,3,4194304,200000.0,0.4,0.0,1.0,71,4,113,6424000,3036964,4,3,357209
ring,3,4194304,200000.0,0.4,0.0,1.0,71,4,114,6455625,3036964,4,3,273875
ring,3,4194304,200000.0,0.4,0.0,1.0,71,4,115,6525417,3036964,4,3,316917
ring,3,4194304,200000.0,0.4,0.0,1.0,71,4,116,6464750,3036964,4,3,231750
ring,3,4194304,200000.0,0.4,0.0,1.0,71,4,117,6466417,3036964,4,3,375834
ring,3,4194304,200000.0,0.4,0.0,1.0,71,4,118,6102333,3036964,4,3,322041
ring,3,4194304,200000.0,0.4,0.0,1.0,71,4,119,5955542,3036964,4,3,367042
ring,3,4194304,200000.0,0.4,0.0,1.0,71,4,120,6053875,3036964,4,3,236042
ring,3,4194304,200000.0,0.4,0.0,1.0,71,4,121,6434208,3036964,4,3,405500
ring,3,4194304,200000.0,0.4,0.0,1.0,71,4,122,6140791,3036964,4,3,440458
ring,3,4194304,200000.0,0.4,0.0,1.0,71,4,123,6254209,3036964,4,3,267501
ring,3,4194304,200000.0,0.4,0.0,1.0,71,4,124,6139417,3036964,4,3,234501
ring,3,4194304,200000.0,0.4,0.0,1.0,71,4,125,6483875,3036964,4,3,299667
ring,3,4194304,200000.0,0.4,0.0,1.0,71,4,126,6419625,3036964,4,3,295584
ring,3,4194304,200000.0,0.4,0.0,1.0,71,4,127,6103208,3036964,4,3,300333
ring,3,4194304,200000.0,0.4,0.0,1.0,71,4,128,6033750,3036964,4,3,331125
ring,3,4194304,200000.0,0.4,0.0,1.0,71,4,129,6317750,3036964,4,3,132250
ring,3,4194304,200000.0,0.4,0.0,1.0,71,4,130,6116750,3036964,4,3,346084
ring,3,4194304,200000.0,0.4,0.0,1.0,71,4,131,6101042,3036964,4,3,334250
ring,3,4194304,200000.0,0.4,0.0,1.0,71,4,132,6076333,3036964,4,3,312083
ring,3,4194304,200000.0,0.4,0.0,1.0,71,4,133,6236833,3036964,4,3,387666
ring,3,4194304,200000.0,0.4,0.0,1.0,71,4,134,5841375,3036964,4,3,336459
ring,3,4194304,200000.0,0.4,0.0,1.0,71,4,135,6318583,3036964,4,3,356999
ring,3,4194304,200000.0,0.4,0.0,1.0,71,4,136,5990500,3036964,4,3,342875
ring,3,4194304,200000.0,0.4,0.0,1.0,71,4,137,6123583,3036964,4,3,336250
ring,3,4194304,200000.0,0.4,0.0,1.0,71,4,138,5911958,3036964,4,3,331750
ring,3,4194304,200000.0,0.4,0.0,1.0,71,4,139,6104042,3036964,4,3,299000
ring,3,4194304,200000.0,0.4,0.0,1.0,71,4,140,5842792,3036964,4,3,356667
ring,3,4194304,200000.0,0.4,0.0,1.0,71,4,141,6321167,3036964,4,3,331667
ring,3,4194304,200000.0,0.4,0.0,1.0,71,4,142,6181167,3036964,4,3,351250
ring,3,4194304,200000.0,0.4,0.0,1.0,71,4,143,6141500,3036964,4,3,236709
ring,3,4194304,200000.0,0.4,0.0,1.0,71,4,144,6160083,3036964,4,3,312917
ring,3,4194304,200000.0,0.4,0.0,1.0,71,4,145,6101916,3036964,4,3,293000
ring,3,4194304,200000.0,0.4,0.0,1.0,71,4,146,6217417,3036964,4,3,259958
ring,3,4194304,200000.0,0.4,0.0,1.0,71,4,147,6218209,3036964,4,3,321084
ring,3,4194304,200000.0,0.4,0.0,1.0,71,4,148,6420208,3036964,4,3,376041
ring,3,4194304,200000.0,0.4,0.0,1.0,71,4,149,6322958,3036964,4,3,262917
ring,3,4194304,200000.0,0.4,0.0,1.0,71,4,150,6339625,3036964,4,3,277792
ring,3,4194304,200000.0,0.4,0.0,1.0,71,4,151,6310250,3036964,4,3,309875
ring,3,4194304,200000.0,0.4,0.0,1.0,71,4,152,6276916,3036964,4,3,368875
ring,3,4194304,200000.0,0.4,0.0,1.0,71,4,153,6153958,3036964,4,3,303417
ring,3,4194304,200000.0,0.4,0.0,1.0,71,4,154,6362333,3036964,4,3,352083
ring,3,4194304,200000.0,0.4,0.0,1.0,71,4,155,6507083,3036964,4,3,321125
ring,3,4194304,200000.0,0.4,0.0,1.0,71,4,156,6421000,3036964,4,3,167375
ring,3,4194304,200000.0,0.4,0.0,1.0,71,4,157,6309084,3036964,4,3,332292
ring,3,4194304,200000.0,0.4,0.0,1.0,71,4,158,6326334,3036964,4,3,309625
ring,3,4194304,200000.0,0.4,0.0,1.0,71,4,159,6299459,3036964,4,3,163667
ring,3,4194304,200000.0,0.4,0.0,1.0,71,4,160,6133625,3036964,4,3,295250
ring,3,4194304,200000.0,0.4,0.0,1.0,71,4,161,6184084,3036964,4,3,316834
ring,3,4194304,200000.0,0.4,0.0,1.0,71,4,162,6185958,3036964,4,3,260000
ring,3,4194304,200000.0,0.4,0.0,1.0,71,4,163,6261584,3036964,4,3,281084
ring,3,4194304,200000.0,0.4,0.0,1.0,71,4,164,6245084,3036964,4,3,307042
ring,3,4194304,200000.0,0.4,0.0,1.0,71,4,165,6213250,3036964,4,3,290541
ring,3,4194304,200000.0,0.4,0.0,1.0,71,4,166,6227500,3036964,4,3,289250
ring,3,4194304,200000.0,0.4,0.0,1.0,71,4,167,6296417,3036964,4,3,330792
ring,3,4194304,200000.0,0.4,0.0,1.0,71,4,168,6295709,3036964,4,3,329501
ring,3,4194304,200000.0,0.4,0.0,1.0,71,4,169,6195208,3036964,4,3,270292
ring,3,4194304,200000.0,0.4,0.0,1.0,71,4,170,6136042,3036964,4,3,301084
ring,3,4194304,200000.0,0.4,0.0,1.0,71,4,171,6501000,3036964,4,3,360791
ring,3,4194304,200000.0,0.4,0.0,1.0,71,4,172,6762125,3036964,4,3,525583
ring,3,4194304,200000.0,0.4,0.0,1.0,71,4,173,6534708,3036964,4,3,429042
ring,3,4194304,200000.0,0.4,0.0,1.0,71,4,174,6099625,3036964,4,3,255333
ring,3,4194304,200000.0,0.4,0.0,1.0,71,4,175,6055833,3036964,4,3,351791
ring,3,4194304,200000.0,0.4,0.0,1.0,71,4,176,6293750,3036964,4,3,340458
ring,3,4194304,200000.0,0.4,0.0,1.0,71,4,177,6160375,3036964,4,3,318917
ring,3,4194304,200000.0,0.4,0.0,1.0,71,4,178,6349541,3036964,4,3,347832
ring,3,4194304,200000.0,0.4,0.0,1.0,71,4,179,6275250,3036964,4,3,293417
ring,3,4194304,200000.0,0.4,0.0,1.0,71,4,180,6223625,3036964,4,3,261542
ring,3,4194304,200000.0,0.4,0.0,1.0,71,4,181,6217458,3036964,4,3,237583
ring,3,4194304,200000.0,0.4,0.0,1.0,71,4,182,6438333,3036964,4,3,324458
ring,3,4194304,200000.0,0.4,0.0,1.0,71,4,183,6622584,3036964,4,3,302126
ring,3,4194304,200000.0,0.4,0.0,1.0,71,4,184,6248750,3036964,4,3,374041
ring,3,4194304,200000.0,0.4,0.0,1.0,71,4,185,6194542,3036964,4,3,337667
ring,3,4194304,200000.0,0.4,0.0,1.0,71,4,186,6008333,3036964,4,3,330791
ring,3,4194304,200000.0,0.4,0.0,1.0,71,4,187,6038416,3036964,4,3,313166
ring,3,4194304,200000.0,0.4,0.0,1.0,71,4,188,6439292,3036964,4,3,279376
ring,3,4194304,200000.0,0.4,0.0,1.0,71,4,189,6895042,3036964,4,3,488417
ring,3,4194304,200000.0,0.4,0.0,1.0,71,4,190,6660084,3036964,4,3,285709
ring,3,4194304,200000.0,0.4,0.0,1.0,71,4,191,6460917,3036964,4,3,243167
ring,3,4194304,200000.0,0.4,0.0,1.0,71,4,192,6471959,3036964,4,3,269293
ring,3,4194304,200000.0,0.4,0.0,1.0,71,4,193,6487000,3036964,4,3,348833
ring,3,4194304,200000.0,0.4,0.0,1.0,71,4,194,6524542,3036964,4,3,399209
ring,3,4194304,200000.0,0.4,0.0,1.0,71,4,195,6717250,3036964,4,3,427625
ring,3,4194304,200000.0,0.4,0.0,1.0,71,4,196,7085875,3036964,4,3,161917
ring,3,4194304,200000.0,0.4,0.0,1.0,71,4,197,6428959,3036964,4,3,243251
ring,3,4194304,200000.0,0.4,0.0,1.0,71,4,198,6741250,3036964,4,3,415250
ring,3,4194304,200000.0,0.4,0.0,1.0,71,4,199,6636583,3036964,4,3,312167
ring,3,4194304,200000.0,0.4,0.0,1.0,71,4,200,6738750,3036964,4,3,338334
ring,3,4194304,200000.0,0.4,0.0,1.0,71,4,201,6520167,3036964,4,3,309292
ring,3,4194304,200000.0,0.4,0.0,1.0,71,4,202,6445000,3036964,4,3,320000
ring,3,4194304,200000.0,0.4,0.0,1.0,71,4,203,6449916,3036964,4,3,249166
ring,3,4194304,200000.0,0.4,0.0,1.0,71,4,204,6380334,3036964,4,3,195834
ring,3,4194304,200000.0,0.4,0.0,1.0,71,4,205,6331041,3036964,4,3,355749
ring,3,4194304,200000.0,0.4,0.0,1.0,71,4,206,6312750,3036964,4,3,333375
ring,3,4194304,200000.0,0.4,0.0,1.0,71,4,207,6199834,3036964,4,3,347084
ring,3,4194304,200000.0,0.4,0.0,1.0,71,4,208,5992250,3036964,4,3,384916
ring,3,4194304,200000.0,0.4,0.0,1.0,71,4,209,5897041,3036964,4,3,346500
ring,3,4194304,200000.0,0.4,0.0,1.0,71,4,210,6202333,3036964,4,3,273541
ring,3,4194304,200000.0,0.4,0.0,1.0,71,4,211,6265000,3036964,4,3,311792
ring,3,4194304,200000.0,0.4,0.0,1.0,71,4,212,6550542,3036964,4,3,360417
ring,3,4194304,200000.0,0.4,0.0,1.0,71,4,213,6246042,3036964,4,3,296042
ring,3,4194304,200000.0,0.4,0.0,1.0,71,4,214,6127209,3036964,4,3,293542
ring,3,4194304,200000.0,0.4,0.0,1.0,71,4,215,6395333,3036964,4,3,326125
ring,3,4194304,200000.0,0.4,0.0,1.0,71,4,216,6128667,3036964,4,3,366583
ring,3,4194304,200000.0,0.4,0.0,1.0,71,4,217,6293333,3036964,4,3,318958
ring,3,4194304,200000.0,0.4,0.0,1.0,71,4,218,6234084,3036964,4,3,257042
ring,3,4194304,200000.0,0.4,0.0,1.0,71,4,219,6310375,3036964,4,3,262584
ring,3,4194304,200000.0,0.4,0.0,1.0,71,4,220,6226250,3036964,4,3,321041
ring,3,4194304,200000.0,0.4,0.0,1.0,71,4,221,5831000,3036964,4,3,310125
ring,3,4194304,200000.0,0.4,0.0,1.0,71,4,222,6455708,3036964,4,3,370958
ring,3,4194304,200000.0,0.4,0.0,1.0,71,4,223,6359833,3036964,4,3,345541
ring,3,4194304,200000.0,0.4,0.0,1.0,71,4,224,6632458,3036964,4,3,158791
ring,3,4194304,200000.0,0.4,0.0,1.0,71,4,225,6174083,3036964,4,3,256500
ring,3,4194304,200000.0,0.4,0.0,1.0,71,4,226,6269500,3036964,4,3,289250
ring,3,4194304,200000.0,0.4,0.0,1.0,71,4,227,6524333,3036964,4,3,67125
ring,3,4194304,200000.0,0.4,0.0,1.0,71,4,228,6315333,3036964,4,3,321874
ring,3,4194304,200000.0,0.4,0.0,1.0,71,4,229,6221834,3036964,4,3,329125
ring,3,4194304,200000.0,0.4,0.0,1.0,71,4,230,6325083,3036964,4,3,318124
ring,3,4194304,200000.0,0.4,0.0,1.0,71,4,231,6217667,3036964,4,3,236625
ring,3,4194304,200000.0,0.4,0.0,1.0,71,4,232,6587584,3036964,4,3,446500
ring,3,4194304,200000.0,0.4,0.0,1.0,71,4,233,6275250,3036964,4,3,345916
ring,3,4194304,200000.0,0.4,0.0,1.0,71,4,234,6381833,3036964,4,3,334958
ring,3,4194304,200000.0,0.4,0.0,1.0,71,4,235,6334459,3036964,4,3,357125
ring,3,4194304,200000.0,0.4,0.0,1.0,71,4,236,6225833,3036964,4,3,273208
ring,3,4194304,200000.0,0.4,0.0,1.0,71,4,237,6219083,3036964,4,3,311000
ring,3,4194304,200000.0,0.4,0.0,1.0,71,4,238,5874417,3036964,4,3,100458
ring,3,4194304,200000.0,0.4,0.0,1.0,71,4,239,5497500,3036964,4,3,131750
ring,3,4194304,200000.0,0.4,0.0,1.0,71,4,240,6030708,3036964,4,3,182167
ring,3,4194304,200000.0,0.4,0.0,1.0,71,4,241,6068000,3036964,4,3,168125
ring,3,4194304,200000.0,0.4,0.0,1.0,71,4,242,5945750,3036964,4,3,92000
ring,3,4194304,200000.0,0.4,0.0,1.0,71,4,243,5877792,3036964,4,3,114917
ring,3,4194304,200000.0,0.4,0.0,1.0,71,4,244,6049000,3036964,4,3,115833
ring,3,4194304,200000.0,0.4,0.0,1.0,71,4,245,5661958,3036964,4,3,35292
ring,3,4194304,200000.0,0.4,0.0,1.0,71,4,246,6510292,3036964,4,3,330001
ring,3,4194304,200000.0,0.4,0.0,1.0,71,4,247,6463375,3036964,4,3,229333
ring,3,4194304,200000.0,0.4,0.0,1.0,71,4,248,6700333,3036964,4,3,330541
ring,3,4194304,200000.0,0.4,0.0,1.0,71,4,249,6393334,3036964,4,3,299584
ring,3,1048576,200000.0,0.4,0.0,1.0,71,4,0,2935292,1359244,4,3,125542
ring,3,1048576,200000.0,0.4,0.0,1.0,71,4,1,2984917,1359244,4,3,116542
ring,3,1048576,200000.0,0.4,0.0,1.0,71,4,2,3002167,1359244,4,3,136667
ring,3,1048576,200000.0,0.4,0.0,1.0,71,4,3,2990666,1359244,4,3,87000
ring,3,1048576,200000.0,0.4,0.0,1.0,71,4,4,3017292,1359244,4,3,138625
ring,3,1048576,200000.0,0.4,0.0,1.0,71,4,5,3032500,1359244,4,3,63125
ring,3,1048576,200000.0,0.4,0.0,1.0,71,4,6,3071917,1359244,4,3,82667
ring,3,1048576,200000.0,0.4,0.0,1.0,71,4,7,3013542,1359244,4,3,168834
ring,3,1048576,200000.0,0.4,0.0,1.0,71,4,8,2976292,1359244,4,3,143333
ring,3,1048576,200000.0,0.4,0.0,1.0,71,4,9,2950667,1359244,4,3,167334
ring,3,1048576,200000.0,0.4,0.0,1.0,71,4,10,3116209,1359244,4,3,143626
ring,3,1048576,200000.0,0.4,0.0,1.0,71,4,11,2967084,1359244,4,3,181709
ring,3,1048576,200000.0,0.4,0.0,1.0,71,4,12,3080625,1359244,4,3,122334
ring,3,1048576,200000.0,0.4,0.0,1.0,71,4,13,3055709,1359244,4,3,171376
ring,3,1048576,200000.0,0.4,0.0,1.0,71,4,14,2957458,1359244,4,3,116208
ring,3,1048576,200000.0,0.4,0.0,1.0,71,4,15,2972916,1359244,4,3,126374
ring,3,1048576,200000.0,0.4,0.0,1.0,71,4,16,3023000,1359244,4,3,123625
ring,3,1048576,200000.0,0.4,0.0,1.0,71,4,17,2987916,1359244,4,3,152291
ring,3,1048576,200000.0,0.4,0.0,1.0,71,4,18,3069417,1359244,4,3,138792
ring,3,1048576,200000.0,0.4,0.0,1.0,71,4,19,3003875,1359244,4,3,143542
ring,3,1048576,200000.0,0.4,0.0,1.0,71,4,20,2917375,1359244,4,3,139167
ring,3,1048576,200000.0,0.4,0.0,1.0,71,4,21,2862208,1359244,4,3,68708
ring,3,1048576,200000.0,0.4,0.0,1.0,71,4,22,2879959,1359244,4,3,83001
ring,3,1048576,200000.0,0.4,0.0,1.0,71,4,23,2854667,1359244,4,3,155167
ring,3,1048576,200000.0,0.4,0.0,1.0,71,4,24,3023916,1359244,4,3,166458
ring,3,1048576,200000.0,0.4,0.0,1.0,71,4,25,2984250,1359244,4,3,92292
ring,3,1048576,200000.0,0.4,0.0,1.0,71,4,26,2967542,1359244,4,3,67000
ring,3,1048576,200000.0,0.4,0.0,1.0,71,4,27,3084292,1359244,4,3,157375
ring,3,1048576,200000.0,0.4,0.0,1.0,71,4,28,3008875,1359244,4,3,138375
ring,3,1048576,200000.0,0.4,0.0,1.0,71,4,29,3021917,1359244,4,3,156834
ring,3,1048576,200000.0,0.4,0.0,1.0,71,4,30,3044708,1359244,4,3,107625
ring,3,1048576,200000.0,0.4,0.0,1.0,71,4,31,3126667,1359244,4,3,101292
ring,3,1048576,200000.0,0.4,0.0,1.0,71,4,32,2953458,1359244,4,3,182833
ring,3,1048576,200000.0,0.4,0.0,1.0,71,4,33,2866625,1359244,4,3,72958
ring,3,1048576,200000.0,0.4,0.0,1.0,71,4,34,2950750,1359244,4,3,77375
ring,3,1048576,200000.0,0.4,0.0,1.0,71,4,35,2906584,1359244,4,3,26251
ring,3,1048576,200000.0,0.4,0.0,1.0,71,4,36,3041209,1359244,4,3,218876
ring,3,1048576,200000.0,0.4,0.0,1.0,71,4,37,2924083,1359244,4,3,54625
ring,3,1048576,200000.0,0.4,0.0,1.0,71,4,38,2955416,1359244,4,3,201541
ring,3,1048576,200000.0,0.4,0.0,1.0,71,4,39,2958125,1359244,4,3,128125
ring,3,1048576,200000.0,0.4,0.0,1.0,71,4,40,2975792,1359244,4,3,101792
ring,3,1048576,200000.0,0.4,0.0,1.0,71,4,41,2949750,1359244,4,3,62666
ring,3,1048576,200000.0,0.4,0.0,1.0,71,4,42,2959375,1359244,4,3,182750
ring,3,1048576,200000.0,0.4,0.0,1.0,71,4,43,2911625,1359244,4,3,168250
ring,3,1048576,200000.0,0.4,0.0,1.0,71,4,44,2918000,1359244,4,3,79750
ring,3,1048576,200000.0,0.4,0.0,1.0,71,4,45,2960292,1359244,4,3,136417
ring,3,1048576,200000.0,0.4,0.0,1.0,71,4,46,2977667,1359244,4,3,124709
ring,3,1048576,200000.0,0.4,0.0,1.0,71,4,47,2968250,1359244,4,3,148708
ring,3,1048576,200000.0,0.4,0.0,1.0,71,4,48,2955666,1359244,4,3,102749
ring,3,1048576,200000.0,0.4,0.0,1.0,71,4,49,2983542,1359244,4,3,208084
ring,3,1048576,200000.0,0.4,0.0,1.0,71,4,50,2959875,1359244,4,3,6291
ring,3,1048576,200000.0,0.4,0.0,1.0,71,4,51,2904083,1359244,4,3,8458
ring,3,1048576,200000.0,0.4,0.0,1.0,71,4,52,3048625,1359244,4,3,104209
ring,3,1048576,200000.0,0.4,0.0,1.0,71,4,53,2956250,1359244,4,3,9292
ring,3,1048576,200000.0,0.4,0.0,1.0,71,4,54,2832000,1359244,4,3,106834
ring,3,1048576,200000.0,0.4,0.0,1.0,71,4,55,3170709,1359244,4,3,136293
ring,3,1048576,200000.0,0.4,0.0,1.0,71,4,56,3010833,1359244,4,3,141374
ring,3,1048576,200000.0,0.4,0.0,1.0,71,4,57,3005875,1359244,4,3,152375
ring,3,1048576,200000.0,0.4,0.0,1.0,71,4,58,3123541,1359244,4,3,112583
ring,3,1048576,200000.0,0.4,0.0,1.0,71,4,59,2951709,1359244,4,3,113459
ring,3,1048576,200000.0,0.4,0.0,1.0,71,4,60,3097958,1359244,4,3,119416
ring,3,1048576,200000.0,0.4,0.0,1.0,71,4,61,3079292,1359244,4,3,86792
ring,3,1048576,200000.0,0.4,0.0,1.0,71,4,62,3042875,1359244,4,3,105458
ring,3,1048576,200000.0,0.4,0.0,1.0,71,4,63,2967625,1359244,4,3,163792
ring,3,1048576,200000.0,0.4,0.0,1.0,71,4,64,3026708,1359244,4,3,222375
ring,3,1048576,200000.0,0.4,0.0,1.0,71,4,65,2856584,1359244,4,3,165917
ring,3,1048576,200000.0,0.4,0.0,1.0,71,4,66,2954875,1359244,4,3,107834
ring,3,1048576,200000.0,0.4,0.0,1.0,71,4,67,2990500,1359244,4,3,128958
ring,3,1048576,200000.0,0.4,0.0,1.0,71,4,68,2913084,1359244,4,3,127626
ring,3,1048576,200000.0,0.4,0.0,1.0,71,4,69,2880000,1359244,4,3,50958
ring,3,1048576,200000.0,0.4,0.0,1.0,71,4,70,2960042,1359244,4,3,100667
ring,3,1048576,200000.0,0.4,0.0,1.0,71,4,71,2973250,1359244,4,3,124000
ring,3,1048576,200000.0,0.4,0.0,1.0,71,4,72,3002125,1359244,4,3,164875
ring,3,1048576,200000.0,0.4,0.0,1.0,71,4,73,3001750,1359244,4,3,120125
ring,3,1048576,200000.0,0.4,0.0,1.0,71,4,74,2865709,1359244,4,3,105959
ring,3,1048576,200000.0,0.4,0.0,1.0,71,4,75,2977292,1359244,4,3,9459
ring,3,1048576,200000.0,0.4,0.0,1.0,71,4,76,3077500,1359244,4,3,142708
ring,3,1048576,200000.0,0.4,0.0,1.0,71,4,77,2946000,1359244,4,3,112583
ring,3,1048576,200000.0,0.4,0.0,1.0,71,4,78,2940000,1359244,4,3,131792
ring,3,1048576,200000.0,0.4,0.0,1.0,71,4,79,3586292,1359244,4,3,142792
ring,3,1048576,200000.0,0.4,0.0,1.0,71,4,80,3149791,1359244,4,3,150291
ring,3,1048576,200000.0,0.4,0.0,1.0,71,4,81,3169625,1359244,4,3,144750
ring,3,1048576,200000.0,0.4,0.0,1.0,71,4,82,2997000,1359244,4,3,50042
ring,3,1048576,200000.0,0.4,0.0,1.0,71,4,83,2887459,1359244,4,3,80376
ring,3,1048576,200000.0,0.4,0.0,1.0,71,4,84,2966292,1359244,4,3,185001
ring,3,1048576,200000.0,0.4,0.0,1.0,71,4,85,2950208,1359244,4,3,97208
ring,3,1048576,200000.0,0.4,0.0,1.0,71,4,86,2881875,1359244,4,3,171625
ring,3,1048576,200000.0,0.4,0.0,1.0,71,4,87,3091542,1359244,4,3,66792
ring,3,1048576,200000.0,0.4,0.0,1.0,71,4,88,3089000,1359244,4,3,182333
ring,3,1048576,200000.0,0.4,0.0,1.0,71,4,89,2923333,1359244,4,3,148708
ring,3,1048576,200000.0,0.4,0.0,1.0,71,4,90,2980292,1359244,4,3,111875
ring,3,1048576,200000.0,0.4,0.0,1.0,71,4,91,2957333,1359244,4,3,130583
ring,3,1048576,200000.0,0.4,0.0,1.0,71,4,92,2932042,1359244,4,3,181209
ring,3,1048576,200000.0,0.4,0.0,1.0,71,4,93,2983667,1359244,4,3,89250
ring,3,1048576,200000.0,0.4,0.0,1.0,71,4,94,2977584,1359244,4,3,140418
ring,3,1048576,200000.0,0.4,0.0,1.0,71,4,95,3288583,1359244,4,3,169166
ring,3,1048576,200000.0,0.4,0.0,1.0,71,4,96,3035500,1359244,4,3,157292
ring,3,1048576,200000.0,0.4,0.0,1.0,71,4,97,2996958,1359244,4,3,157708
ring,3,1048576,200000.0,0.4,0.0,1.0,71,4,98,2952958,1359244,4,3,147625
ring,3,1048576,200000.0,0.4,0.0,1.0,71,4,99,2960000,1359244,4,3,231292
ring,3,1048576,200000.0,0.4,0.0,1.0,71,4,100,3032875,1359244,4,3,97292
ring,3,1048576,200000.0,0.4,0.0,1.0,71,4,101,3126417,1359244,4,3,101417
ring,3,1048576,200000.0,0.4,0.0,1.0,71,4,102,3073916,1359244,4,3,208583
ring,3,1048576,200000.0,0.4,0.0,1.0,71,4,103,2942417,1359244,4,3,146709
ring,3,1048576,200000.0,0.4,0.0,1.0,71,4,104,3328083,1359244,4,3,186458
ring,3,1048576,200000.0,0.4,0.0,1.0,71,4,105,3013000,1359244,4,3,168666
ring,3,1048576,200000.0,0.4,0.0,1.0,71,4,106,3038083,1359244,4,3,144542
ring,3,1048576,200000.0,0.4,0.0,1.0,71,4,107,3064541,1359244,4,3,190333
ring,3,1048576,200000.0,0.4,0.0,1.0,71,4,108,2962333,1359244,4,3,44917
ring,3,1048576,200000.0,0.4,0.0,1.0,71,4,109,2968000,1359244,4,3,95250
ring,3,1048576,200000.0,0.4,0.0,1.0,71,4,110,2963000,1359244,4,3,215584
ring,3,1048576,200000.0,0.4,0.0,1.0,71,4,111,2889875,1359244,4,3,34125
ring,3,1048576,200000.0,0.4,0.0,1.0,71,4,112,2977333,1359244,4,3,35708
ring,3,1048576,200000.0,0.4,0.0,1.0,71,4,113,3034875,1359244,4,3,202083
ring,3,1048576,200000.0,0.4,0.0,1.0,71,4,114,2979375,1359244,4,3,155625
ring,3,1048576,200000.0,0.4,0.0,1.0,71,4,115,2984417,1359244,4,3,64042
ring,3,1048576,200000.0,0.4,0.0,1.0,71,4,116,2803125,1359244,4,3,76917
ring,3,1048576,200000.0,0.4,0.0,1.0,71,4,117,2829667,1359244,4,3,85584
ring,3,1048576,200000.0,0.4,0.0,1.0,71,4,118,3012083,1359244,4,3,93833
ring,3,1048576,200000.0,0.4,0.0,1.0,71,4,119,3053916,1359244,4,3,184041
ring,3,1048576,200000.0,0.4,0.0,1.0,71,4,120,2997125,1359244,4,3,178625
ring,3,1048576,200000.0,0.4,0.0,1.0,71,4,121,2926125,1359244,4,3,193375
ring,3,1048576,200000.0,0.4,0.0,1.0,71,4,122,2918125,1359244,4,3,174208
ring,3,1048576,200000.0,0.4,0.0,1.0,71,4,123,2931209,1359244,4,3,155167
ring,3,1048576,200000.0,0.4,0.0,1.0,71,4,124,2947791,1359244,4,3,203041
ring,3,1048576,200000.0,0.4,0.0,1.0,71,4,125,2961417,1359244,4,3,169167
ring,3,1048576,200000.0,0.4,0.0,1.0,71,4,126,2899000,1359244,4,3,51625
ring,3,1048576,200000.0,0.4,0.0,1.0,71,4,127,3049667,1359244,4,3,135250
ring,3,1048576,200000.0,0.4,0.0,1.0,71,4,128,3067208,1359244,4,3,146000
ring,3,1048576,200000.0,0.4,0.0,1.0,71,4,129,3020208,1359244,4,3,130667
ring,3,1048576,200000.0,0.4,0.0,1.0,71,4,130,3039583,1359244,4,3,183250
ring,3,1048576,200000.0,0.4,0.0,1.0,71,4,131,2887167,1359244,4,3,66500
ring,3,1048576,200000.0,0.4,0.0,1.0,71,4,132,2881709,1359244,4,3,52334
ring,3,1048576,200000.0,0.4,0.0,1.0,71,4,133,2902250,1359244,4,3,132375
ring,3,1048576,200000.0,0.4,0.0,1.0,71,4,134,2987292,1359244,4,3,215459
ring,3,1048576,200000.0,0.4,0.0,1.0,71,4,135,2960250,1359244,4,3,175708
ring,3,1048576,200000.0,0.4,0.0,1.0,71,4,136,2959792,1359244,4,3,127459
ring,3,1048576,200000.0,0.4,0.0,1.0,71,4,137,3025292,1359244,4,3,74167
ring,3,1048576,200000.0,0.4,0.0,1.0,71,4,138,3019625,1359244,4,3,179541
ring,3,1048576,200000.0,0.4,0.0,1.0,71,4,139,2970875,1359244,4,3,139042
ring,3,1048576,200000.0,0.4,0.0,1.0,71,4,140,3000750,1359244,4,3,84250
ring,3,1048576,200000.0,0.4,0.0,1.0,71,4,141,3058375,1359244,4,3,150583
ring,3,1048576,200000.0,0.4,0.0,1.0,71,4,142,2946041,1359244,4,3,117166
ring,3,1048576,200000.0,0.4,0.0,1.0,71,4,143,3039042,1359244,4,3,136292
ring,3,1048576,200000.0,0.4,0.0,1.0,71,4,144,2968750,1359244,4,3,138750
ring,3,1048576,200000.0,0.4,0.0,1.0,71,4,145,2916416,1359244,4,3,62416
ring,3,1048576,200000.0,0.4,0.0,1.0,71,4,146,3080708,1359244,4,3,129625
ring,3,1048576,200000.0,0.4,0.0,1.0,71,4,147,2950500,1359244,4,3,49500
ring,3,1048576,200000.0,0.4,0.0,1.0,71,4,148,3058625,1359244,4,3,126792
ring,3,1048576,200000.0,0.4,0.0,1.0,71,4,149,3023209,1359244,4,3,195959
ring,3,1048576,200000.0,0.4,0.0,1.0,71,4,150,3060042,1359244,4,3,12709
ring,3,1048576,200000.0,0.4,0.0,1.0,71,4,151,2898708,1359244,4,3,108583
ring,3,1048576,200000.0,0.4,0.0,1.0,71,4,152,2903417,1359244,4,3,111083
ring,3,1048576,200000.0,0.4,0.0,1.0,71,4,153,3033833,1359244,4,3,214083
ring,3,1048576,200000.0,0.4,0.0,1.0,71,4,154,3128333,1359244,4,3,115624
ring,3,1048576,200000.0,0.4,0.0,1.0,71,4,155,3013250,1359244,4,3,138875
ring,3,1048576,200000.0,0.4,0.0,1.0,71,4,156,3009875,1359244,4,3,225542
ring,3,1048576,200000.0,0.4,0.0,1.0,71,4,157,3049375,1359244,4,3,138583
ring,3,1048576,200000.0,0.4,0.0,1.0,71,4,158,2925750,1359244,4,3,111875
ring,3,1048576,200000.0,0.4,0.0,1.0,71,4,159,2975792,1359244,4,3,57584
ring,3,1048576,200000.0,0.4,0.0,1.0,71,4,160,2888208,1359244,4,3,152291
ring,3,1048576,200000.0,0.4,0.0,1.0,71,4,161,3019583,1359244,4,3,178000
ring,3,1048576,200000.0,0.4,0.0,1.0,71,4,162,3101166,1359244,4,3,126333
ring,3,1048576,200000.0,0.4,0.0,1.0,71,4,163,3163208,1359244,4,3,126999
ring,3,1048576,200000.0,0.4,0.0,1.0,71,4,164,2927417,1359244,4,3,106167
ring,3,1048576,200000.0,0.4,0.0,1.0,71,4,165,2897666,1359244,4,3,149833
ring,3,1048576,200000.0,0.4,0.0,1.0,71,4,166,2792584,1359244,4,3,138000
ring,3,1048576,200000.0,0.4,0.0,1.0,71,4,167,2999167,1359244,4,3,195667
ring,3,1048576,200000.0,0.4,0.0,1.0,71,4,168,3065041,1359244,4,3,211332
ring,3,1048576,200000.0,0.4,0.0,1.0,71,4,169,2985625,1359244,4,3,102167
ring,3,1048576,200000.0,0.4,0.0,1.0,71,4,170,3099500,1359244,4,3,108292
ring,3,1048576,200000.0,0.4,0.0,1.0,71,4,171,3209542,1359244,4,3,28167
ring,3,1048576,200000.0,0.4,0.0,1.0,71,4,172,2955208,1359244,4,3,133541
ring,3,1048576,200000.0,0.4,0.0,1.0,71,4,173,2975167,1359244,4,3,161334
ring,3,1048576,200000.0,0.4,0.0,1.0,71,4,174,2981167,1359244,4,3,191083
ring,3,1048576,200000.0,0.4,0.0,1.0,71,4,175,2949125,1359244,4,3,126625
ring,3,1048576,200000.0,0.4,0.0,1.0,71,4,176,3024041,1359244,4,3,40041
ring,3,1048576,200000.0,0.4,0.0,1.0,71,4,177,2922917,1359244,4,3,111333
ring,3,1048576,200000.0,0.4,0.0,1.0,71,4,178,3038375,1359244,4,3,98791
ring,3,1048576,200000.0,0.4,0.0,1.0,71,4,179,3103834,1359244,4,3,175418
ring,3,1048576,200000.0,0.4,0.0,1.0,71,4,180,3019250,1359244,4,3,17583
ring,3,1048576,200000.0,0.4,0.0,1.0,71,4,181,2992333,1359244,4,3,35958
ring,3,1048576,200000.0,0.4,0.0,1.0,71,4,182,3066375,1359244,4,3,117083
ring,3,1048576,200000.0,0.4,0.0,1.0,71,4,183,3157875,1359244,4,3,77625
ring,3,1048576,200000.0,0.4,0.0,1.0,71,4,184,2979167,1359244,4,3,119917
ring,3,1048576,200000.0,0.4,0.0,1.0,71,4,185,2900625,1359244,4,3,81625
ring,3,1048576,200000.0,0.4,0.0,1.0,71,4,186,3095375,1359244,4,3,138500
ring,3,1048576,200000.0,0.4,0.0,1.0,71,4,187,3000959,1359244,4,3,31042
ring,3,1048576,200000.0,0.4,0.0,1.0,71,4,188,2932584,1359244,4,3,142167
ring,3,1048576,200000.0,0.4,0.0,1.0,71,4,189,2853667,1359244,4,3,32542
ring,3,1048576,200000.0,0.4,0.0,1.0,71,4,190,3016833,1359244,4,3,115458
ring,3,1048576,200000.0,0.4,0.0,1.0,71,4,191,2913708,1359244,4,3,241083
ring,3,1048576,200000.0,0.4,0.0,1.0,71,4,192,3011791,1359244,4,3,70082
ring,3,1048576,200000.0,0.4,0.0,1.0,71,4,193,2907584,1359244,4,3,192542
ring,3,1048576,200000.0,0.4,0.0,1.0,71,4,194,2925250,1359244,4,3,189000
ring,3,1048576,200000.0,0.4,0.0,1.0,71,4,195,3026583,1359244,4,3,103333
ring,3,1048576,200000.0,0.4,0.0,1.0,71,4,196,3093166,1359244,4,3,160333
ring,3,1048576,200000.0,0.4,0.0,1.0,71,4,197,2947750,1359244,4,3,22417
ring,3,1048576,200000.0,0.4,0.0,1.0,71,4,198,3005917,1359244,4,3,130917
ring,3,1048576,200000.0,0.4,0.0,1.0,71,4,199,2908458,1359244,4,3,114333
ring,3,1048576,200000.0,0.4,0.0,1.0,71,4,200,3001583,1359244,4,3,127916
ring,3,1048576,200000.0,0.4,0.0,1.0,71,4,201,3036166,1359244,4,3,144916
ring,3,1048576,200000.0,0.4,0.0,1.0,71,4,202,2943417,1359244,4,3,96751
ring,3,1048576,200000.0,0.4,0.0,1.0,71,4,203,3160917,1359244,4,3,121376
ring,3,1048576,200000.0,0.4,0.0,1.0,71,4,204,2917583,1359244,4,3,120916
ring,3,1048576,200000.0,0.4,0.0,1.0,71,4,205,3109458,1359244,4,3,198291
ring,3,1048576,200000.0,0.4,0.0,1.0,71,4,206,3031667,1359244,4,3,183125
ring,3,1048576,200000.0,0.4,0.0,1.0,71,4,207,2906583,1359244,4,3,164291
ring,3,1048576,200000.0,0.4,0.0,1.0,71,4,208,2965500,1359244,4,3,74750
ring,3,1048576,200000.0,0.4,0.0,1.0,71,4,209,2943500,1359244,4,3,224750
ring,3,1048576,200000.0,0.4,0.0,1.0,71,4,210,2910209,1359244,4,3,108875
ring,3,1048576,200000.0,0.4,0.0,1.0,71,4,211,3014042,1359244,4,3,196167
ring,3,1048576,200000.0,0.4,0.0,1.0,71,4,212,3200792,1359244,4,3,174584
ring,3,1048576,200000.0,0.4,0.0,1.0,71,4,213,3025584,1359244,4,3,112292
ring,3,1048576,200000.0,0.4,0.0,1.0,71,4,214,3155250,1359244,4,3,29750
ring,3,1048576,200000.0,0.4,0.0,1.0,71,4,215,3159791,1359244,4,3,151083
ring,3,1048576,200000.0,0.4,0.0,1.0,71,4,216,2992333,1359244,4,3,136083
ring,3,1048576,200000.0,0.4,0.0,1.0,71,4,217,3114083,1359244,4,3,194041
ring,3,1048576,200000.0,0.4,0.0,1.0,71,4,218,3150292,1359244,4,3,122209
ring,3,1048576,200000.0,0.4,0.0,1.0,71,4,219,3061834,1359244,4,3,61250
ring,3,1048576,200000.0,0.4,0.0,1.0,71,4,220,2979750,1359244,4,3,76416
ring,3,1048576,200000.0,0.4,0.0,1.0,71,4,221,3125083,1359244,4,3,219749
ring,3,1048576,200000.0,0.4,0.0,1.0,71,4,222,3077084,1359244,4,3,25834
ring,3,1048576,200000.0,0.4,0.0,1.0,71,4,223,3033083,1359244,4,3,50000
ring,3,1048576,200000.0,0.4,0.0,1.0,71,4,224,3040291,1359244,4,3,72249
ring,3,1048576,200000.0,0.4,0.0,1.0,71,4,225,3006292,1359244,4,3,103500
ring,3,1048576,200000.0,0.4,0.0,1.0,71,4,226,3097750,1359244,4,3,178375
ring,3,1048576,200000.0,0.4,0.0,1.0,71,4,227,3115875,1359244,4,3,141042
ring,3,1048576,200000.0,0.4,0.0,1.0,71,4,228,3021208,1359244,4,3,107874
ring,3,1048576,200000.0,0.4,0.0,1.0,71,4,229,3129083,1359244,4,3,198666
ring,3,1048576,200000.0,0.4,0.0,1.0,71,4,230,3249375,1359244,4,3,172167
ring,3,1048576,200000.0,0.4,0.0,1.0,71,4,231,3142625,1359244,4,3,167625
ring,3,1048576,200000.0,0.4,0.0,1.0,71,4,232,3175333,1359244,4,3,126458
ring,3,1048576,200000.0,0.4,0.0,1.0,71,4,233,3148917,1359244,4,3,65584
ring,3,1048576,200000.0,0.4,0.0,1.0,71,4,234,3156917,1359244,4,3,75958
ring,3,1048576,200000.0,0.4,0.0,1.0,71,4,235,3199334,1359244,4,3,121126
ring,3,1048576,200000.0,0.4,0.0,1.0,71,4,236,3229750,1359244,4,3,142209
ring,3,1048576,200000.0,0.4,0.0,1.0,71,4,237,3129542,1359244,4,3,145125
ring,3,1048576,200000.0,0.4,0.0,1.0,71,4,238,3098834,1359244,4,3,53918
ring,3,1048576,200000.0,0.4,0.0,1.0,71,4,239,3062667,1359244,4,3,113375
ring,3,1048576,200000.0,0.4,0.0,1.0,71,4,240,3112041,1359244,4,3,153875
ring,3,1048576,200000.0,0.4,0.0,1.0,71,4,241,3213083,1359244,4,3,31208
ring,3,1048576,200000.0,0.4,0.0,1.0,71,4,242,3119584,1359244,4,3,133001
ring,3,1048576,200000.0,0.4,0.0,1.0,71,4,243,3292333,1359244,4,3,110875
ring,3,1048576,200000.0,0.4,0.0,1.0,71,4,244,3137583,1359244,4,3,51416
ring,3,1048576,200000.0,0.4,0.0,1.0,71,4,245,3052000,1359244,4,3,17459
ring,3,1048576,200000.0,0.4,0.0,1.0,71,4,246,3696083,1359244,4,3,191791
ring,3,1048576,200000.0,0.4,0.0,1.0,71,4,247,3201791,1359244,4,3,143082
ring,3,1048576,200000.0,0.4,0.0,1.0,71,4,248,3186584,1359244,4,3,197001
ring,3,1048576,200000.0,0.4,0.0,1.0,71,4,249,3126083,1359244,4,3,74083
ps,3,1048576,200000.0,0.4,0.0,1.0,71,4,0,3024542,619430,1,3,598708
ps,3,1048576,200000.0,0.4,0.0,1.0,71,4,1,3096417,619430,1,3,679000
ps,3,1048576,200000.0,0.4,0.0,1.0,71,4,2,3033375,619430,1,3,614625
ps,3,1048576,200000.0,0.4,0.0,1.0,71,4,3,2967125,619430,1,3,623833
ps,3,1048576,200000.0,0.4,0.0,1.0,71,4,4,2951959,619430,1,3,600501
ps,3,1048576,200000.0,0.4,0.0,1.0,71,4,5,2948584,619430,1,3,627959
ps,3,1048576,200000.0,0.4,0.0,1.0,71,4,6,2947750,619430,1,3,636333
ps,3,1048576,200000.0,0.4,0.0,1.0,71,4,7,3112833,619430,1,3,573292
ps,3,1048576,200000.0,0.4,0.0,1.0,71,4,8,2986625,619430,1,3,622166
ps,3,1048576,200000.0,0.4,0.0,1.0,71,4,9,2985625,619430,1,3,645792
ps,3,1048576,200000.0,0.4,0.0,1.0,71,4,10,2996750,619430,1,3,587083
ps,3,1048576,200000.0,0.4,0.0,1.0,71,4,11,3294292,619430,1,3,482750
ps,3,1048576,200000.0,0.4,0.0,1.0,71,4,12,2993250,619430,1,3,645334
ps,3,1048576,200000.0,0.4,0.0,1.0,71,4,13,2927250,619430,1,3,634833
ps,3,1048576,200000.0,0.4,0.0,1.0,71,4,14,2983458,619430,1,3,654416
ps,3,1048576,200000.0,0.4,0.0,1.0,71,4,15,2947375,619430,1,3,604583
ps,3,1048576,200000.0,0.4,0.0,1.0,71,4,16,2947667,619430,1,3,639000
ps,3,1048576,200000.0,0.4,0.0,1.0,71,4,17,2943875,619430,1,3,627334
ps,3,1048576,200000.0,0.4,0.0,1.0,71,4,18,3022542,619430,1,3,674250
ps,3,1048576,200000.0,0.4,0.0,1.0,71,4,19,3632208,1238860,2,3,687875
ps,3,1048576,200000.0,0.4,0.0,1.0,71,4,20,3176834,619430,1,3,620584
ps,3,1048576,200000.0,0.4,0.0,1.0,71,4,21,2950292,619430,1,3,643209
ps,3,1048576,200000.0,0.4,0.0,1.0,71,4,22,2928083,619430,1,3,631166
ps,3,1048576,200000.0,0.4,0.0,1.0,71,4,23,3003500,619430,1,3,656333
ps,3,1048576,200000.0,0.4,0.0,1.0,71,4,24,2967208,619430,1,3,621208
ps,3,1048576,200000.0,0.4,0.0,1.0,71,4,25,2945417,619430,1,3,611251
ps,3,1048576,200000.0,0.4,0.0,1.0,71,4,26,2921833,619430,1,3,600791
ps,3,1048576,200000.0,0.4,0.0,1.0,71,4,27,3073000,619430,1,3,613791
ps,3,1048576,200000.0,0.4,0.0,1.0,71,4,28,3064875,619430,1,3,512625
ps,3,1048576,200000.0,0.4,0.0,1.0,71,4,29,3058375,619430,1,3,530333
ps,3,1048576,200000.0,0.4,0.0,1.0,71,4,30,3054417,619430,1,3,533875
ps,3,1048576,200000.0,0.4,0.0,1.0,71,4,31,3047000,619430,1,3,505542
ps,3,1048576,200000.0,0.4,0.0,1.0,71,4,32,3005958,619430,1,3,570666
ps,3,1048576,200000.0,0.4,0.0,1.0,71,4,33,3000125,619430,1,3,514333
ps,3,1048576,200000.0,0.4,0.0,1.0,71,4,34,3116875,619430,1,3,574459
ps,3,1048576,200000.0,0.4,0.0,1.0,71,4,35,3051875,619430,1,3,572750
ps,3,1048576,200000.0,0.4,0.0,1.0,71,4,36,2960167,619430,1,3,588459
ps,3,1048576,200000.0,0.4,0.0,1.0,71,4,37,2959709,619430,1,3,607084
ps,3,1048576,200000.0,0.4,0.0,1.0,71,4,38,2943417,619430,1,3,597292
ps,3,1048576,200000.0,0.4,0.0,1.0,71,4,39,2933084,619430,1,3,637542
ps,3,1048576,200000.0,0.4,0.0,1.0,71,4,40,2941292,619430,1,3,550250
ps,3,1048576,200000.0,0.4,0.0,1.0,71,4,41,2861417,619430,1,3,500417
ps,3,1048576,200000.0,0.4,0.0,1.0,71,4,42,3098750,619430,1,3,631208
ps,3,1048576,200000.0,0.4,0.0,1.0,71,4,43,3061000,619430,1,3,584541
ps,3,1048576,200000.0,0.4,0.0,1.0,71,4,44,3132708,619430,1,3,480708
ps,3,1048576,200000.0,0.4,0.0,1.0,71,4,45,3002084,619430,1,3,601626
ps,3,1048576,200000.0,0.4,0.0,1.0,71,4,46,3052584,619430,1,3,671500
ps,3,1048576,200000.0,0.4,0.0,1.0,71,4,47,3016000,619430,1,3,630459
ps,3,1048576,200000.0,0.4,0.0,1.0,71,4,48,2961000,619430,1,3,630291
ps,3,1048576,200000.0,0.4,0.0,1.0,71,4,49,2988917,619430,1,3,612084
ps,3,1048576,200000.0,0.4,0.0,1.0,71,4,50,3103459,619430,1,3,582501
ps,3,1048576,200000.0,0.4,0.0,1.0,71,4,51,3025250,619430,1,3,643584
ps,3,1048576,200000.0,0.4,0.0,1.0,71,4,52,3015625,619430,1,3,652292
ps,3,1048576,200000.0,0.4,0.0,1.0,71,4,53,2980542,619430,1,3,650334
ps,3,1048576,200000.0,0.4,0.0,1.0,71,4,54,2888042,619430,1,3,604375
ps,3,1048576,200000.0,0.4,0.0,1.0,71,4,55,2945291,619430,1,3,577499
ps,3,1048576,200000.0,0.4,0.0,1.0,71,4,56,2993833,619430,1,3,513625
ps,3,1048576,200000.0,0.4,0.0,1.0,71,4,57,2964209,619430,1,3,582292
ps,3,1048576,200000.0,0.4,0.0,1.0,71,4,58,3042083,619430,1,3,560708
ps,3,1048576,200000.0,0.4,0.0,1.0,71,4,59,2980041,619430,1,3,614125
ps,3,1048576,200000.0,0.4,0.0,1.0,71,4,60,2931333,619430,1,3,605666
ps,3,1048576,200000.0,0.4,0.0,1.0,71,4,61,2925500,619430,1,3,625792
ps,3,1048576,200000.0,0.4,0.0,1.0,71,4,62,2877500,619430,1,3,529125
ps,3,1048576,200000.0,0.4,0.0,1.0,71,4,63,3072083,619430,1,3,501750
ps,3,1048576,200000.0,0.4,0.0,1.0,71,4,64,3020208,619430,1,3,500333
ps,3,1048576,200000.0,0.4,0.0,1.0,71,4,65,3011500,619430,1,3,537209
ps,3,1048576,200000.0,0.4,0.0,1.0,71,4,66,2996542,619430,1,3,472501
ps,3,1048576,200000.0,0.4,0.0,1.0,71,4,67,2983666,619430,1,3,554749
ps,3,1048576,200000.0,0.4,0.0,1.0,71,4,68,2941333,619430,1,3,502416
ps,3,1048576,200000.0,0.4,0.0,1.0,71,4,69,3099292,619430,1,3,657126
ps,3,1048576,200000.0,0.4,0.0,1.0,71,4,70,2918084,619430,1,3,539793
ps,3,1048576,200000.0,0.4,0.0,1.0,71,4,71,2980208,619430,1,3,519417
ps,3,1048576,200000.0,0.4,0.0,1.0,71,4,72,3029250,619430,1,3,509292
ps,3,1048576,200000.0,0.4,0.0,1.0,71,4,73,3015000,619430,1,3,512708
ps,3,1048576,200000.0,0.4,0.0,1.0,71,4,74,3062375,619430,1,3,548791
ps,3,1048576,200000.0,0.4,0.0,1.0,71,4,75,2904583,619430,1,3,631749
ps,3,1048576,200000.0,0.4,0.0,1.0,71,4,76,2983209,619430,1,3,551084
ps,3,1048576,200000.0,0.4,0.0,1.0,71,4,77,2980542,619430,1,3,549583
ps,3,1048576,200000.0,0.4,0.0,1.0,71,4,78,2994667,619430,1,3,632834
ps,3,1048576,200000.0,0.4,0.0,1.0,71,4,79,3023959,619430,1,3,645376
ps,3,1048576,200000.0,0.4,0.0,1.0,71,4,80,2946958,619430,1,3,651750
ps,3,1048576,200000.0,0.4,0.0,1.0,71,4,81,2867958,619430,1,3,613042
ps,3,1048576,200000.0,0.4,0.0,1.0,71,4,82,2929792,619430,1,3,619042
ps,3,1048576,200000.0,0.4,0.0,1.0,71,4,83,2901542,619430,1,3,635167
ps,3,1048576,200000.0,0.4,0.0,1.0,71,4,84,3090292,619430,1,3,565625
ps,3,1048576,200000.0,0.4,0.0,1.0,71,4,85,2927208,619430,1,3,608625
ps,3,1048576,200000.0,0.4,0.0,1.0,71,4,86,3101375,619430,1,3,640250
ps,3,1048576,200000.0,0.4,0.0,1.0,71,4,87,2949958,619430,1,3,610416
ps,3,1048576,200000.0,0.4,0.0,1.0,71,4,88,3021583,619430,1,3,487875
ps,3,1048576,200000.0,0.4,0.0,1.0,71,4,89,2986334,619430,1,3,512834
ps,3,1048576,200000.0,0.4,0.0,1.0,71,4,90,3072875,619430,1,3,586375
ps,3,1048576,200000.0,0.4,0.0,1.0,71,4,91,2990458,619430,1,3,515541
ps,3,1048576,200000.0,0.4,0.0,1.0,71,4,92,3014500,619430,1,3,527166
ps,3,1048576,200000.0,0.4,0.0,1.0,71,4,93,2994708,619430,1,3,538958
ps,3,1048576,200000.0,0.4,0.0,1.0,71,4,94,2994750,619430,1,3,497916
ps,3,1048576,200000.0,0.4,0.0,1.0,71,4,95,3048458,619430,1,3,619333
ps,3,1048576,200000.0,0.4,0.0,1.0,71,4,96,3061166,619430,1,3,511916
ps,3,1048576,200000.0,0.4,0.0,1.0,71,4,97,3088583,619430,1,3,547375
ps,3,1048576,200000.0,0.4,0.0,1.0,71,4,98,3026125,619430,1,3,542292
ps,3,1048576,200000.0,0.4,0.0,1.0,71,4,99,3059458,619430,1,3,485916
ps,3,1048576,200000.0,0.4,0.0,1.0,71,4,100,3150959,619430,1,3,538584
ps,3,1048576,200000.0,0.4,0.0,1.0,71,4,101,2902875,619430,1,3,555875
ps,3,1048576,200000.0,0.4,0.0,1.0,71,4,102,3043834,619430,1,3,466918
ps,3,1048576,200000.0,0.4,0.0,1.0,71,4,103,3015125,619430,1,3,555917
ps,3,1048576,200000.0,0.4,0.0,1.0,71,4,104,3020208,619430,1,3,615333
ps,3,1048576,200000.0,0.4,0.0,1.0,71,4,105,2910333,619430,1,3,505708
ps,3,1048576,200000.0,0.4,0.0,1.0,71,4,106,2930583,619430,1,3,527499
ps,3,1048576,200000.0,0.4,0.0,1.0,71,4,107,2923667,619430,1,3,662167
ps,3,1048576,200000.0,0.4,0.0,1.0,71,4,108,3078500,619430,1,3,555834
ps,3,1048576,200000.0,0.4,0.0,1.0,71,4,109,3004459,619430,1,3,584376
ps,3,1048576,200000.0,0.4,0.0,1.0,71,4,110,2969667,619430,1,3,543833
ps,3,1048576,200000.0,0.4,0.0,1.0,71,4,111,3005542,619430,1,3,618708
ps,3,1048576,200000.0,0.4,0.0,1.0,71,4,112,2982500,619430,1,3,655417
ps,3,1048576,200000.0,0.4,0.0,1.0,71,4,113,3017166,619430,1,3,636791
ps,3,1048576,200000.0,0.4,0.0,1.0,71,4,114,2916000,619430,1,3,610250
ps,3,1048576,200000.0,0.4,0.0,1.0,71,4,115,2908875,619430,1,3,630750
ps,3,1048576,200000.0,0.4,0.0,1.0,71,4,116,2935917,619430,1,3,644083
ps,3,1048576,200000.0,0.4,0.0,1.0,71,4,117,2887416,619430,1,3,625791
ps,3,1048576,200000.0,0.4,0.0,1.0,71,4,118,2941709,619430,1,3,619793
ps,3,1048576,200000.0,0.4,0.0,1.0,71,4,119,3009041,619430,1,3,686791
ps,3,1048576,200000.0,0.4,0.0,1.0,71,4,120,2851292,619430,1,3,508584
ps,3,1048576,200000.0,0.4,0.0,1.0,71,4,121,3038708,619430,1,3,517125
ps,3,1048576,200000.0,0.4,0.0,1.0,71,4,122,3064625,619430,1,3,541334
ps,3,1048576,200000.0,0.4,0.0,1.0,71,4,123,3031167,619430,1,3,526417
ps,3,1048576,200000.0,0.4,0.0,1.0,71,4,124,3060583,619430,1,3,502750
ps,3,1048576,200000.0,0.4,0.0,1.0,71,4,125,3024750,619430,1,3,582750
ps,3,1048576,200000.0,0.4,0.0,1.0,71,4,126,2953791,619430,1,3,607791
ps,3,1048576,200000.0,0.4,0.0,1.0,71,4,127,2928750,619430,1,3,621792
ps,3,1048576,200000.0,0.4,0.0,1.0,71,4,128,2968250,619430,1,3,575959
ps,3,1048576,200000.0,0.4,0.0,1.0,71,4,129,2996875,619430,1,3,509917
ps,3,1048576,200000.0,0.4,0.0,1.0,71,4,130,3053958,619430,1,3,562375
ps,3,1048576,200000.0,0.4,0.0,1.0,71,4,131,3042625,619430,1,3,536667
ps,3,1048576,200000.0,0.4,0.0,1.0,71,4,132,2980958,619430,1,3,596999
ps,3,1048576,200000.0,0.4,0.0,1.0,71,4,133,3050208,619430,1,3,712999
ps,3,1048576,200000.0,0.4,0.0,1.0,71,4,134,2954625,619430,1,3,562167
ps,3,1048576,200000.0,0.4,0.0,1.0,71,4,135,2997459,619430,1,3,569667
ps,3,1048576,200000.0,0.4,0.0,1.0,71,4,136,3017125,619430,1,3,580125
ps,3,1048576,200000.0,0.4,0.0,1.0,71,4,137,3003292,619430,1,3,596667
ps,3,1048576,200000.0,0.4,0.0,1.0,71,4,138,3023250,619430,1,3,592500
ps,3,1048576,200000.0,0.4,0.0,1.0,71,4,139,2992708,619430,1,3,613333
ps,3,1048576,200000.0,0.4,0.0,1.0,71,4,140,2964250,619430,1,3,552459
ps,3,1048576,200000.0,0.4,0.0,1.0,71,4,141,2984208,619430,1,3,568833
ps,3,1048576,200000.0,0.4,0.0,1.0,71,4,142,2949500,619430,1,3,508792
ps,3,1048576,200000.0,0.4,0.0,1.0,71,4,143,3038000,619430,1,3,594625
ps,3,1048576,200000.0,0.4,0.0,1.0,71,4,144,2975458,619430,1,3,495208
ps,3,1048576,200000.0,0.4,0.0,1.0,71,4,145,2916500,619430,1,3,614500
ps,3,1048576,200000.0,0.4,0.0,1.0,71,4,146,3037333,619430,1,3,519874
ps,3,1048576,200000.0,0.4,0.0,1.0,71,4,147,2997417,619430,1,3,526084
ps,3,1048576,200000.0,0.4,0.0,1.0,71,4,148,2928125,619430,1,3,531125
ps,3,1048576,200000.0,0.4,0.0,1.0,71,4,149,3041667,619430,1,3,591542
ps,3,1048576,200000.0,0.4,0.0,1.0,71,4,150,2901084,619430,1,3,630876
ps,3,1048576,200000.0,0.4,0.0,1.0,71,4,151,3061875,619430,1,3,593625
ps,3,1048576,200000.0,0.4,0.0,1.0,71,4,152,3024250,619430,1,3,536792
ps,3,1048576,200000.0,0.4,0.0,1.0,71,4,153,2952709,619430,1,3,636418
ps,3,1048576,200000.0,0.4,0.0,1.0,71,4,154,3086792,619430,1,3,510209
ps,3,1048576,200000.0,0.4,0.0,1.0,71,4,155,3169625,619430,1,3,538750
ps,3,1048576,200000.0,0.4,0.0,1.0,71,4,156,3033542,619430,1,3,546709
ps,3,1048576,200000.0,0.4,0.0,1.0,71,4,157,3072875,619430,1,3,739167
ps,3,1048576,200000.0,0.4,0.0,1.0,71,4,158,3075792,619430,1,3,628625
ps,3,1048576,200000.0,0.4,0.0,1.0,71,4,159,2995167,619430,1,3,546542
ps,3,1048576,200000.0,0.4,0.0,1.0,71,4,160,2970583,619430,1,3,563333
ps,3,1048576,200000.0,0.4,0.0,1.0,71,4,161,2989083,619430,1,3,633874
ps,3,1048576,200000.0,0.4,0.0,1.0,71,4,162,2973875,619430,1,3,590542
ps,3,1048576,200000.0,0.4,0.0,1.0,71,4,163,2942584,619430,1,3,570459
ps,3,1048576,200000.0,0.4,0.0,1.0,71,4,164,3003375,619430,1,3,561833
ps,3,1048576,200000.0,0.4,0.0,1.0,71,4,165,3009000,619430,1,3,513458
ps,3,1048576,200000.0,0.4,0.0,1.0,71,4,166,2912834,619430,1,3,585626
ps,3,1048576,200000.0,0.4,0.0,1.0,71,4,167,2997875,619430,1,3,590083
ps,3,1048576,200000.0,0.4,0.0,1.0,71,4,168,2942208,619430,1,3,532791
ps,3,1048576,200000.0,0.4,0.0,1.0,71,4,169,3044167,619430,1,3,629750
ps,3,1048576,200000.0,0.4,0.0,1.0,71,4,170,2991417,619430,1,3,532334
ps,3,1048576,200000.0,0.4,0.0,1.0,71,4,171,2907166,619430,1,3,545916
ps,3,1048576,200000.0,0.4,0.0,1.0,71,4,172,2981417,619430,1,3,565000
ps,3,1048576,200000.0,0.4,0.0,1.0,71,4,173,3121875,619430,1,3,618125
ps,3,1048576,200000.0,0.4,0.0,1.0,71,4,174,2881542,619430,1,3,602084
ps,3,1048576,200000.0,0.4,0.0,1.0,71,4,175,2892750,619430,1,3,593917
ps,3,1048576,200000.0,0.4,0.0,1.0,71,4,176,3033417,619430,1,3,517000
ps,3,1048576,200000.0,0.4,0.0,1.0,71,4,177,3028833,619430,1,3,543791
ps,3,1048576,200000.0,0.4,0.0,1.0,71,4,178,3014042,619430,1,3,597167
ps,3,1048576,200000.0,0.4,0.0,1.0,71,4,179,3083125,619430,1,3,488000
ps,3,1048576,200000.0,0.4,0.0,1.0,71,4,180,3091625,619430,1,3,582375
ps,3,1048576,200000.0,0.4,0.0,1.0,71,4,181,2947750,619430,1,3,576916
ps,3,1048576,200000.0,0.4,0.0,1.0,71,4,182,2994625,619430,1,3,597958
ps,3,1048576,200000.0,0.4,0.0,1.0,71,4,183,3020250,619430,1,3,617792
ps,3,1048576,200000.0,0.4,0.0,1.0,71,4,184,2917000,619430,1,3,606916
ps,3,1048576,200000.0,0.4,0.0,1.0,71,4,185,2930875,619430,1,3,615083
ps,3,1048576,200000.0,0.4,0.0,1.0,71,4,186,2924542,619430,1,3,628459
ps,3,1048576,200000.0,0.4,0.0,1.0,71,4,187,2920709,619430,1,3,633251
ps,3,1048576,200000.0,0.4,0.0,1.0,71,4,188,2971625,619430,1,3,667833
ps,3,1048576,200000.0,0.4,0.0,1.0,71,4,189,2944833,619430,1,3,613833
ps,3,1048576,200000.0,0.4,0.0,1.0,71,4,190,2919958,619430,1,3,669958
ps,3,1048576,200000.0,0.4,0.0,1.0,71,4,191,2900917,619430,1,3,563126
ps,3,1048576,200000.0,0.4,0.0,1.0,71,4,192,2848625,619430,1,3,627709
ps,3,1048576,200000.0,0.4,0.0,1.0,71,4,193,2905125,619430,1,3,616750
ps,3,1048576,200000.0,0.4,0.0,1.0,71,4,194,2893916,619430,1,3,632291
ps,3,1048576,200000.0,0.4,0.0,1.0,71,4,195,2939875,619430,1,3,599500
ps,3,1048576,200000.0,0.4,0.0,1.0,71,4,196,2944083,619430,1,3,631541
ps,3,1048576,200000.0,0.4,0.0,1.0,71,4,197,2953500,619430,1,3,632792
ps,3,1048576,200000.0,0.4,0.0,1.0,71,4,198,2888417,619430,1,3,632792
ps,3,1048576,200000.0,0.4,0.0,1.0,71,4,199,2911125,619430,1,3,653833
ps,3,1048576,200000.0,0.4,0.0,1.0,71,4,200,2900667,619430,1,3,616834
ps,3,1048576,200000.0,0.4,0.0,1.0,71,4,201,2892041,619430,1,3,615791
ps,3,1048576,200000.0,0.4,0.0,1.0,71,4,202,2876875,619430,1,3,622083
ps,3,1048576,200000.0,0.4,0.0,1.0,71,4,203,2869333,619430,1,3,616708
ps,3,1048576,200000.0,0.4,0.0,1.0,71,4,204,2889583,619430,1,3,631958
ps,3,1048576,200000.0,0.4,0.0,1.0,71,4,205,2900500,619430,1,3,658584
ps,3,1048576,200000.0,0.4,0.0,1.0,71,4,206,2964542,619430,1,3,617875
ps,3,1048576,200000.0,0.4,0.0,1.0,71,4,207,2903792,619430,1,3,632334
ps,3,1048576,200000.0,0.4,0.0,1.0,71,4,208,2839792,619430,1,3,625042
ps,3,1048576,200000.0,0.4,0.0,1.0,71,4,209,2878042,619430,1,3,609334
ps,3,1048576,200000.0,0.4,0.0,1.0,71,4,210,2880292,619430,1,3,615417
ps,3,1048576,200000.0,0.4,0.0,1.0,71,4,211,2951958,619430,1,3,621583
ps,3,1048576,200000.0,0.4,0.0,1.0,71,4,212,2890166,619430,1,3,631832
ps,3,1048576,200000.0,0.4,0.0,1.0,71,4,213,2884583,619430,1,3,617166
ps,3,1048576,200000.0,0.4,0.0,1.0,71,4,214,2938834,619430,1,3,646084
ps,3,1048576,200000.0,0.4,0.0,1.0,71,4,215,2892500,619430,1,3,637875
ps,3,1048576,200000.0,0.4,0.0,1.0,71,4,216,2939333,619430,1,3,628374
ps,3,1048576,200000.0,0.4,0.0,1.0,71,4,217,2913291,619430,1,3,619416
ps,3,1048576,200000.0,0.4,0.0,1.0,71,4,218,2857667,619430,1,3,605625
ps,3,1048576,200000.0,0.4,0.0,1.0,71,4,219,2888958,619430,1,3,613333
ps,3,1048576,200000.0,0.4,0.0,1.0,71,4,220,2884208,619430,1,3,612166
ps,3,1048576,200000.0,0.4,0.0,1.0,71,4,221,2882750,619430,1,3,602375
ps,3,1048576,200000.0,0.4,0.0,1.0,71,4,222,2860959,619430,1,3,637001
ps,3,1048576,200000.0,0.4,0.0,1.0,71,4,223,2881375,619430,1,3,649792
ps,3,1048576,200000.0,0.4,0.0,1.0,71,4,224,2841583,619430,1,3,627250
ps,3,1048576,200000.0,0.4,0.0,1.0,71,4,225,2949625,619430,1,3,612458
ps,3,1048576,200000.0,0.4,0.0,1.0,71,4,226,3022375,619430,1,3,602709
ps,3,1048576,200000.0,0.4,0.0,1.0,71,4,227,2985208,619430,1,3,526791
ps,3,1048576,200000.0,0.4,0.0,1.0,71,4,228,3246125,619430,1,3,604417
ps,3,1048576,200000.0,0.4,0.0,1.0,71,4,229,3255208,619430,1,3,627583
ps,3,1048576,200000.0,0.4,0.0,1.0,71,4,230,3186875,619430,1,3,512875
ps,3,1048576,200000.0,0.4,0.0,1.0,71,4,231,2983000,619430,1,3,547333
ps,3,1048576,200000.0,0.4,0.0,1.0,71,4,232,3169959,619430,1,3,652876
ps,3,1048576,200000.0,0.4,0.0,1.0,71,4,233,3116417,619430,1,3,657000
ps,3,1048576,200000.0,0.4,0.0,1.0,71,4,234,3317167,619430,1,3,619208
ps,3,1048576,200000.0,0.4,0.0,1.0,71,4,235,3240125,619430,1,3,652417
ps,3,1048576,200000.0,0.4,0.0,1.0,71,4,236,3125833,619430,1,3,566375
ps,3,1048576,200000.0,0.4,0.0,1.0,71,4,237,3198666,619430,1,3,644249
ps,3,1048576,200000.0,0.4,0.0,1.0,71,4,238,3093625,619430,1,3,553333
ps,3,1048576,200000.0,0.4,0.0,1.0,71,4,239,3127042,619430,1,3,522667
ps,3,1048576,200000.0,0.4,0.0,1.0,71,4,240,3029833,619430,1,3,495833
ps,3,1048576,200000.0,0.4,0.0,1.0,71,4,241,3126584,619430,1,3,540209
ps,3,1048576,200000.0,0.4,0.0,1.0,71,4,242,3023291,619430,1,3,486708
ps,3,1048576,200000.0,0.4,0.0,1.0,71,4,243,3285583,619430,1,3,645583
ps,3,1048576,200000.0,0.4,0.0,1.0,71,4,244,3107834,619430,1,3,644792
ps,3,1048576,200000.0,0.4,0.0,1.0,71,4,245,3132416,619430,1,3,545624
ps,3,1048576,200000.0,0.4,0.0,1.0,71,4,246,3038667,619430,1,3,576084
ps,3,1048576,200000.0,0.4,0.0,1.0,71,4,247,3206792,619430,1,3,667625
ps,3,1048576,200000.0,0.4,0.0,1.0,71,4,248,3173583,619430,1,3,625250
ps,3,1048576,200000.0,0.4,0.0,1.0,71,4,249,3136958,619430,1,3,607416
ring,3,4194304,200000.0,0.4,0.0,1.0,71,5,0,7615084,3036964,4,3,512542
ring,3,4194304,200000.0,0.4,0.0,1.0,71,5,1,7679417,3036964,4,3,594792
ring,3,4194304,200000.0,0.4,0.0,1.0,71,5,2,6763458,3036964,4,3,347708
ring,3,4194304,200000.0,0.4,0.0,1.0,71,5,3,7732292,3036964,4,3,376792
ring,3,4194304,200000.0,0.4,0.0,1.0,71,5,4,6706166,3036964,4,3,232166
ring,3,4194304,200000.0,0.4,0.0,1.0,71,5,5,6832375,3036964,4,3,404166
ring,3,4194304,200000.0,0.4,0.0,1.0,71,5,6,6698625,3036964,4,3,303500
ring,3,4194304,200000.0,0.4,0.0,1.0,71,5,7,6770084,3036964,4,3,336793
ring,3,4194304,200000.0,0.4,0.0,1.0,71,5,8,6611542,3036964,4,3,346209
ring,3,4194304,200000.0,0.4,0.0,1.0,71,5,9,7001000,3036964,4,3,147291
ring,3,4194304,200000.0,0.4,0.0,1.0,71,5,10,6434000,3036964,4,3,283375
ring,3,4194304,200000.0,0.4,0.0,1.0,71,5,11,6500709,3036964,4,3,418584
ring,3,4194304,200000.0,0.4,0.0,1.0,71,5,12,6397500,3036964,4,3,291125
ring,3,4194304,200000.0,0.4,0.0,1.0,71,5,13,6446000,3036964,4,3,327458
ring,3,4194304,200000.0,0.4,0.0,1.0,71,5,14,6453917,3036964,4,3,378042
ring,3,4194304,200000.0,0.4,0.0,1.0,71,5,15,6399458,3036964,4,3,363542
ring,3,4194304,200000.0,0.4,0.0,1.0,71,5,16,6475375,3036964,4,3,306959
ring,3,4194304,200000.0,0.4,0.0,1.0,71,5,17,8345167,3036964,4,3,423000
ring,3,4194304,200000.0,0.4,0.0,1.0,71,5,18,7088917,3036964,4,3,425167
ring,3,4194304,200000.0,0.4,0.0,1.0,71,5,19,6592333,3036964,4,3,339375
ring,3,4194304,200000.0,0.4,0.0,1.0,71,5,20,6779417,3036964,4,3,330042
ring,3,4194304,200000.0,0.4,0.0,1.0,71,5,21,6724459,3036964,4,3,350459
ring,3,4194304,200000.0,0.4,0.0,1.0,71,5,22,6606417,3036964,4,3,255542
ring,3,4194304,200000.0,0.4,0.0,1.0,71,5,23,6539208,3036964,4,3,364042
ring,3,4194304,200000.0,0.4,0.0,1.0,71,5,24,6546833,3036964,4,3,312374
ring,3,4194304,200000.0,0.4,0.0,1.0,71,5,25,6663666,3036964,4,3,322458
ring,3,4194304,200000.0,0.4,0.0,1.0,71,5,26,7719167,3036964,4,3,383751
ring,3,4194304,200000.0,0.4,0.0,1.0,71,5,27,6842375,3036964,4,3,280333
ring,3,4194304,200000.0,0.4,0.0,1.0,71,5,28,6476875,3036964,4,3,349000
ring,3,4194304,200000.0,0.4,0.0,1.0,71,5,29,6839250,3036964,4,3,117666
ring,3,4194304,200000.0,0.4,0.0,1.0,71,5,30,6615708,3036964,4,3,339458
ring,3,4194304,200000.0,0.4,0.0,1.0,71,5,31,6726334,3036964,4,3,431709
ring,3,4194304,200000.0,0.4,0.0,1.0,71,5,32,6593708,3036964,4,3,255708
ring,3,4194304,200000.0,0.4,0.0,1.0,71,5,33,6529541,3036964,4,3,323291
ring,3,4194304,200000.0,0.4,0.0,1.0,71,5,34,6799000,3036964,4,3,403042
ring,3,4194304,200000.0,0.4,0.0,1.0,71,5,35,6718625,3036964,4,3,255417
ring,3,4194304,200000.0,0.4,0.0,1.0,71,5,36,6676083,3036964,4,3,384375
ring,3,4194304,200000.0,0.4,0.0,1.0,71,5,37,6675708,3036964,4,3,374916
ring,3,4194304,200000.0,0.4,0.0,1.0,71,5,38,6864750,3036964,4,3,278333
ring,3,4194304,200000.0,0.4,0.0,1.0,71,5,39,6729791,3036964,4,3,173208
ring,3,4194304,200000.0,0.4,0.0,1.0,71,5,40,6712250,3036964,4,3,354500
ring,3,4194304,200000.0,0.4,0.0,1.0,71,5,41,6650500,3036964,4,3,77542
ring,3,4194304,200000.0,0.4,0.0,1.0,71,5,42,6795917,3036964,4,3,344167
ring,3,4194304,200000.0,0.4,0.0,1.0,71,5,43,6559833,3036964,4,3,327291
ring,3,4194304,200000.0,0.4,0.0,1.0,71,5,44,6656083,3036964,4,3,408416
ring,3,4194304,200000.0,0.4,0.0,1.0,71,5,45,6737833,3036964,4,3,256583
ring,3,4194304,200000.0,0.4,0.0,1.0,71,5,46,6615625,3036964,4,3,241334
ring,3,4194304,200000.0,0.4,0.0,1.0,71,5,47,6603958,3036964,4,3,193833
ring,3,4194304,200000.0,0.4,0.0,1.0,71,5,48,6674917,3036964,4,3,359167
ring,3,4194304,200000.0,0.4,0.0,1.0,71,5,49,6713041,3036964,4,3,292582
ring,3,4194304,200000.0,0.4,0.0,1.0,71,5,50,6797334,3036964,4,3,440709
ring,3,4194304,200000.0,0.4,0.0,1.0,71,5,51,6707125,3036964,4,3,446917
ring,3,4194304,200000.0,0.4,0.0,1.0,71,5,52,6859167,3036964,4,3,333500
ring,3,4194304,200000.0,0.4,0.0,1.0,71,5,53,6858000,3036964,4,3,384584
ring,3,4194304,200000.0,0.4,0.0,1.0,71,5,54,6683167,3036964,4,3,359333
ring,3,4194304,200000.0,0.4,0.0,1.0,71,5,55,6682125,3036964,4,3,319625
ring,3,4194304,200000.0,0.4,0.0,1.0,71,5,56,6870333,3036964,4,3,343208
ring,3,4194304,200000.0,0.4,0.0,1.0,71,5,57,6656917,3036964,4,3,392500
ring,3,4194304,200000.0,0.4,0.0,1.0,71,5,58,6447292,3036964,4,3,325709
ring,3,4194304,200000.0,0.4,0.0,1.0,71,5,59,6787083,3036964,4,3,357958
ring,3,4194304,200000.0,0.4,0.0,1.0,71,5,60,6668042,3036964,4,3,362625
ring,3,4194304,200000.0,0.4,0.0,1.0,71,5,61,6798250,3036964,4,3,459333
ring,3,4194304,200000.0,0.4,0.0,1.0,71,5,62,7136417,3036964,4,3,325501
ring,3,4194304,200000.0,0.4,0.0,1.0,71,5,63,10310208,3036964,4,3,541458
ring,3,4194304,200000.0,0.4,0.0,1.0,71,5,64,7770250,3036964,4,3,330708
ring,3,4194304,200000.0,0.4,0.0,1.0,71,5,65,6602375,3036964,4,3,308500
ring,3,4194304,200000.0,0.4,0.0,1.0,71,5,66,6791250,3036964,4,3,134708
ring,3,4194304,200000.0,0.4,0.0,1.0,71,5,67,6587417,3036964,4,3,221376
ring,3,4194304,200000.0,0.4,0.0,1.0,71,5,68,6684000,3036964,4,3,333292
ring,3,4194304,200000.0,0.4,0.0,1.0,71,5,69,6535750,3036964,4,3,312167
ring,3,4194304,200000.0,0.4,0.0,1.0,71,5,70,6616791,3036964,4,3,286499
ring,3,4194304,200000.0,0.4,0.0,1.0,71,5,71,6572958,3036964,4,3,342458
ring,3,4194304,200000.0,0.4,0.0,1.0,71,5,72,6631083,3036964,4,3,336000
ring,3,4194304,200000.0,0.4,0.0,1.0,71,5,73,6381209,3036964,4,3,341167
ring,3,4194304,200000.0,0.4,0.0,1.0,71,5,74,6365208,3036964,4,3,251333
ring,3,4194304,200000.0,0.4,0.0,1.0,71,5,75,6696333,3036964,4,3,236541
ring,3,4194304,200000.0,0.4,0.0,1.0,71,5,76,6916834,3036964,4,3,435584
ring,3,4194304,200000.0,0.4,0.0,1.0,71,5,77,6619417,3036964,4,3,228667
ring,3,4194304,200000.0,0.4,0.0,1.0,71,5,78,6515459,3036964,4,3,300459
ring,3,4194304,200000.0,0.4,0.0,1.0,71,5,79,6636083,3036964,4,3,351500
ring,3,4194304,200000.0,0.4,0.0,1.0,71,5,80,6374625,3036964,4,3,349792
ring,3,4194304,200000.0,0.4,0.0,1.0,71,5,81,6583500,3036964,4,3,318291
ring,3,4194304,200000.0,0.4,0.0,1.0,71,5,82,6514584,3036964,4,3,331876
ring,3,4194304,200000.0,0.4,0.0,1.0,71,5,83,6439083,3036964,4,3,155124
ring,3,4194304,200000.0,0.4,0.0,1.0,71,5,84,6621584,3036964,4,3,382625
ring,3,4194304,200000.0,0.4,0.0,1.0,71,5,85,6567416,3036964,4,3,367541
ring,3,4194304,200000.0,0.4,0.0,1.0,71,5,86,6675500,3036964,4,3,385958
ring,3,4194304,200000.0,0.4,0.0,1.0,71,5,87,6429834,3036964,4,3,258750
ring,3,4194304,200000.0,0.4,0.0,1.0,71,5,88,6624583,3036964,4,3,319125
ring,3,4194304,200000.0,0.4,0.0,1.0,71,5,89,6553334,3036964,4,3,392043
ring,3,4194304,200000.0,0.4,0.0,1.0,71,5,90,6343041,3036964,4,3,247957
ring,3,4194304,200000.0,0.4,0.0,1.0,71,5,91,6589208,3036964,4,3,437166
ring,3,4194304,200000.0,0.4,0.0,1.0,71,5,92,6791583,3036964,4,3,475167
ring,3,4194304,200000.0,0.4,0.0,1.0,71,5,93,6499834,3036964,4,3,263167
ring,3,4194304,200000.0,0.4,0.0,1.0,71,5,94,6456709,3036964,4,3,255584
ring,3,4194304,200000.0,0.4,0.0,1.0,71,5,95,6398167,3036964,4,3,322000
ring,3,4194304,200000.0,0.4,0.0,1.0,71,5,96,6474125,3036964,4,3,315125
ring,3,4194304,200000.0,0.4,0.0,1.0,71,5,97,6640000,3036964,4,3,375583
ring,3,4194304,200000.0,0.4,0.0,1.0,71,5,98,6494042,3036964,4,3,362125
ring,3,4194304,200000.0,0.4,0.0,1.0,71,5,99,6743750,3036964,4,3,52125
ring,3,4194304,200000.0,0.4,0.0,1.0,71,5,100,6841333,3036964,4,3,477499
ring,3,4194304,200000.0,0.4,0.0,1.0,71,5,101,6454875,3036964,4,3,364792
ring,3,4194304,200000.0,0.4,0.0,1.0,71,5,102,6582500,3036964,4,3,288583
ring,3,4194304,200000.0,0.4,0.0,1.0,71,5,103,6471375,3036964,4,3,281042
ring,3,4194304,200000.0,0.4,0.0,1.0,71,5,104,6525625,3036964,4,3,380750
ring,3,4194304,200000.0,0.4,0.0,1.0,71,5,105,6782542,3036964,4,3,348417
ring,3,4194304,200000.0,0.4,0.0,1.0,71,5,106,6649417,3036964,4,3,241584
ring,3,4194304,200000.0,0.4,0.0,1.0,71,5,107,6532458,3036964,4,3,221917
ring,3,4194304,200000.0,0.4,0.0,1.0,71,5,108,6359917,3036964,4,3,281917
ring,3,4194304,200000.0,0.4,0.0,1.0,71,5,109,6372125,3036964,4,3,281041
ring,3,4194304,200000.0,0.4,0.0,1.0,71,5,110,6605958,3036964,4,3,325250
ring,3,4194304,200000.0,0.4,0.0,1.0,71,5,111,6404042,3036964,4,3,355875
ring,3,4194304,200000.0,0.4,0.0,1.0,71,5,112,7378083,3036964,4,3,503541
ring,3,4194304,200000.0,0.4,0.0,1.0,71,5,113,7266167,3036964,4,3,234001
ring,3,4194304,200000.0,0.4,0.0,1.0,71,5,114,6743417,3036964,4,3,92709
ring,3,4194304,200000.0,0.4,0.0,1.0,71,5,115,6428584,3036964,4,3,400793
ring,3,4194304,200000.0,0.4,0.0,1.0,71,5,116,6600500,3036964,4,3,365917
ring,3,4194304,200000.0,0.4,0.0,1.0,71,5,117,6861167,3036964,4,3,345709
ring,3,4194304,200000.0,0.4,0.0,1.0,71,5,118,6681250,3036964,4,3,169583
ring,3,4194304,200000.0,0.4,0.0,1.0,71,5,119,7108084,3036964,4,3,281709
ring,3,4194304,200000.0,0.4,0.0,1.0,71,5,120,6798334,3036964,4,3,440251
ring,3,4194304,200000.0,0.4,0.0,1.0,71,5,121,6756083,3036964,4,3,278542
ring,3,4194304,200000.0,0.4,0.0,1.0,71,5,122,6672708,3036964,4,3,349083
ring,3,4194304,200000.0,0.4,0.0,1.0,71,5,123,6699583,3036964,4,3,331083
ring,3,4194304,200000.0,0.4,0.0,1.0,71,5,124,6574750,3036964,4,3,385542
ring,3,4194304,200000.0,0.4,0.0,1.0,71,5,125,6840209,3036964,4,3,300084
ring,3,4194304,200000.0,0.4,0.0,1.0,71,5,126,6759667,3036964,4,3,356584
ring,3,4194304,200000.0,0.4,0.0,1.0,71,5,127,7006333,3036964,4,3,441708
ring,3,4194304,200000.0,0.4,0.0,1.0,71,5,128,6840917,3036964,4,3,458250
ring,3,4194304,200000.0,0.4,0.0,1.0,71,5,129,6889208,3036964,4,3,432625
ring,3,4194304,200000.0,0.4,0.0,1.0,71,5,130,6630917,3036964,4,3,211792
ring,3,4194304,200000.0,0.4,0.0,1.0,71,5,131,6935292,3036964,4,3,352625
ring,3,4194304,200000.0,0.4,0.0,1.0,71,5,132,7188125,3036964,4,3,389750
ring,3,4194304,200000.0,0.4,0.0,1.0,71,5,133,7134167,3036964,4,3,430500
ring,3,4194304,200000.0,0.4,0.0,1.0,71,5,134,6896250,3036964,4,3,267583
ring,3,4194304,200000.0,0.4,0.0,1.0,71,5,135,7000584,3036964,4,3,283459
ring,3,4194304,200000.0,0.4,0.0,1.0,71,5,136,6991666,3036964,4,3,262833
ring,3,4194304,200000.0,0.4,0.0,1.0,71,5,137,7261625,3036964,4,3,294042
ring,3,4194304,200000.0,0.4,0.0,1.0,71,5,138,12934959,3036964,4,3,896834
ring,3,4194304,200000.0,0.4,0.0,1.0,71,5,139,14674792,3036964,4,3,786125
ring,3,4194304,200000.0,0.4,0.0,1.0,71,5,140,9556416,3036964,4,3,932291
ring,3,4194304,200000.0,0.4,0.0,1.0,71,5,141,10133792,3036964,4,3,1406542
ring,3,4194304,200000.0,0.4,0.0,1.0,71,5,142,9671209,3036964,4,3,426167
ring,3,4194304,200000.0,0.4,0.0,1.0,71,5,143,23044750,3036964,4,3,870500
ring,3,4194304,200000.0,0.4,0.0,1.0,71,5,144,10694541,3036964,4,3,883707
ring,3,4194304,200000.0,0.4,0.0,1.0,71,5,145,9103750,3036964,4,3,433666
ring,3,4194304,200000.0,0.4,0.0,1.0,71,5,146,11713958,3036964,4,3,1814083
ring,3,4194304,200000.0,0.4,0.0,1.0,71,5,147,19112458,3036964,4,3,597792
ring,3,4194304,200000.0,0.4,0.0,1.0,71,5,148,6749667,3036964,4,3,182958
ring,3,4194304,200000.0,0.4,0.0,1.0,71,5,149,7232500,3036964,4,3,205000
ring,3,4194304,200000.0,0.4,0.0,1.0,71,5,150,7995875,3036964,4,3,332708
ring,3,4194304,200000.0,0.4,0.0,1.0,71,5,151,6997500,3036964,4,3,300917
ring,3,4194304,200000.0,0.4,0.0,1.0,71,5,152,8596500,3036964,4,3,231125
ring,3,4194304,200000.0,0.4,0.0,1.0,71,5,153,8369667,3036964,4,3,347209
ring,3,4194304,200000.0,0.4,0.0,1.0,71,5,154,6795250,3036964,4,3,291917
ring,3,4194304,200000.0,0.4,0.0,1.0,71,5,155,6657041,3036964,4,3,325791
ring,3,4194304,200000.0,0.4,0.0,1.0,71,5,156,6654958,3036964,4,3,224666
ring,3,4194304,200000.0,0.4,0.0,1.0,71,5,157,7258375,3036964,4,3,512459
ring,3,4194304,200000.0,0.4,0.0,1.0,71,5,158,6997125,3036964,4,3,286916
ring,3,4194304,200000.0,0.4,0.0,1.0,71,5,159,6870584,3036964,4,3,321251
ring,3,4194304,200000.0,0.4,0.0,1.0,71,5,160,7238500,3036964,4,3,380584
ring,3,4194304,200000.0,0.4,0.0,1.0,71,5,161,6888209,3036964,4,3,340209
ring,3,4194304,200000.0,0.4,0.0,1.0,71,5,162,6760209,3036964,4,3,450168
ring,3,4194304,200000.0,0.4,0.0,1.0,71,5,163,6894000,3036964,4,3,482500
ring,3,4194304,200000.0,0.4,0.0,1.0,71,5,164,6968875,3036964,4,3,321000
ring,3,4194304,200000.0,0.4,0.0,1.0,71,5,165,7839000,3036964,4,3,667333
ring,3,4194304,200000.0,0.4,0.0,1.0,71,5,166,6989083,3036964,4,3,358041
ring,3,4194304,200000.0,0.4,0.0,1.0,71,5,167,6862833,3036964,4,3,542667
ring,3,4194304,200000.0,0.4,0.0,1.0,71,5,168,6887958,3036964,4,3,305916
ring,3,4194304,200000.0,0.4,0.0,1.0,71,5,169,6816917,3036964,4,3,410542
ring,3,4194304,200000.0,0.4,0.0,1.0,71,5,170,6737625,3036964,4,3,255334
ring,3,4194304,200000.0,0.4,0.0,1.0,71,5,171,6990583,3036964,4,3,323000
ring,3,4194304,200000.0,0.4,0.0,1.0,71,5,172,6894250,3036964,4,3,378167
ring,3,4194304,200000.0,0.4,0.0,1.0,71,5,173,6763375,3036964,4,3,318292
ring,3,4194304,200000.0,0.4,0.0,1.0,71,5,174,6772167,3036964,4,3,273458
ring,3,4194304,200000.0,0.4,0.0,1.0,71,5,175,6614667,3036964,4,3,316625
ring,3,4194304,200000.0,0.4,0.0,1.0,71,5,176,6809250,3036964,4,3,477000
ring,3,4194304,200000.0,0.4,0.0,1.0,71,5,177,6744125,3036964,4,3,345875
ring,3,4194304,200000.0,0.4,0.0,1.0,71,5,178,6623708,3036964,4,3,402500
ring,3,4194304,200000.0,0.4,0.0,1.0,71,5,179,6836458,3036964,4,3,264583
ring,3,4194304,200000.0,0.4,0.0,1.0,71,5,180,6985750,3036964,4,3,218125
ring,3,4194304,200000.0,0.4,0.0,1.0,71,5,181,6670000,3036964,4,3,145750
ring,3,4194304,200000.0,0.4,0.0,1.0,71,5,182,6878083,3036964,4,3,435625
ring,3,4194304,200000.0,0.4,0.0,1.0,71,5,183,6860875,3036964,4,3,194084
ring,3,4194304,200000.0,0.4,0.0,1.0,71,5,184,6778250,3036964,4,3,372500
ring,3,4194304,200000.0,0.4,0.0,1.0,71,5,185,6954208,3036964,4,3,240583
ring,3,4194304,200000.0,0.4,0.0,1.0,71,5,186,6839916,3036964,4,3,385416
ring,3,4194304,200000.0,0.4,0.0,1.0,71,5,187,6696958,3036964,4,3,354083
ring,3,4194304,200000.0,0.4,0.0,1.0,71,5,188,6817125,3036964,4,3,395000
ring,3,4194304,200000.0,0.4,0.0,1.0,71,5,189,6673084,3036964,4,3,286250
ring,3,4194304,200000.0,0.4,0.0,1.0,71,5,190,6897584,3036964,4,3,490709
ring,3,4194304,200000.0,0.4,0.0,1.0,71,5,191,6776667,3036964,4,3,403125
ring,3,4194304,200000.0,0.4,0.0,1.0,71,5,192,6792833,3036964,4,3,199499
ring,3,4194304,200000.0,0.4,0.0,1.0,71,5,193,6559042,3036964,4,3,254875
ring,3,4194304,200000.0,0.4,0.0,1.0,71,5,194,7055958,3036964,4,3,274042
ring,3,4194304,200000.0,0.4,0.0,1.0,71,5,195,6838000,3036964,4,3,416958
ring,3,4194304,200000.0,0.4,0.0,1.0,71,5,196,6858333,3036964,4,3,84208
ring,3,4194304,200000.0,0.4,0.0,1.0,71,5,197,7469292,3036964,4,3,308375
ring,3,4194304,200000.0,0.4,0.0,1.0,71,5,198,6978458,3036964,4,3,238416
ring,3,4194304,200000.0,0.4,0.0,1.0,71,5,199,7100666,3036964,4,3,274832
ring,3,4194304,200000.0,0.4,0.0,1.0,71,5,200,7248750,3036964,4,3,281125
ring,3,4194304,200000.0,0.4,0.0,1.0,71,5,201,7330416,3036964,4,3,555041
ring,3,4194304,200000.0,0.4,0.0,1.0,71,5,202,7372958,3036964,4,3,427000
ring,3,4194304,200000.0,0.4,0.0,1.0,71,5,203,7159125,3036964,4,3,527625
ring,3,4194304,200000.0,0.4,0.0,1.0,71,5,204,6830708,3036964,4,3,241833
ring,3,4194304,200000.0,0.4,0.0,1.0,71,5,205,6852167,3036964,4,3,296084
ring,3,4194304,200000.0,0.4,0.0,1.0,71,5,206,6784042,3036964,4,3,274125
ring,3,4194304,200000.0,0.4,0.0,1.0,71,5,207,6997917,3036964,4,3,294750
ring,3,4194304,200000.0,0.4,0.0,1.0,71,5,208,6975167,3036964,4,3,58167
ring,3,4194304,200000.0,0.4,0.0,1.0,71,5,209,6826000,3036964,4,3,97083
ring,3,4194304,200000.0,0.4,0.0,1.0,71,5,210,7070500,3036964,4,3,410500
ring,3,4194304,200000.0,0.4,0.0,1.0,71,5,211,6922084,3036964,4,3,362793
ring,3,4194304,200000.0,0.4,0.0,1.0,71,5,212,6695500,3036964,4,3,200709
ring,3,4194304,200000.0,0.4,0.0,1.0,71,5,213,6646500,3036964,4,3,222583
ring,3,4194304,200000.0,0.4,0.0,1.0,71,5,214,6731458,3036964,4,3,451208
ring,3,4194304,200000.0,0.4,0.0,1.0,71,5,215,6897833,3036964,4,3,362625
ring,3,4194304,200000.0,0.4,0.0,1.0,71,5,216,6961542,3036964,4,3,474625
ring,3,4194304,200000.0,0.4,0.0,1.0,71,5,217,6679291,3036964,4,3,326541
ring,3,4194304,200000.0,0.4,0.0,1.0,71,5,218,6841041,3036964,4,3,79333
ring,3,4194304,200000.0,0.4,0.0,1.0,71,5,219,6879042,3036964,4,3,261042
ring,3,4194304,200000.0,0.4,0.0,1.0,71,5,220,6741292,3036964,4,3,383917
ring,3,4194304,200000.0,0.4,0.0,1.0,71,5,221,6877708,3036964,4,3,232375
ring,3,4194304,200000.0,0.4,0.0,1.0,71,5,222,6848917,3036964,4,3,289042
ring,3,4194304,200000.0,0.4,0.0,1.0,71,5,223,6713625,3036964,4,3,396042
ring,3,4194304,200000.0,0.4,0.0,1.0,71,5,224,6953458,3036964,4,3,43667
ring,3,4194304,200000.0,0.4,0.0,1.0,71,5,225,6684666,3036964,4,3,394249
ring,3,4194304,200000.0,0.4,0.0,1.0,71,5,226,7358833,3036964,4,3,285458
ring,3,4194304,200000.0,0.4,0.0,1.0,71,5,227,6960041,3036964,4,3,220916
ring,3,4194304,200000.0,0.4,0.0,1.0,71,5,228,7402875,3036964,4,3,431291
ring,3,4194304,200000.0,0.4,0.0,1.0,71,5,229,6714959,3036964,4,3,298834
ring,3,4194304,200000.0,0.4,0.0,1.0,71,5,230,6624625,3036964,4,3,390917
ring,3,4194304,200000.0,0.4,0.0,1.0,71,5,231,6826667,3036964,4,3,338667
ring,3,4194304,200000.0,0.4,0.0,1.0,71,5,232,6606667,3036964,4,3,289458
ring,3,4194304,200000.0,0.4,0.0,1.0,71,5,233,6852334,3036964,4,3,524875
ring,3,4194304,200000.0,0.4,0.0,1.0,71,5,234,6782083,3036964,4,3,395500
ring,3,4194304,200000.0,0.4,0.0,1.0,71,5,235,6800375,3036964,4,3,400416
ring,3,4194304,200000.0,0.4,0.0,1.0,71,5,236,6904291,3036964,4,3,182583
ring,3,4194304,200000.0,0.4,0.0,1.0,71,5,237,6972250,3036964,4,3,305125
ring,3,4194304,200000.0,0.4,0.0,1.0,71,5,238,7008792,3036964,4,3,244583
ring,3,4194304,200000.0,0.4,0.0,1.0,71,5,239,6899208,3036964,4,3,210666
ring,3,4194304,200000.0,0.4,0.0,1.0,71,5,240,7040334,3036964,4,3,578709
ring,3,4194304,200000.0,0.4,0.0,1.0,71,5,241,6975541,3036964,4,3,191416
ring,3,4194304,200000.0,0.4,0.0,1.0,71,5,242,7150541,3036964,4,3,274541
ring,3,4194304,200000.0,0.4,0.0,1.0,71,5,243,7212292,3036964,4,3,497458
ring,3,4194304,200000.0,0.4,0.0,1.0,71,5,244,6771250,3036964,4,3,345041
ring,3,4194304,200000.0,0.4,0.0,1.0,71,5,245,6851542,3036964,4,3,305708
ring,3,4194304,200000.0,0.4,0.0,1.0,71,5,246,6981875,3036964,4,3,401875
ring,3,4194304,200000.0,0.4,0.0,1.0,71,5,247,6739875,3036964,4,3,409792
ring,3,4194304,200000.0,0.4,0.0,1.0,71,5,248,6691083,3036964,4,3,79500
ring,3,4194304,200000.0,0.4,0.0,1.0,71,5,249,8596000,3036964,4,3,351750
ps,3,4194304,200000.0,0.4,0.0,1.0,71,5,0,11020583,1877721,1,3,2300083
ps,3,4194304,200000.0,0.4,0.0,1.0,71,5,1,9820125,1877721,1,3,1094458
ps,3,4194304,200000.0,0.4,0.0,1.0,71,5,2,11563792,3755442,2,3,1727667
ps,3,4194304,200000.0,0.4,0.0,1.0,71,5,3,12209125,1877721,1,3,1190584
ps,3,4194304,200000.0,0.4,0.0,1.0,71,5,4,10762000,1877721,1,3,1753708
ps,3,4194304,200000.0,0.4,0.0,1.0,71,5,5,9389541,1877721,1,3,1703541
ps,3,4194304,200000.0,0.4,0.0,1.0,71,5,6,10528667,1877721,1,3,1314292
ps,3,4194304,200000.0,0.4,0.0,1.0,71,5,7,10967875,3755442,2,3,1537959
ps,3,4194304,200000.0,0.4,0.0,1.0,71,5,8,9218916,1877721,1,3,1736957
ps,3,4194304,200000.0,0.4,0.0,1.0,71,5,9,9198917,1877721,1,3,1474625
ps,3,4194304,200000.0,0.4,0.0,1.0,71,5,10,9267708,1877721,1,3,1676749
ps,3,4194304,200000.0,0.4,0.0,1.0,71,5,11,8960500,1877721,1,3,1799708
ps,3,4194304,200000.0,0.4,0.0,1.0,71,5,12,8907500,1877721,1,3,1712917
ps,3,4194304,200000.0,0.4,0.0,1.0,71,5,13,8728709,1877721,1,3,1958167
ps,3,4194304,200000.0,0.4,0.0,1.0,71,5,14,8991000,1877721,1,3,1535250
ps,3,4194304,200000.0,0.4,0.0,1.0,71,5,15,9234125,1877721,1,3,1973833
ps,3,4194304,200000.0,0.4,0.0,1.0,71,5,16,9364375,1877721,1,3,2065000
ps,3,4194304,200000.0,0.4,0.0,1.0,71,5,17,9133000,1877721,1,3,1561125
ps,3,4194304,200000.0,0.4,0.0,1.0,71,5,18,9559000,1877721,1,3,1968166
ps,3,4194304,200000.0,0.4,0.0,1.0,71,5,19,8921584,1877721,1,3,1481042
ps,3,4194304,200000.0,0.4,0.0,1.0,71,5,20,9040459,1877721,1,3,1547584
ps,3,4194304,200000.0,0.4,0.0,1.0,71,5,21,8893166,1877721,1,3,2052541
ps,3,4194304,200000.0,0.4,0.0,1.0,71,5,22,8844208,1877721,1,3,1583583
ps,3,4194304,200000.0,0.4,0.0,1.0,71,5,23,8898417,1877721,1,3,1785209
ps,3,4194304,200000.0,0.4,0.0,1.0,71,5,24,9051542,1877721,1,3,1926167
ps,3,4194304,200000.0,0.4,0.0,1.0,71,5,25,8782458,1877721,1,3,1947791
ps,3,4194304,200000.0,0.4,0.0,1.0,71,5,26,8709875,1877721,1,3,1883583
ps,3,4194304,200000.0,0.4,0.0,1.0,71,5,27,8880500,1877721,1,3,1817083
ps,3,4194304,200000.0,0.4,0.0,1.0,71,5,28,8818042,1877721,1,3,1949167
ps,3,4194304,200000.0,0.4,0.0,1.0,71,5,29,9321125,1877721,1,3,2041750
ps,3,4194304,200000.0,0.4,0.0,1.0,71,5,30,8963791,1877721,1,3,1689000
ps,3,4194304,200000.0,0.4,0.0,1.0,71,5,31,9209167,1877721,1,3,1427042
ps,3,4194304,200000.0,0.4,0.0,1.0,71,5,32,8914792,1877721,1,3,1910875
ps,3,4194304,200000.0,0.4,0.0,1.0,71,5,33,8875417,1877721,1,3,2025709
ps,3,4194304,200000.0,0.4,0.0,1.0,71,5,34,8748750,1877721,1,3,1768125
ps,3,4194304,200000.0,0.4,0.0,1.0,71,5,35,8777209,1877721,1,3,1720875
ps,3,4194304,200000.0,0.4,0.0,1.0,71,5,36,8884917,1877721,1,3,1792626
ps,3,4194304,200000.0,0.4,0.0,1.0,71,5,37,8910666,1877721,1,3,1934999
ps,3,4194304,200000.0,0.4,0.0,1.0,71,5,38,8820334,1877721,1,3,1738459
ps,3,4194304,200000.0,0.4,0.0,1.0,71,5,39,8794041,1877721,1,3,1903832
ps,3,4194304,200000.0,0.4,0.0,1.0,71,5,40,9274834,1877721,1,3,2064167
ps,3,4194304,200000.0,0.4,0.0,1.0,71,5,41,8921333,1877721,1,3,1795917
ps,3,4194304,200000.0,0.4,0.0,1.0,71,5,42,8577834,1877721,1,3,1836709
ps,3,4194304,200000.0,0.4,0.0,1.0,71,5,43,8894958,1877721,1,3,2135250
ps,3,4194304,200000.0,0.4,0.0,1.0,71,5,44,8831375,1877721,1,3,2102833
ps,3,4194304,200000.0,0.4,0.0,1.0,71,5,45,8933167,1877721,1,3,2025500
ps,3,4194304,200000.0,0.4,0.0,1.0,71,5,46,8889292,1877721,1,3,1933209
ps,3,4194304,200000.0,0.4,0.0,1.0,71,5,47,8883542,1877721,1,3,1883834
ps,3,4194304,200000.0,0.4,0.0,1.0,71,5,48,8854750,1877721,1,3,1927833
ps,3,4194304,200000.0,0.4,0.0,1.0,71,5,49,9243125,1877721,1,3,2069541
ps,3,4194304,200000.0,0.4,0.0,1.0,71,5,50,8885041,1877721,1,3,1847749
ps,3,4194304,200000.0,0.4,0.0,1.0,71,5,51,8735833,1877721,1,3,1874042
ps,3,4194304,200000.0,0.4,0.0,1.0,71,5,52,9439541,1877721,1,3,1997958
ps,3,4194304,200000.0,0.4,0.0,1.0,71,5,53,8878500,1877721,1,3,1571292
ps,3,4194304,200000.0,0.4,0.0,1.0,71,5,54,9350041,1877721,1,3,2042041
ps,3,4194304,200000.0,0.4,0.0,1.0,71,5,55,8890333,1877721,1,3,1606833
ps,3,4194304,200000.0,0.4,0.0,1.0,71,5,56,8688750,1877721,1,3,1984291
ps,3,4194304,200000.0,0.4,0.0,1.0,71,5,57,8911042,1877721,1,3,1759084
ps,3,4194304,200000.0,0.4,0.0,1.0,71,5,58,9255208,1877721,1,3,1998125
ps,3,4194304,200000.0,0.4,0.0,1.0,71,5,59,9166958,1877721,1,3,2073374
ps,3,4194304,200000.0,0.4,0.0,1.0,71,5,60,9167708,1877721,1,3,1873083
ps,3,4194304,200000.0,0.4,0.0,1.0,71,5,61,8693000,1877721,1,3,1984584
ps,3,4194304,200000.0,0.4,0.0,1.0,71,5,62,10012708,1877721,1,3,1959124
ps,3,4194304,200000.0,0.4,0.0,1.0,71,5,63,9014375,1877721,1,3,2123791
ps,3,4194304,200000.0,0.4,0.0,1.0,71,5,64,9004333,1877721,1,3,2061792
ps,3,4194304,200000.0,0.4,0.0,1.0,71,5,65,10499166,1877721,1,3,1485541
ps,3,4194304,200000.0,0.4,0.0,1.0,71,5,66,9916416,1877721,1,3,1863458
ps,3,4194304,200000.0,0.4,0.0,1.0,71,5,67,8892459,1877721,1,3,1534084
ps,3,4194304,200000.0,0.4,0.0,1.0,71,5,68,9565292,1877721,1,3,2025792
ps,3,4194304,200000.0,0.4,0.0,1.0,71,5,69,8913708,1877721,1,3,1449375
ps,3,4194304,200000.0,0.4,0.0,1.0,71,5,70,8662875,1877721,1,3,1486042
ps,3,4194304,200000.0,0.4,0.0,1.0,71,5,71,8732708,1877721,1,3,1972542
ps,3,4194304,200000.0,0.4,0.0,1.0,71,5,72,8907708,1877721,1,3,1709791
ps,3,4194304,200000.0,0.4,0.0,1.0,71,5,73,9079625,1877721,1,3,1890167
ps,3,4194304,200000.0,0.4,0.0,1.0,71,5,74,8775583,1877721,1,3,1874458
ps,3,4194304,200000.0,0.4,0.0,1.0,71,5,75,9172917,1877721,1,3,1924875
ps,3,4194304,200000.0,0.4,0.0,1.0,71,5,76,11055042,3755442,2,3,3088126
ps,3,4194304,200000.0,0.4,0.0,1.0,71,5,77,9218250,1877721,1,3,2134459
ps,3,4194304,200000.0,0.4,0.0,1.0,71,5,78,8716541,1877721,1,3,1862125
ps,3,4194304,200000.0,0.4,0.0,1.0,71,5,79,8718667,1877721,1,3,1854834
ps,3,4194304,200000.0,0.4,0.0,1.0,71,5,80,9234083,1877721,1,3,1892291
ps,3,4194304,200000.0,0.4,0.0,1.0,71,5,81,11441667,1877721,1,3,2868167
ps,3,4194304,200000.0,0.4,0.0,1.0,71,5,82,10650083,1877721,1,3,1949958
ps,3,4194304,200000.0,0.4,0.0,1.0,71,5,83,9267542,1877721,1,3,1948626
ps,3,4194304,200000.0,0.4,0.0,1.0,71,5,84,9304167,1877721,1,3,1994084
ps,3,4194304,200000.0,0.4,0.0,1.0,71,5,85,9282791,1877721,1,3,1754208
ps,3,4194304,200000.0,0.4,0.0,1.0,71,5,86,9100042,1877721,1,3,1667459
ps,3,4194304,200000.0,0.4,0.0,1.0,71,5,87,9206834,1877721,1,3,1778876
ps,3,4194304,200000.0,0.4,0.0,1.0,71,5,88,8832375,1877721,1,3,1979500
ps,3,4194304,200000.0,0.4,0.0,1.0,71,5,89,8668084,1877721,1,3,1971084
ps,3,4194304,200000.0,0.4,0.0,1.0,71,5,90,8843708,1877721,1,3,1920041
ps,3,4194304,200000.0,0.4,0.0,1.0,71,5,91,8861125,1877721,1,3,1879792
ps,3,4194304,200000.0,0.4,0.0,1.0,71,5,92,9268709,1877721,1,3,2101626
ps,3,4194304,200000.0,0.4,0.0,1.0,71,5,93,8758584,1877721,1,3,1493750
ps,3,4194304,200000.0,0.4,0.0,1.0,71,5,94,9035209,1877721,1,3,1978709
ps,3,4194304,200000.0,0.4,0.0,1.0,71,5,95,8932167,1877721,1,3,1977458
ps,3,4194304,200000.0,0.4,0.0,1.0,71,5,96,8733625,1877721,1,3,1963250
ps,3,4194304,200000.0,0.4,0.0,1.0,71,5,97,8637458,1877721,1,3,1937958
ps,3,4194304,200000.0,0.4,0.0,1.0,71,5,98,9070709,1877721,1,3,1702625
ps,3,4194304,200000.0,0.4,0.0,1.0,71,5,99,8811500,1877721,1,3,1978958
ps,3,4194304,200000.0,0.4,0.0,1.0,71,5,100,8735667,1877721,1,3,1917083
ps,3,4194304,200000.0,0.4,0.0,1.0,71,5,101,8881750,1877721,1,3,1665667
ps,3,4194304,200000.0,0.4,0.0,1.0,71,5,102,8663875,1877721,1,3,1881542
ps,3,4194304,200000.0,0.4,0.0,1.0,71,5,103,8819291,1877721,1,3,1947500
ps,3,4194304,200000.0,0.4,0.0,1.0,71,5,104,8714041,1877721,1,3,1957541
ps,3,4194304,200000.0,0.4,0.0,1.0,71,5,105,8681916,1877721,1,3,1939291
ps,3,4194304,200000.0,0.4,0.0,1.0,71,5,106,8693250,1877721,1,3,1861375
ps,3,4194304,200000.0,0.4,0.0,1.0,71,5,107,8592791,1877721,1,3,1918625
ps,3,4194304,200000.0,0.4,0.0,1.0,71,5,108,8755542,1877721,1,3,1954708
ps,3,4194304,200000.0,0.4,0.0,1.0,71,5,109,8835667,1877721,1,3,1910126
ps,3,4194304,200000.0,0.4,0.0,1.0,71,5,110,8730250,1877721,1,3,2042292
ps,3,4194304,200000.0,0.4,0.0,1.0,71,5,111,8696792,1877721,1,3,1346209
ps,3,4194304,200000.0,0.4,0.0,1.0,71,5,112,10706792,1877721,1,3,1044334
ps,3,4194304,200000.0,0.4,0.0,1.0,71,5,113,9761958,1877721,1,3,2078542
ps,3,4194304,200000.0,0.4,0.0,1.0,71,5,114,8655833,1877721,1,3,1823041
ps,3,4194304,200000.0,0.4,0.0,1.0,71,5,115,8939500,1877721,1,3,2142875
ps,3,4194304,200000.0,0.4,0.0,1.0,71,5,116,9045000,1877721,1,3,1392083
ps,3,4194304,200000.0,0.4,0.0,1.0,71,5,117,8723500,1877721,1,3,1615792
ps,3,4194304,200000.0,0.4,0.0,1.0,71,5,118,9148291,1877721,1,3,2032125
ps,3,4194304,200000.0,0.4,0.0,1.0,71,5,119,9131542,1877721,1,3,1480209
ps,3,4194304,200000.0,0.4,0.0,1.0,71,5,120,8711500,1877721,1,3,1823167
ps,3,4194304,200000.0,0.4,0.0,1.0,71,5,121,8564709,1877721,1,3,1494001
ps,3,4194304,200000.0,0.4,0.0,1.0,71,5,122,8695875,1877721,1,3,1787833
ps,3,4194304,200000.0,0.4,0.0,1.0,71,5,123,8751833,1877721,1,3,2064750
ps,3,4194304,200000.0,0.4,0.0,1.0,71,5,124,9289000,1877721,1,3,2413667
ps,3,4194304,200000.0,0.4,0.0,1.0,71,5,125,8983542,1877721,1,3,1863625
ps,3,4194304,200000.0,0.4,0.0,1.0,71,5,126,9173083,1877721,1,3,1561916
ps,3,4194304,200000.0,0.4,0.0,1.0,71,5,127,9334208,1877721,1,3,1951917
ps,3,4194304,200000.0,0.4,0.0,1.0,71,5,128,8920541,1877721,1,3,2017791
ps,3,4194304,200000.0,0.4,0.0,1.0,71,5,129,9297708,1877721,1,3,1928999
ps,3,4194304,200000.0,0.4,0.0,1.0,71,5,130,8776875,1877721,1,3,1695000
ps,3,4194304,200000.0,0.4,0.0,1.0,71,5,131,8768000,1877721,1,3,1945750
ps,3,4194304,200000.0,0.4,0.0,1.0,71,5,132,8750625,1877721,1,3,1824042
ps,3,4194304,200000.0,0.4,0.0,1.0,71,5,133,8746834,1877721,1,3,1889042
ps,3,4194304,200000.0,0.4,0.0,1.0,71,5,134,8916500,1877721,1,3,1658875
ps,3,4194304,200000.0,0.4,0.0,1.0,71,5,135,8964083,1877721,1,3,1986875
ps,3,4194304,200000.0,0.4,0.0,1.0,71,5,136,8783917,1877721,1,3,1829001
ps,3,4194304,200000.0,0.4,0.0,1.0,71,5,137,8794625,1877721,1,3,2012500
ps,3,4194304,200000.0,0.4,0.0,1.0,71,5,138,8786125,1877721,1,3,1861250
ps,3,4194304,200000.0,0.4,0.0,1.0,71,5,139,8595167,1877721,1,3,1846292
ps,3,4194304,200000.0,0.4,0.0,1.0,71,5,140,8883458,1877721,1,3,2083625
ps,3,4194304,200000.0,0.4,0.0,1.0,71,5,141,8908667,1877721,1,3,1945584
ps,3,4194304,200000.0,0.4,0.0,1.0,71,5,142,8991917,1877721,1,3,2099417
ps,3,4194304,200000.0,0.4,0.0,1.0,71,5,143,9110250,1877721,1,3,2058209
ps,3,4194304,200000.0,0.4,0.0,1.0,71,5,144,9677125,1877721,1,3,2174667
ps,3,4194304,200000.0,0.4,0.0,1.0,71,5,145,8719542,1877721,1,3,1936833
ps,3,4194304,200000.0,0.4,0.0,1.0,71,5,146,8673083,1877721,1,3,1919291
ps,3,4194304,200000.0,0.4,0.0,1.0,71,5,147,8691875,1877721,1,3,1973458
ps,3,4194304,200000.0,0.4,0.0,1.0,71,5,148,8642875,1877721,1,3,1916250
ps,3,4194304,200000.0,0.4,0.0,1.0,71,5,149,8603834,1877721,1,3,1889500
ps,3,4194304,200000.0,0.4,0.0,1.0,71,5,150,8718792,1877721,1,3,2001709
ps,3,4194304,200000.0,0.4,0.0,1.0,71,5,151,8693167,1877721,1,3,1909042
ps,3,4194304,200000.0,0.4,0.0,1.0,71,5,152,8737666,1877721,1,3,1928916
ps,3,4194304,200000.0,0.4,0.0,1.0,71,5,153,8761333,1877721,1,3,1980875
ps,3,4194304,200000.0,0.4,0.0,1.0,71,5,154,8971292,1877721,1,3,2067084
ps,3,4194304,200000.0,0.4,0.0,1.0,71,5,155,8816583,1877721,1,3,1438291
ps,3,4194304,200000.0,0.4,0.0,1.0,71,5,156,9044125,1877721,1,3,1972625
ps,3,4194304,200000.0,0.4,0.0,1.0,71,5,157,9159209,1877721,1,3,2129959
ps,3,4194304,200000.0,0.4,0.0,1.0,71,5,158,9283166,1877721,1,3,2014583
ps,3,4194304,200000.0,0.4,0.0,1.0,71,5,159,8677042,1877721,1,3,1915750
ps,3,4194304,200000.0,0.4,0.0,1.0,71,5,160,8971208,1877721,1,3,2070916
ps,3,4194304,200000.0,0.4,0.0,1.0,71,5,161,8637416,1877721,1,3,1924666
ps,3,4194304,200000.0,0.4,0.0,1.0,71,5,162,8738167,1877721,1,3,1679209
ps,3,4194304,200000.0,0.4,0.0,1.0,71,5,163,9043333,1877721,1,3,2054792
ps,3,4194304,200000.0,0.4,0.0,1.0,71,5,164,8987792,1877721,1,3,1899000
ps,3,4194304,200000.0,0.4,0.0,1.0,71,5,165,9122291,1877721,1,3,2072416
ps,3,4194304,200000.0,0.4,0.0,1.0,71,5,166,9566458,1877721,1,3,2268708
ps,3,4194304,200000.0,0.4,0.0,1.0,71,5,167,8844875,1877721,1,3,2015416
ps,3,4194304,200000.0,0.4,0.0,1.0,71,5,168,9212208,1877721,1,3,1702042
ps,3,4194304,200000.0,0.4,0.0,1.0,71,5,169,8813291,1877721,1,3,2011082
ps,3,4194304,200000.0,0.4,0.0,1.0,71,5,170,8627750,1877721,1,3,1937750
ps,3,4194304,200000.0,0.4,0.0,1.0,71,5,171,8763375,1877721,1,3,2025709
ps,3,4194304,200000.0,0.4,0.0,1.0,71,5,172,8689708,1877721,1,3,1543375
ps,3,4194304,200000.0,0.4,0.0,1.0,71,5,173,9034667,1877721,1,3,1946458
ps,3,4194304,200000.0,0.4,0.0,1.0,71,5,174,9186833,1877721,1,3,1509041
ps,3,4194304,200000.0,0.4,0.0,1.0,71,5,175,9003833,1877721,1,3,2118208
ps,3,4194304,200000.0,0.4,0.0,1.0,71,5,176,9209458,1877721,1,3,1987249
ps,3,4194304,200000.0,0.4,0.0,1.0,71,5,177,8919625,1877721,1,3,1915167
ps,3,4194304,200000.0,0.4,0.0,1.0,71,5,178,8975125,1877721,1,3,1933542
ps,3,4194304,200000.0,0.4,0.0,1.0,71,5,179,8614250,1877721,1,3,1484709
ps,3,4194304,200000.0,0.4,0.0,1.0,71,5,180,8948042,1877721,1,3,1803917
ps,3,4194304,200000.0,0.4,0.0,1.0,71,5,181,9035958,1877721,1,3,2017375
ps,3,4194304,200000.0,0.4,0.0,1.0,71,5,182,8586208,1877721,1,3,1788958
ps,3,4194304,200000.0,0.4,0.0,1.0,71,5,183,8850250,1877721,1,3,1880792
ps,3,4194304,200000.0,0.4,0.0,1.0,71,5,184,9211000,1877721,1,3,1527083
ps,3,4194304,200000.0,0.4,0.0,1.0,71,5,185,8949333,1877721,1,3,1846625
ps,3,4194304,200000.0,0.4,0.0,1.0,71,5,186,8970167,1877721,1,3,1818125
ps,3,4194304,200000.0,0.4,0.0,1.0,71,5,187,8688000,1877721,1,3,1937875
ps,3,4194304,200000.0,0.4,0.0,1.0,71,5,188,8880000,1877721,1,3,1877375
ps,3,4194304,200000.0,0.4,0.0,1.0,71,5,189,8652458,1877721,1,3,1615458
ps,3,4194304,200000.0,0.4,0.0,1.0,71,5,190,8736916,1877721,1,3,2024541
ps,3,4194304,200000.0,0.4,0.0,1.0,71,5,191,8891500,1877721,1,3,1811583
ps,3,4194304,200000.0,0.4,0.0,1.0,71,5,192,8727209,1877721,1,3,1757251
ps,3,4194304,200000.0,0.4,0.0,1.0,71,5,193,9289875,1877721,1,3,2064084
ps,3,4194304,200000.0,0.4,0.0,1.0,71,5,194,9387292,1877721,1,3,2007751
ps,3,4194304,200000.0,0.4,0.0,1.0,71,5,195,8731167,1877721,1,3,1723792
ps,3,4194304,200000.0,0.4,0.0,1.0,71,5,196,8941208,1877721,1,3,1945125
ps,3,4194304,200000.0,0.4,0.0,1.0,71,5,197,9356041,1877721,1,3,1733541
ps,3,4194304,200000.0,0.4,0.0,1.0,71,5,198,9004000,1877721,1,3,2112542
ps,3,4194304,200000.0,0.4,0.0,1.0,71,5,199,9153333,1877721,1,3,2008208
ps,3,4194304,200000.0,0.4,0.0,1.0,71,5,200,9109250,1877721,1,3,1695625
ps,3,4194304,200000.0,0.4,0.0,1.0,71,5,201,8862042,1877721,1,3,2003625
ps,3,4194304,200000.0,0.4,0.0,1.0,71,5,202,8870750,1877721,1,3,1904167
ps,3,4194304,200000.0,0.4,0.0,1.0,71,5,203,9305375,1877721,1,3,2073750
ps,3,4194304,200000.0,0.4,0.0,1.0,71,5,204,9341125,1877721,1,3,1773667
ps,3,4194304,200000.0,0.4,0.0,1.0,71,5,205,9108792,1877721,1,3,1567126
ps,3,4194304,200000.0,0.4,0.0,1.0,71,5,206,9536084,1877721,1,3,1805417
ps,3,4194304,200000.0,0.4,0.0,1.0,71,5,207,8583125,1877721,1,3,1939833
ps,3,4194304,200000.0,0.4,0.0,1.0,71,5,208,9088042,1877721,1,3,1596375
ps,3,4194304,200000.0,0.4,0.0,1.0,71,5,209,9247917,1877721,1,3,1907584
ps,3,4194304,200000.0,0.4,0.0,1.0,71,5,210,8742375,1877721,1,3,2071750
ps,3,4194304,200000.0,0.4,0.0,1.0,71,5,211,9084959,1877721,1,3,1587667
ps,3,4194304,200000.0,0.4,0.0,1.0,71,5,212,9004708,1877721,1,3,1876542
ps,3,4194304,200000.0,0.4,0.0,1.0,71,5,213,8711292,1877721,1,3,1936500
ps,3,4194304,200000.0,0.4,0.0,1.0,71,5,214,8641917,1877721,1,3,1957542
ps,3,4194304,200000.0,0.4,0.0,1.0,71,5,215,9138375,1877721,1,3,1919292
ps,3,4194304,200000.0,0.4,0.0,1.0,71,5,216,8799666,1877721,1,3,1938499
ps,3,4194304,200000.0,0.4,0.0,1.0,71,5,217,8787583,1877721,1,3,1885833
ps,3,4194304,200000.0,0.4,0.0,1.0,71,5,218,9250833,1877721,1,3,1963833
ps,3,4194304,200000.0,0.4,0.0,1.0,71,5,219,9071375,1877721,1,3,1879959
ps,3,4194304,200000.0,0.4,0.0,1.0,71,5,220,9500958,1877721,1,3,2181750
ps,3,4194304,200000.0,0.4,0.0,1.0,71,5,221,9324917,1877721,1,3,1879584
ps,3,4194304,200000.0,0.4,0.0,1.0,71,5,222,9625375,1877721,1,3,1850959
ps,3,4194304,200000.0,0.4,0.0,1.0,71,5,223,9315500,1877721,1,3,1854500
ps,3,4194304,200000.0,0.4,0.0,1.0,71,5,224,9370875,1877721,1,3,1989209
ps,3,4194304,200000.0,0.4,0.0,1.0,71,5,225,8698041,1877721,1,3,1879333
ps,3,4194304,200000.0,0.4,0.0,1.0,71,5,226,8766833,1877721,1,3,1889708
ps,3,4194304,200000.0,0.4,0.0,1.0,71,5,227,8659875,1877721,1,3,1915875
ps,3,4194304,200000.0,0.4,0.0,1.0,71,5,228,8621750,1877721,1,3,1928750
ps,3,4194304,200000.0,0.4,0.0,1.0,71,5,229,8936709,1877721,1,3,1983292
ps,3,4194304,200000.0,0.4,0.0,1.0,71,5,230,9043125,1877721,1,3,1522208
ps,3,4194304,200000.0,0.4,0.0,1.0,71,5,231,8795541,1877721,1,3,1874291
ps,3,4194304,200000.0,0.4,0.0,1.0,71,5,232,8676083,1877721,1,3,1964916
ps,3,4194304,200000.0,0.4,0.0,1.0,71,5,233,8718750,1877721,1,3,1935791
ps,3,4194304,200000.0,0.4,0.0,1.0,71,5,234,8715041,1877721,1,3,1946083
ps,3,4194304,200000.0,0.4,0.0,1.0,71,5,235,8843833,1877721,1,3,1936167
ps,3,4194304,200000.0,0.4,0.0,1.0,71,5,236,9353333,1877721,1,3,1531125
ps,3,4194304,200000.0,0.4,0.0,1.0,71,5,237,9130709,1877721,1,3,1891709
ps,3,4194304,200000.0,0.4,0.0,1.0,71,5,238,8752584,1877721,1,3,1936750
ps,3,4194304,200000.0,0.4,0.0,1.0,71,5,239,9515834,1877721,1,3,1758834
ps,3,4194304,200000.0,0.4,0.0,1.0,71,5,240,9245875,1877721,1,3,1696708
ps,3,4194304,200000.0,0.4,0.0,1.0,71,5,241,9408209,1877721,1,3,1910751
ps,3,4194304,200000.0,0.4,0.0,1.0,71,5,242,9331792,1877721,1,3,1414042
ps,3,4194304,200000.0,0.4,0.0,1.0,71,5,243,9067167,1877721,1,3,1939084
ps,3,4194304,200000.0,0.4,0.0,1.0,71,5,244,8660625,1877721,1,3,1973000
ps,3,4194304,200000.0,0.4,0.0,1.0,71,5,245,8963625,1877721,1,3,1685917
ps,3,4194304,200000.0,0.4,0.0,1.0,71,5,246,8806167,1877721,1,3,1849084
ps,3,4194304,200000.0,0.4,0.0,1.0,71,5,247,8782500,1877721,1,3,1977833
ps,3,4194304,200000.0,0.4,0.0,1.0,71,5,248,9406250,1877721,1,3,1673250
ps,3,4194304,200000.0,0.4,0.0,1.0,71,5,249,9138583,1877721,1,3,1843583
ring,3,1048576,200000.0,0.4,0.0,1.0,71,5,0,3249583,1359244,4,3,255416
ring,3,1048576,200000.0,0.4,0.0,1.0,71,5,1,3040125,1359244,4,3,68084
ring,3,1048576,200000.0,0.4,0.0,1.0,71,5,2,3157458,1359244,4,3,111708
ring,3,1048576,200000.0,0.4,0.0,1.0,71,5,3,2965792,1359244,4,3,121834
ring,3,1048576,200000.0,0.4,0.0,1.0,71,5,4,3059000,1359244,4,3,133166
ring,3,1048576,200000.0,0.4,0.0,1.0,71,5,5,3068708,1359244,4,3,119916
ring,3,1048576,200000.0,0.4,0.0,1.0,71,5,6,3116792,1359244,4,3,134709
ring,3,1048576,200000.0,0.4,0.0,1.0,71,5,7,3195291,1359244,4,3,98416
ring,3,1048576,200000.0,0.4,0.0,1.0,71,5,8,3000625,1359244,4,3,135666
ring,3,1048576,200000.0,0.4,0.0,1.0,71,5,9,3083500,1359244,4,3,110875
ring,3,1048576,200000.0,0.4,0.0,1.0,71,5,10,3058458,1359244,4,3,26125
ring,3,1048576,200000.0,0.4,0.0,1.0,71,5,11,3027167,1359244,4,3,173251
ring,3,1048576,200000.0,0.4,0.0,1.0,71,5,12,3053542,1359244,4,3,100959
ring,3,1048576,200000.0,0.4,0.0,1.0,71,5,13,3009917,1359244,4,3,141250
ring,3,1048576,200000.0,0.4,0.0,1.0,71,5,14,3140833,1359244,4,3,217125
ring,3,1048576,200000.0,0.4,0.0,1.0,71,5,15,2977208,1359244,4,3,122666
ring,3,1048576,200000.0,0.4,0.0,1.0,71,5,16,3156208,1359244,4,3,112666
ring,3,1048576,200000.0,0.4,0.0,1.0,71,5,17,2999292,1359244,4,3,121125
ring,3,1048576,200000.0,0.4,0.0,1.0,71,5,18,3034959,1359244,4,3,122500
ring,3,1048576,200000.0,0.4,0.0,1.0,71,5,19,3118833,1359244,4,3,164041
ring,3,1048576,200000.0,0.4,0.0,1.0,71,5,20,3133834,1359244,4,3,145000
ring,3,1048576,200000.0,0.4,0.0,1.0,71,5,21,3196417,1359244,4,3,106084
ring,3,1048576,200000.0,0.4,0.0,1.0,71,5,22,3144833,1359244,4,3,245208
ring,3,1048576,200000.0,0.4,0.0,1.0,71,5,23,3073833,1359244,4,3,62499
ring,3,1048576,200000.0,0.4,0.0,1.0,71,5,24,3028542,1359244,4,3,38875
ring,3,1048576,200000.0,0.4,0.0,1.0,71,5,25,2918375,1359244,4,3,58375
ring,3,1048576,200000.0,0.4,0.0,1.0,71,5,26,3048417,1359244,4,3,116250
ring,3,1048576,200000.0,0.4,0.0,1.0,71,5,27,3107042,1359244,4,3,47000
ring,3,1048576,200000.0,0.4,0.0,1.0,71,5,28,3093041,1359244,4,3,101541
ring,3,1048576,200000.0,0.4,0.0,1.0,71,5,29,3108583,1359244,4,3,178167
ring,3,1048576,200000.0,0.4,0.0,1.0,71,5,30,3055500,1359244,4,3,96833
ring,3,1048576,200000.0,0.4,0.0,1.0,71,5,31,3032791,1359244,4,3,136000
ring,3,1048576,200000.0,0.4,0.0,1.0,71,5,32,3028167,1359244,4,3,162625
ring,3,1048576,200000.0,0.4,0.0,1.0,71,5,33,3042833,1359244,4,3,41125
ring,3,1048576,200000.0,0.4,0.0,1.0,71,5,34,3150042,1359244,4,3,16500
ring,3,1048576,200000.0,0.4,0.0,1.0,71,5,35,3059458,1359244,4,3,55625
ring,3,1048576,200000.0,0.4,0.0,1.0,71,5,36,3079042,1359244,4,3,149084
ring,3,1048576,200000.0,0.4,0.0,1.0,71,5,37,3117166,1359244,4,3,102832
ring,3,1048576,200000.0,0.4,0.0,1.0,71,5,38,3039166,1359244,4,3,153583
ring,3,1048576,200000.0,0.4,0.0,1.0,71,5,39,3060667,1359244,4,3,116834
ring,3,1048576,200000.0,0.4,0.0,1.0,71,5,40,3051417,1359244,4,3,141209
ring,3,1048576,200000.0,0.4,0.0,1.0,71,5,41,3036875,1359244,4,3,150000
ring,3,1048576,200000.0,0.4,0.0,1.0,71,5,42,2947166,1359244,4,3,101625
ring,3,1048576,200000.0,0.4,0.0,1.0,71,5,43,3197708,1359244,4,3,159499
ring,3,1048576,200000.0,0.4,0.0,1.0,71,5,44,3110333,1359244,4,3,174458
ring,3,1048576,200000.0,0.4,0.0,1.0,71,5,45,3026458,1359244,4,3,127667
ring,3,1048576,200000.0,0.4,0.0,1.0,71,5,46,3031584,1359244,4,3,63501
ring,3,1048576,200000.0,0.4,0.0,1.0,71,5,47,3067916,1359244,4,3,197166
ring,3,1048576,200000.0,0.4,0.0,1.0,71,5,48,3137000,1359244,4,3,124083
ring,3,1048576,200000.0,0.4,0.0,1.0,71,5,49,3025083,1359244,4,3,57166
ring,3,1048576,200000.0,0.4,0.0,1.0,71,5,50,3217375,1359244,4,3,59292
ring,3,1048576,200000.0,0.4,0.0,1.0,71,5,51,3034584,1359244,4,3,72376
ring,3,1048576,200000.0,0.4,0.0,1.0,71,5,52,3033500,1359244,4,3,94167
ring,3,1048576,200000.0,0.4,0.0,1.0,71,5,53,3017125,1359244,4,3,134208
ring,3,1048576,200000.0,0.4,0.0,1.0,71,5,54,3175792,1359244,4,3,82042
ring,3,1048576,200000.0,0.4,0.0,1.0,71,5,55,2975458,1359244,4,3,81708
ring,3,1048576,200000.0,0.4,0.0,1.0,71,5,56,3148500,1359244,4,3,215792
ring,3,1048576,200000.0,0.4,0.0,1.0,71,5,57,3126542,1359244,4,3,222375
ring,3,1048576,200000.0,0.4,0.0,1.0,71,5,58,3099250,1359244,4,3,131959
ring,3,1048576,200000.0,0.4,0.0,1.0,71,5,59,3113625,1359244,4,3,99792
ring,3,1048576,200000.0,0.4,0.0,1.0,71,5,60,2985041,1359244,4,3,84833
ring,3,1048576,200000.0,0.4,0.0,1.0,71,5,61,3216583,1359244,4,3,157750
ring,3,1048576,200000.0,0.4,0.0,1.0,71,5,62,3169667,1359244,4,3,241876
ring,3,1048576,200000.0,0.4,0.0,1.0,71,5,63,3131583,1359244,4,3,24875
ring,3,1048576,200000.0,0.4,0.0,1.0,71,5,64,3047459,1359244,4,3,124917
ring,3,1048576,200000.0,0.4,0.0,1.0,71,5,65,3064209,1359244,4,3,79418
ring,3,1048576,200000.0,0.4,0.0,1.0,71,5,66,3118084,1359244,4,3,143167
ring,3,1048576,200000.0,0.4,0.0,1.0,71,5,67,3020250,1359244,4,3,19875
ring,3,1048576,200000.0,0.4,0.0,1.0,71,5,68,3015083,1359244,4,3,170167
ring,3,1048576,200000.0,0.4,0.0,1.0,71,5,69,2962125,1359244,4,3,85584
ring,3,1048576,200000.0,0.4,0.0,1.0,71,5,70,2975334,1359244,4,3,89543
ring,3,1048576,200000.0,0.4,0.0,1.0,71,5,71,3024792,1359244,4,3,67667
ring,3,1048576,200000.0,0.4,0.0,1.0,71,5,72,3011333,1359244,4,3,173667
ring,3,1048576,200000.0,0.4,0.0,1.0,71,5,73,3053000,1359244,4,3,127375
ring,3,1048576,200000.0,0.4,0.0,1.0,71,5,74,3091750,1359244,4,3,155208
ring,3,1048576,200000.0,0.4,0.0,1.0,71,5,75,3006292,1359244,4,3,131834
ring,3,1048576,200000.0,0.4,0.0,1.0,71,5,76,3145667,1359244,4,3,40292
ring,3,1048576,200000.0,0.4,0.0,1.0,71,5,77,3404541,1359244,4,3,23625
ring,3,1048576,200000.0,0.4,0.0,1.0,71,5,78,3335500,1359244,4,3,69458
ring,3,1048576,200000.0,0.4,0.0,1.0,71,5,79,3358583,1359244,4,3,51792
ring,3,1048576,200000.0,0.4,0.0,1.0,71,5,80,3427209,1359244,4,3,29209
ring,3,1048576,200000.0,0.4,0.0,1.0,71,5,81,3481542,1359244,4,3,65667
ring,3,1048576,200000.0,0.4,0.0,1.0,71,5,82,3510750,1359244,4,3,180917
ring,3,1048576,200000.0,0.4,0.0,1.0,71,5,83,3469000,1359244,4,3,209417
ring,3,1048576,200000.0,0.4,0.0,1.0,71,5,84,3540000,1359244,4,3,12291
ring,3,1048576,200000.0,0.4,0.0,1.0,71,5,85,3237125,1359244,4,3,139250
ring,3,1048576,200000.0,0.4,0.0,1.0,71,5,86,3089125,1359244,4,3,103625
ring,3,1048576,200000.0,0.4,0.0,1.0,71,5,87,3134625,1359244,4,3,116667
ring,3,1048576,200000.0,0.4,0.0,1.0,71,5,88,3075792,1359244,4,3,158917
ring,3,1048576,200000.0,0.4,0.0,1.0,71,5,89,2993792,1359244,4,3,85501
ring,3,1048576,200000.0,0.4,0.0,1.0,71,5,90,3070792,1359244,4,3,155667
ring,3,1048576,200000.0,0.4,0.0,1.0,71,5,91,3079583,1359244,4,3,97874
ring,3,1048576,200000.0,0.4,0.0,1.0,71,5,92,3041417,1359244,4,3,144833
ring,3,1048576,200000.0,0.4,0.0,1.0,71,5,93,2981209,1359244,4,3,103542
ring,3,1048576,200000.0,0.4,0.0,1.0,71,5,94,3079667,1359244,4,3,281417
ring,3,1048576,200000.0,0.4,0.0,1.0,71,5,95,3077792,1359244,4,3,151792
ring,3,1048576,200000.0,0.4,0.0,1.0,71,5,96,3166709,1359244,4,3,72584
ring,3,1048576,200000.0,0.4,0.0,1.0,71,5,97,3147208,1359244,4,3,241917
ring,3,1048576,200000.0,0.4,0.0,1.0,71,5,98,3016959,1359244,4,3,125168
ring,3,1048576,200000.0,0.4,0.0,1.0,71,5,99,3004916,1359244,4,3,33208
ring,3,1048576,200000.0,0.4,0.0,1.0,71,5,100,3036625,1359244,4,3,91667
ring,3,1048576,200000.0,0.4,0.0,1.0,71,5,101,3121791,1359244,4,3,133208
ring,3,1048576,200000.0,0.4,0.0,1.0,71,5,102,3052334,1359244,4,3,166459
ring,3,1048576,200000.0,0.4,0.0,1.0,71,5,103,3091167,1359244,4,3,44250
ring,3,1048576,200000.0,0.4,0.0,1.0,71,5,104,2955250,1359244,4,3,122500
ring,3,1048576,200000.0,0.4,0.0,1.0,71,5,105,2993875,1359244,4,3,22250
ring,3,1048576,200000.0,0.4,0.0,1.0,71,5,106,3034583,1359244,4,3,144624
ring,3,1048576,200000.0,0.4,0.0,1.0,71,5,107,3112541,1359244,4,3,82208
ring,3,1048576,200000.0,0.4,0.0,1.0,71,5,108,3122416,1359244,4,3,113208
ring,3,1048576,200000.0,0.4,0.0,1.0,71,5,109,3490041,1359244,4,3,153249
ring,3,1048576,200000.0,0.4,0.0,1.0,71,5,110,3097916,1359244,4,3,101875
ring,3,1048576,200000.0,0.4,0.0,1.0,71,5,111,2945125,1359244,4,3,180333
ring,3,1048576,200000.0,0.4,0.0,1.0,71,5,112,3089291,1359244,4,3,141833
ring,3,1048576,200000.0,0.4,0.0,1.0,71,5,113,3205167,1359244,4,3,87167
ring,3,1048576,200000.0,0.4,0.0,1.0,71,5,114,3100791,1359244,4,3,142416
ring,3,1048576,200000.0,0.4,0.0,1.0,71,5,115,3105292,1359244,4,3,144542
ring,3,1048576,200000.0,0.4,0.0,1.0,71,5,116,3403166,1359244,4,3,55083
ring,3,1048576,200000.0,0.4,0.0,1.0,71,5,117,3407875,1359244,4,3,131041
ring,3,1048576,200000.0,0.4,0.0,1.0,71,5,118,3144708,1359244,4,3,161291
ring,3,1048576,200000.0,0.4,0.0,1.0,71,5,119,3485083,1359244,4,3,33125
ring,3,1048576,200000.0,0.4,0.0,1.0,71,5,120,3053916,1359244,4,3,50041
ring,3,1048576,200000.0,0.4,0.0,1.0,71,5,121,3167208,1359244,4,3,165499
ring,3,1048576,200000.0,0.4,0.0,1.0,71,5,122,3160334,1359244,4,3,223209
ring,3,1048576,200000.0,0.4,0.0,1.0,71,5,123,3161792,1359244,4,3,239708
ring,3,1048576,200000.0,0.4,0.0,1.0,71,5,124,3245125,1359244,4,3,135167
ring,3,1048576,200000.0,0.4,0.0,1.0,71,5,125,3897084,1359244,4,3,168959
ring,3,1048576,200000.0,0.4,0.0,1.0,71,5,126,3199958,1359244,4,3,132958
ring,3,1048576,200000.0,0.4,0.0,1.0,71,5,127,3332125,1359244,4,3,21792
ring,3,1048576,200000.0,0.4,0.0,1.0,71,5,128,3202250,1359244,4,3,140916
ring,3,1048576,200000.0,0.4,0.0,1.0,71,5,129,3146042,1359244,4,3,115500
ring,3,1048576,200000.0,0.4,0.0,1.0,71,5,130,3570708,1359244,4,3,72999
ring,3,1048576,200000.0,0.4,0.0,1.0,71,5,131,3102083,1359244,4,3,36416
ring,3,1048576,200000.0,0.4,0.0,1.0,71,5,132,3397583,1359244,4,3,59041
ring,3,1048576,200000.0,0.4,0.0,1.0,71,5,133,3061167,1359244,4,3,79251
ring,3,1048576,200000.0,0.4,0.0,1.0,71,5,134,3521875,1359244,4,3,131708
ring,3,1048576,200000.0,0.4,0.0,1.0,71,5,135,3074542,1359244,4,3,83417
ring,3,1048576,200000.0,0.4,0.0,1.0,71,5,136,3340792,1359244,4,3,40209
ring,3,1048576,200000.0,0.4,0.0,1.0,71,5,137,3100000,1359244,4,3,119541
ring,3,1048576,200000.0,0.4,0.0,1.0,71,5,138,3131583,1359244,4,3,172000
ring,3,1048576,200000.0,0.4,0.0,1.0,71,5,139,3186791,1359244,4,3,14041
ring,3,1048576,200000.0,0.4,0.0,1.0,71,5,140,3219584,1359244,4,3,198001
ring,3,1048576,200000.0,0.4,0.0,1.0,71,5,141,3268333,1359244,4,3,233875
ring,3,1048576,200000.0,0.4,0.0,1.0,71,5,142,3045791,1359244,4,3,180166
ring,3,1048576,200000.0,0.4,0.0,1.0,71,5,143,3170750,1359244,4,3,92500
ring,3,1048576,200000.0,0.4,0.0,1.0,71,5,144,3279291,1359244,4,3,176166
ring,3,1048576,200000.0,0.4,0.0,1.0,71,5,145,3022791,1359244,4,3,150999
ring,3,1048576,200000.0,0.4,0.0,1.0,71,5,146,3190208,1359244,4,3,154500
ring,3,1048576,200000.0,0.4,0.0,1.0,71,5,147,3025875,1359244,4,3,48625
ring,3,1048576,200000.0,0.4,0.0,1.0,71,5,148,3028292,1359244,4,3,88417
ring,3,1048576,200000.0,0.4,0.0,1.0,71,5,149,3128750,1359244,4,3,155667
ring,3,1048576,200000.0,0.4,0.0,1.0,71,5,150,3133167,1359244,4,3,125459
ring,3,1048576,200000.0,0.4,0.0,1.0,71,5,151,3000750,1359244,4,3,40125
ring,3,1048576,200000.0,0.4,0.0,1.0,71,5,152,3159292,1359244,4,3,123501
ring,3,1048576,200000.0,0.4,0.0,1.0,71,5,153,3097958,1359244,4,3,23958
ring,3,1048576,200000.0,0.4,0.0,1.0,71,5,154,3077625,1359244,4,3,139208
ring,3,1048576,200000.0,0.4,0.0,1.0,71,5,155,3101541,1359244,4,3,56541
ring,3,1048576,200000.0,0.4,0.0,1.0,71,5,156,3068000,1359244,4,3,126875
ring,3,1048576,200000.0,0.4,0.0,1.0,71,5,157,3126250,1359244,4,3,155541
ring,3,1048576,200000.0,0.4,0.0,1.0,71,5,158,3239541,1359244,4,3,137749
ring,3,1048576,200000.0,0.4,0.0,1.0,71,5,159,3086417,1359244,4,3,54000
ring,3,1048576,200000.0,0.4,0.0,1.0,71,5,160,3131500,1359244,4,3,79334
ring,3,1048576,200000.0,0.4,0.0,1.0,71,5,161,3132292,1359244,4,3,153459
ring,3,1048576,200000.0,0.4,0.0,1.0,71,5,162,3067041,1359244,4,3,21499
ring,3,1048576,200000.0,0.4,0.0,1.0,71,5,163,3127417,1359244,4,3,126251
ring,3,1048576,200000.0,0.4,0.0,1.0,71,5,164,3044125,1359244,4,3,24375
ring,3,1048576,200000.0,0.4,0.0,1.0,71,5,165,2924167,1359244,4,3,55042
ring,3,1048576,200000.0,0.4,0.0,1.0,71,5,166,3129833,1359244,4,3,118666
ring,3,1048576,200000.0,0.4,0.0,1.0,71,5,167,3182708,1359244,4,3,208958
ring,3,1048576,200000.0,0.4,0.0,1.0,71,5,168,3002583,1359244,4,3,120458
ring,3,1048576,200000.0,0.4,0.0,1.0,71,5,169,3126375,1359244,4,3,201875
ring,3,1048576,200000.0,0.4,0.0,1.0,71,5,170,3081167,1359244,4,3,60584
ring,3,1048576,200000.0,0.4,0.0,1.0,71,5,171,2999667,1359244,4,3,38917
ring,3,1048576,200000.0,0.4,0.0,1.0,71,5,172,3046291,1359244,4,3,137832
ring,3,1048576,200000.0,0.4,0.0,1.0,71,5,173,3039833,1359244,4,3,174167
ring,3,1048576,200000.0,0.4,0.0,1.0,71,5,174,2998917,1359244,4,3,36417
ring,3,1048576,200000.0,0.4,0.0,1.0,71,5,175,3109709,1359244,4,3,113376
ring,3,1048576,200000.0,0.4,0.0,1.0,71,5,176,3022792,1359244,4,3,151209
ring,3,1048576,200000.0,0.4,0.0,1.0,71,5,177,3066625,1359244,4,3,155750
ring,3,1048576,200000.0,0.4,0.0,1.0,71,5,178,3065167,1359244,4,3,143501
ring,3,1048576,200000.0,0.4,0.0,1.0,71,5,179,3076042,1359244,4,3,295751
ring,3,1048576,200000.0,0.4,0.0,1.0,71,5,180,3222458,1359244,4,3,42249
ring,3,1048576,200000.0,0.4,0.0,1.0,71,5,181,3132875,1359244,4,3,110917
ring,3,1048576,200000.0,0.4,0.0,1.0,71,5,182,3041083,1359244,4,3,130833
ring,3,1048576,200000.0,0.4,0.0,1.0,71,5,183,2913042,1359244,4,3,188459
ring,3,1048576,200000.0,0.4,0.0,1.0,71,5,184,3067042,1359244,4,3,159750
ring,3,1048576,200000.0,0.4,0.0,1.0,71,5,185,3097792,1359244,4,3,103792
ring,3,1048576,200000.0,0.4,0.0,1.0,71,5,186,3036750,1359244,4,3,141792
ring,3,1048576,200000.0,0.4,0.0,1.0,71,5,187,3138750,1359244,4,3,138166
ring,3,1048576,200000.0,0.4,0.0,1.0,71,5,188,3017083,1359244,4,3,175916
ring,3,1048576,200000.0,0.4,0.0,1.0,71,5,189,3179584,1359244,4,3,156917
ring,3,1048576,200000.0,0.4,0.0,1.0,71,5,190,3027833,1359244,4,3,12083
ring,3,1048576,200000.0,0.4,0.0,1.0,71,5,191,3057333,1359244,4,3,205666
ring,3,1048576,200000.0,0.4,0.0,1.0,71,5,192,3271875,1359244,4,3,31583
ring,3,1048576,200000.0,0.4,0.0,1.0,71,5,193,3221750,1359244,4,3,123959
ring,3,1048576,200000.0,0.4,0.0,1.0,71,5,194,3160500,1359244,4,3,149958
ring,3,1048576,200000.0,0.4,0.0,1.0,71,5,195,2985125,1359244,4,3,191167
ring,3,1048576,200000.0,0.4,0.0,1.0,71,5,196,3021208,1359244,4,3,113916
ring,3,1048576,200000.0,0.4,0.0,1.0,71,5,197,3235209,1359244,4,3,170459
ring,3,1048576,200000.0,0.4,0.0,1.0,71,5,198,3209584,1359244,4,3,154626
ring,3,1048576,200000.0,0.4,0.0,1.0,71,5,199,3088125,1359244,4,3,103166
ring,3,1048576,200000.0,0.4,0.0,1.0,71,5,200,2979625,1359244,4,3,142959
ring,3,1048576,200000.0,0.4,0.0,1.0,71,5,201,3162458,1359244,4,3,180792
ring,3,1048576,200000.0,0.4,0.0,1.0,71,5,202,3079250,1359244,4,3,171625
ring,3,1048576,200000.0,0.4,0.0,1.0,71,5,203,2971541,1359244,4,3,115916
ring,3,1048576,200000.0,0.4,0.0,1.0,71,5,204,3151750,1359244,4,3,8125
ring,3,1048576,200000.0,0.4,0.0,1.0,71,5,205,3062375,1359244,4,3,135125
ring,3,1048576,200000.0,0.4,0.0,1.0,71,5,206,3000833,1359244,4,3,121208
ring,3,1048576,200000.0,0.4,0.0,1.0,71,5,207,3245917,1359244,4,3,173250
ring,3,1048576,200000.0,0.4,0.0,1.0,71,5,208,3308125,1359244,4,3,136708
ring,3,1048576,200000.0,0.4,0.0,1.0,71,5,209,3128750,1359244,4,3,156417
ring,3,1048576,200000.0,0.4,0.0,1.0,71,5,210,3352667,1359244,4,3,29334
ring,3,1048576,200000.0,0.4,0.0,1.0,71,5,211,3113000,1359244,4,3,187958
ring,3,1048576,200000.0,0.4,0.0,1.0,71,5,212,3096250,1359244,4,3,113459
ring,3,1048576,200000.0,0.4,0.0,1.0,71,5,213,3144333,1359244,4,3,124666
ring,3,1048576,200000.0,0.4,0.0,1.0,71,5,214,3141958,1359244,4,3,29625
ring,3,1048576,200000.0,0.4,0.0,1.0,71,5,215,3064875,1359244,4,3,13958
ring,3,1048576,200000.0,0.4,0.0,1.0,71,5,216,3099791,1359244,4,3,125624
ring,3,1048576,200000.0,0.4,0.0,1.0,71,5,217,2935292,1359244,4,3,55667
ring,3,1048576,200000.0,0.4,0.0,1.0,71,5,218,3123833,1359244,4,3,93833
ring,3,1048576,200000.0,0.4,0.0,1.0,71,5,219,3158958,1359244,4,3,181083
ring,3,1048576,200000.0,0.4,0.0,1.0,71,5,220,3019416,1359244,4,3,116791
ring,3,1048576,200000.0,0.4,0.0,1.0,71,5,221,3034084,1359244,4,3,18793
ring,3,1048576,200000.0,0.4,0.0,1.0,71,5,222,3065792,1359244,4,3,137459
ring,3,1048576,200000.0,0.4,0.0,1.0,71,5,223,2864333,1359244,4,3,94999
ring,3,1048576,200000.0,0.4,0.0,1.0,71,5,224,2984083,1359244,4,3,96083
ring,3,1048576,200000.0,0.4,0.0,1.0,71,5,225,3072041,1359244,4,3,63374
ring,3,1048576,200000.0,0.4,0.0,1.0,71,5,226,3088459,1359244,4,3,157293
ring,3,1048576,200000.0,0.4,0.0,1.0,71,5,227,3030166,1359244,4,3,133416
ring,3,1048576,200000.0,0.4,0.0,1.0,71,5,228,3153916,1359244,4,3,136749
ring,3,1048576,200000.0,0.4,0.0,1.0,71,5,229,2961291,1359244,4,3,190291
ring,3,1048576,200000.0,0.4,0.0,1.0,71,5,230,3120917,1359244,4,3,4334
ring,3,1048576,200000.0,0.4,0.0,1.0,71,5,231,3000750,1359244,4,3,163250
ring,3,1048576,200000.0,0.4,0.0,1.0,71,5,232,3030875,1359244,4,3,199291
ring,3,1048576,200000.0,0.4,0.0,1.0,71,5,233,4279666,1359244,4,3,148999
ring,3,1048576,200000.0,0.4,0.0,1.0,71,5,234,3013708,1359244,4,3,141999
ring,3,1048576,200000.0,0.4,0.0,1.0,71,5,235,3185208,1359244,4,3,143124
ring,3,1048576,200000.0,0.4,0.0,1.0,71,5,236,3174625,1359244,4,3,38625
ring,3,1048576,200000.0,0.4,0.0,1.0,71,5,237,3088792,1359244,4,3,87251
ring,3,1048576,200000.0,0.4,0.0,1.0,71,5,238,3146291,1359244,4,3,144708
ring,3,1048576,200000.0,0.4,0.0,1.0,71,5,239,3221416,1359244,4,3,160916
ring,3,1048576,200000.0,0.4,0.0,1.0,71,5,240,3135458,1359244,4,3,165833
ring,3,1048576,200000.0,0.4,0.0,1.0,71,5,241,3173833,1359244,4,3,50749
ring,3,1048576,200000.0,0.4,0.0,1.0,71,5,242,2934959,1359244,4,3,172209
ring,3,1048576,200000.0,0.4,0.0,1.0,71,5,243,3151084,1359244,4,3,166709
ring,3,1048576,200000.0,0.4,0.0,1.0,71,5,244,3070583,1359244,4,3,77083
ring,3,1048576,200000.0,0.4,0.0,1.0,71,5,245,3093667,1359244,4,3,149334
ring,3,1048576,200000.0,0.4,0.0,1.0,71,5,246,3039583,1359244,4,3,99958
ring,3,1048576,200000.0,0.4,0.0,1.0,71,5,247,3027500,1359244,4,3,135250
ring,3,1048576,200000.0,0.4,0.0,1.0,71,5,248,3212041,1359244,4,3,105082
ring,3,1048576,200000.0,0.4,0.0,1.0,71,5,249,3364500,1359244,4,3,237208
ps,3,1048576,200000.0,0.4,0.0,1.0,71,5,0,3030417,619430,1,3,705000
ps,3,1048576,200000.0,0.4,0.0,1.0,71,5,1,2966000,619430,1,3,589250
ps,3,1048576,200000.0,0.4,0.0,1.0,71,5,2,3207791,619430,1,3,629291
ps,3,1048576,200000.0,0.4,0.0,1.0,71,5,3,3002500,619430,1,3,689875
ps,3,1048576,200000.0,0.4,0.0,1.0,71,5,4,3029333,619430,1,3,624291
ps,3,1048576,200000.0,0.4,0.0,1.0,71,5,5,3011542,619430,1,3,573501
ps,3,1048576,200000.0,0.4,0.0,1.0,71,5,6,3056958,619430,1,3,629208
ps,3,1048576,200000.0,0.4,0.0,1.0,71,5,7,2896792,619430,1,3,639000
ps,3,1048576,200000.0,0.4,0.0,1.0,71,5,8,3012292,619430,1,3,656751
ps,3,1048576,200000.0,0.4,0.0,1.0,71,5,9,3015542,619430,1,3,647042
ps,3,1048576,200000.0,0.4,0.0,1.0,71,5,10,2901833,619430,1,3,605333
ps,3,1048576,200000.0,0.4,0.0,1.0,71,5,11,3005792,619430,1,3,672501
ps,3,1048576,200000.0,0.4,0.0,1.0,71,5,12,2882959,619430,1,3,557167
ps,3,1048576,200000.0,0.4,0.0,1.0,71,5,13,2992208,619430,1,3,612374
ps,3,1048576,200000.0,0.4,0.0,1.0,71,5,14,2872583,619430,1,3,589041
ps,3,1048576,200000.0,0.4,0.0,1.0,71,5,15,2886875,619430,1,3,620000
ps,3,1048576,200000.0,0.4,0.0,1.0,71,5,16,2905792,619430,1,3,639209
ps,3,1048576,200000.0,0.4,0.0,1.0,71,5,17,2811042,619430,1,3,602917
ps,3,1048576,200000.0,0.4,0.0,1.0,71,5,18,2848541,619430,1,3,661500
ps,3,1048576,200000.0,0.4,0.0,1.0,71,5,19,2878167,619430,1,3,669917
ps,3,1048576,200000.0,0.4,0.0,1.0,71,5,20,2795584,619430,1,3,566084
ps,3,1048576,200000.0,0.4,0.0,1.0,71,5,21,2819625,619430,1,3,630000
ps,3,1048576,200000.0,0.4,0.0,1.0,71,5,22,2799250,619430,1,3,650708
ps,3,1048576,200000.0,0.4,0.0,1.0,71,5,23,2828666,619430,1,3,622707
ps,3,1048576,200000.0,0.4,0.0,1.0,71,5,24,2811208,619430,1,3,599958
ps,3,1048576,200000.0,0.4,0.0,1.0,71,5,25,2837042,619430,1,3,607750
ps,3,1048576,200000.0,0.4,0.0,1.0,71,5,26,2848042,619430,1,3,624000
ps,3,1048576,200000.0,0.4,0.0,1.0,71,5,27,2933417,619430,1,3,589292
ps,3,1048576,200000.0,0.4,0.0,1.0,71,5,28,2850625,619430,1,3,602625
ps,3,1048576,200000.0,0.4,0.0,1.0,71,5,29,2969375,619430,1,3,653041
ps,3,1048576,200000.0,0.4,0.0,1.0,71,5,30,2886875,619430,1,3,640417
ps,3,1048576,200000.0,0.4,0.0,1.0,71,5,31,2968541,619430,1,3,628499
ps,3,1048576,200000.0,0.4,0.0,1.0,71,5,32,2950416,619430,1,3,650499
ps,3,1048576,200000.0,0.4,0.0,1.0,71,5,33,2905709,619430,1,3,635751
ps,3,1048576,200000.0,0.4,0.0,1.0,71,5,34,2896042,619430,1,3,613667
ps,3,1048576,200000.0,0.4,0.0,1.0,71,5,35,2824500,619430,1,3,603000
ps,3,1048576,200000.0,0.4,0.0,1.0,71,5,36,2934250,619430,1,3,596083
ps,3,1048576,200000.0,0.4,0.0,1.0,71,5,37,2887584,619430,1,3,649418
ps,3,1048576,200000.0,0.4,0.0,1.0,71,5,38,2948375,619430,1,3,650291
ps,3,1048576,200000.0,0.4,0.0,1.0,71,5,39,2953667,619430,1,3,661250
ps,3,1048576,200000.0,0.4,0.0,1.0,71,5,40,2925125,619430,1,3,600750
ps,3,1048576,200000.0,0.4,0.0,1.0,71,5,41,2883375,619430,1,3,607041
ps,3,1048576,200000.0,0.4,0.0,1.0,71,5,42,2946333,619430,1,3,650875
ps,3,1048576,200000.0,0.4,0.0,1.0,71,5,43,2890959,619430,1,3,601667
ps,3,1048576,200000.0,0.4,0.0,1.0,71,5,44,2919042,619430,1,3,607751
ps,3,1048576,200000.0,0.4,0.0,1.0,71,5,45,2886834,619430,1,3,623876
ps,3,1048576,200000.0,0.4,0.0,1.0,71,5,46,2935083,619430,1,3,613042
ps,3,1048576,200000.0,0.4,0.0,1.0,71,5,47,2889917,619430,1,3,621917
ps,3,1048576,200000.0,0.4,0.0,1.0,71,5,48,2900541,619430,1,3,649916
ps,3,1048576,200000.0,0.4,0.0,1.0,71,5,49,2946917,619430,1,3,626625
ps,3,1048576,200000.0,0.4,0.0,1.0,71,5,50,2970958,619430,1,3,625041
ps,3,1048576,200000.0,0.4,0.0,1.0,71,5,51,2838834,619430,1,3,627918
ps,3,1048576,200000.0,0.4,0.0,1.0,71,5,52,2879500,619430,1,3,626541
ps,3,1048576,200000.0,0.4,0.0,1.0,71,5,53,2813334,619430,1,3,608501
ps,3,1048576,200000.0,0.4,0.0,1.0,71,5,54,2812583,619430,1,3,580624
ps,3,1048576,200000.0,0.4,0.0,1.0,71,5,55,2807750,619430,1,3,623708
ps,3,1048576,200000.0,0.4,0.0,1.0,71,5,56,2790541,619430,1,3,604499
ps,3,1048576,200000.0,0.4,0.0,1.0,71,5,57,2841500,619430,1,3,628958
ps,3,1048576,200000.0,0.4,0.0,1.0,71,5,58,2865417,619430,1,3,621750
ps,3,1048576,200000.0,0.4,0.0,1.0,71,5,59,2804584,619430,1,3,650709
ps,3,1048576,200000.0,0.4,0.0,1.0,71,5,60,2835833,619430,1,3,633833
ps,3,1048576,200000.0,0.4,0.0,1.0,71,5,61,2835458,619430,1,3,626541
ps,3,1048576,200000.0,0.4,0.0,1.0,71,5,62,2846083,619430,1,3,619791
ps,3,1048576,200000.0,0.4,0.0,1.0,71,5,63,2832459,619430,1,3,615417
ps,3,1048576,200000.0,0.4,0.0,1.0,71,5,64,2842667,619430,1,3,582833
ps,3,1048576,200000.0,0.4,0.0,1.0,71,5,65,2822542,619430,1,3,613417
ps,3,1048576,200000.0,0.4,0.0,1.0,71,5,66,2829208,619430,1,3,606208
ps,3,1048576,200000.0,0.4,0.0,1.0,71,5,67,2799875,619430,1,3,646750
ps,3,1048576,200000.0,0.4,0.0,1.0,71,5,68,2839084,619430,1,3,630334
ps,3,1048576,200000.0,0.4,0.0,1.0,71,5,69,2821666,619430,1,3,615166
ps,3,1048576,200000.0,0.4,0.0,1.0,71,5,70,2850667,619430,1,3,632292
ps,3,1048576,200000.0,0.4,0.0,1.0,71,5,71,2888667,619430,1,3,650459
ps,3,1048576,200000.0,0.4,0.0,1.0,71,5,72,2790542,619430,1,3,621167
ps,3,1048576,200000.0,0.4,0.0,1.0,71,5,73,2771834,619430,1,3,603584
ps,3,1048576,200000.0,0.4,0.0,1.0,71,5,74,2822209,619430,1,3,622417
ps,3,1048576,200000.0,0.4,0.0,1.0,71,5,75,2752958,619430,1,3,526708
ps,3,1048576,200000.0,0.4,0.0,1.0,71,5,76,2848000,619430,1,3,637416
ps,3,1048576,200000.0,0.4,0.0,1.0,71,5,77,2819375,619430,1,3,637334
ps,3,1048576,200000.0,0.4,0.0,1.0,71,5,78,2827375,619430,1,3,644125
ps,3,1048576,200000.0,0.4,0.0,1.0,71,5,79,2808458,619430,1,3,603541
ps,3,1048576,200000.0,0.4,0.0,1.0,71,5,80,2776333,619430,1,3,584374
ps,3,1048576,200000.0,0.4,0.0,1.0,71,5,81,2806625,619430,1,3,621791
ps,3,1048576,200000.0,0.4,0.0,1.0,71,5,82,2873125,619430,1,3,623167
ps,3,1048576,200000.0,0.4,0.0,1.0,71,5,83,2980833,619430,1,3,724792
ps,3,1048576,200000.0,0.4,0.0,1.0,71,5,84,2986708,619430,1,3,692708
ps,3,1048576,200000.0,0.4,0.0,1.0,71,5,85,2877791,619430,1,3,635041
ps,3,1048576,200000.0,0.4,0.0,1.0,71,5,86,2878416,619430,1,3,626583
ps,3,1048576,200000.0,0.4,0.0,1.0,71,5,87,2820625,619430,1,3,622041
ps,3,1048576,200000.0,0.4,0.0,1.0,71,5,88,2812458,619430,1,3,586875
ps,3,1048576,200000.0,0.4,0.0,1.0,71,5,89,2912458,619430,1,3,671708
ps,3,1048576,200000.0,0.4,0.0,1.0,71,5,90,2885917,619430,1,3,638001
ps,3,1048576,200000.0,0.4,0.0,1.0,71,5,91,2837000,619430,1,3,617958
ps,3,1048576,200000.0,0.4,0.0,1.0,71,5,92,2886125,619430,1,3,641833
ps,3,1048576,200000.0,0.4,0.0,1.0,71,5,93,2950833,619430,1,3,615041
ps,3,1048576,200000.0,0.4,0.0,1.0,71,5,94,2962917,619430,1,3,641167
ps,3,1048576,200000.0,0.4,0.0,1.0,71,5,95,2928208,619430,1,3,619667
ps,3,1048576,200000.0,0.4,0.0,1.0,71,5,96,2899958,619430,1,3,634666
ps,3,1048576,200000.0,0.4,0.0,1.0,71,5,97,2968000,619430,1,3,667959
ps,3,1048576,200000.0,0.4,0.0,1.0,71,5,98,2981584,619430,1,3,620168
ps,3,1048576,200000.0,0.4,0.0,1.0,71,5,99,2927458,619430,1,3,611166
ps,3,1048576,200000.0,0.4,0.0,1.0,71,5,100,3001833,619430,1,3,588833
ps,3,1048576,200000.0,0.4,0.0,1.0,71,5,101,2946417,619430,1,3,632417
ps,3,1048576,200000.0,0.4,0.0,1.0,71,5,102,3020458,619430,1,3,659333
ps,3,1048576,200000.0,0.4,0.0,1.0,71,5,103,2906292,619430,1,3,617501
ps,3,1048576,200000.0,0.4,0.0,1.0,71,5,104,2958208,619430,1,3,626791
ps,3,1048576,200000.0,0.4,0.0,1.0,71,5,105,2899083,619430,1,3,574875
ps,3,1048576,200000.0,0.4,0.0,1.0,71,5,106,2904084,619430,1,3,633418
ps,3,1048576,200000.0,0.4,0.0,1.0,71,5,107,3139583,619430,1,3,633374
ps,3,1048576,200000.0,0.4,0.0,1.0,71,5,108,3172625,619430,1,3,598875
ps,3,1048576,200000.0,0.4,0.0,1.0,71,5,109,3158500,619430,1,3,564917
ps,3,1048576,200000.0,0.4,0.0,1.0,71,5,110,3005959,619430,1,3,603543
ps,3,1048576,200000.0,0.4,0.0,1.0,71,5,111,2974250,619430,1,3,498625
ps,3,1048576,200000.0,0.4,0.0,1.0,71,5,112,2884625,619430,1,3,612958
ps,3,1048576,200000.0,0.4,0.0,1.0,71,5,113,2918500,619430,1,3,624375
ps,3,1048576,200000.0,0.4,0.0,1.0,71,5,114,2786625,619430,1,3,607709
ps,3,1048576,200000.0,0.4,0.0,1.0,71,5,115,2792833,619430,1,3,617000
ps,3,1048576,200000.0,0.4,0.0,1.0,71,5,116,2746584,619430,1,3,605834
ps,3,1048576,200000.0,0.4,0.0,1.0,71,5,117,2822666,619430,1,3,642208
ps,3,1048576,200000.0,0.4,0.0,1.0,71,5,118,2823750,619430,1,3,617041
ps,3,1048576,200000.0,0.4,0.0,1.0,71,5,119,2800292,619430,1,3,632333
ps,3,1048576,200000.0,0.4,0.0,1.0,71,5,120,2779209,619430,1,3,616584
ps,3,1048576,200000.0,0.4,0.0,1.0,71,5,121,2797709,619430,1,3,632667
ps,3,1048576,200000.0,0.4,0.0,1.0,71,5,122,2775125,619430,1,3,620375
ps,3,1048576,200000.0,0.4,0.0,1.0,71,5,123,2793625,619430,1,3,597375
ps,3,1048576,200000.0,0.4,0.0,1.0,71,5,124,2792542,619430,1,3,611292
ps,3,1048576,200000.0,0.4,0.0,1.0,71,5,125,2819500,619430,1,3,623167
ps,3,1048576,200000.0,0.4,0.0,1.0,71,5,126,2782916,619430,1,3,598833
ps,3,1048576,200000.0,0.4,0.0,1.0,71,5,127,2785667,619430,1,3,647459
ps,3,1048576,200000.0,0.4,0.0,1.0,71,5,128,2831333,619430,1,3,651125
ps,3,1048576,200000.0,0.4,0.0,1.0,71,5,129,2810208,619430,1,3,592500
ps,3,1048576,200000.0,0.4,0.0,1.0,71,5,130,2797417,619430,1,3,622500
ps,3,1048576,200000.0,0.4,0.0,1.0,71,5,131,2822458,619430,1,3,616458
ps,3,1048576,200000.0,0.4,0.0,1.0,71,5,132,2810959,619430,1,3,614459
ps,3,1048576,200000.0,0.4,0.0,1.0,71,5,133,2840416,619430,1,3,629375
ps,3,1048576,200000.0,0.4,0.0,1.0,71,5,134,2764625,619430,1,3,598958
ps,3,1048576,200000.0,0.4,0.0,1.0,71,5,135,2797750,619430,1,3,618416
ps,3,1048576,200000.0,0.4,0.0,1.0,71,5,136,2811334,619430,1,3,642168
ps,3,1048576,200000.0,0.4,0.0,1.0,71,5,137,2818500,619430,1,3,665709
ps,3,1048576,200000.0,0.4,0.0,1.0,71,5,138,2861167,619430,1,3,608459
ps,3,1048576,200000.0,0.4,0.0,1.0,71,5,139,2807208,619430,1,3,607083
ps,3,1048576,200000.0,0.4,0.0,1.0,71,5,140,2817959,619430,1,3,619500
ps,3,1048576,200000.0,0.4,0.0,1.0,71,5,141,2801834,619430,1,3,600001
ps,3,1048576,200000.0,0.4,0.0,1.0,71,5,142,2796708,619430,1,3,636666
ps,3,1048576,200000.0,0.4,0.0,1.0,71,5,143,2806792,619430,1,3,614333
ps,3,1048576,200000.0,0.4,0.0,1.0,71,5,144,2825250,619430,1,3,617875
ps,3,1048576,200000.0,0.4,0.0,1.0,71,5,145,2858958,619430,1,3,612333
ps,3,1048576,200000.0,0.4,0.0,1.0,71,5,146,2784708,619430,1,3,605833
ps,3,1048576,200000.0,0.4,0.0,1.0,71,5,147,2860875,619430,1,3,651250
ps,3,1048576,200000.0,0.4,0.0,1.0,71,5,148,2797917,619430,1,3,641375
ps,3,1048576,200000.0,0.4,0.0,1.0,71,5,149,2798542,619430,1,3,659209
ps,3,1048576,200000.0,0.4,0.0,1.0,71,5,150,2831375,619430,1,3,605625
ps,3,1048576,200000.0,0.4,0.0,1.0,71,5,151,2773541,619430,1,3,599208
ps,3,1048576,200000.0,0.4,0.0,1.0,71,5,152,2859167,619430,1,3,591709
ps,3,1048576,200000.0,0.4,0.0,1.0,71,5,153,2810750,619430,1,3,646250
ps,3,1048576,200000.0,0.4,0.0,1.0,71,5,154,2836875,619430,1,3,663083
ps,3,1048576,200000.0,0.4,0.0,1.0,71,5,155,2825792,619430,1,3,615792
ps,3,1048576,200000.0,0.4,0.0,1.0,71,5,156,2803458,619430,1,3,604375
ps,3,1048576,200000.0,0.4,0.0,1.0,71,5,157,2824750,619430,1,3,628709
ps,3,1048576,200000.0,0.4,0.0,1.0,71,5,158,2761542,619430,1,3,622084
ps,3,1048576,200000.0,0.4,0.0,1.0,71,5,159,2729209,619430,1,3,582167
ps,3,1048576,200000.0,0.4,0.0,1.0,71,5,160,2796791,619430,1,3,636791
ps,3,1048576,200000.0,0.4,0.0,1.0,71,5,161,2849250,619430,1,3,635041
ps,3,1048576,200000.0,0.4,0.0,1.0,71,5,162,2825041,619430,1,3,594166
ps,3,1048576,200000.0,0.4,0.0,1.0,71,5,163,2808041,619430,1,3,644499
ps,3,1048576,200000.0,0.4,0.0,1.0,71,5,164,2857125,619430,1,3,643541
ps,3,1048576,200000.0,0.4,0.0,1.0,71,5,165,2797375,619430,1,3,635084
ps,3,1048576,200000.0,0.4,0.0,1.0,71,5,166,2784000,619430,1,3,604584
ps,3,1048576,200000.0,0.4,0.0,1.0,71,5,167,2808125,619430,1,3,618667
ps,3,1048576,200000.0,0.4,0.0,1.0,71,5,168,2796792,619430,1,3,624126
ps,3,1048576,200000.0,0.4,0.0,1.0,71,5,169,2798333,619430,1,3,617833
ps,3,1048576,200000.0,0.4,0.0,1.0,71,5,170,2760125,619430,1,3,617583
ps,3,1048576,200000.0,0.4,0.0,1.0,71,5,171,2782292,619430,1,3,589042
ps,3,1048576,200000.0,0.4,0.0,1.0,71,5,172,2834709,619430,1,3,643834
ps,3,1048576,200000.0,0.4,0.0,1.0,71,5,173,2816375,619430,1,3,637875
ps,3,1048576,200000.0,0.4,0.0,1.0,71,5,174,2789334,619430,1,3,613917
ps,3,1048576,200000.0,0.4,0.0,1.0,71,5,175,2777125,619430,1,3,632625
ps,3,1048576,200000.0,0.4,0.0,1.0,71,5,176,2796584,619430,1,3,619042
ps,3,1048576,200000.0,0.4,0.0,1.0,71,5,177,2769625,619430,1,3,638958
ps,3,1048576,200000.0,0.4,0.0,1.0,71,5,178,2834750,619430,1,3,665708
ps,3,1048576,200000.0,0.4,0.0,1.0,71,5,179,2843459,619430,1,3,650126
ps,3,1048576,200000.0,0.4,0.0,1.0,71,5,180,2806916,619430,1,3,614749
ps,3,1048576,200000.0,0.4,0.0,1.0,71,5,181,2799041,619430,1,3,634833
ps,3,1048576,200000.0,0.4,0.0,1.0,71,5,182,2771375,619430,1,3,637875
ps,3,1048576,200000.0,0.4,0.0,1.0,71,5,183,2805750,619430,1,3,630250
ps,3,1048576,200000.0,0.4,0.0,1.0,71,5,184,2821250,619430,1,3,618291
ps,3,1048576,200000.0,0.4,0.0,1.0,71,5,185,2794625,619430,1,3,616375
ps,3,1048576,200000.0,0.4,0.0,1.0,71,5,186,2854167,619430,1,3,580376
ps,3,1048576,200000.0,0.4,0.0,1.0,71,5,187,2860125,619430,1,3,610333
ps,3,1048576,200000.0,0.4,0.0,1.0,71,5,188,2787167,619430,1,3,602376
ps,3,1048576,200000.0,0.4,0.0,1.0,71,5,189,2837042,619430,1,3,621709
ps,3,1048576,200000.0,0.4,0.0,1.0,71,5,190,2779125,619430,1,3,611542
ps,3,1048576,200000.0,0.4,0.0,1.0,71,5,191,2752000,619430,1,3,610333
ps,3,1048576,200000.0,0.4,0.0,1.0,71,5,192,2769875,619430,1,3,606916
ps,3,1048576,200000.0,0.4,0.0,1.0,71,5,193,2771917,619430,1,3,625084
ps,3,1048576,200000.0,0.4,0.0,1.0,71,5,194,2824875,619430,1,3,624375
ps,3,1048576,200000.0,0.4,0.0,1.0,71,5,195,2844167,619430,1,3,613125
ps,3,1048576,200000.0,0.4,0.0,1.0,71,5,196,2802291,619430,1,3,613333
ps,3,1048576,200000.0,0.4,0.0,1.0,71,5,197,2808916,619430,1,3,597957
ps,3,1048576,200000.0,0.4,0.0,1.0,71,5,198,2862625,619430,1,3,667541
ps,3,1048576,200000.0,0.4,0.0,1.0,71,5,199,2838208,619430,1,3,611250
ps,3,1048576,200000.0,0.4,0.0,1.0,71,5,200,2861584,619430,1,3,647000
ps,3,1048576,200000.0,0.4,0.0,1.0,71,5,201,2778167,619430,1,3,587001
ps,3,1048576,200000.0,0.4,0.0,1.0,71,5,202,2824959,619430,1,3,613668
ps,3,1048576,200000.0,0.4,0.0,1.0,71,5,203,2873583,619430,1,3,662375
ps,3,1048576,200000.0,0.4,0.0,1.0,71,5,204,2822959,619430,1,3,623043
ps,3,1048576,200000.0,0.4,0.0,1.0,71,5,205,2860750,619430,1,3,599708
ps,3,1048576,200000.0,0.4,0.0,1.0,71,5,206,2815125,619430,1,3,614792
ps,3,1048576,200000.0,0.4,0.0,1.0,71,5,207,2838125,619430,1,3,627459
ps,3,1048576,200000.0,0.4,0.0,1.0,71,5,208,2807708,619430,1,3,614125
ps,3,1048576,200000.0,0.4,0.0,1.0,71,5,209,2840000,619430,1,3,644750
ps,3,1048576,200000.0,0.4,0.0,1.0,71,5,210,2806167,619430,1,3,661750
ps,3,1048576,200000.0,0.4,0.0,1.0,71,5,211,2826042,619430,1,3,640000
ps,3,1048576,200000.0,0.4,0.0,1.0,71,5,212,2821166,619430,1,3,617916
ps,3,1048576,200000.0,0.4,0.0,1.0,71,5,213,2838625,619430,1,3,628709
ps,3,1048576,200000.0,0.4,0.0,1.0,71,5,214,2784875,619430,1,3,610959
ps,3,1048576,200000.0,0.4,0.0,1.0,71,5,215,2770041,619430,1,3,597249
ps,3,1048576,200000.0,0.4,0.0,1.0,71,5,216,2764625,619430,1,3,611209
ps,3,1048576,200000.0,0.4,0.0,1.0,71,5,217,2806500,619430,1,3,600625
ps,3,1048576,200000.0,0.4,0.0,1.0,71,5,218,2800792,619430,1,3,635751
ps,3,1048576,200000.0,0.4,0.0,1.0,71,5,219,2803041,619430,1,3,652582
ps,3,1048576,200000.0,0.4,0.0,1.0,71,5,220,2767333,619430,1,3,611291
ps,3,1048576,200000.0,0.4,0.0,1.0,71,5,221,2859750,619430,1,3,629875
ps,3,1048576,200000.0,0.4,0.0,1.0,71,5,222,2810500,619430,1,3,639667
ps,3,1048576,200000.0,0.4,0.0,1.0,71,5,223,2838458,619430,1,3,615542
ps,3,1048576,200000.0,0.4,0.0,1.0,71,5,224,2795083,619430,1,3,600583
ps,3,1048576,200000.0,0.4,0.0,1.0,71,5,225,2805833,619430,1,3,605499
ps,3,1048576,200000.0,0.4,0.0,1.0,71,5,226,2782750,619430,1,3,643958
ps,3,1048576,200000.0,0.4,0.0,1.0,71,5,227,2810292,619430,1,3,619834
ps,3,1048576,200000.0,0.4,0.0,1.0,71,5,228,2780792,619430,1,3,608584
ps,3,1048576,200000.0,0.4,0.0,1.0,71,5,229,2818417,619430,1,3,648459
ps,3,1048576,200000.0,0.4,0.0,1.0,71,5,230,2821750,619430,1,3,622416
ps,3,1048576,200000.0,0.4,0.0,1.0,71,5,231,2863791,619430,1,3,639583
ps,3,1048576,200000.0,0.4,0.0,1.0,71,5,232,2906333,619430,1,3,664208
ps,3,1048576,200000.0,0.4,0.0,1.0,71,5,233,2792292,619430,1,3,596750
ps,3,1048576,200000.0,0.4,0.0,1.0,71,5,234,2785125,619430,1,3,595041
ps,3,1048576,200000.0,0.4,0.0,1.0,71,5,235,2850041,619430,1,3,644916
ps,3,1048576,200000.0,0.4,0.0,1.0,71,5,236,2804208,619430,1,3,639624
ps,3,1048576,200000.0,0.4,0.0,1.0,71,5,237,2842916,619430,1,3,615916
ps,3,1048576,200000.0,0.4,0.0,1.0,71,5,238,2811791,619430,1,3,648791
ps,3,1048576,200000.0,0.4,0.0,1.0,71,5,239,2808917,619430,1,3,604542
ps,3,1048576,200000.0,0.4,0.0,1.0,71,5,240,2809917,619430,1,3,617126
ps,3,1048576,200000.0,0.4,0.0,1.0,71,5,241,2820334,619430,1,3,629584
ps,3,1048576,200000.0,0.4,0.0,1.0,71,5,242,2775458,619430,1,3,637124
ps,3,1048576,200000.0,0.4,0.0,1.0,71,5,243,2864875,619430,1,3,637708
ps,3,1048576,200000.0,0.4,0.0,1.0,71,5,244,2800875,619430,1,3,632250
ps,3,1048576,200000.0,0.4,0.0,1.0,71,5,245,2820292,619430,1,3,611542
ps,3,1048576,200000.0,0.4,0.0,1.0,71,5,246,2818167,619430,1,3,622500
ps,3,1048576,200000.0,0.4,0.0,1.0,71,5,247,2810375,619430,1,3,616709
ps,3,1048576,200000.0,0.4,0.0,1.0,71,5,248,2789666,619430,1,3,617791
ps,3,1048576,200000.0,0.4,0.0,1.0,71,5,249,2799500,619430,1,3,652167
