algo,world_size,nbytes,alpha_ns,beta_ns_per_byte,jitter_q,jitter_k,jitter_seed,trial,iter,duration_ns,injected_ns,messages,ranks_observed,spread_ns
ps,3,1048576,200000.0,0.4,0.0,1.0,89,0,0,2754917,619430,1,3,600875
ps,3,1048576,200000.0,0.4,0.0,1.0,89,0,1,2660750,619430,1,3,623709
ps,3,1048576,200000.0,0.4,0.0,1.0,89,0,2,2640958,619430,1,3,610208
ps,3,1048576,200000.0,0.4,0.0,1.0,89,0,3,2673708,619430,1,3,632333
ps,3,1048576,200000.0,0.4,0.0,1.0,89,0,4,2584042,619430,1,3,616583
ps,3,1048576,200000.0,0.4,0.0,1.0,89,0,5,2609166,619430,1,3,635916
ps,3,1048576,200000.0,0.4,0.0,1.0,89,0,6,2630750,619430,1,3,631542
ps,3,1048576,200000.0,0.4,0.0,1.0,89,0,7,2670375,619430,1,3,636542
ps,3,1048576,200000.0,0.4,0.0,1.0,89,0,8,2628125,619430,1,3,627375
ps,3,1048576,200000.0,0.4,0.0,1.0,89,0,9,2599000,619430,1,3,636500
ps,3,1048576,200000.0,0.4,0.0,1.0,89,0,10,2630542,619430,1,3,602959
ps,3,1048576,200000.0,0.4,0.0,1.0,89,0,11,2692541,619430,1,3,651291
ps,3,1048576,200000.0,0.4,0.0,1.0,89,0,12,2746250,619430,1,3,626042
ps,3,1048576,200000.0,0.4,0.0,1.0,89,0,13,2683709,619430,1,3,595001
ps,3,1048576,200000.0,0.4,0.0,1.0,89,0,14,2762458,619430,1,3,569791
ps,3,1048576,200000.0,0.4,0.0,1.0,89,0,15,2719708,619430,1,3,637083
ps,3,1048576,200000.0,0.4,0.0,1.0,89,0,16,2681083,619430,1,3,621125
ps,3,1048576,200000.0,0.4,0.0,1.0,89,0,17,2686583,619430,1,3,632750
ps,3,1048576,200000.0,0.4,0.0,1.0,89,0,18,2695333,619430,1,3,622583
ps,3,1048576,200000.0,0.4,0.0,1.0,89,0,19,2656916,619430,1,3,604208
ps,3,1048576,200000.0,0.4,0.0,1.0,89,0,20,2707916,619430,1,3,612541
ps,3,1048576,200000.0,0.4,0.0,1.0,89,0,21,2736417,619430,1,3,621292
ps,3,1048576,200000.0,0.4,0.0,1.0,89,0,22,2709625,619430,1,3,621875
ps,3,1048576,200000.0,0.4,0.0,1.0,89,0,23,2709625,619430,1,3,606708
ps,3,1048576,200000.0,0.4,0.0,1.0,89,0,24,2696750,619430,1,3,596375
ps,3,1048576,200000.0,0.4,0.0,1.0,89,0,25,2684583,619430,1,3,613458
ps,3,1048576,200000.0,0.4,0.0,1.0,89,0,26,2657750,619430,1,3,591083
ps,3,1048576,200000.0,0.4,0.0,1.0,89,0,27,2747666,619430,1,3,623291
ps,3,1048576,200000.0,0.4,0.0,1.0,89,0,28,2700834,619430,1,3,653126
ps,3,1048576,200000.0,0.4,0.0,1.0,89,0,29,2859083,619430,1,3,619625
ps,3,1048576,200000.0,0.4,0.0,1.0,89,0,30,7964667,619430,1,3,885501
ps,3,1048576,200000.0,0.4,0.0,1.0,89,0,31,3435875,1238860,2,3,540667
ps,3,1048576,200000.0,0.4,0.0,1.0,89,0,32,3438750,619430,1,3,695083
ps,3,1048576,200000.0,0.4,0.0,1.0,89,0,33,6099625,619430,1,3,542584
ps,3,1048576,200000.0,0.4,0.0,1.0,89,0,34,2784000,1238860,2,3,561583
ps,3,1048576,200000.0,0.4,0.0,1.0,89,0,35,2844958,619430,1,3,630208
ps,3,1048576,200000.0,0.4,0.0,1.0,89,0,36,4758834,619430,1,3,385542
ps,3,1048576,200000.0,0.4,0.0,1.0,89,0,37,2882791,619430,1,3,346958
ps,3,1048576,200000.0,0.4,0.0,1.0,89,0,38,5701167,1238860,2,3,1307709
ps,3,1048576,200000.0,0.4,0.0,1.0,89,0,39,4534083,1238860,2,3,1032083
ps,3,1048576,200000.0,0.4,0.0,1.0,89,0,40,4017792,619430,1,3,1152542
ps,3,1048576,200000.0,0.4,0.0,1.0,89,0,41,2780042,619430,1,3,611333
ps,3,1048576,200000.0,0.4,0.0,1.0,89,0,42,2847958,619430,1,3,584583
ps,3,1048576,200000.0,0.4,0.0,1.0,89,0,43,2784459,619430,1,3,600459
ps,3,1048576,200000.0,0.4,0.0,1.0,89,0,44,2729458,619430,1,3,643333
ps,3,1048576,200000.0,0.4,0.0,1.0,89,0,45,2719167,619430,1,3,679001
ps,3,1048576,200000.0,0.4,0.0,1.0,89,0,46,2691000,619430,1,3,619750
ps,3,1048576,200000.0,0.4,0.0,1.0,89,0,47,2650459,619430,1,3,625292
ps,3,1048576,200000.0,0.4,0.0,1.0,89,0,48,2647375,619430,1,3,636708
ps,3,1048576,200000.0,0.4,0.0,1.0,89,0,49,2694750,619430,1,3,630833
ps,3,1048576,200000.0,0.4,0.0,1.0,89,0,50,2752167,619430,1,3,651375
ps,3,1048576,200000.0,0.4,0.0,1.0,89,0,51,2703709,619430,1,3,618084
ps,3,1048576,200000.0,0.4,0.0,1.0,89,0,52,2731208,619430,1,3,636625
ps,3,1048576,200000.0,0.4,0.0,1.0,89,0,53,2649667,619430,1,3,615751
ps,3,1048576,200000.0,0.4,0.0,1.0,89,0,54,2658709,619430,1,3,646250
ps,3,1048576,200000.0,0.4,0.0,1.0,89,0,55,2656250,619430,1,3,592750
ps,3,1048576,200000.0,0.4,0.0,1.0,89,0,56,2682000,619430,1,3,607333
ps,3,1048576,200000.0,0.4,0.0,1.0,89,0,57,2718166,619430,1,3,642374
ps,3,1048576,200000.0,0.4,0.0,1.0,89,0,58,2668542,619430,1,3,604584
ps,3,1048576,200000.0,0.4,0.0,1.0,89,0,59,2678292,619430,1,3,622459
ps,3,1048576,200000.0,0.4,0.0,1.0,89,0,60,2650500,619430,1,3,633709
ps,3,1048576,200000.0,0.4,0.0,1.0,89,0,61,2692500,619430,1,3,604292
ps,3,1048576,200000.0,0.4,0.0,1.0,89,0,62,2710416,619430,1,3,620833
ps,3,1048576,200000.0,0.4,0.0,1.0,89,0,63,2713792,619430,1,3,612417
ps,3,1048576,200000.0,0.4,0.0,1.0,89,0,64,2757709,619430,1,3,598959
ps,3,1048576,200000.0,0.4,0.0,1.0,89,0,65,2700125,619430,1,3,655541
ps,3,1048576,200000.0,0.4,0.0,1.0,89,0,66,2664083,619430,1,3,606416
ps,3,1048576,200000.0,0.4,0.0,1.0,89,0,67,2690375,619430,1,3,607292
ps,3,1048576,200000.0,0.4,0.0,1.0,89,0,68,2662500,619430,1,3,602750
ps,3,1048576,200000.0,0.4,0.0,1.0,89,0,69,2665583,619430,1,3,608333
ps,3,1048576,200000.0,0.4,0.0,1.0,89,0,70,2701208,619430,1,3,643291
ps,3,1048576,200000.0,0.4,0.0,1.0,89,0,71,2730292,619430,1,3,648625
ps,3,1048576,200000.0,0.4,0.0,1.0,89,0,72,2718750,619430,1,3,614666
ps,3,1048576,200000.0,0.4,0.0,1.0,89,0,73,2748416,619430,1,3,633458
ps,3,1048576,200000.0,0.4,0.0,1.0,89,0,74,2648833,619430,1,3,624208
ps,3,1048576,200000.0,0.4,0.0,1.0,89,0,75,2691667,619430,1,3,634751
ps,3,1048576,200000.0,0.4,0.0,1.0,89,0,76,2653875,619430,1,3,653125
ps,3,1048576,200000.0,0.4,0.0,1.0,89,0,77,2644375,619430,1,3,652042
ps,3,1048576,200000.0,0.4,0.0,1.0,89,0,78,2662250,619430,1,3,621208
ps,3,1048576,200000.0,0.4,0.0,1.0,89,0,79,2702958,619430,1,3,651291
ps,3,1048576,200000.0,0.4,0.0,1.0,89,0,80,2700791,619430,1,3,662958
ps,3,1048576,200000.0,0.4,0.0,1.0,89,0,81,2664000,619430,1,3,615625
ps,3,1048576,200000.0,0.4,0.0,1.0,89,0,82,2624250,619430,1,3,627625
ps,3,1048576,200000.0,0.4,0.0,1.0,89,0,83,2653875,619430,1,3,556416
ps,3,1048576,200000.0,0.4,0.0,1.0,89,0,84,2690375,619430,1,3,632500
ps,3,1048576,200000.0,0.4,0.0,1.0,89,0,85,2646541,619430,1,3,652374
ps,3,1048576,200000.0,0.4,0.0,1.0,89,0,86,2640417,619430,1,3,619208
ps,3,1048576,200000.0,0.4,0.0,1.0,89,0,87,2665334,619430,1,3,628626
ps,3,1048576,200000.0,0.4,0.0,1.0,89,0,88,2638875,619430,1,3,660958
ps,3,1048576,200000.0,0.4,0.0,1.0,89,0,89,2685708,619430,1,3,625083
ps,3,1048576,200000.0,0.4,0.0,1.0,89,0,90,2698000,619430,1,3,625833
ps,3,1048576,200000.0,0.4,0.0,1.0,89,0,91,2644542,619430,1,3,628584
ps,3,1048576,200000.0,0.4,0.0,1.0,89,0,92,2644875,619430,1,3,613875
ps,3,1048576,200000.0,0.4,0.0,1.0,89,0,93,2680083,619430,1,3,658208
ps,3,1048576,200000.0,0.4,0.0,1.0,89,0,94,2626791,619430,1,3,616791
ps,3,1048576,200000.0,0.4,0.0,1.0,89,0,95,2653708,619430,1,3,630292
ps,3,1048576,200000.0,0.4,0.0,1.0,89,0,96,2638750,619430,1,3,596917
ps,3,1048576,200000.0,0.4,0.0,1.0,89,0,97,2629625,619430,1,3,655958
ps,3,1048576,200000.0,0.4,0.0,1.0,89,0,98,2913584,619430,1,3,725042
ps,3,1048576,200000.0,0.4,0.0,1.0,89,0,99,2728250,619430,1,3,600459
ps,3,1048576,200000.0,0.4,0.0,1.0,89,0,100,2660167,619430,1,3,596334
ps,3,1048576,200000.0,0.4,0.0,1.0,89,0,101,2672750,619430,1,3,593042
ps,3,1048576,200000.0,0.4,0.0,1.0,89,0,102,2654791,619430,1,3,610332
ps,3,1048576,200000.0,0.4,0.0,1.0,89,0,103,2637875,619430,1,3,655500
ps,3,1048576,200000.0,0.4,0.0,1.0,89,0,104,2619667,619430,1,3,599625
ps,3,1048576,200000.0,0.4,0.0,1.0,89,0,105,2614292,619430,1,3,581334
ps,3,1048576,200000.0,0.4,0.0,1.0,89,0,106,2654167,619430,1,3,640583
ps,3,1048576,200000.0,0.4,0.0,1.0,89,0,107,2652208,619430,1,3,633666
ps,3,1048576,200000.0,0.4,0.0,1.0,89,0,108,2676708,619430,1,3,609541
ps,3,1048576,200000.0,0.4,0.0,1.0,89,0,109,2648958,619430,1,3,607708
ps,3,1048576,200000.0,0.4,0.0,1.0,89,0,110,2772875,619430,1,3,617625
ps,3,1048576,200000.0,0.4,0.0,1.0,89,0,111,2789125,619430,1,3,627792
ps,3,1048576,200000.0,0.4,0.0,1.0,89,0,112,2732166,619430,1,3,619208
ps,3,1048576,200000.0,0.4,0.0,1.0,89,0,113,2743000,619430,1,3,618125
ps,3,1048576,200000.0,0.4,0.0,1.0,89,0,114,2794625,619430,1,3,621917
ps,3,1048576,200000.0,0.4,0.0,1.0,89,0,115,2786250,619430,1,3,661458
ps,3,1048576,200000.0,0.4,0.0,1.0,89,0,116,2769708,619430,1,3,633458
ps,3,1048576,200000.0,0.4,0.0,1.0,89,0,117,2682208,619430,1,3,639124
ps,3,1048576,200000.0,0.4,0.0,1.0,89,0,118,2743292,619430,1,3,657542
ps,3,1048576,200000.0,0.4,0.0,1.0,89,0,119,2761334,619430,1,3,635709
ps,3,1048576,200000.0,0.4,0.0,1.0,89,0,120,2741000,619430,1,3,600000
ps,3,1048576,200000.0,0.4,0.0,1.0,89,0,121,2713667,619430,1,3,587667
ps,3,1048576,200000.0,0.4,0.0,1.0,89,0,122,2762000,619430,1,3,648666
ps,3,1048576,200000.0,0.4,0.0,1.0,89,0,123,2789417,619430,1,3,609042
ps,3,1048576,200000.0,0.4,0.0,1.0,89,0,124,2733458,619430,1,3,603833
ps,3,1048576,200000.0,0.4,0.0,1.0,89,0,125,2737125,619430,1,3,626708
ps,3,1048576,200000.0,0.4,0.0,1.0,89,0,126,2663625,619430,1,3,613666
ps,3,1048576,200000.0,0.4,0.0,1.0,89,0,127,2693291,619430,1,3,616833
ps,3,1048576,200000.0,0.4,0.0,1.0,89,0,128,2643167,619430,1,3,622250
ps,3,1048576,200000.0,0.4,0.0,1.0,89,0,129,2693833,619430,1,3,630417
ps,3,1048576,200000.0,0.4,0.0,1.0,89,0,130,2652417,619430,1,3,575584
ps,3,1048576,200000.0,0.4,0.0,1.0,89,0,131,2648916,619430,1,3,619249
ps,3,1048576,200000.0,0.4,0.0,1.0,89,0,132,2743125,619430,1,3,649792
ps,3,1048576,200000.0,0.4,0.0,1.0,89,0,133,2690000,619430,1,3,640709
ps,3,1048576,200000.0,0.4,0.0,1.0,89,0,134,2692750,619430,1,3,608583
ps,3,1048576,200000.0,0.4,0.0,1.0,89,0,135,2687083,619430,1,3,639958
ps,3,1048576,200000.0,0.4,0.0,1.0,89,0,136,2650417,619430,1,3,617958
ps,3,1048576,200000.0,0.4,0.0,1.0,89,0,137,2623333,619430,1,3,587541
ps,3,1048576,200000.0,0.4,0.0,1.0,89,0,138,2654125,619430,1,3,577125
ps,3,1048576,200000.0,0.4,0.0,1.0,89,0,139,2692666,619430,1,3,616583
ps,3,1048576,200000.0,0.4,0.0,1.0,89,0,140,2634542,619430,1,3,601083
ps,3,1048576,200000.0,0.4,0.0,1.0,89,0,141,2679916,619430,1,3,615291
ps,3,1048576,200000.0,0.4,0.0,1.0,89,0,142,2708375,619430,1,3,642208
ps,3,1048576,200000.0,0.4,0.0,1.0,89,0,143,2699833,619430,1,3,596374
ps,3,1048576,200000.0,0.4,0.0,1.0,89,0,144,2646291,619430,1,3,613125
ps,3,1048576,200000.0,0.4,0.0,1.0,89,0,145,2657083,619430,1,3,616666
ps,3,1048576,200000.0,0.4,0.0,1.0,89,0,146,2678750,619430,1,3,625000
ps,3,1048576,200000.0,0.4,0.0,1.0,89,0,147,2635667,619430,1,3,622750
ps,3,1048576,200000.0,0.4,0.0,1.0,89,0,148,2707875,619430,1,3,655125
ps,3,1048576,200000.0,0.4,0.0,1.0,89,0,149,2662000,619430,1,3,623167
ps,3,1048576,200000.0,0.4,0.0,1.0,89,0,150,2646958,619430,1,3,642499
ps,3,1048576,200000.0,0.4,0.0,1.0,89,0,151,2635042,619430,1,3,583458
ps,3,1048576,200000.0,0.4,0.0,1.0,89,0,152,2618542,619430,1,3,569167
ps,3,1048576,200000.0,0.4,0.0,1.0,89,0,153,2632834,619430,1,3,629709
ps,3,1048576,200000.0,0.4,0.0,1.0,89,0,154,2716917,619430,1,3,621458
ps,3,1048576,200000.0,0.4,0.0,1.0,89,0,155,2651500,619430,1,3,633459
ps,3,1048576,200000.0,0.4,0.0,1.0,89,0,156,2606208,619430,1,3,632208
ps,3,1048576,200000.0,0.4,0.0,1.0,89,0,157,2611208,619430,1,3,627875
ps,3,1048576,200000.0,0.4,0.0,1.0,89,0,158,2625416,619430,1,3,633791
ps,3,1048576,200000.0,0.4,0.0,1.0,89,0,159,2623167,619430,1,3,600167
ps,3,1048576,200000.0,0.4,0.0,1.0,89,0,160,2615041,619430,1,3,599291
ps,3,1048576,200000.0,0.4,0.0,1.0,89,0,161,2638041,619430,1,3,624791
ps,3,1048576,200000.0,0.4,0.0,1.0,89,0,162,2641958,619430,1,3,623208
ps,3,1048576,200000.0,0.4,0.0,1.0,89,0,163,2606416,619430,1,3,620625
ps,3,1048576,200000.0,0.4,0.0,1.0,89,0,164,2669209,619430,1,3,644500
ps,3,1048576,200000.0,0.4,0.0,1.0,89,0,165,2640250,619430,1,3,608125
ps,3,1048576,200000.0,0.4,0.0,1.0,89,0,166,2612166,619430,1,3,581083
ps,3,1048576,200000.0,0.4,0.0,1.0,89,0,167,2636583,619430,1,3,577708
ps,3,1048576,200000.0,0.4,0.0,1.0,89,0,168,2681000,619430,1,3,646083
ps,3,1048576,200000.0,0.4,0.0,1.0,89,0,169,2664083,619430,1,3,614083
ps,3,1048576,200000.0,0.4,0.0,1.0,89,0,170,2658167,619430,1,3,631000
ps,3,1048576,200000.0,0.4,0.0,1.0,89,0,171,2631250,619430,1,3,628917
ps,3,1048576,200000.0,0.4,0.0,1.0,89,0,172,2618500,619430,1,3,614250
ps,3,1048576,200000.0,0.4,0.0,1.0,89,0,173,2638542,619430,1,3,610834
ps,3,1048576,200000.0,0.4,0.0,1.0,89,0,174,2623167,619430,1,3,620834
ps,3,1048576,200000.0,0.4,0.0,1.0,89,0,175,2644542,619430,1,3,635542
ps,3,1048576,200000.0,0.4,0.0,1.0,89,0,176,2687750,619430,1,3,625833
ps,3,1048576,200000.0,0.4,0.0,1.0,89,0,177,2629917,619430,1,3,596917
ps,3,1048576,200000.0,0.4,0.0,1.0,89,0,178,2647250,619430,1,3,624167
ps,3,1048576,200000.0,0.4,0.0,1.0,89,0,179,2613250,619430,1,3,629500
ps,3,1048576,200000.0,0.4,0.0,1.0,89,0,180,2632666,619430,1,3,637749
ps,3,1048576,200000.0,0.4,0.0,1.0,89,0,181,2633042,619430,1,3,615417
ps,3,1048576,200000.0,0.4,0.0,1.0,89,0,182,2652417,619430,1,3,629292
ps,3,1048576,200000.0,0.4,0.0,1.0,89,0,183,2678792,619430,1,3,635834
ps,3,1048576,200000.0,0.4,0.0,1.0,89,0,184,2658208,619430,1,3,654417
ps,3,1048576,200000.0,0.4,0.0,1.0,89,0,185,2604833,619430,1,3,611916
ps,3,1048576,200000.0,0.4,0.0,1.0,89,0,186,2614708,619430,1,3,605125
ps,3,1048576,200000.0,0.4,0.0,1.0,89,0,187,2647000,619430,1,3,607708
ps,3,1048576,200000.0,0.4,0.0,1.0,89,0,188,2668084,619430,1,3,606001
ps,3,1048576,200000.0,0.4,0.0,1.0,89,0,189,2648250,619430,1,3,590833
ps,3,1048576,200000.0,0.4,0.0,1.0,89,0,190,2660000,619430,1,3,601792
ps,3,1048576,200000.0,0.4,0.0,1.0,89,0,191,2653667,619430,1,3,642834
ps,3,1048576,200000.0,0.4,0.0,1.0,89,0,192,2680583,619430,1,3,592792
ps,3,1048576,200000.0,0.4,0.0,1.0,89,0,193,2685666,619430,1,3,614207
ps,3,1048576,200000.0,0.4,0.0,1.0,89,0,194,2661500,619430,1,3,572250
ps,3,1048576,200000.0,0.4,0.0,1.0,89,0,195,2690209,619430,1,3,609376
ps,3,1048576,200000.0,0.4,0.0,1.0,89,0,196,2599625,619430,1,3,596500
ps,3,1048576,200000.0,0.4,0.0,1.0,89,0,197,2664750,619430,1,3,647208
ps,3,1048576,200000.0,0.4,0.0,1.0,89,0,198,2643083,619430,1,3,619791
ps,3,1048576,200000.0,0.4,0.0,1.0,89,0,199,2628709,619430,1,3,649167
ps,3,1048576,200000.0,0.4,0.0,1.0,89,0,200,2627708,619430,1,3,634166
ps,3,1048576,200000.0,0.4,0.0,1.0,89,0,201,2656583,619430,1,3,617874
ps,3,1048576,200000.0,0.4,0.0,1.0,89,0,202,2667000,619430,1,3,637209
ps,3,1048576,200000.0,0.4,0.0,1.0,89,0,203,2669458,619430,1,3,618375
ps,3,1048576,200000.0,0.4,0.0,1.0,89,0,204,2606833,619430,1,3,599167
ps,3,1048576,200000.0,0.4,0.0,1.0,89,0,205,2623167,619430,1,3,624001
ps,3,1048576,200000.0,0.4,0.0,1.0,89,0,206,2635542,619430,1,3,629000
ps,3,1048576,200000.0,0.4,0.0,1.0,89,0,207,2624042,619430,1,3,615125
ps,3,1048576,200000.0,0.4,0.0,1.0,89,0,208,2652875,619430,1,3,621417
ps,3,1048576,200000.0,0.4,0.0,1.0,89,0,209,2631875,619430,1,3,624709
ps,3,1048576,200000.0,0.4,0.0,1.0,89,0,210,2601584,619430,1,3,615793
ps,3,1048576,200000.0,0.4,0.0,1.0,89,0,211,2653458,619430,1,3,642416
ps,3,1048576,200000.0,0.4,0.0,1.0,89,0,212,2653667,619430,1,3,645083
ps,3,1048576,200000.0,0.4,0.0,1.0,89,0,213,2656125,619430,1,3,654958
ps,3,1048576,200000.0,0.4,0.0,1.0,89,0,214,2689459,619430,1,3,606500
ps,3,1048576,200000.0,0.4,0.0,1.0,89,0,215,2662208,619430,1,3,615458
ps,3,1048576,200000.0,0.4,0.0,1.0,89,0,216,2689041,619430,1,3,594874
ps,3,1048576,200000.0,0.4,0.0,1.0,89,0,217,2693542,619430,1,3,598917
ps,3,1048576,200000.0,0.4,0.0,1.0,89,0,218,2635125,619430,1,3,623958
ps,3,1048576,200000.0,0.4,0.0,1.0,89,0,219,2669334,619430,1,3,621834
ps,3,1048576,200000.0,0.4,0.0,1.0,89,0,220,2663208,619430,1,3,625375
ps,3,1048576,200000.0,0.4,0.0,1.0,89,0,221,2694125,619430,1,3,654458
ps,3,1048576,200000.0,0.4,0.0,1.0,89,0,222,2666958,619430,1,3,604792
ps,3,1048576,200000.0,0.4,0.0,1.0,89,0,223,2662833,619430,1,3,637542
ps,3,1048576,200000.0,0.4,0.0,1.0,89,0,224,2681917,619430,1,3,655042
ps,3,1048576,200000.0,0.4,0.0,1.0,89,0,225,2685500,619430,1,3,647041
ps,3,1048576,200000.0,0.4,0.0,1.0,89,0,226,2651917,619430,1,3,625250
ps,3,1048576,200000.0,0.4,0.0,1.0,89,0,227,2711250,619430,1,3,617000
ps,3,1048576,200000.0,0.4,0.0,1.0,89,0,228,2676042,619430,1,3,634208
ps,3,1048576,200000.0,0.4,0.0,1.0,89,0,229,2683458,619430,1,3,625416
ps,3,1048576,200000.0,0.4,0.0,1.0,89,0,230,2647125,619430,1,3,577625
ps,3,1048576,200000.0,0.4,0.0,1.0,89,0,231,2654375,619430,1,3,592542
ps,3,1048576,200000.0,0.4,0.0,1.0,89,0,232,2639167,619430,1,3,604250
ps,3,1048576,200000.0,0.4,0.0,1.0,89,0,233,2646916,619430,1,3,621124
ps,3,1048576,200000.0,0.4,0.0,1.0,89,0,234,2638000,619430,1,3,643000
ps,3,1048576,200000.0,0.4,0.0,1.0,89,0,235,2682750,619430,1,3,622333
ps,3,1048576,200000.0,0.4,0.0,1.0,89,0,236,2696541,619430,1,3,617791
ps,3,1048576,200000.0,0.4,0.0,1.0,89,0,237,2638375,619430,1,3,615208
ps,3,1048576,200000.0,0.4,0.0,1.0,89,0,238,2663041,619430,1,3,630707
ps,3,1048576,200000.0,0.4,0.0,1.0,89,0,239,2678375,619430,1,3,627583
ps,3,1048576,200000.0,0.4,0.0,1.0,89,0,240,2686625,619430,1,3,625792
ps,3,1048576,200000.0,0.4,0.0,1.0,89,0,241,2636709,619430,1,3,624084
ps,3,1048576,200000.0,0.4,0.0,1.0,89,0,242,2658167,619430,1,3,568250
ps,3,1048576,200000.0,0.4,0.0,1.0,89,0,243,2706875,619430,1,3,637542
ps,3,1048576,200000.0,0.4,0.0,1.0,89,0,244,2668625,619430,1,3,619083
ps,3,1048576,200000.0,0.4,0.0,1.0,89,0,245,2630250,619430,1,3,627584
ps,3,1048576,200000.0,0.4,0.0,1.0,89,0,246,2650084,619430,1,3,600209
ps,3,1048576,200000.0,0.4,0.0,1.0,89,0,247,2689875,619430,1,3,650875
ps,3,1048576,200000.0,0.4,0.0,1.0,89,0,248,2663250,619430,1,3,633583
ps,3,1048576,200000.0,0.4,0.0,1.0,89,0,249,2686666,619430,1,3,606457
ps,3,1048576,200000.0,0.4,0.0,1.0,89,0,250,2634792,619430,1,3,601917
ps,3,1048576,200000.0,0.4,0.0,1.0,89,0,251,2689208,619430,1,3,604166
ps,3,1048576,200000.0,0.4,0.0,1.0,89,0,252,2638583,619430,1,3,624750
ps,3,1048576,200000.0,0.4,0.0,1.0,89,0,253,2754750,619430,1,3,612292
ps,3,1048576,200000.0,0.4,0.0,1.0,89,0,254,2640500,619430,1,3,623250
ps,3,1048576,200000.0,0.4,0.0,1.0,89,0,255,2655500,619430,1,3,586875
ps,3,1048576,200000.0,0.4,0.0,1.0,89,0,256,2638208,619430,1,3,620166
ps,3,1048576,200000.0,0.4,0.0,1.0,89,0,257,2678125,619430,1,3,656625
ps,3,1048576,200000.0,0.4,0.0,1.0,89,0,258,2650375,619430,1,3,618542
ps,3,1048576,200000.0,0.4,0.0,1.0,89,0,259,2635417,619430,1,3,608708
ps,3,1048576,200000.0,0.4,0.0,1.0,89,0,260,2618292,619430,1,3,608083
ps,3,1048576,200000.0,0.4,0.0,1.0,89,0,261,2640333,619430,1,3,612083
ps,3,1048576,200000.0,0.4,0.0,1.0,89,0,262,2679417,619430,1,3,619750
ps,3,1048576,200000.0,0.4,0.0,1.0,89,0,263,2647042,619430,1,3,625667
ps,3,1048576,200000.0,0.4,0.0,1.0,89,0,264,2655250,619430,1,3,624375
ps,3,1048576,200000.0,0.4,0.0,1.0,89,0,265,2618875,619430,1,3,597750
ps,3,1048576,200000.0,0.4,0.0,1.0,89,0,266,2770042,619430,1,3,625917
ps,3,1048576,200000.0,0.4,0.0,1.0,89,0,267,2688208,619430,1,3,620958
ps,3,1048576,200000.0,0.4,0.0,1.0,89,0,268,2695709,619430,1,3,631293
ps,3,1048576,200000.0,0.4,0.0,1.0,89,0,269,3488792,619430,1,3,658417
ps,3,1048576,200000.0,0.4,0.0,1.0,89,0,270,3074666,619430,1,3,620874
ps,3,1048576,200000.0,0.4,0.0,1.0,89,0,271,2662583,619430,1,3,578000
ps,3,1048576,200000.0,0.4,0.0,1.0,89,0,272,2657875,619430,1,3,612208
ps,3,1048576,200000.0,0.4,0.0,1.0,89,0,273,2660250,619430,1,3,651541
ps,3,1048576,200000.0,0.4,0.0,1.0,89,0,274,2692792,619430,1,3,644792
ps,3,1048576,200000.0,0.4,0.0,1.0,89,0,275,2687375,619430,1,3,593542
ps,3,1048576,200000.0,0.4,0.0,1.0,89,0,276,2710542,619430,1,3,643500
ps,3,1048576,200000.0,0.4,0.0,1.0,89,0,277,2676083,619430,1,3,635833
ps,3,1048576,200000.0,0.4,0.0,1.0,89,0,278,2655166,619430,1,3,594666
ps,3,1048576,200000.0,0.4,0.0,1.0,89,0,279,2665875,619430,1,3,616625
ps,3,1048576,200000.0,0.4,0.0,1.0,89,0,280,2689209,619430,1,3,634334
ps,3,1048576,200000.0,0.4,0.0,1.0,89,0,281,2688667,619430,1,3,631126
ps,3,1048576,200000.0,0.4,0.0,1.0,89,0,282,2671334,619430,1,3,625668
ps,3,1048576,200000.0,0.4,0.0,1.0,89,0,283,2684125,619430,1,3,623792
ps,3,1048576,200000.0,0.4,0.0,1.0,89,0,284,2658459,619430,1,3,599584
ps,3,1048576,200000.0,0.4,0.0,1.0,89,0,285,2679708,619430,1,3,665249
ps,3,1048576,200000.0,0.4,0.0,1.0,89,0,286,2694958,619430,1,3,663624
ps,3,1048576,200000.0,0.4,0.0,1.0,89,0,287,2650500,619430,1,3,617166
ps,3,1048576,200000.0,0.4,0.0,1.0,89,0,288,2650792,619430,1,3,636417
ps,3,1048576,200000.0,0.4,0.0,1.0,89,0,289,2693125,619430,1,3,627667
ps,3,1048576,200000.0,0.4,0.0,1.0,89,0,290,2676125,619430,1,3,594208
ps,3,1048576,200000.0,0.4,0.0,1.0,89,0,291,2698417,619430,1,3,622334
ps,3,1048576,200000.0,0.4,0.0,1.0,89,0,292,2659042,619430,1,3,588792
ps,3,1048576,200000.0,0.4,0.0,1.0,89,0,293,2698791,619430,1,3,618500
ps,3,1048576,200000.0,0.4,0.0,1.0,89,0,294,2691916,619430,1,3,565374
ps,3,1048576,200000.0,0.4,0.0,1.0,89,0,295,2664875,619430,1,3,620583
ps,3,1048576,200000.0,0.4,0.0,1.0,89,0,296,2690375,619430,1,3,669708
ps,3,1048576,200000.0,0.4,0.0,1.0,89,0,297,2680542,619430,1,3,627292
ps,3,1048576,200000.0,0.4,0.0,1.0,89,0,298,2675750,619430,1,3,654875
ps,3,1048576,200000.0,0.4,0.0,1.0,89,0,299,2677750,619430,1,3,648792
ps,3,1048576,200000.0,0.4,0.0,1.0,89,0,300,2665292,619430,1,3,614459
ps,3,1048576,200000.0,0.4,0.0,1.0,89,0,301,2670875,619430,1,3,638334
ps,3,1048576,200000.0,0.4,0.0,1.0,89,0,302,2647250,619430,1,3,634500
ps,3,1048576,200000.0,0.4,0.0,1.0,89,0,303,2631125,619430,1,3,603583
ps,3,1048576,200000.0,0.4,0.0,1.0,89,0,304,2642792,619430,1,3,601876
ps,3,1048576,200000.0,0.4,0.0,1.0,89,0,305,2700292,619430,1,3,630625
ps,3,1048576,200000.0,0.4,0.0,1.0,89,0,306,2667458,619430,1,3,641083
ps,3,1048576,200000.0,0.4,0.0,1.0,89,0,307,2673458,619430,1,3,642583
ps,3,1048576,200000.0,0.4,0.0,1.0,89,0,308,2653875,619430,1,3,617666
ps,3,1048576,200000.0,0.4,0.0,1.0,89,0,309,2684167,619430,1,3,634875
ps,3,1048576,200000.0,0.4,0.0,1.0,89,0,310,2643333,619430,1,3,598625
ps,3,1048576,200000.0,0.4,0.0,1.0,89,0,311,2659417,619430,1,3,625250
ps,3,1048576,200000.0,0.4,0.0,1.0,89,0,312,2623541,619430,1,3,632624
ps,3,1048576,200000.0,0.4,0.0,1.0,89,0,313,2692000,619430,1,3,625833
ps,3,1048576,200000.0,0.4,0.0,1.0,89,0,314,2660875,619430,1,3,639625
ps,3,1048576,200000.0,0.4,0.0,1.0,89,0,315,2636042,619430,1,3,610001
ps,3,1048576,200000.0,0.4,0.0,1.0,89,0,316,2694750,619430,1,3,687000
ps,3,1048576,200000.0,0.4,0.0,1.0,89,0,317,2686375,619430,1,3,645333
ps,3,1048576,200000.0,0.4,0.0,1.0,89,0,318,2658500,619430,1,3,570542
ps,3,1048576,200000.0,0.4,0.0,1.0,89,0,319,2690125,619430,1,3,599541
ps,3,1048576,200000.0,0.4,0.0,1.0,89,0,320,2654458,619430,1,3,642458
ps,3,1048576,200000.0,0.4,0.0,1.0,89,0,321,2661250,619430,1,3,596542
ps,3,1048576,200000.0,0.4,0.0,1.0,89,0,322,2662125,619430,1,3,612375
ps,3,1048576,200000.0,0.4,0.0,1.0,89,0,323,2629417,619430,1,3,615709
ps,3,1048576,200000.0,0.4,0.0,1.0,89,0,324,2641709,619430,1,3,612250
ps,3,1048576,200000.0,0.4,0.0,1.0,89,0,325,2661500,619430,1,3,627000
ps,3,1048576,200000.0,0.4,0.0,1.0,89,0,326,2643209,619430,1,3,616459
ps,3,1048576,200000.0,0.4,0.0,1.0,89,0,327,2653500,619430,1,3,618583
ps,3,1048576,200000.0,0.4,0.0,1.0,89,0,328,2626166,619430,1,3,602666
ps,3,1048576,200000.0,0.4,0.0,1.0,89,0,329,2664791,619430,1,3,595708
ps,3,1048576,200000.0,0.4,0.0,1.0,89,0,330,2714750,619430,1,3,592625
ps,3,1048576,200000.0,0.4,0.0,1.0,89,0,331,2684250,619430,1,3,605334
ps,3,1048576,200000.0,0.4,0.0,1.0,89,0,332,2660958,619430,1,3,623583
ps,3,1048576,200000.0,0.4,0.0,1.0,89,0,333,2668375,619430,1,3,576709
ps,3,1048576,200000.0,0.4,0.0,1.0,89,0,334,2677375,619430,1,3,621458
ps,3,1048576,200000.0,0.4,0.0,1.0,89,0,335,2664542,619430,1,3,639834
ps,3,1048576,200000.0,0.4,0.0,1.0,89,0,336,2673083,619430,1,3,621958
ps,3,1048576,200000.0,0.4,0.0,1.0,89,0,337,2655417,619430,1,3,657250
ps,3,1048576,200000.0,0.4,0.0,1.0,89,0,338,2666792,619430,1,3,626750
ps,3,1048576,200000.0,0.4,0.0,1.0,89,0,339,2683250,619430,1,3,631916
ps,3,1048576,200000.0,0.4,0.0,1.0,89,0,340,2672375,619430,1,3,661166
ps,3,1048576,200000.0,0.4,0.0,1.0,89,0,341,2668375,619430,1,3,629542
ps,3,1048576,200000.0,0.4,0.0,1.0,89,0,342,2669583,619430,1,3,651333
ps,3,1048576,200000.0,0.4,0.0,1.0,89,0,343,2657000,619430,1,3,620125
ps,3,1048576,200000.0,0.4,0.0,1.0,89,0,344,2710208,619430,1,3,594417
ps,3,1048576,200000.0,0.4,0.0,1.0,89,0,345,2685042,619430,1,3,648000
ps,3,1048576,200000.0,0.4,0.0,1.0,89,0,346,2657875,619430,1,3,594750
ps,3,1048576,200000.0,0.4,0.0,1.0,89,0,347,2650250,619430,1,3,630875
ps,3,1048576,200000.0,0.4,0.0,1.0,89,0,348,2635625,619430,1,3,609666
ps,3,1048576,200000.0,0.4,0.0,1.0,89,0,349,2677625,619430,1,3,622250
ps,3,1048576,200000.0,0.4,0.0,1.0,89,0,350,2662125,619430,1,3,628958
ps,3,1048576,200000.0,0.4,0.0,1.0,89,0,351,2615792,619430,1,3,623876
ps,3,1048576,200000.0,0.4,0.0,1.0,89,0,352,2666000,619430,1,3,609375
ps,3,1048576,200000.0,0.4,0.0,1.0,89,0,353,2691625,619430,1,3,608541
ps,3,1048576,200000.0,0.4,0.0,1.0,89,0,354,2690250,619430,1,3,624417
ps,3,1048576,200000.0,0.4,0.0,1.0,89,0,355,2700833,619430,1,3,637333
ps,3,1048576,200000.0,0.4,0.0,1.0,89,0,356,2649333,619430,1,3,615500
ps,3,1048576,200000.0,0.4,0.0,1.0,89,0,357,2654000,619430,1,3,631875
ps,3,1048576,200000.0,0.4,0.0,1.0,89,0,358,2635792,619430,1,3,609084
ps,3,1048576,200000.0,0.4,0.0,1.0,89,0,359,2681000,619430,1,3,645167
ps,3,1048576,200000.0,0.4,0.0,1.0,89,0,360,2649375,619430,1,3,619541
ps,3,1048576,200000.0,0.4,0.0,1.0,89,0,361,2701417,619430,1,3,613542
ps,3,1048576,200000.0,0.4,0.0,1.0,89,0,362,2649916,619430,1,3,641833
ps,3,1048576,200000.0,0.4,0.0,1.0,89,0,363,2649125,619430,1,3,635917
ps,3,1048576,200000.0,0.4,0.0,1.0,89,0,364,2680042,619430,1,3,641459
ps,3,1048576,200000.0,0.4,0.0,1.0,89,0,365,2635667,619430,1,3,606667
ps,3,1048576,200000.0,0.4,0.0,1.0,89,0,366,2666834,619430,1,3,642542
ps,3,1048576,200000.0,0.4,0.0,1.0,89,0,367,2632167,619430,1,3,615959
ps,3,1048576,200000.0,0.4,0.0,1.0,89,0,368,2669708,619430,1,3,596541
ps,3,1048576,200000.0,0.4,0.0,1.0,89,0,369,2661000,619430,1,3,614125
ps,3,1048576,200000.0,0.4,0.0,1.0,89,0,370,2661667,619430,1,3,614583
ps,3,1048576,200000.0,0.4,0.0,1.0,89,0,371,2705000,619430,1,3,627000
ps,3,1048576,200000.0,0.4,0.0,1.0,89,0,372,2687875,619430,1,3,622625
ps,3,1048576,200000.0,0.4,0.0,1.0,89,0,373,2619458,619430,1,3,590833
ps,3,1048576,200000.0,0.4,0.0,1.0,89,0,374,2641500,619430,1,3,618375
ps,3,1048576,200000.0,0.4,0.0,1.0,89,0,375,2634083,619430,1,3,593041
ps,3,1048576,200000.0,0.4,0.0,1.0,89,0,376,2651500,619430,1,3,626084
ps,3,1048576,200000.0,0.4,0.0,1.0,89,0,377,2676000,619430,1,3,620000
ps,3,1048576,200000.0,0.4,0.0,1.0,89,0,378,2714458,619430,1,3,596541
ps,3,1048576,200000.0,0.4,0.0,1.0,89,0,379,2653667,619430,1,3,615375
ps,3,1048576,200000.0,0.4,0.0,1.0,89,0,380,2644667,619430,1,3,618292
ps,3,1048576,200000.0,0.4,0.0,1.0,89,0,381,2707709,619430,1,3,658543
ps,3,1048576,200000.0,0.4,0.0,1.0,89,0,382,2662250,619430,1,3,606958
ps,3,1048576,200000.0,0.4,0.0,1.0,89,0,383,2680750,619430,1,3,617875
ps,3,1048576,200000.0,0.4,0.0,1.0,89,0,384,2701667,619430,1,3,657584
ps,3,1048576,200000.0,0.4,0.0,1.0,89,0,385,2674666,619430,1,3,622750
ps,3,1048576,200000.0,0.4,0.0,1.0,89,0,386,2716333,619430,1,3,618000
ps,3,1048576,200000.0,0.4,0.0,1.0,89,0,387,2662625,619430,1,3,610625
ps,3,1048576,200000.0,0.4,0.0,1.0,89,0,388,2707333,619430,1,3,637375
ps,3,1048576,200000.0,0.4,0.0,1.0,89,0,389,2676208,619430,1,3,634708
ps,3,1048576,200000.0,0.4,0.0,1.0,89,0,390,2664167,619430,1,3,617042
ps,3,1048576,200000.0,0.4,0.0,1.0,89,0,391,2647500,619430,1,3,600834
ps,3,1048576,200000.0,0.4,0.0,1.0,89,0,392,2644833,619430,1,3,619417
ps,3,1048576,200000.0,0.4,0.0,1.0,89,0,393,2673417,619430,1,3,647709
ps,3,1048576,200000.0,0.4,0.0,1.0,89,0,394,2656458,619430,1,3,628458
ps,3,1048576,200000.0,0.4,0.0,1.0,89,0,395,2616917,619430,1,3,624001
ps,3,1048576,200000.0,0.4,0.0,1.0,89,0,396,2653875,619430,1,3,610583
ps,3,1048576,200000.0,0.4,0.0,1.0,89,0,397,2659542,619430,1,3,636542
ps,3,1048576,200000.0,0.4,0.0,1.0,89,0,398,2677833,619430,1,3,619708
ps,3,1048576,200000.0,0.4,0.0,1.0,89,0,399,2684208,619430,1,3,666875
ring,3,1048576,200000.0,0.4,0.0,1.0,89,0,0,2537875,1359244,4,3,93375
ring,3,1048576,200000.0,0.4,0.0,1.0,89,0,1,2608125,1359244,4,3,127875
ring,3,1048576,200000.0,0.4,0.0,1.0,89,0,2,2691875,1359244,4,3,87500
ring,3,1048576,200000.0,0.4,0.0,1.0,89,0,3,2560125,1359244,4,3,102667
ring,3,1048576,200000.0,0.4,0.0,1.0,89,0,4,2537458,1359244,4,3,159583
ring,3,1048576,200000.0,0.4,0.0,1.0,89,0,5,2640459,1359244,4,3,133459
ring,3,1048576,200000.0,0.4,0.0,1.0,89,0,6,2578500,1359244,4,3,67208
ring,3,1048576,200000.0,0.4,0.0,1.0,89,0,7,2590583,1359244,4,3,131416
ring,3,1048576,200000.0,0.4,0.0,1.0,89,0,8,2578500,1359244,4,3,93833
ring,3,1048576,200000.0,0.4,0.0,1.0,89,0,9,2520125,1359244,4,3,174500
ring,3,1048576,200000.0,0.4,0.0,1.0,89,0,10,2686083,1359244,4,3,131875
ring,3,1048576,200000.0,0.4,0.0,1.0,89,0,11,2543875,1359244,4,3,148000
ring,3,1048576,200000.0,0.4,0.0,1.0,89,0,12,2547667,1359244,4,3,69709
ring,3,1048576,200000.0,0.4,0.0,1.0,89,0,13,2525959,1359244,4,3,87876
ring,3,1048576,200000.0,0.4,0.0,1.0,89,0,14,2556792,1359244,4,3,131917
ring,3,1048576,200000.0,0.4,0.0,1.0,89,0,15,2669334,1359244,4,3,104459
ring,3,1048576,200000.0,0.4,0.0,1.0,89,0,16,2561209,1359244,4,3,145876
ring,3,1048576,200000.0,0.4,0.0,1.0,89,0,17,2539708,1359244,4,3,142958
ring,3,1048576,200000.0,0.4,0.0,1.0,89,0,18,2576083,1359244,4,3,85166
ring,3,1048576,200000.0,0.4,0.0,1.0,89,0,19,2741125,1359244,4,3,44125
ring,3,1048576,200000.0,0.4,0.0,1.0,89,0,20,2521292,1359244,4,3,161709
ring,3,1048576,200000.0,0.4,0.0,1.0,89,0,21,2581917,1359244,4,3,113626
ring,3,1048576,200000.0,0.4,0.0,1.0,89,0,22,2568292,1359244,4,3,203750
ring,3,1048576,200000.0,0.4,0.0,1.0,89,0,23,2587875,1359244,4,3,109667
ring,3,1048576,200000.0,0.4,0.0,1.0,89,0,24,2660083,1359244,4,3,107833
ring,3,1048576,200000.0,0.4,0.0,1.0,89,0,25,2637167,1359244,4,3,66833
ring,3,1048576,200000.0,0.4,0.0,1.0,89,0,26,2736417,1359244,4,3,71792
ring,3,1048576,200000.0,0.4,0.0,1.0,89,0,27,2705167,1359244,4,3,125792
ring,3,1048576,200000.0,0.4,0.0,1.0,89,0,28,2650250,1359244,4,3,117833
ring,3,1048576,200000.0,0.4,0.0,1.0,89,0,29,2623667,1359244,4,3,117501
ring,3,1048576,200000.0,0.4,0.0,1.0,89,0,30,2633584,1359244,4,3,151209
ring,3,1048576,200000.0,0.4,0.0,1.0,89,0,31,2665375,1359244,4,3,82042
ring,3,1048576,200000.0,0.4,0.0,1.0,89,0,32,2562500,1359244,4,3,107250
ring,3,1048576,200000.0,0.4,0.0,1.0,89,0,33,2704625,1359244,4,3,152625
ring,3,1048576,200000.0,0.4,0.0,1.0,89,0,34,2787959,1359244,4,3,97751
ring,3,1048576,200000.0,0.4,0.0,1.0,89,0,35,2650541,1359244,4,3,153541
ring,3,1048576,200000.0,0.4,0.0,1.0,89,0,36,2666209,1359244,4,3,166167
ring,3,1048576,200000.0,0.4,0.0,1.0,89,0,37,2637333,1359244,4,3,101500
ring,3,1048576,200000.0,0.4,0.0,1.0,89,0,38,2650083,1359244,4,3,121208
ring,3,1048576,200000.0,0.4,0.0,1.0,89,0,39,2585375,1359244,4,3,165334
ring,3,1048576,200000.0,0.4,0.0,1.0,89,0,40,2664375,1359244,4,3,102792
ring,3,1048576,200000.0,0.4,0.0,1.0,89,0,41,2685625,1359244,4,3,96208
ring,3,1048576,200000.0,0.4,0.0,1.0,89,0,42,2528583,1359244,4,3,129750
ring,3,1048576,200000.0,0.4,0.0,1.0,89,0,43,2643208,1359244,4,3,179583
ring,3,1048576,200000.0,0.4,0.0,1.0,89,0,44,2801292,1359244,4,3,115209
ring,3,1048576,200000.0,0.4,0.0,1.0,89,0,45,2825625,1359244,4,3,35417
ring,3,1048576,200000.0,0.4,0.0,1.0,89,0,46,2564166,1359244,4,3,109125
ring,3,1048576,200000.0,0.4,0.0,1.0,89,0,47,2584833,1359244,4,3,51041
ring,3,1048576,200000.0,0.4,0.0,1.0,89,0,48,2655625,1359244,4,3,102583
ring,3,1048576,200000.0,0.4,0.0,1.0,89,0,49,2662709,1359244,4,3,100625
ring,3,1048576,200000.0,0.4,0.0,1.0,89,0,50,2632875,1359244,4,3,199875
ring,3,1048576,200000.0,0.4,0.0,1.0,89,0,51,2590125,1359244,4,3,132708
ring,3,1048576,200000.0,0.4,0.0,1.0,89,0,52,2712875,1359244,4,3,120042
ring,3,1048576,200000.0,0.4,0.0,1.0,89,0,53,2745542,1359244,4,3,111417
ring,3,1048576,200000.0,0.4,0.0,1.0,89,0,54,2728542,1359244,4,3,99917
ring,3,1048576,200000.0,0.4,0.0,1.0,89,0,55,2656666,1359244,4,3,180291
ring,3,1048576,200000.0,0.4,0.0,1.0,89,0,56,2591291,1359244,4,3,60750
ring,3,1048576,200000.0,0.4,0.0,1.0,89,0,57,2712084,1359244,4,3,143376
ring,3,1048576,200000.0,0.4,0.0,1.0,89,0,58,2646958,1359244,4,3,95333
ring,3,1048576,200000.0,0.4,0.0,1.0,89,0,59,2493834,1359244,4,3,100167
ring,3,1048576,200000.0,0.4,0.0,1.0,89,0,60,2642041,1359244,4,3,156082
ring,3,1048576,200000.0,0.4,0.0,1.0,89,0,61,2717292,1359244,4,3,106375
ring,3,1048576,200000.0,0.4,0.0,1.0,89,0,62,2575583,1359244,4,3,75583
ring,3,1048576,200000.0,0.4,0.0,1.0,89,0,63,2687375,1359244,4,3,183917
ring,3,1048576,200000.0,0.4,0.0,1.0,89,0,64,2629708,1359244,4,3,72166
ring,3,1048576,200000.0,0.4,0.0,1.0,89,0,65,2677292,1359244,4,3,159625
ring,3,1048576,200000.0,0.4,0.0,1.0,89,0,66,2592708,1359244,4,3,92250
ring,3,1048576,200000.0,0.4,0.0,1.0,89,0,67,2573542,1359244,4,3,93667
ring,3,1048576,200000.0,0.4,0.0,1.0,89,0,68,2712042,1359244,4,3,142500
ring,3,1048576,200000.0,0.4,0.0,1.0,89,0,69,2579916,1359244,4,3,93666
ring,3,1048576,200000.0,0.4,0.0,1.0,89,0,70,2563792,1359244,4,3,94583
ring,3,1048576,200000.0,0.4,0.0,1.0,89,0,71,2568041,1359244,4,3,135624
ring,3,1048576,200000.0,0.4,0.0,1.0,89,0,72,2619375,1359244,4,3,40833
ring,3,1048576,200000.0,0.4,0.0,1.0,89,0,73,2632583,1359244,4,3,155000
ring,3,1048576,200000.0,0.4,0.0,1.0,89,0,74,2715917,1359244,4,3,151625
ring,3,1048576,200000.0,0.4,0.0,1.0,89,0,75,2697417,1359244,4,3,187500
ring,3,1048576,200000.0,0.4,0.0,1.0,89,0,76,2732750,1359244,4,3,126833
ring,3,1048576,200000.0,0.4,0.0,1.0,89,0,77,2717833,1359244,4,3,148999
ring,3,1048576,200000.0,0.4,0.0,1.0,89,0,78,2726416,1359244,4,3,152332
ring,3,1048576,200000.0,0.4,0.0,1.0,89,0,79,2604708,1359244,4,3,94583
ring,3,1048576,200000.0,0.4,0.0,1.0,89,0,80,2656208,1359244,4,3,116500
ring,3,1048576,200000.0,0.4,0.0,1.0,89,0,81,2672208,1359244,4,3,137625
ring,3,1048576,200000.0,0.4,0.0,1.0,89,0,82,2716208,1359244,4,3,145583
ring,3,1048576,200000.0,0.4,0.0,1.0,89,0,83,2758541,1359244,4,3,219374
ring,3,1048576,200000.0,0.4,0.0,1.0,89,0,84,2693125,1359244,4,3,100750
ring,3,1048576,200000.0,0.4,0.0,1.0,89,0,85,2642292,1359244,4,3,124708
ring,3,1048576,200000.0,0.4,0.0,1.0,89,0,86,2764125,1359244,4,3,118083
ring,3,1048576,200000.0,0.4,0.0,1.0,89,0,87,2627917,1359244,4,3,147417
ring,3,1048576,200000.0,0.4,0.0,1.0,89,0,88,2670125,1359244,4,3,112625
ring,3,1048576,200000.0,0.4,0.0,1.0,89,0,89,2694042,1359244,4,3,155459
ring,3,1048576,200000.0,0.4,0.0,1.0,89,0,90,2666375,1359244,4,3,103792
ring,3,1048576,200000.0,0.4,0.0,1.0,89,0,91,2620042,1359244,4,3,123708
ring,3,1048576,200000.0,0.4,0.0,1.0,89,0,92,2615958,1359244,4,3,101916
ring,3,1048576,200000.0,0.4,0.0,1.0,89,0,93,2630541,1359244,4,3,167208
ring,3,1048576,200000.0,0.4,0.0,1.0,89,0,94,2595375,1359244,4,3,163750
ring,3,1048576,200000.0,0.4,0.0,1.0,89,0,95,2637750,1359244,4,3,117500
ring,3,1048576,200000.0,0.4,0.0,1.0,89,0,96,2631292,1359244,4,3,53208
ring,3,1048576,200000.0,0.4,0.0,1.0,89,0,97,2687333,1359244,4,3,105875
ring,3,1048576,200000.0,0.4,0.0,1.0,89,0,98,2639041,1359244,4,3,97333
ring,3,1048576,200000.0,0.4,0.0,1.0,89,0,99,2634000,1359244,4,3,114292
ring,3,1048576,200000.0,0.4,0.0,1.0,89,0,100,2812875,1359244,4,3,39291
ring,3,1048576,200000.0,0.4,0.0,1.0,89,0,101,2561083,1359244,4,3,165250
ring,3,1048576,200000.0,0.4,0.0,1.0,89,0,102,2572000,1359244,4,3,135000
ring,3,1048576,200000.0,0.4,0.0,1.0,89,0,103,2576584,1359244,4,3,197834
ring,3,1048576,200000.0,0.4,0.0,1.0,89,0,104,2690666,1359244,4,3,94082
ring,3,1048576,200000.0,0.4,0.0,1.0,89,0,105,2588375,1359244,4,3,143584
ring,3,1048576,200000.0,0.4,0.0,1.0,89,0,106,2679708,1359244,4,3,159916
ring,3,1048576,200000.0,0.4,0.0,1.0,89,0,107,2599334,1359244,4,3,78418
ring,3,1048576,200000.0,0.4,0.0,1.0,89,0,108,2628541,1359244,4,3,99249
ring,3,1048576,200000.0,0.4,0.0,1.0,89,0,109,2653208,1359244,4,3,94125
ring,3,1048576,200000.0,0.4,0.0,1.0,89,0,110,2641833,1359244,4,3,61124
ring,3,1048576,200000.0,0.4,0.0,1.0,89,0,111,2652584,1359244,4,3,116334
ring,3,1048576,200000.0,0.4,0.0,1.0,89,0,112,2575000,1359244,4,3,145084
ring,3,1048576,200000.0,0.4,0.0,1.0,89,0,113,2723958,1359244,4,3,160417
ring,3,1048576,200000.0,0.4,0.0,1.0,89,0,114,2567083,1359244,4,3,93958
ring,3,1048576,200000.0,0.4,0.0,1.0,89,0,115,2716792,1359244,4,3,158542
ring,3,1048576,200000.0,0.4,0.0,1.0,89,0,116,2612500,1359244,4,3,151834
ring,3,1048576,200000.0,0.4,0.0,1.0,89,0,117,2715292,1359244,4,3,97125
ring,3,1048576,200000.0,0.4,0.0,1.0,89,0,118,2633208,1359244,4,3,167208
ring,3,1048576,200000.0,0.4,0.0,1.0,89,0,119,2691417,1359244,4,3,124875
ring,3,1048576,200000.0,0.4,0.0,1.0,89,0,120,2607167,1359244,4,3,137167
ring,3,1048576,200000.0,0.4,0.0,1.0,89,0,121,2573583,1359244,4,3,73791
ring,3,1048576,200000.0,0.4,0.0,1.0,89,0,122,2609584,1359244,4,3,123251
ring,3,1048576,200000.0,0.4,0.0,1.0,89,0,123,2672250,1359244,4,3,93958
ring,3,1048576,200000.0,0.4,0.0,1.0,89,0,124,2648625,1359244,4,3,152041
ring,3,1048576,200000.0,0.4,0.0,1.0,89,0,125,2660250,1359244,4,3,128417
ring,3,1048576,200000.0,0.4,0.0,1.0,89,0,126,2577625,1359244,4,3,71125
ring,3,1048576,200000.0,0.4,0.0,1.0,89,0,127,2625750,1359244,4,3,107917
ring,3,1048576,200000.0,0.4,0.0,1.0,89,0,128,2750250,1359244,4,3,100584
ring,3,1048576,200000.0,0.4,0.0,1.0,89,0,129,2642000,1359244,4,3,161667
ring,3,1048576,200000.0,0.4,0.0,1.0,89,0,130,2641458,1359244,4,3,131917
ring,3,1048576,200000.0,0.4,0.0,1.0,89,0,131,2597833,1359244,4,3,120958
ring,3,1048576,200000.0,0.4,0.0,1.0,89,0,132,2660250,1359244,4,3,186458
ring,3,1048576,200000.0,0.4,0.0,1.0,89,0,133,2684792,1359244,4,3,80000
ring,3,1048576,200000.0,0.4,0.0,1.0,89,0,134,2550625,1359244,4,3,80125
ring,3,1048576,200000.0,0.4,0.0,1.0,89,0,135,2603583,1359244,4,3,110874
ring,3,1048576,200000.0,0.4,0.0,1.0,89,0,136,2704834,1359244,4,3,77459
ring,3,1048576,200000.0,0.4,0.0,1.0,89,0,137,2591209,1359244,4,3,134042
ring,3,1048576,200000.0,0.4,0.0,1.0,89,0,138,2571167,1359244,4,3,136459
ring,3,1048576,200000.0,0.4,0.0,1.0,89,0,139,2685334,1359244,4,3,115751
ring,3,1048576,200000.0,0.4,0.0,1.0,89,0,140,2661375,1359244,4,3,145709
ring,3,1048576,200000.0,0.4,0.0,1.0,89,0,141,2730459,1359244,4,3,115959
ring,3,1048576,200000.0,0.4,0.0,1.0,89,0,142,2650708,1359244,4,3,124041
ring,3,1048576,200000.0,0.4,0.0,1.0,89,0,143,2586208,1359244,4,3,83708
ring,3,1048576,200000.0,0.4,0.0,1.0,89,0,144,2643209,1359244,4,3,117876
ring,3,1048576,200000.0,0.4,0.0,1.0,89,0,145,2611709,1359244,4,3,62959
ring,3,1048576,200000.0,0.4,0.0,1.0,89,0,146,2754500,1359244,4,3,156875
ring,3,1048576,200000.0,0.4,0.0,1.0,89,0,147,2637167,1359244,4,3,189834
ring,3,1048576,200000.0,0.4,0.0,1.0,89,0,148,2646834,1359244,4,3,129251
ring,3,1048576,200000.0,0.4,0.0,1.0,89,0,149,2627209,1359244,4,3,126167
ring,3,1048576,200000.0,0.4,0.0,1.0,89,0,150,2760709,1359244,4,3,163709
ring,3,1048576,200000.0,0.4,0.0,1.0,89,0,151,2679042,1359244,4,3,152209
ring,3,1048576,200000.0,0.4,0.0,1.0,89,0,152,2652667,1359244,4,3,89625
ring,3,1048576,200000.0,0.4,0.0,1.0,89,0,153,2678000,1359244,4,3,131083
ring,3,1048576,200000.0,0.4,0.0,1.0,89,0,154,2643834,1359244,4,3,110084
ring,3,1048576,200000.0,0.4,0.0,1.0,89,0,155,2659084,1359244,4,3,136875
ring,3,1048576,200000.0,0.4,0.0,1.0,89,0,156,2729750,1359244,4,3,129292
ring,3,1048576,200000.0,0.4,0.0,1.0,89,0,157,2797917,1359244,4,3,131376
ring,3,1048576,200000.0,0.4,0.0,1.0,89,0,158,2706166,1359244,4,3,92291
ring,3,1048576,200000.0,0.4,0.0,1.0,89,0,159,3154375,1359244,4,3,109417
ring,3,1048576,200000.0,0.4,0.0,1.0,89,0,160,3026459,1359244,4,3,243084
ring,3,1048576,200000.0,0.4,0.0,1.0,89,0,161,2794500,1359244,4,3,79167
ring,3,1048576,200000.0,0.4,0.0,1.0,89,0,162,2873250,1359244,4,3,139000
ring,3,1048576,200000.0,0.4,0.0,1.0,89,0,163,2933042,1359244,4,3,124209
ring,3,1048576,200000.0,0.4,0.0,1.0,89,0,164,2836666,1359244,4,3,260291
ring,3,1048576,200000.0,0.4,0.0,1.0,89,0,165,2709208,1359244,4,3,135458
ring,3,1048576,200000.0,0.4,0.0,1.0,89,0,166,2804500,1359244,4,3,131000
ring,3,1048576,200000.0,0.4,0.0,1.0,89,0,167,2742333,1359244,4,3,121750
ring,3,1048576,200000.0,0.4,0.0,1.0,89,0,168,2803875,1359244,4,3,149708
ring,3,1048576,200000.0,0.4,0.0,1.0,89,0,169,2651542,1359244,4,3,169417
ring,3,1048576,200000.0,0.4,0.0,1.0,89,0,170,2640916,1359244,4,3,88832
ring,3,1048576,200000.0,0.4,0.0,1.0,89,0,171,2824458,1359244,4,3,161583
ring,3,1048576,200000.0,0.4,0.0,1.0,89,0,172,2689792,1359244,4,3,89167
ring,3,1048576,200000.0,0.4,0.0,1.0,89,0,173,2808458,1359244,4,3,116458
ring,3,1048576,200000.0,0.4,0.0,1.0,89,0,174,2738834,1359244,4,3,165250
ring,3,1048576,200000.0,0.4,0.0,1.0,89,0,175,2807084,1359244,4,3,144834
ring,3,1048576,200000.0,0.4,0.0,1.0,89,0,176,2710625,1359244,4,3,110750
ring,3,1048576,200000.0,0.4,0.0,1.0,89,0,177,2801083,1359244,4,3,163208
ring,3,1048576,200000.0,0.4,0.0,1.0,89,0,178,2584750,1359244,4,3,154292
ring,3,1048576,200000.0,0.4,0.0,1.0,89,0,179,2725709,1359244,4,3,80834
ring,3,1048576,200000.0,0.4,0.0,1.0,89,0,180,2728333,1359244,4,3,76541
ring,3,1048576,200000.0,0.4,0.0,1.0,89,0,181,2723000,1359244,4,3,177209
ring,3,1048576,200000.0,0.4,0.0,1.0,89,0,182,2669958,1359244,4,3,178124
ring,3,1048576,200000.0,0.4,0.0,1.0,89,0,183,2725542,1359244,4,3,130792
ring,3,1048576,200000.0,0.4,0.0,1.0,89,0,184,2746916,1359244,4,3,132708
ring,3,1048576,200000.0,0.4,0.0,1.0,89,0,185,2767209,1359244,4,3,69668
ring,3,1048576,200000.0,0.4,0.0,1.0,89,0,186,2791458,1359244,4,3,80042
ring,3,1048576,200000.0,0.4,0.0,1.0,89,0,187,2826500,1359244,4,3,69125
ring,3,1048576,200000.0,0.4,0.0,1.0,89,0,188,3010500,1359244,4,3,119167
ring,3,1048576,200000.0,0.4,0.0,1.0,89,0,189,2860916,1359244,4,3,80249
ring,3,1048576,200000.0,0.4,0.0,1.0,89,0,190,2826208,1359244,4,3,138708
ring,3,1048576,200000.0,0.4,0.0,1.0,89,0,191,2952625,1359244,4,3,98666
ring,3,1048576,200000.0,0.4,0.0,1.0,89,0,192,2773292,1359244,4,3,89709
ring,3,1048576,200000.0,0.4,0.0,1.0,89,0,193,2764083,1359244,4,3,73999
ring,3,1048576,200000.0,0.4,0.0,1.0,89,0,194,2804875,1359244,4,3,124334
ring,3,1048576,200000.0,0.4,0.0,1.0,89,0,195,2766375,1359244,4,3,143917
ring,3,1048576,200000.0,0.4,0.0,1.0,89,0,196,2762084,1359244,4,3,143875
ring,3,1048576,200000.0,0.4,0.0,1.0,89,0,197,2844208,1359244,4,3,119958
ring,3,1048576,200000.0,0.4,0.0,1.0,89,0,198,2649167,1359244,4,3,139209
ring,3,1048576,200000.0,0.4,0.0,1.0,89,0,199,2638208,1359244,4,3,152999
ring,3,1048576,200000.0,0.4,0.0,1.0,89,0,200,2712833,1359244,4,3,134875
ring,3,1048576,200000.0,0.4,0.0,1.0,89,0,201,2695625,1359244,4,3,78250
ring,3,1048576,200000.0,0.4,0.0,1.0,89,0,202,2726500,1359244,4,3,136208
ring,3,1048576,200000.0,0.4,0.0,1.0,89,0,203,2664792,1359244,4,3,103084
ring,3,1048576,200000.0,0.4,0.0,1.0,89,0,204,2753000,1359244,4,3,172333
ring,3,1048576,200000.0,0.4,0.0,1.0,89,0,205,2688125,1359244,4,3,110208
ring,3,1048576,200000.0,0.4,0.0,1.0,89,0,206,2756791,1359244,4,3,114874
ring,3,1048576,200000.0,0.4,0.0,1.0,89,0,207,2816125,1359244,4,3,84375
ring,3,1048576,200000.0,0.4,0.0,1.0,89,0,208,2726000,1359244,4,3,121542
ring,3,1048576,200000.0,0.4,0.0,1.0,89,0,209,2726209,1359244,4,3,26459
ring,3,1048576,200000.0,0.4,0.0,1.0,89,0,210,2736875,1359244,4,3,119458
ring,3,1048576,200000.0,0.4,0.0,1.0,89,0,211,2834541,1359244,4,3,185291
ring,3,1048576,200000.0,0.4,0.0,1.0,89,0,212,2683541,1359244,4,3,62666
ring,3,1048576,200000.0,0.4,0.0,1.0,89,0,213,2750708,1359244,4,3,103166
ring,3,1048576,200000.0,0.4,0.0,1.0,89,0,214,2764834,1359244,4,3,51251
ring,3,1048576,200000.0,0.4,0.0,1.0,89,0,215,2842125,1359244,4,3,131291
ring,3,1048576,200000.0,0.4,0.0,1.0,89,0,216,2670209,1359244,4,3,36000
ring,3,1048576,200000.0,0.4,0.0,1.0,89,0,217,2732333,1359244,4,3,143749
ring,3,1048576,200000.0,0.4,0.0,1.0,89,0,218,2726834,1359244,4,3,114084
ring,3,1048576,200000.0,0.4,0.0,1.0,89,0,219,2710834,1359244,4,3,148501
ring,3,1048576,200000.0,0.4,0.0,1.0,89,0,220,2802208,1359244,4,3,143417
ring,3,1048576,200000.0,0.4,0.0,1.0,89,0,221,2673875,1359244,4,3,123959
ring,3,1048576,200000.0,0.4,0.0,1.0,89,0,222,2714292,1359244,4,3,127667
ring,3,1048576,200000.0,0.4,0.0,1.0,89,0,223,2649750,1359244,4,3,129416
ring,3,1048576,200000.0,0.4,0.0,1.0,89,0,224,2732709,1359244,4,3,108917
ring,3,1048576,200000.0,0.4,0.0,1.0,89,0,225,2712042,1359244,4,3,158583
ring,3,1048576,200000.0,0.4,0.0,1.0,89,0,226,2729666,1359244,4,3,90749
ring,3,1048576,200000.0,0.4,0.0,1.0,89,0,227,2643833,1359244,4,3,95041
ring,3,1048576,200000.0,0.4,0.0,1.0,89,0,228,2715375,1359244,4,3,117042
ring,3,1048576,200000.0,0.4,0.0,1.0,89,0,229,2674125,1359244,4,3,70167
ring,3,1048576,200000.0,0.4,0.0,1.0,89,0,230,2665959,1359244,4,3,146917
ring,3,1048576,200000.0,0.4,0.0,1.0,89,0,231,2719750,1359244,4,3,94542
ring,3,1048576,200000.0,0.4,0.0,1.0,89,0,232,2685583,1359244,4,3,117624
ring,3,1048576,200000.0,0.4,0.0,1.0,89,0,233,2643250,1359244,4,3,124583
ring,3,1048576,200000.0,0.4,0.0,1.0,89,0,234,2809458,1359244,4,3,196875
ring,3,1048576,200000.0,0.4,0.0,1.0,89,0,235,2787083,1359244,4,3,158958
ring,3,1048576,200000.0,0.4,0.0,1.0,89,0,236,2662333,1359244,4,3,144166
ring,3,1048576,200000.0,0.4,0.0,1.0,89,0,237,2863625,1359244,4,3,170834
ring,3,1048576,200000.0,0.4,0.0,1.0,89,0,238,2649708,1359244,4,3,175916
ring,3,1048576,200000.0,0.4,0.0,1.0,89,0,239,2712417,1359244,4,3,42251
ring,3,1048576,200000.0,0.4,0.0,1.0,89,0,240,2735542,1359244,4,3,114417
ring,3,1048576,200000.0,0.4,0.0,1.0,89,0,241,2728208,1359244,4,3,133166
ring,3,1048576,200000.0,0.4,0.0,1.0,89,0,242,2751625,1359244,4,3,141041
ring,3,1048576,200000.0,0.4,0.0,1.0,89,0,243,2672708,1359244,4,3,98874
ring,3,1048576,200000.0,0.4,0.0,1.0,89,0,244,2694791,1359244,4,3,163291
ring,3,1048576,200000.0,0.4,0.0,1.0,89,0,245,2688334,1359244,4,3,163751
ring,3,1048576,200000.0,0.4,0.0,1.0,89,0,246,2698917,1359244,4,3,70667
ring,3,1048576,200000.0,0.4,0.0,1.0,89,0,247,2676209,1359244,4,3,132959
ring,3,1048576,200000.0,0.4,0.0,1.0,89,0,248,2786458,1359244,4,3,110167
ring,3,1048576,200000.0,0.4,0.0,1.0,89,0,249,2691667,1359244,4,3,155959
ring,3,1048576,200000.0,0.4,0.0,1.0,89,0,250,2793666,1359244,4,3,143458
ring,3,1048576,200000.0,0.4,0.0,1.0,89,0,251,2765584,1359244,4,3,127876
ring,3,1048576,200000.0,0.4,0.0,1.0,89,0,252,2729084,1359244,4,3,118584
ring,3,1048576,200000.0,0.4,0.0,1.0,89,0,253,2717792,1359244,4,3,107000
ring,3,1048576,200000.0,0.4,0.0,1.0,89,0,254,2719917,1359244,4,3,138000
ring,3,1048576,200000.0,0.4,0.0,1.0,89,0,255,2700625,1359244,4,3,86792
ring,3,1048576,200000.0,0.4,0.0,1.0,89,0,256,2644458,1359244,4,3,44083
ring,3,1048576,200000.0,0.4,0.0,1.0,89,0,257,2651459,1359244,4,3,101126
ring,3,1048576,200000.0,0.4,0.0,1.0,89,0,258,2692875,1359244,4,3,194500
ring,3,1048576,200000.0,0.4,0.0,1.0,89,0,259,2769625,1359244,4,3,79250
ring,3,1048576,200000.0,0.4,0.0,1.0,89,0,260,2833958,1359244,4,3,129166
ring,3,1048576,200000.0,0.4,0.0,1.0,89,0,261,2728583,1359244,4,3,163000
ring,3,1048576,200000.0,0.4,0.0,1.0,89,0,262,2695291,1359244,4,3,139083
ring,3,1048576,200000.0,0.4,0.0,1.0,89,0,263,2709291,1359244,4,3,114374
ring,3,1048576,200000.0,0.4,0.0,1.0,89,0,264,2803958,1359244,4,3,119125
ring,3,1048576,200000.0,0.4,0.0,1.0,89,0,265,2801666,1359244,4,3,160208
ring,3,1048576,200000.0,0.4,0.0,1.0,89,0,266,2748958,1359244,4,3,99875
ring,3,1048576,200000.0,0.4,0.0,1.0,89,0,267,2752375,1359244,4,3,177500
ring,3,1048576,200000.0,0.4,0.0,1.0,89,0,268,2651958,1359244,4,3,72958
ring,3,1048576,200000.0,0.4,0.0,1.0,89,0,269,2629542,1359244,4,3,143500
ring,3,1048576,200000.0,0.4,0.0,1.0,89,0,270,2732333,1359244,4,3,99292
ring,3,1048576,200000.0,0.4,0.0,1.0,89,0,271,2646250,1359244,4,3,158166
ring,3,1048576,200000.0,0.4,0.0,1.0,89,0,272,2725584,1359244,4,3,120793
ring,3,1048576,200000.0,0.4,0.0,1.0,89,0,273,2695333,1359244,4,3,139583
ring,3,1048576,200000.0,0.4,0.0,1.0,89,0,274,2764375,1359244,4,3,112000
ring,3,1048576,200000.0,0.4,0.0,1.0,89,0,275,2823583,1359244,4,3,142958
ring,3,1048576,200000.0,0.4,0.0,1.0,89,0,276,2631375,1359244,4,3,138333
ring,3,1048576,200000.0,0.4,0.0,1.0,89,0,277,2673000,1359244,4,3,139916
ring,3,1048576,200000.0,0.4,0.0,1.0,89,0,278,2782417,1359244,4,3,159875
ring,3,1048576,200000.0,0.4,0.0,1.0,89,0,279,2700959,1359244,4,3,150917
ring,3,1048576,200000.0,0.4,0.0,1.0,89,0,280,2690042,1359244,4,3,177042
ring,3,1048576,200000.0,0.4,0.0,1.0,89,0,281,2640083,1359244,4,3,94333
ring,3,1048576,200000.0,0.4,0.0,1.0,89,0,282,2786666,1359244,4,3,162791
ring,3,1048576,200000.0,0.4,0.0,1.0,89,0,283,2717291,1359244,4,3,33582
ring,3,1048576,200000.0,0.4,0.0,1.0,89,0,284,2704958,1359244,4,3,123250
ring,3,1048576,200000.0,0.4,0.0,1.0,89,0,285,2773958,1359244,4,3,128999
ring,3,1048576,200000.0,0.4,0.0,1.0,89,0,286,2839708,1359244,4,3,234750
ring,3,1048576,200000.0,0.4,0.0,1.0,89,0,287,2847875,1359244,4,3,145625
ring,3,1048576,200000.0,0.4,0.0,1.0,89,0,288,2796542,1359244,4,3,153833
ring,3,1048576,200000.0,0.4,0.0,1.0,89,0,289,3138917,1359244,4,3,76375
ring,3,1048576,200000.0,0.4,0.0,1.0,89,0,290,2977291,1359244,4,3,150000
ring,3,1048576,200000.0,0.4,0.0,1.0,89,0,291,2905334,1359244,4,3,140626
ring,3,1048576,200000.0,0.4,0.0,1.0,89,0,292,2942333,1359244,4,3,145375
ring,3,1048576,200000.0,0.4,0.0,1.0,89,0,293,2829042,1359244,4,3,127917
ring,3,1048576,200000.0,0.4,0.0,1.0,89,0,294,2845625,1359244,4,3,186208
ring,3,1048576,200000.0,0.4,0.0,1.0,89,0,295,2918500,1359244,4,3,131584
ring,3,1048576,200000.0,0.4,0.0,1.0,89,0,296,2963375,1359244,4,3,154875
ring,3,1048576,200000.0,0.4,0.0,1.0,89,0,297,2907125,1359244,4,3,215333
ring,3,1048576,200000.0,0.4,0.0,1.0,89,0,298,2730416,1359244,4,3,104083
ring,3,1048576,200000.0,0.4,0.0,1.0,89,0,299,2732334,1359244,4,3,166084
ring,3,1048576,200000.0,0.4,0.0,1.0,89,0,300,2949750,1359244,4,3,149583
ring,3,1048576,200000.0,0.4,0.0,1.0,89,0,301,2830625,1359244,4,3,205208
ring,3,1048576,200000.0,0.4,0.0,1.0,89,0,302,2808500,1359244,4,3,158584
ring,3,1048576,200000.0,0.4,0.0,1.0,89,0,303,2836834,1359244,4,3,153292
ring,3,1048576,200000.0,0.4,0.0,1.0,89,0,304,2747166,1359244,4,3,45874
ring,3,1048576,200000.0,0.4,0.0,1.0,89,0,305,2813667,1359244,4,3,118417
ring,3,1048576,200000.0,0.4,0.0,1.0,89,0,306,2889417,1359244,4,3,175167
ring,3,1048576,200000.0,0.4,0.0,1.0,89,0,307,3017959,1359244,4,3,59750
ring,3,1048576,200000.0,0.4,0.0,1.0,89,0,308,2941375,1359244,4,3,133042
ring,3,1048576,200000.0,0.4,0.0,1.0,89,0,309,2827292,1359244,4,3,116084
ring,3,1048576,200000.0,0.4,0.0,1.0,89,0,310,2932291,1359244,4,3,219375
ring,3,1048576,200000.0,0.4,0.0,1.0,89,0,311,2887209,1359244,4,3,77959
ring,3,1048576,200000.0,0.4,0.0,1.0,89,0,312,2858584,1359244,4,3,104167
ring,3,1048576,200000.0,0.4,0.0,1.0,89,0,313,3005541,1359244,4,3,118207
ring,3,1048576,200000.0,0.4,0.0,1.0,89,0,314,2778375,1359244,4,3,177917
ring,3,1048576,200000.0,0.4,0.0,1.0,89,0,315,2841958,1359244,4,3,111999
ring,3,1048576,200000.0,0.4,0.0,1.0,89,0,316,2942041,1359244,4,3,94000
ring,3,1048576,200000.0,0.4,0.0,1.0,89,0,317,2840708,1359244,4,3,97875
ring,3,1048576,200000.0,0.4,0.0,1.0,89,0,318,3061833,1359244,4,3,115041
ring,3,1048576,200000.0,0.4,0.0,1.0,89,0,319,3349125,1359244,4,3,166834
ring,3,1048576,200000.0,0.4,0.0,1.0,89,0,320,2988291,1359244,4,3,160000
ring,3,1048576,200000.0,0.4,0.0,1.0,89,0,321,3112750,1359244,4,3,244042
ring,3,1048576,200000.0,0.4,0.0,1.0,89,0,322,3260083,1359244,4,3,124583
ring,3,1048576,200000.0,0.4,0.0,1.0,89,0,323,2810750,1359244,4,3,110542
ring,3,1048576,200000.0,0.4,0.0,1.0,89,0,324,2901209,1359244,4,3,131750
ring,3,1048576,200000.0,0.4,0.0,1.0,89,0,325,2768708,1359244,4,3,127166
ring,3,1048576,200000.0,0.4,0.0,1.0,89,0,326,2826125,1359244,4,3,92500
ring,3,1048576,200000.0,0.4,0.0,1.0,89,0,327,2789958,1359244,4,3,111708
ring,3,1048576,200000.0,0.4,0.0,1.0,89,0,328,2815333,1359244,4,3,88041
ring,3,1048576,200000.0,0.4,0.0,1.0,89,0,329,3004667,1359244,4,3,137792
ring,3,1048576,200000.0,0.4,0.0,1.0,89,0,330,2772000,1359244,4,3,194875
ring,3,1048576,200000.0,0.4,0.0,1.0,89,0,331,2733625,1359244,4,3,8916
ring,3,1048576,200000.0,0.4,0.0,1.0,89,0,332,2965792,1359244,4,3,27625
ring,3,1048576,200000.0,0.4,0.0,1.0,89,0,333,2847958,1359244,4,3,106667
ring,3,1048576,200000.0,0.4,0.0,1.0,89,0,334,2897875,1359244,4,3,127209
ring,3,1048576,200000.0,0.4,0.0,1.0,89,0,335,2782500,1359244,4,3,231417
ring,3,1048576,200000.0,0.4,0.0,1.0,89,0,336,2816041,1359244,4,3,112249
ring,3,1048576,200000.0,0.4,0.0,1.0,89,0,337,2756584,1359244,4,3,115417
ring,3,1048576,200000.0,0.4,0.0,1.0,89,0,338,2869083,1359244,4,3,114667
ring,3,1048576,200000.0,0.4,0.0,1.0,89,0,339,2825750,1359244,4,3,176417
ring,3,1048576,200000.0,0.4,0.0,1.0,89,0,340,2909584,1359244,4,3,134668
ring,3,1048576,200000.0,0.4,0.0,1.0,89,0,341,2786041,1359244,4,3,137000
ring,3,1048576,200000.0,0.4,0.0,1.0,89,0,342,2842042,1359244,4,3,162250
ring,3,1048576,200000.0,0.4,0.0,1.0,89,0,343,2690834,1359244,4,3,178792
ring,3,1048576,200000.0,0.4,0.0,1.0,89,0,344,2854166,1359244,4,3,133916
ring,3,1048576,200000.0,0.4,0.0,1.0,89,0,345,2827458,1359244,4,3,172041
ring,3,1048576,200000.0,0.4,0.0,1.0,89,0,346,2889583,1359244,4,3,91374
ring,3,1048576,200000.0,0.4,0.0,1.0,89,0,347,2758583,1359244,4,3,50333
ring,3,1048576,200000.0,0.4,0.0,1.0,89,0,348,2784833,1359244,4,3,122792
ring,3,1048576,200000.0,0.4,0.0,1.0,89,0,349,2810833,1359244,4,3,152000
ring,3,1048576,200000.0,0.4,0.0,1.0,89,0,350,2873000,1359244,4,3,107000
ring,3,1048576,200000.0,0.4,0.0,1.0,89,0,351,2758750,1359244,4,3,75458
ring,3,1048576,200000.0,0.4,0.0,1.0,89,0,352,2885500,1359244,4,3,102583
ring,3,1048576,200000.0,0.4,0.0,1.0,89,0,353,2897792,1359244,4,3,98333
ring,3,1048576,200000.0,0.4,0.0,1.0,89,0,354,2964583,1359244,4,3,45791
ring,3,1048576,200000.0,0.4,0.0,1.0,89,0,355,2949250,1359244,4,3,79542
ring,3,1048576,200000.0,0.4,0.0,1.0,89,0,356,2930708,1359244,4,3,79958
ring,3,1048576,200000.0,0.4,0.0,1.0,89,0,357,2849792,1359244,4,3,143250
ring,3,1048576,200000.0,0.4,0.0,1.0,89,0,358,2927916,1359244,4,3,130374
ring,3,1048576,200000.0,0.4,0.0,1.0,89,0,359,2821000,1359244,4,3,56458
ring,3,1048576,200000.0,0.4,0.0,1.0,89,0,360,2876000,1359244,4,3,132417
ring,3,1048576,200000.0,0.4,0.0,1.0,89,0,361,2811834,1359244,4,3,89793
ring,3,1048576,200000.0,0.4,0.0,1.0,89,0,362,2796833,1359244,4,3,65375
ring,3,1048576,200000.0,0.4,0.0,1.0,89,0,363,2752833,1359244,4,3,161583
ring,3,1048576,200000.0,0.4,0.0,1.0,89,0,364,2871584,1359244,4,3,82209
ring,3,1048576,200000.0,0.4,0.0,1.0,89,0,365,2724375,1359244,4,3,95334
ring,3,1048576,200000.0,0.4,0.0,1.0,89,0,366,2722625,1359244,4,3,161125
ring,3,1048576,200000.0,0.4,0.0,1.0,89,0,367,2802375,1359244,4,3,140958
ring,3,1048576,200000.0,0.4,0.0,1.0,89,0,368,3004000,1359244,4,3,13625
ring,3,1048576,200000.0,0.4,0.0,1.0,89,0,369,2793875,1359244,4,3,135584
ring,3,1048576,200000.0,0.4,0.0,1.0,89,0,370,2755542,1359244,4,3,116250
ring,3,1048576,200000.0,0.4,0.0,1.0,89,0,371,2843167,1359244,4,3,185876
ring,3,1048576,200000.0,0.4,0.0,1.0,89,0,372,2825208,1359244,4,3,195875
ring,3,1048576,200000.0,0.4,0.0,1.0,89,0,373,2783625,1359244,4,3,122500
ring,3,1048576,200000.0,0.4,0.0,1.0,89,0,374,2892000,1359244,4,3,137917
ring,3,1048576,200000.0,0.4,0.0,1.0,89,0,375,2816041,1359244,4,3,149957
ring,3,1048576,200000.0,0.4,0.0,1.0,89,0,376,2822959,1359244,4,3,130709
ring,3,1048576,200000.0,0.4,0.0,1.0,89,0,377,2852042,1359244,4,3,156084
ring,3,1048576,200000.0,0.4,0.0,1.0,89,0,378,2798166,1359244,4,3,91333
ring,3,1048576,200000.0,0.4,0.0,1.0,89,0,379,2736583,1359244,4,3,178416
ring,3,1048576,200000.0,0.4,0.0,1.0,89,0,380,2846666,1359244,4,3,131791
ring,3,1048576,200000.0,0.4,0.0,1.0,89,0,381,2850334,1359244,4,3,116501
ring,3,1048576,200000.0,0.4,0.0,1.0,89,0,382,3027083,1359244,4,3,106333
ring,3,1048576,200000.0,0.4,0.0,1.0,89,0,383,2836625,1359244,4,3,126250
ring,3,1048576,200000.0,0.4,0.0,1.0,89,0,384,2878708,1359244,4,3,108749
ring,3,1048576,200000.0,0.4,0.0,1.0,89,0,385,2875417,1359244,4,3,85709
ring,3,1048576,200000.0,0.4,0.0,1.0,89,0,386,2873542,1359244,4,3,127125
ring,3,1048576,200000.0,0.4,0.0,1.0,89,0,387,2687042,1359244,4,3,138417
ring,3,1048576,200000.0,0.4,0.0,1.0,89,0,388,2813750,1359244,4,3,98208
ring,3,1048576,200000.0,0.4,0.0,1.0,89,0,389,2775708,1359244,4,3,144250
ring,3,1048576,200000.0,0.4,0.0,1.0,89,0,390,2855416,1359244,4,3,81875
ring,3,1048576,200000.0,0.4,0.0,1.0,89,0,391,2931417,1359244,4,3,193792
ring,3,1048576,200000.0,0.4,0.0,1.0,89,0,392,2873375,1359244,4,3,101041
ring,3,1048576,200000.0,0.4,0.0,1.0,89,0,393,2902417,1359244,4,3,160750
ring,3,1048576,200000.0,0.4,0.0,1.0,89,0,394,2855458,1359244,4,3,155541
ring,3,1048576,200000.0,0.4,0.0,1.0,89,0,395,2893333,1359244,4,3,210291
ring,3,1048576,200000.0,0.4,0.0,1.0,89,0,396,2807917,1359244,4,3,129042
ring,3,1048576,200000.0,0.4,0.0,1.0,89,0,397,2867000,1359244,4,3,212208
ring,3,1048576,200000.0,0.4,0.0,1.0,89,0,398,2849500,1359244,4,3,124583
ring,3,1048576,200000.0,0.4,0.0,1.0,89,0,399,2740625,1359244,4,3,110750
ring,3,1048576,200000.0,0.4,0.0,1.0,89,1,0,3511958,1359244,4,3,127000
ring,3,1048576,200000.0,0.4,0.0,1.0,89,1,1,3130709,1359244,4,3,215001
ring,3,1048576,200000.0,0.4,0.0,1.0,89,1,2,3118583,1359244,4,3,148958
ring,3,1048576,200000.0,0.4,0.0,1.0,89,1,3,3167500,1359244,4,3,116792
ring,3,1048576,200000.0,0.4,0.0,1.0,89,1,4,3091959,1359244,4,3,70459
ring,3,1048576,200000.0,0.4,0.0,1.0,89,1,5,3261958,1359244,4,3,129249
ring,3,1048576,200000.0,0.4,0.0,1.0,89,1,6,3122208,1359244,4,3,23166
ring,3,1048576,200000.0,0.4,0.0,1.0,89,1,7,3123125,1359244,4,3,38375
ring,3,1048576,200000.0,0.4,0.0,1.0,89,1,8,2986042,1359244,4,3,135542
ring,3,1048576,200000.0,0.4,0.0,1.0,89,1,9,3111917,1359244,4,3,159292
ring,3,1048576,200000.0,0.4,0.0,1.0,89,1,10,3007375,1359244,4,3,63875
ring,3,1048576,200000.0,0.4,0.0,1.0,89,1,11,3221375,1359244,4,3,153750
ring,3,1048576,200000.0,0.4,0.0,1.0,89,1,12,3052125,1359244,4,3,124000
ring,3,1048576,200000.0,0.4,0.0,1.0,89,1,13,3051042,1359244,4,3,152501
ring,3,1048576,200000.0,0.4,0.0,1.0,89,1,14,3044625,1359244,4,3,110875
ring,3,1048576,200000.0,0.4,0.0,1.0,89,1,15,3129625,1359244,4,3,194708
ring,3,1048576,200000.0,0.4,0.0,1.0,89,1,16,2992417,1359244,4,3,94500
ring,3,1048576,200000.0,0.4,0.0,1.0,89,1,17,2968000,1359244,4,3,78750
ring,3,1048576,200000.0,0.4,0.0,1.0,89,1,18,3181042,1359244,4,3,124000
ring,3,1048576,200000.0,0.4,0.0,1.0,89,1,19,3199000,1359244,4,3,339625
ring,3,1048576,200000.0,0.4,0.0,1.0,89,1,20,3068333,1359244,4,3,140000
ring,3,1048576,200000.0,0.4,0.0,1.0,89,1,21,3067792,1359244,4,3,151542
ring,3,1048576,200000.0,0.4,0.0,1.0,89,1,22,3038875,1359244,4,3,109833
ring,3,1048576,200000.0,0.4,0.0,1.0,89,1,23,2968334,1359244,4,3,101834
ring,3,1048576,200000.0,0.4,0.0,1.0,89,1,24,3163917,1359244,4,3,98084
ring,3,1048576,200000.0,0.4,0.0,1.0,89,1,25,3090666,1359244,4,3,52124
ring,3,1048576,200000.0,0.4,0.0,1.0,89,1,26,3029125,1359244,4,3,149166
ring,3,1048576,200000.0,0.4,0.0,1.0,89,1,27,2967042,1359244,4,3,111208
ring,3,1048576,200000.0,0.4,0.0,1.0,89,1,28,3070625,1359244,4,3,124417
ring,3,1048576,200000.0,0.4,0.0,1.0,89,1,29,3040708,1359244,4,3,151208
ring,3,1048576,200000.0,0.4,0.0,1.0,89,1,30,3045625,1359244,4,3,113166
ring,3,1048576,200000.0,0.4,0.0,1.0,89,1,31,3046667,1359244,4,3,214167
ring,3,1048576,200000.0,0.4,0.0,1.0,89,1,32,2925625,1359244,4,3,192500
ring,3,1048576,200000.0,0.4,0.0,1.0,89,1,33,3177417,1359244,4,3,86626
ring,3,1048576,200000.0,0.4,0.0,1.0,89,1,34,2935375,1359244,4,3,101208
ring,3,1048576,200000.0,0.4,0.0,1.0,89,1,35,2916417,1359244,4,3,146709
ring,3,1048576,200000.0,0.4,0.0,1.0,89,1,36,2943625,1359244,4,3,94334
ring,3,1048576,200000.0,0.4,0.0,1.0,89,1,37,2999417,1359244,4,3,147542
ring,3,1048576,200000.0,0.4,0.0,1.0,89,1,38,2993792,1359244,4,3,110875
ring,3,1048576,200000.0,0.4,0.0,1.0,89,1,39,2880917,1359244,4,3,120084
ring,3,1048576,200000.0,0.4,0.0,1.0,89,1,40,3097667,1359244,4,3,117208
ring,3,1048576,200000.0,0.4,0.0,1.0,89,1,41,2914958,1359244,4,3,159333
ring,3,1048576,200000.0,0.4,0.0,1.0,89,1,42,2930041,1359244,4,3,168124
ring,3,1048576,200000.0,0.4,0.0,1.0,89,1,43,3066042,1359244,4,3,168625
ring,3,1048576,200000.0,0.4,0.0,1.0,89,1,44,2942291,1359244,4,3,116083
ring,3,1048576,200000.0,0.4,0.0,1.0,89,1,45,2972709,1359244,4,3,117709
ring,3,1048576,200000.0,0.4,0.0,1.0,89,1,46,3104375,1359244,4,3,123667
ring,3,1048576,200000.0,0.4,0.0,1.0,89,1,47,3003250,1359244,4,3,196375
ring,3,1048576,200000.0,0.4,0.0,1.0,89,1,48,2996583,1359244,4,3,164416
ring,3,1048576,200000.0,0.4,0.0,1.0,89,1,49,3079292,1359244,4,3,121959
ring,3,1048576,200000.0,0.4,0.0,1.0,89,1,50,2926000,1359244,4,3,154959
ring,3,1048576,200000.0,0.4,0.0,1.0,89,1,51,2959250,1359244,4,3,142792
ring,3,1048576,200000.0,0.4,0.0,1.0,89,1,52,2927417,1359244,4,3,61667
ring,3,1048576,200000.0,0.4,0.0,1.0,89,1,53,3050333,1359244,4,3,116625
ring,3,1048576,200000.0,0.4,0.0,1.0,89,1,54,2930833,1359244,4,3,133833
ring,3,1048576,200000.0,0.4,0.0,1.0,89,1,55,2992375,1359244,4,3,143875
ring,3,1048576,200000.0,0.4,0.0,1.0,89,1,56,3057333,1359244,4,3,141042
ring,3,1048576,200000.0,0.4,0.0,1.0,89,1,57,3102041,1359244,4,3,149874
ring,3,1048576,200000.0,0.4,0.0,1.0,89,1,58,3018208,1359244,4,3,141541
ring,3,1048576,200000.0,0.4,0.0,1.0,89,1,59,2947250,1359244,4,3,88542
ring,3,1048576,200000.0,0.4,0.0,1.0,89,1,60,2967166,1359244,4,3,110666
ring,3,1048576,200000.0,0.4,0.0,1.0,89,1,61,3104625,1359244,4,3,142166
ring,3,1048576,200000.0,0.4,0.0,1.0,89,1,62,2969917,1359244,4,3,136417
ring,3,1048576,200000.0,0.4,0.0,1.0,89,1,63,2963834,1359244,4,3,216084
ring,3,1048576,200000.0,0.4,0.0,1.0,89,1,64,2884416,1359244,4,3,174791
ring,3,1048576,200000.0,0.4,0.0,1.0,89,1,65,2887208,1359244,4,3,109708
ring,3,1048576,200000.0,0.4,0.0,1.0,89,1,66,2882917,1359244,4,3,164417
ring,3,1048576,200000.0,0.4,0.0,1.0,89,1,67,2905542,1359244,4,3,236459
ring,3,1048576,200000.0,0.4,0.0,1.0,89,1,68,2899708,1359244,4,3,135917
ring,3,1048576,200000.0,0.4,0.0,1.0,89,1,69,2992333,1359244,4,3,137958
ring,3,1048576,200000.0,0.4,0.0,1.0,89,1,70,2889208,1359244,4,3,136708
ring,3,1048576,200000.0,0.4,0.0,1.0,89,1,71,2957250,1359244,4,3,119875
ring,3,1048576,200000.0,0.4,0.0,1.0,89,1,72,3077125,1359244,4,3,231791
ring,3,1048576,200000.0,0.4,0.0,1.0,89,1,73,3099708,1359244,4,3,107874
ring,3,1048576,200000.0,0.4,0.0,1.0,89,1,74,2974750,1359244,4,3,139791
ring,3,1048576,200000.0,0.4,0.0,1.0,89,1,75,3144500,1359244,4,3,200583
ring,3,1048576,200000.0,0.4,0.0,1.0,89,1,76,3008875,1359244,4,3,187042
ring,3,1048576,200000.0,0.4,0.0,1.0,89,1,77,2988166,1359244,4,3,227207
ring,3,1048576,200000.0,0.4,0.0,1.0,89,1,78,2943042,1359244,4,3,192000
ring,3,1048576,200000.0,0.4,0.0,1.0,89,1,79,2954917,1359244,4,3,186792
ring,3,1048576,200000.0,0.4,0.0,1.0,89,1,80,3105792,1359244,4,3,201333
ring,3,1048576,200000.0,0.4,0.0,1.0,89,1,81,2905375,1359244,4,3,265417
ring,3,1048576,200000.0,0.4,0.0,1.0,89,1,82,2946417,1359244,4,3,198917
ring,3,1048576,200000.0,0.4,0.0,1.0,89,1,83,2986959,1359244,4,3,157709
ring,3,1048576,200000.0,0.4,0.0,1.0,89,1,84,3023000,1359244,4,3,113375
ring,3,1048576,200000.0,0.4,0.0,1.0,89,1,85,2806666,1359244,4,3,191083
ring,3,1048576,200000.0,0.4,0.0,1.0,89,1,86,3039041,1359244,4,3,155249
ring,3,1048576,200000.0,0.4,0.0,1.0,89,1,87,2878708,1359244,4,3,167625
ring,3,1048576,200000.0,0.4,0.0,1.0,89,1,88,2920125,1359244,4,3,168208
ring,3,1048576,200000.0,0.4,0.0,1.0,89,1,89,2905667,1359244,4,3,177792
ring,3,1048576,200000.0,0.4,0.0,1.0,89,1,90,2903417,1359244,4,3,246125
ring,3,1048576,200000.0,0.4,0.0,1.0,89,1,91,2918000,1359244,4,3,103375
ring,3,1048576,200000.0,0.4,0.0,1.0,89,1,92,2865209,1359244,4,3,152668
ring,3,1048576,200000.0,0.4,0.0,1.0,89,1,93,3077875,1359244,4,3,12500
ring,3,1048576,200000.0,0.4,0.0,1.0,89,1,94,2986375,1359244,4,3,119208
ring,3,1048576,200000.0,0.4,0.0,1.0,89,1,95,2973166,1359244,4,3,106833
ring,3,1048576,200000.0,0.4,0.0,1.0,89,1,96,2922792,1359244,4,3,176375
ring,3,1048576,200000.0,0.4,0.0,1.0,89,1,97,2957916,1359244,4,3,109041
ring,3,1048576,200000.0,0.4,0.0,1.0,89,1,98,2915541,1359244,4,3,95458
ring,3,1048576,200000.0,0.4,0.0,1.0,89,1,99,3107458,1359244,4,3,134666
ring,3,1048576,200000.0,0.4,0.0,1.0,89,1,100,2914542,1359244,4,3,166042
ring,3,1048576,200000.0,0.4,0.0,1.0,89,1,101,2905000,1359244,4,3,236375
ring,3,1048576,200000.0,0.4,0.0,1.0,89,1,102,2891958,1359244,4,3,70166
ring,3,1048576,200000.0,0.4,0.0,1.0,89,1,103,3037959,1359244,4,3,169668
ring,3,1048576,200000.0,0.4,0.0,1.0,89,1,104,2889708,1359244,4,3,90167
ring,3,1048576,200000.0,0.4,0.0,1.0,89,1,105,2908875,1359244,4,3,129625
ring,3,1048576,200000.0,0.4,0.0,1.0,89,1,106,3022292,1359244,4,3,196709
ring,3,1048576,200000.0,0.4,0.0,1.0,89,1,107,2884625,1359244,4,3,204417
ring,3,1048576,200000.0,0.4,0.0,1.0,89,1,108,2944959,1359244,4,3,132792
ring,3,1048576,200000.0,0.4,0.0,1.0,89,1,109,2980417,1359244,4,3,168500
ring,3,1048576,200000.0,0.4,0.0,1.0,89,1,110,2940375,1359244,4,3,113917
ring,3,1048576,200000.0,0.4,0.0,1.0,89,1,111,2958709,1359244,4,3,177250
ring,3,1048576,200000.0,0.4,0.0,1.0,89,1,112,2877166,1359244,4,3,197624
ring,3,1048576,200000.0,0.4,0.0,1.0,89,1,113,3064292,1359244,4,3,51917
ring,3,1048576,200000.0,0.4,0.0,1.0,89,1,114,2953875,1359244,4,3,111792
ring,3,1048576,200000.0,0.4,0.0,1.0,89,1,115,2946292,1359244,4,3,188792
ring,3,1048576,200000.0,0.4,0.0,1.0,89,1,116,2896584,1359244,4,3,148543
ring,3,1048576,200000.0,0.4,0.0,1.0,89,1,117,2835000,1359244,4,3,122375
ring,3,1048576,200000.0,0.4,0.0,1.0,89,1,118,2922000,1359244,4,3,150167
ring,3,1048576,200000.0,0.4,0.0,1.0,89,1,119,2887875,1359244,4,3,155084
ring,3,1048576,200000.0,0.4,0.0,1.0,89,1,120,2914917,1359244,4,3,102834
ring,3,1048576,200000.0,0.4,0.0,1.0,89,1,121,2869042,1359244,4,3,120501
ring,3,1048576,200000.0,0.4,0.0,1.0,89,1,122,3073750,1359244,4,3,79542
ring,3,1048576,200000.0,0.4,0.0,1.0,89,1,123,3049250,1359244,4,3,92792
ring,3,1048576,200000.0,0.4,0.0,1.0,89,1,124,2990500,1359244,4,3,224166
ring,3,1048576,200000.0,0.4,0.0,1.0,89,1,125,2999333,1359244,4,3,141208
ring,3,1048576,200000.0,0.4,0.0,1.0,89,1,126,3121125,1359244,4,3,220916
ring,3,1048576,200000.0,0.4,0.0,1.0,89,1,127,2995875,1359244,4,3,165792
ring,3,1048576,200000.0,0.4,0.0,1.0,89,1,128,3074542,1359244,4,3,135958
ring,3,1048576,200000.0,0.4,0.0,1.0,89,1,129,3048958,1359244,4,3,150500
ring,3,1048576,200000.0,0.4,0.0,1.0,89,1,130,2972875,1359244,4,3,116458
ring,3,1048576,200000.0,0.4,0.0,1.0,89,1,131,2944666,1359244,4,3,156791
ring,3,1048576,200000.0,0.4,0.0,1.0,89,1,132,3032000,1359244,4,3,156292
ring,3,1048576,200000.0,0.4,0.0,1.0,89,1,133,3109917,1359244,4,3,39167
ring,3,1048576,200000.0,0.4,0.0,1.0,89,1,134,3119708,1359244,4,3,176458
ring,3,1048576,200000.0,0.4,0.0,1.0,89,1,135,2954416,1359244,4,3,120125
ring,3,1048576,200000.0,0.4,0.0,1.0,89,1,136,2955500,1359244,4,3,149791
ring,3,1048576,200000.0,0.4,0.0,1.0,89,1,137,3282250,1359244,4,3,211125
ring,3,1048576,200000.0,0.4,0.0,1.0,89,1,138,3328250,1359244,4,3,118834
ring,3,1048576,200000.0,0.4,0.0,1.0,89,1,139,3104041,1359244,4,3,155041
ring,3,1048576,200000.0,0.4,0.0,1.0,89,1,140,3332916,1359244,4,3,92166
ring,3,1048576,200000.0,0.4,0.0,1.0,89,1,141,3438917,1359244,4,3,54042
ring,3,1048576,200000.0,0.4,0.0,1.0,89,1,142,3535792,1359244,4,3,219209
ring,3,1048576,200000.0,0.4,0.0,1.0,89,1,143,3082625,1359244,4,3,100333
ring,3,1048576,200000.0,0.4,0.0,1.0,89,1,144,3202833,1359244,4,3,34791
ring,3,1048576,200000.0,0.4,0.0,1.0,89,1,145,2934792,1359244,4,3,174208
ring,3,1048576,200000.0,0.4,0.0,1.0,89,1,146,3158208,1359244,4,3,145666
ring,3,1048576,200000.0,0.4,0.0,1.0,89,1,147,3050834,1359244,4,3,121875
ring,3,1048576,200000.0,0.4,0.0,1.0,89,1,148,3025167,1359244,4,3,181001
ring,3,1048576,200000.0,0.4,0.0,1.0,89,1,149,3070917,1359244,4,3,196459
ring,3,1048576,200000.0,0.4,0.0,1.0,89,1,150,3190666,1359244,4,3,164541
ring,3,1048576,200000.0,0.4,0.0,1.0,89,1,151,3135625,1359244,4,3,24208
ring,3,1048576,200000.0,0.4,0.0,1.0,89,1,152,3098125,1359244,4,3,131041
ring,3,1048576,200000.0,0.4,0.0,1.0,89,1,153,2994125,1359244,4,3,141917
ring,3,1048576,200000.0,0.4,0.0,1.0,89,1,154,3150209,1359244,4,3,195500
ring,3,1048576,200000.0,0.4,0.0,1.0,89,1,155,3020250,1359244,4,3,122000
ring,3,1048576,200000.0,0.4,0.0,1.0,89,1,156,3171291,1359244,4,3,185416
ring,3,1048576,200000.0,0.4,0.0,1.0,89,1,157,2959292,1359244,4,3,142750
ring,3,1048576,200000.0,0.4,0.0,1.0,89,1,158,3057916,1359244,4,3,55333
ring,3,1048576,200000.0,0.4,0.0,1.0,89,1,159,2895709,1359244,4,3,129084
ring,3,1048576,200000.0,0.4,0.0,1.0,89,1,160,2989750,1359244,4,3,171958
ring,3,1048576,200000.0,0.4,0.0,1.0,89,1,161,2938625,1359244,4,3,169625
ring,3,1048576,200000.0,0.4,0.0,1.0,89,1,162,3083917,1359244,4,3,149417
ring,3,1048576,200000.0,0.4,0.0,1.0,89,1,163,2835875,1359244,4,3,52417
ring,3,1048576,200000.0,0.4,0.0,1.0,89,1,164,2969125,1359244,4,3,145792
ring,3,1048576,200000.0,0.4,0.0,1.0,89,1,165,2869792,1359244,4,3,67375
ring,3,1048576,200000.0,0.4,0.0,1.0,89,1,166,2972375,1359244,4,3,121542
ring,3,1048576,200000.0,0.4,0.0,1.0,89,1,167,2894250,1359244,4,3,153625
ring,3,1048576,200000.0,0.4,0.0,1.0,89,1,168,2945333,1359244,4,3,115917
ring,3,1048576,200000.0,0.4,0.0,1.0,89,1,169,2894750,1359244,4,3,165917
ring,3,1048576,200000.0,0.4,0.0,1.0,89,1,170,2993583,1359244,4,3,132666
ring,3,1048576,200000.0,0.4,0.0,1.0,89,1,171,2989875,1359244,4,3,106167
ring,3,1048576,200000.0,0.4,0.0,1.0,89,1,172,3053125,1359244,4,3,144833
ring,3,1048576,200000.0,0.4,0.0,1.0,89,1,173,3032625,1359244,4,3,101125
ring,3,1048576,200000.0,0.4,0.0,1.0,89,1,174,2932542,1359244,4,3,157125
ring,3,1048576,200000.0,0.4,0.0,1.0,89,1,175,3029375,1359244,4,3,99042
ring,3,1048576,200000.0,0.4,0.0,1.0,89,1,176,2881917,1359244,4,3,98667
ring,3,1048576,200000.0,0.4,0.0,1.0,89,1,177,2916458,1359244,4,3,111833
ring,3,1048576,200000.0,0.4,0.0,1.0,89,1,178,3104875,1359244,4,3,210459
ring,3,1048576,200000.0,0.4,0.0,1.0,89,1,179,2955416,1359244,4,3,199291
ring,3,1048576,200000.0,0.4,0.0,1.0,89,1,180,2896250,1359244,4,3,154292
ring,3,1048576,200000.0,0.4,0.0,1.0,89,1,181,3186500,1359244,4,3,27417
ring,3,1048576,200000.0,0.4,0.0,1.0,89,1,182,2921666,1359244,4,3,158416
ring,3,1048576,200000.0,0.4,0.0,1.0,89,1,183,2901250,1359244,4,3,151750
ring,3,1048576,200000.0,0.4,0.0,1.0,89,1,184,2918667,1359244,4,3,149375
ring,3,1048576,200000.0,0.4,0.0,1.0,89,1,185,2991750,1359244,4,3,161167
ring,3,1048576,200000.0,0.4,0.0,1.0,89,1,186,3016666,1359244,4,3,156666
ring,3,1048576,200000.0,0.4,0.0,1.0,89,1,187,3026125,1359244,4,3,150250
ring,3,1048576,200000.0,0.4,0.0,1.0,89,1,188,3097000,1359244,4,3,190500
ring,3,1048576,200000.0,0.4,0.0,1.0,89,1,189,2954500,1359244,4,3,133166
ring,3,1048576,200000.0,0.4,0.0,1.0,89,1,190,3176958,1359244,4,3,233708
ring,3,1048576,200000.0,0.4,0.0,1.0,89,1,191,3097958,1359244,4,3,24583
ring,3,1048576,200000.0,0.4,0.0,1.0,89,1,192,3026875,1359244,4,3,153000
ring,3,1048576,200000.0,0.4,0.0,1.0,89,1,193,3047208,1359244,4,3,130291
ring,3,1048576,200000.0,0.4,0.0,1.0,89,1,194,3084167,1359244,4,3,181667
ring,3,1048576,200000.0,0.4,0.0,1.0,89,1,195,2957750,1359244,4,3,107208
ring,3,1048576,200000.0,0.4,0.0,1.0,89,1,196,3012334,1359244,4,3,78042
ring,3,1048576,200000.0,0.4,0.0,1.0,89,1,197,3080542,1359244,4,3,136667
ring,3,1048576,200000.0,0.4,0.0,1.0,89,1,198,2902834,1359244,4,3,61042
ring,3,1048576,200000.0,0.4,0.0,1.0,89,1,199,3016958,1359244,4,3,101916
ring,3,1048576,200000.0,0.4,0.0,1.0,89,1,200,2970583,1359244,4,3,94499
ring,3,1048576,200000.0,0.4,0.0,1.0,89,1,201,3104833,1359244,4,3,20750
ring,3,1048576,200000.0,0.4,0.0,1.0,89,1,202,3015125,1359244,4,3,140416
ring,3,1048576,200000.0,0.4,0.0,1.0,89,1,203,3010709,1359244,4,3,95209
ring,3,1048576,200000.0,0.4,0.0,1.0,89,1,204,3000584,1359244,4,3,125084
ring,3,1048576,200000.0,0.4,0.0,1.0,89,1,205,2929875,1359244,4,3,128000
ring,3,1048576,200000.0,0.4,0.0,1.0,89,1,206,2999250,1359244,4,3,72709
ring,3,1048576,200000.0,0.4,0.0,1.0,89,1,207,3250792,1359244,4,3,282167
ring,3,1048576,200000.0,0.4,0.0,1.0,89,1,208,2940125,1359244,4,3,109875
ring,3,1048576,200000.0,0.4,0.0,1.0,89,1,209,2934292,1359244,4,3,157959
ring,3,1048576,200000.0,0.4,0.0,1.0,89,1,210,2965375,1359244,4,3,112459
ring,3,1048576,200000.0,0.4,0.0,1.0,89,1,211,2976833,1359244,4,3,146500
ring,3,1048576,200000.0,0.4,0.0,1.0,89,1,212,2897083,1359244,4,3,121249
ring,3,1048576,200000.0,0.4,0.0,1.0,89,1,213,3032750,1359244,4,3,159416
ring,3,1048576,200000.0,0.4,0.0,1.0,89,1,214,2885917,1359244,4,3,195625
ring,3,1048576,200000.0,0.4,0.0,1.0,89,1,215,2954541,1359244,4,3,188333
ring,3,1048576,200000.0,0.4,0.0,1.0,89,1,216,2908209,1359244,4,3,110334
ring,3,1048576,200000.0,0.4,0.0,1.0,89,1,217,2860292,1359244,4,3,113417
ring,3,1048576,200000.0,0.4,0.0,1.0,89,1,218,2917750,1359244,4,3,130667
ring,3,1048576,200000.0,0.4,0.0,1.0,89,1,219,3091833,1359244,4,3,59875
ring,3,1048576,200000.0,0.4,0.0,1.0,89,1,220,2953000,1359244,4,3,88333
ring,3,1048576,200000.0,0.4,0.0,1.0,89,1,221,2999084,1359244,4,3,203292
ring,3,1048576,200000.0,0.4,0.0,1.0,89,1,222,2928875,1359244,4,3,136042
ring,3,1048576,200000.0,0.4,0.0,1.0,89,1,223,3017625,1359244,4,3,147834
ring,3,1048576,200000.0,0.4,0.0,1.0,89,1,224,3040708,1359244,4,3,159624
ring,3,1048576,200000.0,0.4,0.0,1.0,89,1,225,2925083,1359244,4,3,157166
ring,3,1048576,200000.0,0.4,0.0,1.0,89,1,226,2874375,1359244,4,3,136084
ring,3,1048576,200000.0,0.4,0.0,1.0,89,1,227,2942416,1359244,4,3,254666
ring,3,1048576,200000.0,0.4,0.0,1.0,89,1,228,2902667,1359244,4,3,89000
ring,3,1048576,200000.0,0.4,0.0,1.0,89,1,229,3005291,1359244,4,3,186208
ring,3,1048576,200000.0,0.4,0.0,1.0,89,1,230,2971458,1359244,4,3,75666
ring,3,1048576,200000.0,0.4,0.0,1.0,89,1,231,2938208,1359244,4,3,86083
ring,3,1048576,200000.0,0.4,0.0,1.0,89,1,232,3107542,1359244,4,3,185625
ring,3,1048576,200000.0,0.4,0.0,1.0,89,1,233,3032958,1359244,4,3,197124
ring,3,1048576,200000.0,0.4,0.0,1.0,89,1,234,2992208,1359244,4,3,140458
ring,3,1048576,200000.0,0.4,0.0,1.0,89,1,235,3033292,1359244,4,3,175125
ring,3,1048576,200000.0,0.4,0.0,1.0,89,1,236,3026750,1359244,4,3,138750
ring,3,1048576,200000.0,0.4,0.0,1.0,89,1,237,2992250,1359244,4,3,91583
ring,3,1048576,200000.0,0.4,0.0,1.0,89,1,238,2953917,1359244,4,3,134334
ring,3,1048576,200000.0,0.4,0.0,1.0,89,1,239,2951625,1359244,4,3,157667
ring,3,1048576,200000.0,0.4,0.0,1.0,89,1,240,3006667,1359244,4,3,77125
ring,3,1048576,200000.0,0.4,0.0,1.0,89,1,241,2926292,1359244,4,3,161375
ring,3,1048576,200000.0,0.4,0.0,1.0,89,1,242,3052958,1359244,4,3,128916
ring,3,1048576,200000.0,0.4,0.0,1.0,89,1,243,2960250,1359244,4,3,136292
ring,3,1048576,200000.0,0.4,0.0,1.0,89,1,244,2969958,1359244,4,3,181624
ring,3,1048576,200000.0,0.4,0.0,1.0,89,1,245,3165416,1359244,4,3,136999
ring,3,1048576,200000.0,0.4,0.0,1.0,89,1,246,2868667,1359244,4,3,110125
ring,3,1048576,200000.0,0.4,0.0,1.0,89,1,247,2994792,1359244,4,3,142792
ring,3,1048576,200000.0,0.4,0.0,1.0,89,1,248,2957209,1359244,4,3,120584
ring,3,1048576,200000.0,0.4,0.0,1.0,89,1,249,2893250,1359244,4,3,118416
ring,3,1048576,200000.0,0.4,0.0,1.0,89,1,250,2961708,1359244,4,3,85917
ring,3,1048576,200000.0,0.4,0.0,1.0,89,1,251,2812166,1359244,4,3,177833
ring,3,1048576,200000.0,0.4,0.0,1.0,89,1,252,2959167,1359244,4,3,151250
ring,3,1048576,200000.0,0.4,0.0,1.0,89,1,253,2998416,1359244,4,3,182791
ring,3,1048576,200000.0,0.4,0.0,1.0,89,1,254,2892458,1359244,4,3,107000
ring,3,1048576,200000.0,0.4,0.0,1.0,89,1,255,2904125,1359244,4,3,140916
ring,3,1048576,200000.0,0.4,0.0,1.0,89,1,256,2899917,1359244,4,3,141958
ring,3,1048576,200000.0,0.4,0.0,1.0,89,1,257,3042834,1359244,4,3,165209
ring,3,1048576,200000.0,0.4,0.0,1.0,89,1,258,2881250,1359244,4,3,47666
ring,3,1048576,200000.0,0.4,0.0,1.0,89,1,259,2855750,1359244,4,3,98833
ring,3,1048576,200000.0,0.4,0.0,1.0,89,1,260,2911792,1359244,4,3,139042
ring,3,1048576,200000.0,0.4,0.0,1.0,89,1,261,2877958,1359244,4,3,92083
ring,3,1048576,200000.0,0.4,0.0,1.0,89,1,262,2972625,1359244,4,3,147958
ring,3,1048576,200000.0,0.4,0.0,1.0,89,1,263,2927417,1359244,4,3,138583
ring,3,1048576,200000.0,0.4,0.0,1.0,89,1,264,2909958,1359244,4,3,88083
ring,3,1048576,200000.0,0.4,0.0,1.0,89,1,265,2917750,1359244,4,3,169875
ring,3,1048576,200000.0,0.4,0.0,1.0,89,1,266,2926459,1359244,4,3,123043
ring,3,1048576,200000.0,0.4,0.0,1.0,89,1,267,2867959,1359244,4,3,120084
ring,3,1048576,200000.0,0.4,0.0,1.0,89,1,268,3195000,1359244,4,3,158500
ring,3,1048576,200000.0,0.4,0.0,1.0,89,1,269,2854125,1359244,4,3,50042
ring,3,1048576,200000.0,0.4,0.0,1.0,89,1,270,3020667,1359244,4,3,169209
ring,3,1048576,200000.0,0.4,0.0,1.0,89,1,271,2969542,1359244,4,3,97292
ring,3,1048576,200000.0,0.4,0.0,1.0,89,1,272,3016375,1359244,4,3,181333
ring,3,1048576,200000.0,0.4,0.0,1.0,89,1,273,3081125,1359244,4,3,160708
ring,3,1048576,200000.0,0.4,0.0,1.0,89,1,274,3185541,1359244,4,3,29249
ring,3,1048576,200000.0,0.4,0.0,1.0,89,1,275,3045583,1359244,4,3,82375
ring,3,1048576,200000.0,0.4,0.0,1.0,89,1,276,3116416,1359244,4,3,188208
ring,3,1048576,200000.0,0.4,0.0,1.0,89,1,277,3190667,1359244,4,3,99667
ring,3,1048576,200000.0,0.4,0.0,1.0,89,1,278,3338041,1359244,4,3,49832
ring,3,1048576,200000.0,0.4,0.0,1.0,89,1,279,3136542,1359244,4,3,159584
ring,3,1048576,200000.0,0.4,0.0,1.0,89,1,280,3169167,1359244,4,3,141500
ring,3,1048576,200000.0,0.4,0.0,1.0,89,1,281,3057458,1359244,4,3,129833
ring,3,1048576,200000.0,0.4,0.0,1.0,89,1,282,3090708,1359244,4,3,38500
ring,3,1048576,200000.0,0.4,0.0,1.0,89,1,283,3127583,1359244,4,3,146791
ring,3,1048576,200000.0,0.4,0.0,1.0,89,1,284,3013792,1359244,4,3,126542
ring,3,1048576,200000.0,0.4,0.0,1.0,89,1,285,3035916,1359244,4,3,27166
ring,3,1048576,200000.0,0.4,0.0,1.0,89,1,286,3274458,1359244,4,3,212791
ring,3,1048576,200000.0,0.4,0.0,1.0,89,1,287,3066666,1359244,4,3,64916
ring,3,1048576,200000.0,0.4,0.0,1.0,89,1,288,3198459,1359244,4,3,191542
ring,3,1048576,200000.0,0.4,0.0,1.0,89,1,289,3076833,1359244,4,3,208917
ring,3,1048576,200000.0,0.4,0.0,1.0,89,1,290,3052917,1359244,4,3,74709
ring,3,1048576,200000.0,0.4,0.0,1.0,89,1,291,3060875,1359244,4,3,104292
ring,3,1048576,200000.0,0.4,0.0,1.0,89,1,292,2972959,1359244,4,3,110084
ring,3,1048576,200000.0,0.4,0.0,1.0,89,1,293,3068291,1359244,4,3,42708
ring,3,1048576,200000.0,0.4,0.0,1.0,89,1,294,3096792,1359244,4,3,98834
ring,3,1048576,200000.0,0.4,0.0,1.0,89,1,295,3094000,1359244,4,3,58041
ring,3,1048576,200000.0,0.4,0.0,1.0,89,1,296,3127916,1359244,4,3,121375
ring,3,1048576,200000.0,0.4,0.0,1.0,89,1,297,3117125,1359244,4,3,139625
ring,3,1048576,200000.0,0.4,0.0,1.0,89,1,298,3089958,1359244,4,3,163583
ring,3,1048576,200000.0,0.4,0.0,1.0,89,1,299,3067208,1359244,4,3,181917
ring,3,1048576,200000.0,0.4,0.0,1.0,89,1,300,3132958,1359244,4,3,128124
ring,3,1048576,200000.0,0.4,0.0,1.0,89,1,301,2974333,1359244,4,3,106125
ring,3,1048576,200000.0,0.4,0.0,1.0,89,1,302,3030334,1359244,4,3,14542
ring,3,1048576,200000.0,0.4,0.0,1.0,89,1,303,2963583,1359244,4,3,104792
ring,3,1048576,200000.0,0.4,0.0,1.0,89,1,304,3210167,1359244,4,3,131751
ring,3,1048576,200000.0,0.4,0.0,1.0,89,1,305,3156375,1359244,4,3,122000
ring,3,1048576,200000.0,0.4,0.0,1.0,89,1,306,3092958,1359244,4,3,116291
ring,3,1048576,200000.0,0.4,0.0,1.0,89,1,307,3117334,1359244,4,3,160334
ring,3,1048576,200000.0,0.4,0.0,1.0,89,1,308,3295291,1359244,4,3,199916
ring,3,1048576,200000.0,0.4,0.0,1.0,89,1,309,3265875,1359244,4,3,280458
ring,3,1048576,200000.0,0.4,0.0,1.0,89,1,310,3193042,1359244,4,3,165917
ring,3,1048576,200000.0,0.4,0.0,1.0,89,1,311,3167625,1359244,4,3,206875
ring,3,1048576,200000.0,0.4,0.0,1.0,89,1,312,3143125,1359244,4,3,266166
ring,3,1048576,200000.0,0.4,0.0,1.0,89,1,313,3198542,1359244,4,3,195667
ring,3,1048576,200000.0,0.4,0.0,1.0,89,1,314,3120875,1359244,4,3,236625
ring,3,1048576,200000.0,0.4,0.0,1.0,89,1,315,3137833,1359244,4,3,101750
ring,3,1048576,200000.0,0.4,0.0,1.0,89,1,316,3179875,1359244,4,3,130542
ring,3,1048576,200000.0,0.4,0.0,1.0,89,1,317,3164833,1359244,4,3,140374
ring,3,1048576,200000.0,0.4,0.0,1.0,89,1,318,3316833,1359244,4,3,138917
ring,3,1048576,200000.0,0.4,0.0,1.0,89,1,319,3241667,1359244,4,3,39875
ring,3,1048576,200000.0,0.4,0.0,1.0,89,1,320,3335125,1359244,4,3,57791
ring,3,1048576,200000.0,0.4,0.0,1.0,89,1,321,3184208,1359244,4,3,175791
ring,3,1048576,200000.0,0.4,0.0,1.0,89,1,322,3228916,1359244,4,3,140124
ring,3,1048576,200000.0,0.4,0.0,1.0,89,1,323,3384292,1359244,4,3,154000
ring,3,1048576,200000.0,0.4,0.0,1.0,89,1,324,3114625,1359244,4,3,166458
ring,3,1048576,200000.0,0.4,0.0,1.0,89,1,325,3279167,1359244,4,3,249250
ring,3,1048576,200000.0,0.4,0.0,1.0,89,1,326,3187250,1359244,4,3,200417
ring,3,1048576,200000.0,0.4,0.0,1.0,89,1,327,3288000,1359244,4,3,33833
ring,3,1048576,200000.0,0.4,0.0,1.0,89,1,328,3205208,1359244,4,3,177916
ring,3,1048576,200000.0,0.4,0.0,1.0,89,1,329,3274000,1359244,4,3,126667
ring,3,1048576,200000.0,0.4,0.0,1.0,89,1,330,3058125,1359244,4,3,81167
ring,3,1048576,200000.0,0.4,0.0,1.0,89,1,331,3205333,1359244,4,3,138750
ring,3,1048576,200000.0,0.4,0.0,1.0,89,1,332,3176833,1359244,4,3,124917
ring,3,1048576,200000.0,0.4,0.0,1.0,89,1,333,3084916,1359244,4,3,33457
ring,3,1048576,200000.0,0.4,0.0,1.0,89,1,334,3122417,1359244,4,3,81417
ring,3,1048576,200000.0,0.4,0.0,1.0,89,1,335,3231500,1359244,4,3,143334
ring,3,1048576,200000.0,0.4,0.0,1.0,89,1,336,3073417,1359244,4,3,181500
ring,3,1048576,200000.0,0.4,0.0,1.0,89,1,337,3092958,1359244,4,3,82291
ring,3,1048576,200000.0,0.4,0.0,1.0,89,1,338,3233250,1359244,4,3,57000
ring,3,1048576,200000.0,0.4,0.0,1.0,89,1,339,3229375,1359244,4,3,57833
ring,3,1048576,200000.0,0.4,0.0,1.0,89,1,340,3337625,1359244,4,3,144500
ring,3,1048576,200000.0,0.4,0.0,1.0,89,1,341,3232417,1359244,4,3,92292
ring,3,1048576,200000.0,0.4,0.0,1.0,89,1,342,3451166,1359244,4,3,197041
ring,3,1048576,200000.0,0.4,0.0,1.0,89,1,343,3071333,1359244,4,3,110375
ring,3,1048576,200000.0,0.4,0.0,1.0,89,1,344,3083000,1359244,4,3,105541
ring,3,1048576,200000.0,0.4,0.0,1.0,89,1,345,3192959,1359244,4,3,106376
ring,3,1048576,200000.0,0.4,0.0,1.0,89,1,346,3082333,1359244,4,3,148124
ring,3,1048576,200000.0,0.4,0.0,1.0,89,1,347,3201667,1359244,4,3,196917
ring,3,1048576,200000.0,0.4,0.0,1.0,89,1,348,3174459,1359244,4,3,138543
ring,3,1048576,200000.0,0.4,0.0,1.0,89,1,349,3390375,1359244,4,3,172292
ring,3,1048576,200000.0,0.4,0.0,1.0,89,1,350,3114833,1359244,4,3,119291
ring,3,1048576,200000.0,0.4,0.0,1.0,89,1,351,3298833,1359244,4,3,179625
ring,3,1048576,200000.0,0.4,0.0,1.0,89,1,352,3139042,1359244,4,3,78376
ring,3,1048576,200000.0,0.4,0.0,1.0,89,1,353,3213750,1359244,4,3,164583
ring,3,1048576,200000.0,0.4,0.0,1.0,89,1,354,3044666,1359244,4,3,77291
ring,3,1048576,200000.0,0.4,0.0,1.0,89,1,355,3117250,1359244,4,3,79709
ring,3,1048576,200000.0,0.4,0.0,1.0,89,1,356,3166167,1359244,4,3,95376
ring,3,1048576,200000.0,0.4,0.0,1.0,89,1,357,3315209,1359244,4,3,154792
ring,3,1048576,200000.0,0.4,0.0,1.0,89,1,358,3209083,1359244,4,3,133791
ring,3,1048576,200000.0,0.4,0.0,1.0,89,1,359,3211667,1359244,4,3,63792
ring,3,1048576,200000.0,0.4,0.0,1.0,89,1,360,3272666,1359244,4,3,142999
ring,3,1048576,200000.0,0.4,0.0,1.0,89,1,361,3142041,1359244,4,3,70332
ring,3,1048576,200000.0,0.4,0.0,1.0,89,1,362,3105500,1359244,4,3,114125
ring,3,1048576,200000.0,0.4,0.0,1.0,89,1,363,3104584,1359244,4,3,126917
ring,3,1048576,200000.0,0.4,0.0,1.0,89,1,364,3086584,1359244,4,3,194959
ring,3,1048576,200000.0,0.4,0.0,1.0,89,1,365,3386292,1359244,4,3,40625
ring,3,1048576,200000.0,0.4,0.0,1.0,89,1,366,3106500,1359244,4,3,171875
ring,3,1048576,200000.0,0.4,0.0,1.0,89,1,367,3279291,1359244,4,3,165291
ring,3,1048576,200000.0,0.4,0.0,1.0,89,1,368,3077792,1359244,4,3,37792
ring,3,1048576,200000.0,0.4,0.0,1.0,89,1,369,3350250,1359244,4,3,150334
ring,3,1048576,200000.0,0.4,0.0,1.0,89,1,370,3120750,1359244,4,3,114708
ring,3,1048576,200000.0,0.4,0.0,1.0,89,1,371,3176125,1359244,4,3,7750
ring,3,1048576,200000.0,0.4,0.0,1.0,89,1,372,3242791,1359244,4,3,108041
ring,3,1048576,200000.0,0.4,0.0,1.0,89,1,373,3060042,1359244,4,3,137542
ring,3,1048576,200000.0,0.4,0.0,1.0,89,1,374,3117416,1359244,4,3,153999
ring,3,1048576,200000.0,0.4,0.0,1.0,89,1,375,3093083,1359244,4,3,261000
ring,3,1048576,200000.0,0.4,0.0,1.0,89,1,376,3340125,1359244,4,3,20625
ring,3,1048576,200000.0,0.4,0.0,1.0,89,1,377,3103417,1359244,4,3,83000
ring,3,1048576,200000.0,0.4,0.0,1.0,89,1,378,3112833,1359244,4,3,136708
ring,3,1048576,200000.0,0.4,0.0,1.0,89,1,379,3242959,1359244,4,3,40417
ring,3,1048576,200000.0,0.4,0.0,1.0,89,1,380,3037625,1359244,4,3,168334
ring,3,1048576,200000.0,0.4,0.0,1.0,89,1,381,3069625,1359244,4,3,182541
ring,3,1048576,200000.0,0.4,0.0,1.0,89,1,382,3041916,1359244,4,3,77166
ring,3,1048576,200000.0,0.4,0.0,1.0,89,1,383,3059250,1359244,4,3,73917
ring,3,1048576,200000.0,0.4,0.0,1.0,89,1,384,3085000,1359244,4,3,100250
ring,3,1048576,200000.0,0.4,0.0,1.0,89,1,385,2945792,1359244,4,3,225626
ring,3,1048576,200000.0,0.4,0.0,1.0,89,1,386,3023500,1359244,4,3,120792
ring,3,1048576,200000.0,0.4,0.0,1.0,89,1,387,3054333,1359244,4,3,134500
ring,3,1048576,200000.0,0.4,0.0,1.0,89,1,388,3001291,1359244,4,3,80166
ring,3,1048576,200000.0,0.4,0.0,1.0,89,1,389,3083709,1359244,4,3,137084
ring,3,1048576,200000.0,0.4,0.0,1.0,89,1,390,3020708,1359244,4,3,135375
ring,3,1048576,200000.0,0.4,0.0,1.0,89,1,391,3093209,1359244,4,3,150792
ring,3,1048576,200000.0,0.4,0.0,1.0,89,1,392,3059209,1359244,4,3,124834
ring,3,1048576,200000.0,0.4,0.0,1.0,89,1,393,3165459,1359244,4,3,151043
ring,3,1048576,200000.0,0.4,0.0,1.0,89,1,394,3181834,1359244,4,3,75084
ring,3,1048576,200000.0,0.4,0.0,1.0,89,1,395,3197791,1359244,4,3,133333
ring,3,1048576,200000.0,0.4,0.0,1.0,89,1,396,3109292,1359244,4,3,119501
ring,3,1048576,200000.0,0.4,0.0,1.0,89,1,397,3023667,1359244,4,3,177459
ring,3,1048576,200000.0,0.4,0.0,1.0,89,1,398,3377209,1359244,4,3,165834
ring,3,1048576,200000.0,0.4,0.0,1.0,89,1,399,3171834,1359244,4,3,110376
ps,3,1048576,200000.0,0.4,0.0,1.0,89,1,0,3005292,619430,1,3,670584
ps,3,1048576,200000.0,0.4,0.0,1.0,89,1,1,2936500,619430,1,3,599209
ps,3,1048576,200000.0,0.4,0.0,1.0,89,1,2,3007500,619430,1,3,590708
ps,3,1048576,200000.0,0.4,0.0,1.0,89,1,3,3161125,619430,1,3,648208
ps,3,1048576,200000.0,0.4,0.0,1.0,89,1,4,3129959,619430,1,3,567084
ps,3,1048576,200000.0,0.4,0.0,1.0,89,1,5,3161625,619430,1,3,516500
ps,3,1048576,200000.0,0.4,0.0,1.0,89,1,6,2956125,619430,1,3,544542
ps,3,1048576,200000.0,0.4,0.0,1.0,89,1,7,3078042,619430,1,3,480542
ps,3,1048576,200000.0,0.4,0.0,1.0,89,1,8,3396791,619430,1,3,464082
ps,3,1048576,200000.0,0.4,0.0,1.0,89,1,9,3101708,619430,1,3,490625
ps,3,1048576,200000.0,0.4,0.0,1.0,89,1,10,3129542,619430,1,3,571250
ps,3,1048576,200000.0,0.4,0.0,1.0,89,1,11,3161583,619430,1,3,558999
ps,3,1048576,200000.0,0.4,0.0,1.0,89,1,12,3163208,619430,1,3,566333
ps,3,1048576,200000.0,0.4,0.0,1.0,89,1,13,3064417,619430,1,3,512875
ps,3,1048576,200000.0,0.4,0.0,1.0,89,1,14,3241416,619430,1,3,518833
ps,3,1048576,200000.0,0.4,0.0,1.0,89,1,15,3038041,619430,1,3,488708
ps,3,1048576,200000.0,0.4,0.0,1.0,89,1,16,3293750,619430,1,3,548667
ps,3,1048576,200000.0,0.4,0.0,1.0,89,1,17,3244250,619430,1,3,574333
ps,3,1048576,200000.0,0.4,0.0,1.0,89,1,18,3074500,619430,1,3,565000
ps,3,1048576,200000.0,0.4,0.0,1.0,89,1,19,3288334,619430,1,3,612375
ps,3,1048576,200000.0,0.4,0.0,1.0,89,1,20,3058959,619430,1,3,525667
ps,3,1048576,200000.0,0.4,0.0,1.0,89,1,21,3191583,619430,1,3,594083
ps,3,1048576,200000.0,0.4,0.0,1.0,89,1,22,3027000,619430,1,3,493500
ps,3,1048576,200000.0,0.4,0.0,1.0,89,1,23,3609959,619430,1,3,859167
ps,3,1048576,200000.0,0.4,0.0,1.0,89,1,24,3066458,619430,1,3,446875
ps,3,1048576,200000.0,0.4,0.0,1.0,89,1,25,3220583,619430,1,3,542499
ps,3,1048576,200000.0,0.4,0.0,1.0,89,1,26,3090292,619430,1,3,673000
ps,3,1048576,200000.0,0.4,0.0,1.0,89,1,27,2949167,619430,1,3,485167
ps,3,1048576,200000.0,0.4,0.0,1.0,89,1,28,3245125,619430,1,3,589000
ps,3,1048576,200000.0,0.4,0.0,1.0,89,1,29,3120625,619430,1,3,646542
ps,3,1048576,200000.0,0.4,0.0,1.0,89,1,30,3125250,619430,1,3,521666
ps,3,1048576,200000.0,0.4,0.0,1.0,89,1,31,3149916,619430,1,3,570749
ps,3,1048576,200000.0,0.4,0.0,1.0,89,1,32,3089166,619430,1,3,440833
ps,3,1048576,200000.0,0.4,0.0,1.0,89,1,33,3134083,619430,1,3,547750
ps,3,1048576,200000.0,0.4,0.0,1.0,89,1,34,3000791,619430,1,3,509833
ps,3,1048576,200000.0,0.4,0.0,1.0,89,1,35,3062750,619430,1,3,536416
ps,3,1048576,200000.0,0.4,0.0,1.0,89,1,36,3131583,619430,1,3,607708
ps,3,1048576,200000.0,0.4,0.0,1.0,89,1,37,3148667,619430,1,3,512001
ps,3,1048576,200000.0,0.4,0.0,1.0,89,1,38,3257708,619430,1,3,485916
ps,3,1048576,200000.0,0.4,0.0,1.0,89,1,39,3137208,619430,1,3,507000
ps,3,1048576,200000.0,0.4,0.0,1.0,89,1,40,2968084,619430,1,3,545334
ps,3,1048576,200000.0,0.4,0.0,1.0,89,1,41,3087042,619430,1,3,500209
ps,3,1048576,200000.0,0.4,0.0,1.0,89,1,42,3056916,619430,1,3,527708
ps,3,1048576,200000.0,0.4,0.0,1.0,89,1,43,3081750,619430,1,3,526625
ps,3,1048576,200000.0,0.4,0.0,1.0,89,1,44,3157500,619430,1,3,455750
ps,3,1048576,200000.0,0.4,0.0,1.0,89,1,45,3242416,619430,1,3,532958
ps,3,1048576,200000.0,0.4,0.0,1.0,89,1,46,3124708,619430,1,3,536125
ps,3,1048576,200000.0,0.4,0.0,1.0,89,1,47,3127333,619430,1,3,481750
ps,3,1048576,200000.0,0.4,0.0,1.0,89,1,48,3082958,619430,1,3,553458
ps,3,1048576,200000.0,0.4,0.0,1.0,89,1,49,3135583,619430,1,3,635666
ps,3,1048576,200000.0,0.4,0.0,1.0,89,1,50,3027000,619430,1,3,523041
ps,3,1048576,200000.0,0.4,0.0,1.0,89,1,51,3080583,619430,1,3,561125
ps,3,1048576,200000.0,0.4,0.0,1.0,89,1,52,3083917,619430,1,3,527584
ps,3,1048576,200000.0,0.4,0.0,1.0,89,1,53,3123666,619430,1,3,624874
ps,3,1048576,200000.0,0.4,0.0,1.0,89,1,54,3119458,619430,1,3,493917
ps,3,1048576,200000.0,0.4,0.0,1.0,89,1,55,3144917,619430,1,3,436500
ps,3,1048576,200000.0,0.4,0.0,1.0,89,1,56,3254333,619430,1,3,647499
ps,3,1048576,200000.0,0.4,0.0,1.0,89,1,57,3006667,619430,1,3,526876
ps,3,1048576,200000.0,0.4,0.0,1.0,89,1,58,3155042,619430,1,3,628251
ps,3,1048576,200000.0,0.4,0.0,1.0,89,1,59,3196416,619430,1,3,608832
ps,3,1048576,200000.0,0.4,0.0,1.0,89,1,60,3012500,619430,1,3,550209
ps,3,1048576,200000.0,0.4,0.0,1.0,89,1,61,3083333,619430,1,3,627833
ps,3,1048576,200000.0,0.4,0.0,1.0,89,1,62,2982209,619430,1,3,601126
ps,3,1048576,200000.0,0.4,0.0,1.0,89,1,63,3150459,619430,1,3,649584
ps,3,1048576,200000.0,0.4,0.0,1.0,89,1,64,2969125,619430,1,3,622333
ps,3,1048576,200000.0,0.4,0.0,1.0,89,1,65,2858958,619430,1,3,541166
ps,3,1048576,200000.0,0.4,0.0,1.0,89,1,66,3080833,619430,1,3,631958
ps,3,1048576,200000.0,0.4,0.0,1.0,89,1,67,2984666,619430,1,3,657375
ps,3,1048576,200000.0,0.4,0.0,1.0,89,1,68,2944750,619430,1,3,570541
ps,3,1048576,200000.0,0.4,0.0,1.0,89,1,69,2937292,619430,1,3,610126
ps,3,1048576,200000.0,0.4,0.0,1.0,89,1,70,2947833,619430,1,3,665916
ps,3,1048576,200000.0,0.4,0.0,1.0,89,1,71,3048750,619430,1,3,611791
ps,3,1048576,200000.0,0.4,0.0,1.0,89,1,72,2954416,619430,1,3,629625
ps,3,1048576,200000.0,0.4,0.0,1.0,89,1,73,2929208,619430,1,3,614041
ps,3,1048576,200000.0,0.4,0.0,1.0,89,1,74,2924167,619430,1,3,629709
ps,3,1048576,200000.0,0.4,0.0,1.0,89,1,75,2904875,619430,1,3,573333
ps,3,1048576,200000.0,0.4,0.0,1.0,89,1,76,2979625,619430,1,3,654417
ps,3,1048576,200000.0,0.4,0.0,1.0,89,1,77,2967291,619430,1,3,602124
ps,3,1048576,200000.0,0.4,0.0,1.0,89,1,78,2945000,619430,1,3,662000
ps,3,1048576,200000.0,0.4,0.0,1.0,89,1,79,3006917,619430,1,3,638500
ps,3,1048576,200000.0,0.4,0.0,1.0,89,1,80,2926084,619430,1,3,593667
ps,3,1048576,200000.0,0.4,0.0,1.0,89,1,81,3020709,619430,1,3,606084
ps,3,1048576,200000.0,0.4,0.0,1.0,89,1,82,2970333,619430,1,3,621625
ps,3,1048576,200000.0,0.4,0.0,1.0,89,1,83,3104333,619430,1,3,608874
ps,3,1048576,200000.0,0.4,0.0,1.0,89,1,84,2986917,619430,1,3,645375
ps,3,1048576,200000.0,0.4,0.0,1.0,89,1,85,2994459,619430,1,3,516167
ps,3,1048576,200000.0,0.4,0.0,1.0,89,1,86,3085041,619430,1,3,637582
ps,3,1048576,200000.0,0.4,0.0,1.0,89,1,87,2970250,619430,1,3,555125
ps,3,1048576,200000.0,0.4,0.0,1.0,89,1,88,3063959,619430,1,3,581251
ps,3,1048576,200000.0,0.4,0.0,1.0,89,1,89,2972584,619430,1,3,611126
ps,3,1048576,200000.0,0.4,0.0,1.0,89,1,90,2930167,619430,1,3,542667
ps,3,1048576,200000.0,0.4,0.0,1.0,89,1,91,2925584,619430,1,3,580918
ps,3,1048576,200000.0,0.4,0.0,1.0,89,1,92,3062750,619430,1,3,594625
ps,3,1048576,200000.0,0.4,0.0,1.0,89,1,93,3103709,619430,1,3,589459
ps,3,1048576,200000.0,0.4,0.0,1.0,89,1,94,3119125,619430,1,3,690917
ps,3,1048576,200000.0,0.4,0.0,1.0,89,1,95,3048000,619430,1,3,419084
ps,3,1048576,200000.0,0.4,0.0,1.0,89,1,96,3022042,619430,1,3,613250
ps,3,1048576,200000.0,0.4,0.0,1.0,89,1,97,2919000,619430,1,3,625916
ps,3,1048576,200000.0,0.4,0.0,1.0,89,1,98,2993917,619430,1,3,619334
ps,3,1048576,200000.0,0.4,0.0,1.0,89,1,99,2906458,619430,1,3,613333
ps,3,1048576,200000.0,0.4,0.0,1.0,89,1,100,2982959,619430,1,3,679750
ps,3,1048576,200000.0,0.4,0.0,1.0,89,1,101,2999083,619430,1,3,641542
ps,3,1048576,200000.0,0.4,0.0,1.0,89,1,102,3038417,619430,1,3,639667
ps,3,1048576,200000.0,0.4,0.0,1.0,89,1,103,3167625,619430,1,3,758375
ps,3,1048576,200000.0,0.4,0.0,1.0,89,1,104,3050958,619430,1,3,579250
ps,3,1048576,200000.0,0.4,0.0,1.0,89,1,105,3022000,619430,1,3,595166
ps,3,1048576,200000.0,0.4,0.0,1.0,89,1,106,3141042,619430,1,3,685625
ps,3,1048576,200000.0,0.4,0.0,1.0,89,1,107,3195666,619430,1,3,634124
ps,3,1048576,200000.0,0.4,0.0,1.0,89,1,108,2947000,619430,1,3,563583
ps,3,1048576,200000.0,0.4,0.0,1.0,89,1,109,3015917,619430,1,3,627334
ps,3,1048576,200000.0,0.4,0.0,1.0,89,1,110,2863334,619430,1,3,632209
ps,3,1048576,200000.0,0.4,0.0,1.0,89,1,111,2866333,619430,1,3,583458
ps,3,1048576,200000.0,0.4,0.0,1.0,89,1,112,2969083,619430,1,3,648666
ps,3,1048576,200000.0,0.4,0.0,1.0,89,1,113,2929625,619430,1,3,594875
ps,3,1048576,200000.0,0.4,0.0,1.0,89,1,114,3020750,619430,1,3,660166
ps,3,1048576,200000.0,0.4,0.0,1.0,89,1,115,3053375,619430,1,3,602416
ps,3,1048576,200000.0,0.4,0.0,1.0,89,1,116,3064708,619430,1,3,569999
ps,3,1048576,200000.0,0.4,0.0,1.0,89,1,117,3047750,619430,1,3,568625
ps,3,1048576,200000.0,0.4,0.0,1.0,89,1,118,2976833,619430,1,3,640208
ps,3,1048576,200000.0,0.4,0.0,1.0,89,1,119,2975583,619430,1,3,642750
ps,3,1048576,200000.0,0.4,0.0,1.0,89,1,120,2910917,619430,1,3,602667
ps,3,1048576,200000.0,0.4,0.0,1.0,89,1,121,2912958,619430,1,3,623667
ps,3,1048576,200000.0,0.4,0.0,1.0,89,1,122,2895167,619430,1,3,622625
ps,3,1048576,200000.0,0.4,0.0,1.0,89,1,123,2903958,619430,1,3,619166
ps,3,1048576,200000.0,0.4,0.0,1.0,89,1,124,2877625,619430,1,3,609334
ps,3,1048576,200000.0,0.4,0.0,1.0,89,1,125,2878625,619430,1,3,634833
ps,3,1048576,200000.0,0.4,0.0,1.0,89,1,126,2855750,619430,1,3,593000
ps,3,1048576,200000.0,0.4,0.0,1.0,89,1,127,2879500,619430,1,3,631292
ps,3,1048576,200000.0,0.4,0.0,1.0,89,1,128,2874542,619430,1,3,629584
ps,3,1048576,200000.0,0.4,0.0,1.0,89,1,129,2882166,619430,1,3,622833
ps,3,1048576,200000.0,0.4,0.0,1.0,89,1,130,2923167,619430,1,3,659667
ps,3,1048576,200000.0,0.4,0.0,1.0,89,1,131,2931417,619430,1,3,627167
ps,3,1048576,200000.0,0.4,0.0,1.0,89,1,132,2872667,619430,1,3,595667
ps,3,1048576,200000.0,0.4,0.0,1.0,89,1,133,2895625,619430,1,3,623416
ps,3,1048576,200000.0,0.4,0.0,1.0,89,1,134,2894458,619430,1,3,614666
ps,3,1048576,200000.0,0.4,0.0,1.0,89,1,135,2893084,619430,1,3,602668
ps,3,1048576,200000.0,0.4,0.0,1.0,89,1,136,2974208,619430,1,3,662166
ps,3,1048576,200000.0,0.4,0.0,1.0,89,1,137,2881666,619430,1,3,631166
ps,3,1048576,200000.0,0.4,0.0,1.0,89,1,138,2965458,619430,1,3,615833
ps,3,1048576,200000.0,0.4,0.0,1.0,89,1,139,2906875,619430,1,3,641834
ps,3,1048576,200000.0,0.4,0.0,1.0,89,1,140,2900834,619430,1,3,600001
ps,3,1048576,200000.0,0.4,0.0,1.0,89,1,141,2938167,619430,1,3,618625
ps,3,1048576,200000.0,0.4,0.0,1.0,89,1,142,2904458,619430,1,3,619374
ps,3,1048576,200000.0,0.4,0.0,1.0,89,1,143,2895959,619430,1,3,619793
ps,3,1048576,200000.0,0.4,0.0,1.0,89,1,144,2895708,619430,1,3,650708
ps,3,1048576,200000.0,0.4,0.0,1.0,89,1,145,2910125,619430,1,3,627291
ps,3,1048576,200000.0,0.4,0.0,1.0,89,1,146,2901375,619430,1,3,620041
ps,3,1048576,200000.0,0.4,0.0,1.0,89,1,147,2961041,619430,1,3,621541
ps,3,1048576,200000.0,0.4,0.0,1.0,89,1,148,2909084,619430,1,3,645626
ps,3,1048576,200000.0,0.4,0.0,1.0,89,1,149,2925833,619430,1,3,633874
ps,3,1048576,200000.0,0.4,0.0,1.0,89,1,150,2909750,619430,1,3,622584
ps,3,1048576,200000.0,0.4,0.0,1.0,89,1,151,3011041,619430,1,3,623749
ps,3,1048576,200000.0,0.4,0.0,1.0,89,1,152,2979833,619430,1,3,689708
ps,3,1048576,200000.0,0.4,0.0,1.0,89,1,153,2896667,619430,1,3,642542
ps,3,1048576,200000.0,0.4,0.0,1.0,89,1,154,2945750,619430,1,3,606375
ps,3,1048576,200000.0,0.4,0.0,1.0,89,1,155,2953625,619430,1,3,623750
ps,3,1048576,200000.0,0.4,0.0,1.0,89,1,156,2931834,619430,1,3,634542
ps,3,1048576,200000.0,0.4,0.0,1.0,89,1,157,3018458,619430,1,3,742916
ps,3,1048576,200000.0,0.4,0.0,1.0,89,1,158,2902833,619430,1,3,621250
ps,3,1048576,200000.0,0.4,0.0,1.0,89,1,159,2923209,619430,1,3,624126
ps,3,1048576,200000.0,0.4,0.0,1.0,89,1,160,2894875,619430,1,3,596792
ps,3,1048576,200000.0,0.4,0.0,1.0,89,1,161,2834209,619430,1,3,586084
ps,3,1048576,200000.0,0.4,0.0,1.0,89,1,162,2864125,619430,1,3,601041
ps,3,1048576,200000.0,0.4,0.0,1.0,89,1,163,2960834,619430,1,3,658959
ps,3,1048576,200000.0,0.4,0.0,1.0,89,1,164,2954959,619430,1,3,659084
ps,3,1048576,200000.0,0.4,0.0,1.0,89,1,165,3000458,619430,1,3,631917
ps,3,1048576,200000.0,0.4,0.0,1.0,89,1,166,2943625,619430,1,3,644583
ps,3,1048576,200000.0,0.4,0.0,1.0,89,1,167,3024875,619430,1,3,605334
ps,3,1048576,200000.0,0.4,0.0,1.0,89,1,168,2957333,619430,1,3,621250
ps,3,1048576,200000.0,0.4,0.0,1.0,89,1,169,3009291,619430,1,3,613291
ps,3,1048576,200000.0,0.4,0.0,1.0,89,1,170,2923708,619430,1,3,574166
ps,3,1048576,200000.0,0.4,0.0,1.0,89,1,171,3038000,619430,1,3,671125
ps,3,1048576,200000.0,0.4,0.0,1.0,89,1,172,2959625,1238860,2,3,557500
ps,3,1048576,200000.0,0.4,0.0,1.0,89,1,173,3007291,619430,1,3,625249
ps,3,1048576,200000.0,0.4,0.0,1.0,89,1,174,2965250,619430,1,3,620625
ps,3,1048576,200000.0,0.4,0.0,1.0,89,1,175,3012042,619430,1,3,682542
ps,3,1048576,200000.0,0.4,0.0,1.0,89,1,176,2931833,619430,1,3,612916
ps,3,1048576,200000.0,0.4,0.0,1.0,89,1,177,2962375,619430,1,3,650541
ps,3,1048576,200000.0,0.4,0.0,1.0,89,1,178,2981250,619430,1,3,691625
ps,3,1048576,200000.0,0.4,0.0,1.0,89,1,179,2904208,619430,1,3,626042
ps,3,1048576,200000.0,0.4,0.0,1.0,89,1,180,2936833,619430,1,3,620208
ps,3,1048576,200000.0,0.4,0.0,1.0,89,1,181,2896000,619430,1,3,570459
ps,3,1048576,200000.0,0.4,0.0,1.0,89,1,182,2927875,619430,1,3,622458
ps,3,1048576,200000.0,0.4,0.0,1.0,89,1,183,2904583,619430,1,3,652166
ps,3,1048576,200000.0,0.4,0.0,1.0,89,1,184,2950500,619430,1,3,632125
ps,3,1048576,200000.0,0.4,0.0,1.0,89,1,185,2934375,619430,1,3,645833
ps,3,1048576,200000.0,0.4,0.0,1.0,89,1,186,2916333,619430,1,3,660374
ps,3,1048576,200000.0,0.4,0.0,1.0,89,1,187,2907625,619430,1,3,639500
ps,3,1048576,200000.0,0.4,0.0,1.0,89,1,188,2893167,619430,1,3,621459
ps,3,1048576,200000.0,0.4,0.0,1.0,89,1,189,2869041,619430,1,3,642541
ps,3,1048576,200000.0,0.4,0.0,1.0,89,1,190,2883416,619430,1,3,649833
ps,3,1048576,200000.0,0.4,0.0,1.0,89,1,191,2902625,619430,1,3,614500
ps,3,1048576,200000.0,0.4,0.0,1.0,89,1,192,2931375,619430,1,3,618083
ps,3,1048576,200000.0,0.4,0.0,1.0,89,1,193,2908042,619430,1,3,625917
ps,3,1048576,200000.0,0.4,0.0,1.0,89,1,194,2916959,619430,1,3,623084
ps,3,1048576,200000.0,0.4,0.0,1.0,89,1,195,2893209,619430,1,3,615543
ps,3,1048576,200000.0,0.4,0.0,1.0,89,1,196,2921625,619430,1,3,609500
ps,3,1048576,200000.0,0.4,0.0,1.0,89,1,197,2930958,619430,1,3,611083
ps,3,1048576,200000.0,0.4,0.0,1.0,89,1,198,2941917,619430,1,3,637959
ps,3,1048576,200000.0,0.4,0.0,1.0,89,1,199,2937750,619430,1,3,641250
ps,3,1048576,200000.0,0.4,0.0,1.0,89,1,200,2908917,619430,1,3,614876
ps,3,1048576,200000.0,0.4,0.0,1.0,89,1,201,3085792,619430,1,3,641875
ps,3,1048576,200000.0,0.4,0.0,1.0,89,1,202,3022500,619430,1,3,642083
ps,3,1048576,200000.0,0.4,0.0,1.0,89,1,203,2985583,619430,1,3,536500
ps,3,1048576,200000.0,0.4,0.0,1.0,89,1,204,3166000,619430,1,3,597833
ps,3,1048576,200000.0,0.4,0.0,1.0,89,1,205,3363417,619430,1,3,610001
ps,3,1048576,200000.0,0.4,0.0,1.0,89,1,206,3326458,619430,1,3,627625
ps,3,1048576,200000.0,0.4,0.0,1.0,89,1,207,3310000,619430,1,3,604209
ps,3,1048576,200000.0,0.4,0.0,1.0,89,1,208,3216292,619430,1,3,608375
ps,3,1048576,200000.0,0.4,0.0,1.0,89,1,209,3231042,619430,1,3,569709
ps,3,1048576,200000.0,0.4,0.0,1.0,89,1,210,3217708,619430,1,3,614125
ps,3,1048576,200000.0,0.4,0.0,1.0,89,1,211,3204208,619430,1,3,528374
ps,3,1048576,200000.0,0.4,0.0,1.0,89,1,212,3194458,619430,1,3,512417
ps,3,1048576,200000.0,0.4,0.0,1.0,89,1,213,3209167,619430,1,3,484084
ps,3,1048576,200000.0,0.4,0.0,1.0,89,1,214,3136833,619430,1,3,598417
ps,3,1048576,200000.0,0.4,0.0,1.0,89,1,215,3054666,619430,1,3,571083
ps,3,1048576,200000.0,0.4,0.0,1.0,89,1,216,3082042,619430,1,3,604833
ps,3,1048576,200000.0,0.4,0.0,1.0,89,1,217,2989167,1238860,2,3,653125
ps,3,1048576,200000.0,0.4,0.0,1.0,89,1,218,3193667,619430,1,3,476584
ps,3,1048576,200000.0,0.4,0.0,1.0,89,1,219,2991250,619430,1,3,572458
ps,3,1048576,200000.0,0.4,0.0,1.0,89,1,220,3129458,619430,1,3,490958
ps,3,1048576,200000.0,0.4,0.0,1.0,89,1,221,3083875,619430,1,3,590959
ps,3,1048576,200000.0,0.4,0.0,1.0,89,1,222,3326208,619430,1,3,737791
ps,3,1048576,200000.0,0.4,0.0,1.0,89,1,223,3259250,619430,1,3,712750
ps,3,1048576,200000.0,0.4,0.0,1.0,89,1,224,3207833,619430,1,3,522500
ps,3,1048576,200000.0,0.4,0.0,1.0,89,1,225,3271166,619430,1,3,638208
ps,3,1048576,200000.0,0.4,0.0,1.0,89,1,226,3181083,619430,1,3,551791
ps,3,1048576,200000.0,0.4,0.0,1.0,89,1,227,3115583,619430,1,3,516333
ps,3,1048576,200000.0,0.4,0.0,1.0,89,1,228,3154084,619430,1,3,634834
ps,3,1048576,200000.0,0.4,0.0,1.0,89,1,229,3264417,619430,1,3,719292
ps,3,1048576,200000.0,0.4,0.0,1.0,89,1,230,3036333,619430,1,3,618000
ps,3,1048576,200000.0,0.4,0.0,1.0,89,1,231,3216625,619430,1,3,502291
ps,3,1048576,200000.0,0.4,0.0,1.0,89,1,232,3094042,619430,1,3,591584
ps,3,1048576,200000.0,0.4,0.0,1.0,89,1,233,3152125,619430,1,3,575292
ps,3,1048576,200000.0,0.4,0.0,1.0,89,1,234,3021791,619430,1,3,485499
ps,3,1048576,200000.0,0.4,0.0,1.0,89,1,235,3332833,619430,1,3,587083
ps,3,1048576,200000.0,0.4,0.0,1.0,89,1,236,3251875,619430,1,3,740667
ps,3,1048576,200000.0,0.4,0.0,1.0,89,1,237,3029042,619430,1,3,584917
ps,3,1048576,200000.0,0.4,0.0,1.0,89,1,238,3134250,619430,1,3,514208
ps,3,1048576,200000.0,0.4,0.0,1.0,89,1,239,3355917,619430,1,3,640083
ps,3,1048576,200000.0,0.4,0.0,1.0,89,1,240,2950375,619430,1,3,582667
ps,3,1048576,200000.0,0.4,0.0,1.0,89,1,241,3181500,619430,1,3,632125
ps,3,1048576,200000.0,0.4,0.0,1.0,89,1,242,3334042,619430,1,3,626584
ps,3,1048576,200000.0,0.4,0.0,1.0,89,1,243,3045834,619430,1,3,624209
ps,3,1048576,200000.0,0.4,0.0,1.0,89,1,244,2938916,619430,1,3,613249
ps,3,1048576,200000.0,0.4,0.0,1.0,89,1,245,3172083,619430,1,3,550791
ps,3,1048576,200000.0,0.4,0.0,1.0,89,1,246,3164250,619430,1,3,634375
ps,3,1048576,200000.0,0.4,0.0,1.0,89,1,247,3132334,619430,1,3,605167
ps,3,1048576,200000.0,0.4,0.0,1.0,89,1,248,3211500,619430,1,3,540834
ps,3,1048576,200000.0,0.4,0.0,1.0,89,1,249,3104750,619430,1,3,646083
ps,3,1048576,200000.0,0.4,0.0,1.0,89,1,250,3258750,619430,1,3,780333
ps,3,1048576,200000.0,0.4,0.0,1.0,89,1,251,3280125,619430,1,3,611291
ps,3,1048576,200000.0,0.4,0.0,1.0,89,1,252,3204083,619430,1,3,692791
ps,3,1048576,200000.0,0.4,0.0,1.0,89,1,253,3136958,619430,1,3,509875
ps,3,1048576,200000.0,0.4,0.0,1.0,89,1,254,3249042,619430,1,3,626042
ps,3,1048576,200000.0,0.4,0.0,1.0,89,1,255,3178833,619430,1,3,641083
ps,3,1048576,200000.0,0.4,0.0,1.0,89,1,256,3213292,619430,1,3,621750
ps,3,1048576,200000.0,0.4,0.0,1.0,89,1,257,3082709,619430,1,3,594209
ps,3,1048576,200000.0,0.4,0.0,1.0,89,1,258,2942333,619430,1,3,608833
ps,3,1048576,200000.0,0.4,0.0,1.0,89,1,259,2979292,619430,1,3,725584
ps,3,1048576,200000.0,0.4,0.0,1.0,89,1,260,2912041,619430,1,3,574708
ps,3,1048576,200000.0,0.4,0.0,1.0,89,1,261,3108916,619430,1,3,583083
ps,3,1048576,200000.0,0.4,0.0,1.0,89,1,262,3240500,619430,1,3,673041
ps,3,1048576,200000.0,0.4,0.0,1.0,89,1,263,3012542,619430,1,3,586875
ps,3,1048576,200000.0,0.4,0.0,1.0,89,1,264,3145208,619430,1,3,660583
ps,3,1048576,200000.0,0.4,0.0,1.0,89,1,265,3146083,619430,1,3,584958
ps,3,1048576,200000.0,0.4,0.0,1.0,89,1,266,3069625,619430,1,3,661916
ps,3,1048576,200000.0,0.4,0.0,1.0,89,1,267,3002208,619430,1,3,613749
ps,3,1048576,200000.0,0.4,0.0,1.0,89,1,268,2920542,619430,1,3,618875
ps,3,1048576,200000.0,0.4,0.0,1.0,89,1,269,2871667,619430,1,3,621834
ps,3,1048576,200000.0,0.4,0.0,1.0,89,1,270,2878333,619430,1,3,670791
ps,3,1048576,200000.0,0.4,0.0,1.0,89,1,271,2886250,619430,1,3,620833
ps,3,1048576,200000.0,0.4,0.0,1.0,89,1,272,2886542,619430,1,3,610500
ps,3,1048576,200000.0,0.4,0.0,1.0,89,1,273,2841834,619430,1,3,636750
ps,3,1048576,200000.0,0.4,0.0,1.0,89,1,274,2878583,619430,1,3,618874
ps,3,1048576,200000.0,0.4,0.0,1.0,89,1,275,2904708,619430,1,3,630583
ps,3,1048576,200000.0,0.4,0.0,1.0,89,1,276,2882000,619430,1,3,622458
ps,3,1048576,200000.0,0.4,0.0,1.0,89,1,277,2868000,619430,1,3,669417
ps,3,1048576,200000.0,0.4,0.0,1.0,89,1,278,2880875,619430,1,3,643083
ps,3,1048576,200000.0,0.4,0.0,1.0,89,1,279,2863708,619430,1,3,600000
ps,3,1048576,200000.0,0.4,0.0,1.0,89,1,280,2813833,619430,1,3,623500
ps,3,1048576,200000.0,0.4,0.0,1.0,89,1,281,2914417,619430,1,3,649834
ps,3,1048576,200000.0,0.4,0.0,1.0,89,1,282,2870375,619430,1,3,654958
ps,3,1048576,200000.0,0.4,0.0,1.0,89,1,283,2925792,619430,1,3,653209
ps,3,1048576,200000.0,0.4,0.0,1.0,89,1,284,2917833,619430,1,3,622708
ps,3,1048576,200000.0,0.4,0.0,1.0,89,1,285,2855833,619430,1,3,623833
ps,3,1048576,200000.0,0.4,0.0,1.0,89,1,286,2878125,619430,1,3,630708
ps,3,1048576,200000.0,0.4,0.0,1.0,89,1,287,2824959,619430,1,3,645376
ps,3,1048576,200000.0,0.4,0.0,1.0,89,1,288,2895833,619430,1,3,635041
ps,3,1048576,200000.0,0.4,0.0,1.0,89,1,289,2884042,619430,1,3,610500
ps,3,1048576,200000.0,0.4,0.0,1.0,89,1,290,2870583,619430,1,3,570208
ps,3,1048576,200000.0,0.4,0.0,1.0,89,1,291,2857375,619430,1,3,628542
ps,3,1048576,200000.0,0.4,0.0,1.0,89,1,292,2896334,619430,1,3,593376
ps,3,1048576,200000.0,0.4,0.0,1.0,89,1,293,2877709,619430,1,3,621292
ps,3,1048576,200000.0,0.4,0.0,1.0,89,1,294,2901084,619430,1,3,602334
ps,3,1048576,200000.0,0.4,0.0,1.0,89,1,295,2950375,619430,1,3,631875
ps,3,1048576,200000.0,0.4,0.0,1.0,89,1,296,2860042,619430,1,3,606334
ps,3,1048576,200000.0,0.4,0.0,1.0,89,1,297,2927125,619430,1,3,617584
ps,3,1048576,200000.0,0.4,0.0,1.0,89,1,298,2940667,619430,1,3,649125
ps,3,1048576,200000.0,0.4,0.0,1.0,89,1,299,2869916,619430,1,3,653333
ps,3,1048576,200000.0,0.4,0.0,1.0,89,1,300,2934625,619430,1,3,637666
ps,3,1048576,200000.0,0.4,0.0,1.0,89,1,301,2861291,619430,1,3,641916
ps,3,1048576,200000.0,0.4,0.0,1.0,89,1,302,2890000,619430,1,3,593000
ps,3,1048576,200000.0,0.4,0.0,1.0,89,1,303,2881750,619430,1,3,569042
ps,3,1048576,200000.0,0.4,0.0,1.0,89,1,304,3052666,619430,1,3,631999
ps,3,1048576,200000.0,0.4,0.0,1.0,89,1,305,3094541,619430,1,3,650666
ps,3,1048576,200000.0,0.4,0.0,1.0,89,1,306,3063125,619430,1,3,576666
ps,3,1048576,200000.0,0.4,0.0,1.0,89,1,307,3071125,619430,1,3,579000
ps,3,1048576,200000.0,0.4,0.0,1.0,89,1,308,3000416,619430,1,3,631083
ps,3,1048576,200000.0,0.4,0.0,1.0,89,1,309,2972375,619430,1,3,593750
ps,3,1048576,200000.0,0.4,0.0,1.0,89,1,310,3022708,619430,1,3,657041
ps,3,1048576,200000.0,0.4,0.0,1.0,89,1,311,2913958,619430,1,3,606208
ps,3,1048576,200000.0,0.4,0.0,1.0,89,1,312,2981708,619430,1,3,603958
ps,3,1048576,200000.0,0.4,0.0,1.0,89,1,313,2906416,619430,1,3,590916
ps,3,1048576,200000.0,0.4,0.0,1.0,89,1,314,2947042,619430,1,3,658000
ps,3,1048576,200000.0,0.4,0.0,1.0,89,1,315,3012208,619430,1,3,608708
ps,3,1048576,200000.0,0.4,0.0,1.0,89,1,316,2964084,619430,1,3,590417
ps,3,1048576,200000.0,0.4,0.0,1.0,89,1,317,3000209,619430,1,3,629293
ps,3,1048576,200000.0,0.4,0.0,1.0,89,1,318,2987291,619430,1,3,661749
ps,3,1048576,200000.0,0.4,0.0,1.0,89,1,319,2983042,619430,1,3,605334
ps,3,1048576,200000.0,0.4,0.0,1.0,89,1,320,2973708,619430,1,3,605500
ps,3,1048576,200000.0,0.4,0.0,1.0,89,1,321,2999000,619430,1,3,628584
ps,3,1048576,200000.0,0.4,0.0,1.0,89,1,322,2964458,619430,1,3,617625
ps,3,1048576,200000.0,0.4,0.0,1.0,89,1,323,2984041,619430,1,3,625124
ps,3,1048576,200000.0,0.4,0.0,1.0,89,1,324,2959875,619430,1,3,644250
ps,3,1048576,200000.0,0.4,0.0,1.0,89,1,325,2897333,619430,1,3,606708
ps,3,1048576,200000.0,0.4,0.0,1.0,89,1,326,3123833,619430,1,3,627416
ps,3,1048576,200000.0,0.4,0.0,1.0,89,1,327,2963917,619430,1,3,526126
ps,3,1048576,200000.0,0.4,0.0,1.0,89,1,328,2933834,619430,1,3,602501
ps,3,1048576,200000.0,0.4,0.0,1.0,89,1,329,2897625,619430,1,3,619625
ps,3,1048576,200000.0,0.4,0.0,1.0,89,1,330,2982459,619430,1,3,614000
ps,3,1048576,200000.0,0.4,0.0,1.0,89,1,331,2898917,619430,1,3,608001
ps,3,1048576,200000.0,0.4,0.0,1.0,89,1,332,2880375,619430,1,3,646458
ps,3,1048576,200000.0,0.4,0.0,1.0,89,1,333,2855958,619430,1,3,615208
ps,3,1048576,200000.0,0.4,0.0,1.0,89,1,334,2945416,619430,1,3,642541
ps,3,1048576,200000.0,0.4,0.0,1.0,89,1,335,2916542,619430,1,3,652834
ps,3,1048576,200000.0,0.4,0.0,1.0,89,1,336,2825208,619430,1,3,583500
ps,3,1048576,200000.0,0.4,0.0,1.0,89,1,337,2852542,619430,1,3,659459
ps,3,1048576,200000.0,0.4,0.0,1.0,89,1,338,2839542,619430,1,3,614625
ps,3,1048576,200000.0,0.4,0.0,1.0,89,1,339,2858708,619430,1,3,607666
ps,3,1048576,200000.0,0.4,0.0,1.0,89,1,340,2873250,619430,1,3,632875
ps,3,1048576,200000.0,0.4,0.0,1.0,89,1,341,2827709,619430,1,3,614334
ps,3,1048576,200000.0,0.4,0.0,1.0,89,1,342,2877333,619430,1,3,631583
ps,3,1048576,200000.0,0.4,0.0,1.0,89,1,343,2915875,619430,1,3,626209
ps,3,1048576,200000.0,0.4,0.0,1.0,89,1,344,2858000,619430,1,3,634417
ps,3,1048576,200000.0,0.4,0.0,1.0,89,1,345,2867333,619430,1,3,634416
ps,3,1048576,200000.0,0.4,0.0,1.0,89,1,346,2836583,619430,1,3,602041
ps,3,1048576,200000.0,0.4,0.0,1.0,89,1,347,2846084,619430,1,3,623584
ps,3,1048576,200000.0,0.4,0.0,1.0,89,1,348,2834333,619430,1,3,590750
ps,3,1048576,200000.0,0.4,0.0,1.0,89,1,349,2885917,619430,1,3,588042
ps,3,1048576,200000.0,0.4,0.0,1.0,89,1,350,2839209,619430,1,3,605376
ps,3,1048576,200000.0,0.4,0.0,1.0,89,1,351,2861750,619430,1,3,641416
ps,3,1048576,200000.0,0.4,0.0,1.0,89,1,352,2853708,619430,1,3,617874
ps,3,1048576,200000.0,0.4,0.0,1.0,89,1,353,2849625,619430,1,3,621708
ps,3,1048576,200000.0,0.4,0.0,1.0,89,1,354,2927791,619430,1,3,656833
ps,3,1048576,200000.0,0.4,0.0,1.0,89,1,355,2883000,619430,1,3,644084
ps,3,1048576,200000.0,0.4,0.0,1.0,89,1,356,2921084,619430,1,3,642792
ps,3,1048576,200000.0,0.4,0.0,1.0,89,1,357,2884208,619430,1,3,646583
ps,3,1048576,200000.0,0.4,0.0,1.0,89,1,358,2832250,619430,1,3,627417
ps,3,1048576,200000.0,0.4,0.0,1.0,89,1,359,2826708,619430,1,3,626542
ps,3,1048576,200000.0,0.4,0.0,1.0,89,1,360,2893083,619430,1,3,607916
ps,3,1048576,200000.0,0.4,0.0,1.0,89,1,361,2930292,619430,1,3,633833
ps,3,1048576,200000.0,0.4,0.0,1.0,89,1,362,2953041,619430,1,3,640541
ps,3,1048576,200000.0,0.4,0.0,1.0,89,1,363,2926375,619430,1,3,676125
ps,3,1048576,200000.0,0.4,0.0,1.0,89,1,364,2911541,619430,1,3,609125
ps,3,1048576,200000.0,0.4,0.0,1.0,89,1,365,3060542,1238860,2,3,762626
ps,3,1048576,200000.0,0.4,0.0,1.0,89,1,366,3108125,619430,1,3,543417
ps,3,1048576,200000.0,0.4,0.0,1.0,89,1,367,2881125,619430,1,3,580500
ps,3,1048576,200000.0,0.4,0.0,1.0,89,1,368,2853000,619430,1,3,602375
ps,3,1048576,200000.0,0.4,0.0,1.0,89,1,369,2886375,619430,1,3,630875
ps,3,1048576,200000.0,0.4,0.0,1.0,89,1,370,2913250,619430,1,3,608917
ps,3,1048576,200000.0,0.4,0.0,1.0,89,1,371,2929459,619430,1,3,693418
ps,3,1048576,200000.0,0.4,0.0,1.0,89,1,372,2885167,619430,1,3,646125
ps,3,1048576,200000.0,0.4,0.0,1.0,89,1,373,2908750,619430,1,3,580542
ps,3,1048576,200000.0,0.4,0.0,1.0,89,1,374,2887208,619430,1,3,606666
ps,3,1048576,200000.0,0.4,0.0,1.0,89,1,375,2897584,619430,1,3,652417
ps,3,1048576,200000.0,0.4,0.0,1.0,89,1,376,2853750,619430,1,3,638084
ps,3,1048576,200000.0,0.4,0.0,1.0,89,1,377,2835042,619430,1,3,595167
ps,3,1048576,200000.0,0.4,0.0,1.0,89,1,378,2898500,619430,1,3,641500
ps,3,1048576,200000.0,0.4,0.0,1.0,89,1,379,3122125,619430,1,3,601167
ps,3,1048576,200000.0,0.4,0.0,1.0,89,1,380,2933625,619430,1,3,658833
ps,3,1048576,200000.0,0.4,0.0,1.0,89,1,381,2920084,619430,1,3,667418
ps,3,1048576,200000.0,0.4,0.0,1.0,89,1,382,2838084,619430,1,3,615417
ps,3,1048576,200000.0,0.4,0.0,1.0,89,1,383,2892625,619430,1,3,634750
ps,3,1048576,200000.0,0.4,0.0,1.0,89,1,384,2927958,619430,1,3,600458
ps,3,1048576,200000.0,0.4,0.0,1.0,89,1,385,2837209,619430,1,3,606209
ps,3,1048576,200000.0,0.4,0.0,1.0,89,1,386,2877875,619430,1,3,652625
ps,3,1048576,200000.0,0.4,0.0,1.0,89,1,387,2929917,619430,1,3,626417
ps,3,1048576,200000.0,0.4,0.0,1.0,89,1,388,2950750,619430,1,3,618292
ps,3,1048576,200000.0,0.4,0.0,1.0,89,1,389,2898458,619430,1,3,650792
ps,3,1048576,200000.0,0.4,0.0,1.0,89,1,390,2808792,619430,1,3,586375
ps,3,1048576,200000.0,0.4,0.0,1.0,89,1,391,2888167,619430,1,3,623459
ps,3,1048576,200000.0,0.4,0.0,1.0,89,1,392,2918458,619430,1,3,619333
ps,3,1048576,200000.0,0.4,0.0,1.0,89,1,393,2844958,619430,1,3,614416
ps,3,1048576,200000.0,0.4,0.0,1.0,89,1,394,2858625,619430,1,3,645958
ps,3,1048576,200000.0,0.4,0.0,1.0,89,1,395,2836917,619430,1,3,623001
ps,3,1048576,200000.0,0.4,0.0,1.0,89,1,396,2869541,619430,1,3,613791
ps,3,1048576,200000.0,0.4,0.0,1.0,89,1,397,2857459,619430,1,3,627625
ps,3,1048576,200000.0,0.4,0.0,1.0,89,1,398,2896542,619430,1,3,642250
ps,3,1048576,200000.0,0.4,0.0,1.0,89,1,399,2885500,619430,1,3,676166
ring,3,1048576,200000.0,0.4,0.0,1.0,89,2,0,3205959,1359244,4,3,114125
ring,3,1048576,200000.0,0.4,0.0,1.0,89,2,1,2964958,1359244,4,3,120208
ring,3,1048576,200000.0,0.4,0.0,1.0,89,2,2,2875250,1359244,4,3,98833
ring,3,1048576,200000.0,0.4,0.0,1.0,89,2,3,2921417,1359244,4,3,201042
ring,3,1048576,200000.0,0.4,0.0,1.0,89,2,4,2847208,1359244,4,3,189792
ring,3,1048576,200000.0,0.4,0.0,1.0,89,2,5,2811459,1359244,4,3,114793
ring,3,1048576,200000.0,0.4,0.0,1.0,89,2,6,2790292,1359244,4,3,181792
ring,3,1048576,200000.0,0.4,0.0,1.0,89,2,7,2827667,1359244,4,3,109542
ring,3,1048576,200000.0,0.4,0.0,1.0,89,2,8,2845167,1359244,4,3,128834
ring,3,1048576,200000.0,0.4,0.0,1.0,89,2,9,2787584,1359244,4,3,171584
ring,3,1048576,200000.0,0.4,0.0,1.0,89,2,10,2778542,1359244,4,3,38709
ring,3,1048576,200000.0,0.4,0.0,1.0,89,2,11,2824625,1359244,4,3,151000
ring,3,1048576,200000.0,0.4,0.0,1.0,89,2,12,2788000,1359244,4,3,152917
ring,3,1048576,200000.0,0.4,0.0,1.0,89,2,13,2754042,1359244,4,3,110708
ring,3,1048576,200000.0,0.4,0.0,1.0,89,2,14,2874333,1359244,4,3,162666
ring,3,1048576,200000.0,0.4,0.0,1.0,89,2,15,2775458,1359244,4,3,119625
ring,3,1048576,200000.0,0.4,0.0,1.0,89,2,16,2833834,1359244,4,3,54625
ring,3,1048576,200000.0,0.4,0.0,1.0,89,2,17,2838291,1359244,4,3,128583
ring,3,1048576,200000.0,0.4,0.0,1.0,89,2,18,2811125,1359244,4,3,99083
ring,3,1048576,200000.0,0.4,0.0,1.0,89,2,19,2815708,1359244,4,3,144167
ring,3,1048576,200000.0,0.4,0.0,1.0,89,2,20,2863500,1359244,4,3,113417
ring,3,1048576,200000.0,0.4,0.0,1.0,89,2,21,2826208,1359244,4,3,103625
ring,3,1048576,200000.0,0.4,0.0,1.0,89,2,22,2836250,1359244,4,3,105584
ring,3,1048576,200000.0,0.4,0.0,1.0,89,2,23,2756792,1359244,4,3,122501
ring,3,1048576,200000.0,0.4,0.0,1.0,89,2,24,2890375,1359244,4,3,128083
ring,3,1048576,200000.0,0.4,0.0,1.0,89,2,25,2778875,1359244,4,3,134333
ring,3,1048576,200000.0,0.4,0.0,1.0,89,2,26,2942208,1359244,4,3,159750
ring,3,1048576,200000.0,0.4,0.0,1.0,89,2,27,2836583,1359244,4,3,177374
ring,3,1048576,200000.0,0.4,0.0,1.0,89,2,28,2772709,1359244,4,3,125334
ring,3,1048576,200000.0,0.4,0.0,1.0,89,2,29,2818500,1359244,4,3,142042
ring,3,1048576,200000.0,0.4,0.0,1.0,89,2,30,2844250,1359244,4,3,145625
ring,3,1048576,200000.0,0.4,0.0,1.0,89,2,31,2771792,1359244,4,3,46542
ring,3,1048576,200000.0,0.4,0.0,1.0,89,2,32,2850000,1359244,4,3,163041
ring,3,1048576,200000.0,0.4,0.0,1.0,89,2,33,2876125,1359244,4,3,105250
ring,3,1048576,200000.0,0.4,0.0,1.0,89,2,34,2926667,1359244,4,3,157709
ring,3,1048576,200000.0,0.4,0.0,1.0,89,2,35,2748458,1359244,4,3,148500
ring,3,1048576,200000.0,0.4,0.0,1.0,89,2,36,2957833,1359244,4,3,124583
ring,3,1048576,200000.0,0.4,0.0,1.0,89,2,37,2800833,1359244,4,3,61333
ring,3,1048576,200000.0,0.4,0.0,1.0,89,2,38,2831500,1359244,4,3,57167
ring,3,1048576,200000.0,0.4,0.0,1.0,89,2,39,2820583,1359244,4,3,75291
ring,3,1048576,200000.0,0.4,0.0,1.0,89,2,40,2920834,1359244,4,3,137001
ring,3,1048576,200000.0,0.4,0.0,1.0,89,2,41,2828250,1359244,4,3,128500
ring,3,1048576,200000.0,0.4,0.0,1.0,89,2,42,2912875,1359244,4,3,117834
ring,3,1048576,200000.0,0.4,0.0,1.0,89,2,43,2865625,1359244,4,3,112583
ring,3,1048576,200000.0,0.4,0.0,1.0,89,2,44,2761292,1359244,4,3,150917
ring,3,1048576,200000.0,0.4,0.0,1.0,89,2,45,2675542,1359244,4,3,90833
ring,3,1048576,200000.0,0.4,0.0,1.0,89,2,46,2862667,1359244,4,3,102834
ring,3,1048576,200000.0,0.4,0.0,1.0,89,2,47,2817250,1359244,4,3,117542
ring,3,1048576,200000.0,0.4,0.0,1.0,89,2,48,2984375,1359244,4,3,175833
ring,3,1048576,200000.0,0.4,0.0,1.0,89,2,49,2836625,1359244,4,3,121583
ring,3,1048576,200000.0,0.4,0.0,1.0,89,2,50,2777750,1359244,4,3,131791
ring,3,1048576,200000.0,0.4,0.0,1.0,89,2,51,2749792,1359244,4,3,87709
ring,3,1048576,200000.0,0.4,0.0,1.0,89,2,52,2741209,1359244,4,3,103709
ring,3,1048576,200000.0,0.4,0.0,1.0,89,2,53,2865958,1359244,4,3,167166
ring,3,1048576,200000.0,0.4,0.0,1.0,89,2,54,2798958,1359244,4,3,111000
ring,3,1048576,200000.0,0.4,0.0,1.0,89,2,55,2787958,1359244,4,3,71333
ring,3,1048576,200000.0,0.4,0.0,1.0,89,2,56,2822084,1359244,4,3,113293
ring,3,1048576,200000.0,0.4,0.0,1.0,89,2,57,2791416,1359244,4,3,157999
ring,3,1048576,200000.0,0.4,0.0,1.0,89,2,58,2800042,1359244,4,3,93876
ring,3,1048576,200000.0,0.4,0.0,1.0,89,2,59,2741791,1359244,4,3,150291
ring,3,1048576,200000.0,0.4,0.0,1.0,89,2,60,2851625,1359244,4,3,122083
ring,3,1048576,200000.0,0.4,0.0,1.0,89,2,61,2847042,1359244,4,3,132667
ring,3,1048576,200000.0,0.4,0.0,1.0,89,2,62,2768500,1359244,4,3,113542
ring,3,1048576,200000.0,0.4,0.0,1.0,89,2,63,2860709,1359244,4,3,72459
ring,3,1048576,200000.0,0.4,0.0,1.0,89,2,64,2867584,1359244,4,3,208667
ring,3,1048576,200000.0,0.4,0.0,1.0,89,2,65,2786167,1359244,4,3,16375
ring,3,1048576,200000.0,0.4,0.0,1.0,89,2,66,2876625,1359244,4,3,204834
ring,3,1048576,200000.0,0.4,0.0,1.0,89,2,67,2792250,1359244,4,3,85042
ring,3,1048576,200000.0,0.4,0.0,1.0,89,2,68,2837625,1359244,4,3,210166
ring,3,1048576,200000.0,0.4,0.0,1.0,89,2,69,2867542,1359244,4,3,112084
ring,3,1048576,200000.0,0.4,0.0,1.0,89,2,70,2707958,1359244,4,3,53458
ring,3,1048576,200000.0,0.4,0.0,1.0,89,2,71,2838834,1359244,4,3,134750
ring,3,1048576,200000.0,0.4,0.0,1.0,89,2,72,2886916,1359244,4,3,160207
ring,3,1048576,200000.0,0.4,0.0,1.0,89,2,73,2854125,1359244,4,3,134833
ring,3,1048576,200000.0,0.4,0.0,1.0,89,2,74,2899583,1359244,4,3,134208
ring,3,1048576,200000.0,0.4,0.0,1.0,89,2,75,2800083,1359244,4,3,167833
ring,3,1048576,200000.0,0.4,0.0,1.0,89,2,76,2827625,1359244,4,3,50750
ring,3,1048576,200000.0,0.4,0.0,1.0,89,2,77,2799958,1359244,4,3,122875
ring,3,1048576,200000.0,0.4,0.0,1.0,89,2,78,2869167,1359244,4,3,151000
ring,3,1048576,200000.0,0.4,0.0,1.0,89,2,79,2920750,1359244,4,3,78791
ring,3,1048576,200000.0,0.4,0.0,1.0,89,2,80,2770084,1359244,4,3,165418
ring,3,1048576,200000.0,0.4,0.0,1.0,89,2,81,2758291,1359244,4,3,189083
ring,3,1048576,200000.0,0.4,0.0,1.0,89,2,82,2821833,1359244,4,3,103625
ring,3,1048576,200000.0,0.4,0.0,1.0,89,2,83,2756208,1359244,4,3,86375
ring,3,1048576,200000.0,0.4,0.0,1.0,89,2,84,2980625,1359244,4,3,119416
ring,3,1048576,200000.0,0.4,0.0,1.0,89,2,85,2862125,1359244,4,3,167417
ring,3,1048576,200000.0,0.4,0.0,1.0,89,2,86,2768500,1359244,4,3,123916
ring,3,1048576,200000.0,0.4,0.0,1.0,89,2,87,2822125,1359244,4,3,75541
ring,3,1048576,200000.0,0.4,0.0,1.0,89,2,88,2775417,1359244,4,3,143334
ring,3,1048576,200000.0,0.4,0.0,1.0,89,2,89,2865708,1359244,4,3,163791
ring,3,1048576,200000.0,0.4,0.0,1.0,89,2,90,2894167,1359244,4,3,145667
ring,3,1048576,200000.0,0.4,0.0,1.0,89,2,91,2739333,1359244,4,3,67291
ring,3,1048576,200000.0,0.4,0.0,1.0,89,2,92,2784208,1359244,4,3,104500
ring,3,1048576,200000.0,0.4,0.0,1.0,89,2,93,2850708,1359244,4,3,154041
ring,3,1048576,200000.0,0.4,0.0,1.0,89,2,94,2732208,1359244,4,3,153583
ring,3,1048576,200000.0,0.4,0.0,1.0,89,2,95,2784166,1359244,4,3,116541
ring,3,1048576,200000.0,0.4,0.0,1.0,89,2,96,2879959,1359244,4,3,113793
ring,3,1048576,200000.0,0.4,0.0,1.0,89,2,97,2846875,1359244,4,3,100167
ring,3,1048576,200000.0,0.4,0.0,1.0,89,2,98,2844792,1359244,4,3,157334
ring,3,1048576,200000.0,0.4,0.0,1.0,89,2,99,2836417,1359244,4,3,152084
ring,3,1048576,200000.0,0.4,0.0,1.0,89,2,100,2755208,1359244,4,3,128083
ring,3,1048576,200000.0,0.4,0.0,1.0,89,2,101,2840666,1359244,4,3,62457
ring,3,1048576,200000.0,0.4,0.0,1.0,89,2,102,3016250,1359244,4,3,210041
ring,3,1048576,200000.0,0.4,0.0,1.0,89,2,103,3067750,1359244,4,3,148250
ring,3,1048576,200000.0,0.4,0.0,1.0,89,2,104,2951125,1359244,4,3,121208
ring,3,1048576,200000.0,0.4,0.0,1.0,89,2,105,2874792,1359244,4,3,76042
ring,3,1048576,200000.0,0.4,0.0,1.0,89,2,106,2793125,1359244,4,3,111875
ring,3,1048576,200000.0,0.4,0.0,1.0,89,2,107,2851167,1359244,4,3,90334
ring,3,1048576,200000.0,0.4,0.0,1.0,89,2,108,2959958,1359244,4,3,159250
ring,3,1048576,200000.0,0.4,0.0,1.0,89,2,109,2778958,1359244,4,3,85833
ring,3,1048576,200000.0,0.4,0.0,1.0,89,2,110,2798333,1359244,4,3,46083
ring,3,1048576,200000.0,0.4,0.0,1.0,89,2,111,2800708,1359244,4,3,167500
ring,3,1048576,200000.0,0.4,0.0,1.0,89,2,112,2862250,1359244,4,3,147459
ring,3,1048576,200000.0,0.4,0.0,1.0,89,2,113,2822416,1359244,4,3,224166
ring,3,1048576,200000.0,0.4,0.0,1.0,89,2,114,2807333,1359244,4,3,56458
ring,3,1048576,200000.0,0.4,0.0,1.0,89,2,115,2889666,1359244,4,3,214083
ring,3,1048576,200000.0,0.4,0.0,1.0,89,2,116,2919083,1359244,4,3,101000
ring,3,1048576,200000.0,0.4,0.0,1.0,89,2,117,2899792,1359244,4,3,176626
ring,3,1048576,200000.0,0.4,0.0,1.0,89,2,118,2980542,1359244,4,3,204876
ring,3,1048576,200000.0,0.4,0.0,1.0,89,2,119,2896750,1359244,4,3,66958
ring,3,1048576,200000.0,0.4,0.0,1.0,89,2,120,2957375,1359244,4,3,109375
ring,3,1048576,200000.0,0.4,0.0,1.0,89,2,121,2966750,1359244,4,3,144042
ring,3,1048576,200000.0,0.4,0.0,1.0,89,2,122,2874625,1359244,4,3,151500
ring,3,1048576,200000.0,0.4,0.0,1.0,89,2,123,2875166,1359244,4,3,42625
ring,3,1048576,200000.0,0.4,0.0,1.0,89,2,124,2964166,1359244,4,3,113000
ring,3,1048576,200000.0,0.4,0.0,1.0,89,2,125,2915458,1359244,4,3,181417
ring,3,1048576,200000.0,0.4,0.0,1.0,89,2,126,2882458,1359244,4,3,130583
ring,3,1048576,200000.0,0.4,0.0,1.0,89,2,127,2882458,1359244,4,3,100667
ring,3,1048576,200000.0,0.4,0.0,1.0,89,2,128,2932000,1359244,4,3,154417
ring,3,1048576,200000.0,0.4,0.0,1.0,89,2,129,2839375,1359244,4,3,52083
ring,3,1048576,200000.0,0.4,0.0,1.0,89,2,130,2856125,1359244,4,3,94041
ring,3,1048576,200000.0,0.4,0.0,1.0,89,2,131,2946833,1359244,4,3,137000
ring,3,1048576,200000.0,0.4,0.0,1.0,89,2,132,2925542,1359244,4,3,149792
ring,3,1048576,200000.0,0.4,0.0,1.0,89,2,133,2813458,1359244,4,3,104083
ring,3,1048576,200000.0,0.4,0.0,1.0,89,2,134,2963458,1359244,4,3,99875
ring,3,1048576,200000.0,0.4,0.0,1.0,89,2,135,2876250,1359244,4,3,101291
ring,3,1048576,200000.0,0.4,0.0,1.0,89,2,136,3039875,1359244,4,3,111625
ring,3,1048576,200000.0,0.4,0.0,1.0,89,2,137,2948292,1359244,4,3,142917
ring,3,1048576,200000.0,0.4,0.0,1.0,89,2,138,2809292,1359244,4,3,140875
ring,3,1048576,200000.0,0.4,0.0,1.0,89,2,139,2849917,1359244,4,3,107001
ring,3,1048576,200000.0,0.4,0.0,1.0,89,2,140,2812875,1359244,4,3,80458
ring,3,1048576,200000.0,0.4,0.0,1.0,89,2,141,2835125,1359244,4,3,149042
ring,3,1048576,200000.0,0.4,0.0,1.0,89,2,142,2806000,1359244,4,3,253042
ring,3,1048576,200000.0,0.4,0.0,1.0,89,2,143,2866875,1359244,4,3,66542
ring,3,1048576,200000.0,0.4,0.0,1.0,89,2,144,2770209,1359244,4,3,95668
ring,3,1048576,200000.0,0.4,0.0,1.0,89,2,145,2923833,1359244,4,3,106458
ring,3,1048576,200000.0,0.4,0.0,1.0,89,2,146,2824667,1359244,4,3,161500
ring,3,1048576,200000.0,0.4,0.0,1.0,89,2,147,2789792,1359244,4,3,189751
ring,3,1048576,200000.0,0.4,0.0,1.0,89,2,148,2811750,1359244,4,3,133500
ring,3,1048576,200000.0,0.4,0.0,1.0,89,2,149,2921750,1359244,4,3,146667
ring,3,1048576,200000.0,0.4,0.0,1.0,89,2,150,2811292,1359244,4,3,182667
ring,3,1048576,200000.0,0.4,0.0,1.0,89,2,151,2818458,1359244,4,3,222000
ring,3,1048576,200000.0,0.4,0.0,1.0,89,2,152,2777917,1359244,4,3,67792
ring,3,1048576,200000.0,0.4,0.0,1.0,89,2,153,2832292,1359244,4,3,105542
ring,3,1048576,200000.0,0.4,0.0,1.0,89,2,154,2756250,1359244,4,3,105250
ring,3,1048576,200000.0,0.4,0.0,1.0,89,2,155,2727209,1359244,4,3,111000
ring,3,1048576,200000.0,0.4,0.0,1.0,89,2,156,2832166,1359244,4,3,149083
ring,3,1048576,200000.0,0.4,0.0,1.0,89,2,157,2927792,1359244,4,3,194376
ring,3,1048576,200000.0,0.4,0.0,1.0,89,2,158,2816542,1359244,4,3,135084
ring,3,1048576,200000.0,0.4,0.0,1.0,89,2,159,3020875,1359244,4,3,146042
ring,3,1048576,200000.0,0.4,0.0,1.0,89,2,160,2856667,1359244,4,3,174042
ring,3,1048576,200000.0,0.4,0.0,1.0,89,2,161,2841250,1359244,4,3,83959
ring,3,1048576,200000.0,0.4,0.0,1.0,89,2,162,2901708,1359244,4,3,146250
ring,3,1048576,200000.0,0.4,0.0,1.0,89,2,163,2822916,1359244,4,3,151458
ring,3,1048576,200000.0,0.4,0.0,1.0,89,2,164,2818500,1359244,4,3,154667
ring,3,1048576,200000.0,0.4,0.0,1.0,89,2,165,3002959,1359244,4,3,130834
ring,3,1048576,200000.0,0.4,0.0,1.0,89,2,166,2793958,1359244,4,3,57999
ring,3,1048576,200000.0,0.4,0.0,1.0,89,2,167,2913417,1359244,4,3,151917
ring,3,1048576,200000.0,0.4,0.0,1.0,89,2,168,2880583,1359244,4,3,189458
ring,3,1048576,200000.0,0.4,0.0,1.0,89,2,169,2845708,1359244,4,3,108416
ring,3,1048576,200000.0,0.4,0.0,1.0,89,2,170,2765291,1359244,4,3,117083
ring,3,1048576,200000.0,0.4,0.0,1.0,89,2,171,2823959,1359244,4,3,138043
ring,3,1048576,200000.0,0.4,0.0,1.0,89,2,172,2964791,1359244,4,3,167374
ring,3,1048576,200000.0,0.4,0.0,1.0,89,2,173,2856250,1359244,4,3,150834
ring,3,1048576,200000.0,0.4,0.0,1.0,89,2,174,2921958,1359244,4,3,181666
ring,3,1048576,200000.0,0.4,0.0,1.0,89,2,175,2832750,1359244,4,3,146250
ring,3,1048576,200000.0,0.4,0.0,1.0,89,2,176,2872500,1359244,4,3,170041
ring,3,1048576,200000.0,0.4,0.0,1.0,89,2,177,2882083,1359244,4,3,145417
ring,3,1048576,200000.0,0.4,0.0,1.0,89,2,178,2902500,1359244,4,3,118500
ring,3,1048576,200000.0,0.4,0.0,1.0,89,2,179,2889209,1359244,4,3,177209
ring,3,1048576,200000.0,0.4,0.0,1.0,89,2,180,2901042,1359244,4,3,207208
ring,3,1048576,200000.0,0.4,0.0,1.0,89,2,181,2864917,1359244,4,3,144709
ring,3,1048576,200000.0,0.4,0.0,1.0,89,2,182,2972541,1359244,4,3,138416
ring,3,1048576,200000.0,0.4,0.0,1.0,89,2,183,2915291,1359244,4,3,146916
ring,3,1048576,200000.0,0.4,0.0,1.0,89,2,184,2902667,1359244,4,3,136292
ring,3,1048576,200000.0,0.4,0.0,1.0,89,2,185,2906542,1359244,4,3,115500
ring,3,1048576,200000.0,0.4,0.0,1.0,89,2,186,2934500,1359244,4,3,130959
ring,3,1048576,200000.0,0.4,0.0,1.0,89,2,187,3047042,1359244,4,3,115667
ring,3,1048576,200000.0,0.4,0.0,1.0,89,2,188,2971584,1359244,4,3,143459
ring,3,1048576,200000.0,0.4,0.0,1.0,89,2,189,2918834,1359244,4,3,78001
ring,3,1048576,200000.0,0.4,0.0,1.0,89,2,190,3196833,1359244,4,3,68166
ring,3,1048576,200000.0,0.4,0.0,1.0,89,2,191,2920792,1359244,4,3,252625
ring,3,1048576,200000.0,0.4,0.0,1.0,89,2,192,2948458,1359244,4,3,167624
ring,3,1048576,200000.0,0.4,0.0,1.0,89,2,193,2958958,1359244,4,3,83374
ring,3,1048576,200000.0,0.4,0.0,1.0,89,2,194,2921292,1359244,4,3,127750
ring,3,1048576,200000.0,0.4,0.0,1.0,89,2,195,2961500,1359244,4,3,225666
ring,3,1048576,200000.0,0.4,0.0,1.0,89,2,196,3000000,1359244,4,3,139292
ring,3,1048576,200000.0,0.4,0.0,1.0,89,2,197,2914375,1359244,4,3,162959
ring,3,1048576,200000.0,0.4,0.0,1.0,89,2,198,2932292,1359244,4,3,137375
ring,3,1048576,200000.0,0.4,0.0,1.0,89,2,199,2807375,1359244,4,3,151083
ring,3,1048576,200000.0,0.4,0.0,1.0,89,2,200,2985542,1359244,4,3,170708
ring,3,1048576,200000.0,0.4,0.0,1.0,89,2,201,2884916,1359244,4,3,64374
ring,3,1048576,200000.0,0.4,0.0,1.0,89,2,202,3009209,1359244,4,3,160959
ring,3,1048576,200000.0,0.4,0.0,1.0,89,2,203,3068125,1359244,4,3,134791
ring,3,1048576,200000.0,0.4,0.0,1.0,89,2,204,3185250,1359244,4,3,7250
ring,3,1048576,200000.0,0.4,0.0,1.0,89,2,205,2937417,1359244,4,3,131917
ring,3,1048576,200000.0,0.4,0.0,1.0,89,2,206,2918541,1359244,4,3,147374
ring,3,1048576,200000.0,0.4,0.0,1.0,89,2,207,2937708,1359244,4,3,154041
ring,3,1048576,200000.0,0.4,0.0,1.0,89,2,208,2981083,1359244,4,3,106416
ring,3,1048576,200000.0,0.4,0.0,1.0,89,2,209,3043625,1359244,4,3,160459
ring,3,1048576,200000.0,0.4,0.0,1.0,89,2,210,2916292,1359244,4,3,78208
ring,3,1048576,200000.0,0.4,0.0,1.0,89,2,211,3016542,1359244,4,3,234209
ring,3,1048576,200000.0,0.4,0.0,1.0,89,2,212,2890625,1359244,4,3,193375
ring,3,1048576,200000.0,0.4,0.0,1.0,89,2,213,2844958,1359244,4,3,145708
ring,3,1048576,200000.0,0.4,0.0,1.0,89,2,214,2962833,1359244,4,3,151250
ring,3,1048576,200000.0,0.4,0.0,1.0,89,2,215,3060208,1359244,4,3,41792
ring,3,1048576,200000.0,0.4,0.0,1.0,89,2,216,3077667,1359244,4,3,69376
ring,3,1048576,200000.0,0.4,0.0,1.0,89,2,217,3016083,1359244,4,3,128958
ring,3,1048576,200000.0,0.4,0.0,1.0,89,2,218,3058417,1359244,4,3,122583
ring,3,1048576,200000.0,0.4,0.0,1.0,89,2,219,3071958,1359244,4,3,124541
ring,3,1048576,200000.0,0.4,0.0,1.0,89,2,220,3087958,1359244,4,3,107083
ring,3,1048576,200000.0,0.4,0.0,1.0,89,2,221,3187208,1359244,4,3,170083
ring,3,1048576,200000.0,0.4,0.0,1.0,89,2,222,3050250,1359244,4,3,187083
ring,3,1048576,200000.0,0.4,0.0,1.0,89,2,223,2986666,1359244,4,3,80291
ring,3,1048576,200000.0,0.4,0.0,1.0,89,2,224,3096750,1359244,4,3,91917
ring,3,1048576,200000.0,0.4,0.0,1.0,89,2,225,2862292,1359244,4,3,50542
ring,3,1048576,200000.0,0.4,0.0,1.0,89,2,226,3105625,1359244,4,3,124958
ring,3,1048576,200000.0,0.4,0.0,1.0,89,2,227,3274125,1359244,4,3,148708
ring,3,1048576,200000.0,0.4,0.0,1.0,89,2,228,3054792,1359244,4,3,30500
ring,3,1048576,200000.0,0.4,0.0,1.0,89,2,229,3023500,1359244,4,3,126417
ring,3,1048576,200000.0,0.4,0.0,1.0,89,2,230,3166583,1359244,4,3,127417
ring,3,1048576,200000.0,0.4,0.0,1.0,89,2,231,2962875,1359244,4,3,37084
ring,3,1048576,200000.0,0.4,0.0,1.0,89,2,232,3112833,1359244,4,3,152083
ring,3,1048576,200000.0,0.4,0.0,1.0,89,2,233,3226167,1359244,4,3,110417
ring,3,1048576,200000.0,0.4,0.0,1.0,89,2,234,3039333,1359244,4,3,193417
ring,3,1048576,200000.0,0.4,0.0,1.0,89,2,235,3348458,1359244,4,3,179083
ring,3,1048576,200000.0,0.4,0.0,1.0,89,2,236,3209708,1359244,4,3,37166
ring,3,1048576,200000.0,0.4,0.0,1.0,89,2,237,3810666,1359244,4,3,22957
ring,3,1048576,200000.0,0.4,0.0,1.0,89,2,238,3097709,1359244,4,3,87001
ring,3,1048576,200000.0,0.4,0.0,1.0,89,2,239,3048834,1359244,4,3,33042
ring,3,1048576,200000.0,0.4,0.0,1.0,89,2,240,3008792,1359244,4,3,76083
ring,3,1048576,200000.0,0.4,0.0,1.0,89,2,241,3025167,1359244,4,3,218834
ring,3,1048576,200000.0,0.4,0.0,1.0,89,2,242,3031250,1359244,4,3,150167
ring,3,1048576,200000.0,0.4,0.0,1.0,89,2,243,3102542,1359244,4,3,123251
ring,3,1048576,200000.0,0.4,0.0,1.0,89,2,244,2929708,1359244,4,3,175666
ring,3,1048576,200000.0,0.4,0.0,1.0,89,2,245,2942917,1359244,4,3,84583
ring,3,1048576,200000.0,0.4,0.0,1.0,89,2,246,3062291,1359244,4,3,104708
ring,3,1048576,200000.0,0.4,0.0,1.0,89,2,247,3002417,1359244,4,3,203126
ring,3,1048576,200000.0,0.4,0.0,1.0,89,2,248,2915625,1359244,4,3,164042
ring,3,1048576,200000.0,0.4,0.0,1.0,89,2,249,2899833,1359244,4,3,118708
ring,3,1048576,200000.0,0.4,0.0,1.0,89,2,250,2979042,1359244,4,3,153417
ring,3,1048576,200000.0,0.4,0.0,1.0,89,2,251,2964667,1359244,4,3,183751
ring,3,1048576,200000.0,0.4,0.0,1.0,89,2,252,3037459,1359244,4,3,82417
ring,3,1048576,200000.0,0.4,0.0,1.0,89,2,253,3043542,1359244,4,3,122584
ring,3,1048576,200000.0,0.4,0.0,1.0,89,2,254,2821917,1359244,4,3,28292
ring,3,1048576,200000.0,0.4,0.0,1.0,89,2,255,3040084,1359244,4,3,134251
ring,3,1048576,200000.0,0.4,0.0,1.0,89,2,256,3035500,1359244,4,3,136917
ring,3,1048576,200000.0,0.4,0.0,1.0,89,2,257,3010000,1359244,4,3,129291
ring,3,1048576,200000.0,0.4,0.0,1.0,89,2,258,2963958,1359244,4,3,125708
ring,3,1048576,200000.0,0.4,0.0,1.0,89,2,259,2956750,1359244,4,3,152083
ring,3,1048576,200000.0,0.4,0.0,1.0,89,2,260,2984625,1359244,4,3,73083
ring,3,1048576,200000.0,0.4,0.0,1.0,89,2,261,3075375,1359244,4,3,214791
ring,3,1048576,200000.0,0.4,0.0,1.0,89,2,262,2907417,1359244,4,3,201875
ring,3,1048576,200000.0,0.4,0.0,1.0,89,2,263,3063333,1359244,4,3,97208
ring,3,1048576,200000.0,0.4,0.0,1.0,89,2,264,2952625,1359244,4,3,135334
ring,3,1048576,200000.0,0.4,0.0,1.0,89,2,265,2860708,1359244,4,3,132874
ring,3,1048576,200000.0,0.4,0.0,1.0,89,2,266,3065542,1359244,4,3,179292
ring,3,1048576,200000.0,0.4,0.0,1.0,89,2,267,2865417,1359244,4,3,154167
ring,3,1048576,200000.0,0.4,0.0,1.0,89,2,268,3002916,1359244,4,3,144166
ring,3,1048576,200000.0,0.4,0.0,1.0,89,2,269,3139334,1359244,4,3,159792
ring,3,1048576,200000.0,0.4,0.0,1.0,89,2,270,2873792,1359244,4,3,78250
ring,3,1048576,200000.0,0.4,0.0,1.0,89,2,271,2911458,1359244,4,3,132666
ring,3,1048576,200000.0,0.4,0.0,1.0,89,2,272,2829167,1359244,4,3,181667
ring,3,1048576,200000.0,0.4,0.0,1.0,89,2,273,2941292,1359244,4,3,146417
ring,3,1048576,200000.0,0.4,0.0,1.0,89,2,274,2989250,1359244,4,3,109041
ring,3,1048576,200000.0,0.4,0.0,1.0,89,2,275,2909667,1359244,4,3,52292
ring,3,1048576,200000.0,0.4,0.0,1.0,89,2,276,2931042,1359244,4,3,121667
ring,3,1048576,200000.0,0.4,0.0,1.0,89,2,277,2906375,1359244,4,3,136667
ring,3,1048576,200000.0,0.4,0.0,1.0,89,2,278,2913875,1359244,4,3,144750
ring,3,1048576,200000.0,0.4,0.0,1.0,89,2,279,2900000,1359244,4,3,150750
ring,3,1048576,200000.0,0.4,0.0,1.0,89,2,280,3030958,1359244,4,3,122083
ring,3,1048576,200000.0,0.4,0.0,1.0,89,2,281,2921417,1359244,4,3,35625
ring,3,1048576,200000.0,0.4,0.0,1.0,89,2,282,2962500,1359244,4,3,124750
ring,3,1048576,200000.0,0.4,0.0,1.0,89,2,283,2917166,1359244,4,3,150833
ring,3,1048576,200000.0,0.4,0.0,1.0,89,2,284,2925458,1359244,4,3,168541
ring,3,1048576,200000.0,0.4,0.0,1.0,89,2,285,2920333,1359244,4,3,174333
ring,3,1048576,200000.0,0.4,0.0,1.0,89,2,286,2964625,1359244,4,3,131208
ring,3,1048576,200000.0,0.4,0.0,1.0,89,2,287,3035708,1359244,4,3,144792
ring,3,1048576,200000.0,0.4,0.0,1.0,89,2,288,2994583,1359244,4,3,117500
ring,3,1048576,200000.0,0.4,0.0,1.0,89,2,289,3168250,1359244,4,3,99917
ring,3,1048576,200000.0,0.4,0.0,1.0,89,2,290,2894209,1359244,4,3,140709
ring,3,1048576,200000.0,0.4,0.0,1.0,89,2,291,3097709,1359244,4,3,196751
ring,3,1048576,200000.0,0.4,0.0,1.0,89,2,292,3047375,1359244,4,3,157042
ring,3,1048576,200000.0,0.4,0.0,1.0,89,2,293,2924209,1359244,4,3,112334
ring,3,1048576,200000.0,0.4,0.0,1.0,89,2,294,2871541,1359244,4,3,142874
ring,3,1048576,200000.0,0.4,0.0,1.0,89,2,295,2873208,1359244,4,3,152958
ring,3,1048576,200000.0,0.4,0.0,1.0,89,2,296,3035958,1359244,4,3,77541
ring,3,1048576,200000.0,0.4,0.0,1.0,89,2,297,2987084,1359244,4,3,107793
ring,3,1048576,200000.0,0.4,0.0,1.0,89,2,298,3024125,1359244,4,3,92166
ring,3,1048576,200000.0,0.4,0.0,1.0,89,2,299,2978292,1359244,4,3,141084
ring,3,1048576,200000.0,0.4,0.0,1.0,89,2,300,2941375,1359244,4,3,146625
ring,3,1048576,200000.0,0.4,0.0,1.0,89,2,301,3001500,1359244,4,3,121000
ring,3,1048576,200000.0,0.4,0.0,1.0,89,2,302,3126292,1359244,4,3,39500
ring,3,1048576,200000.0,0.4,0.0,1.0,89,2,303,3131625,1359244,4,3,130416
ring,3,1048576,200000.0,0.4,0.0,1.0,89,2,304,3174500,1359244,4,3,64625
ring,3,1048576,200000.0,0.4,0.0,1.0,89,2,305,3092375,1359244,4,3,186042
ring,3,1048576,200000.0,0.4,0.0,1.0,89,2,306,3083333,1359244,4,3,214041
ring,3,1048576,200000.0,0.4,0.0,1.0,89,2,307,3357125,1359244,4,3,125416
ring,3,1048576,200000.0,0.4,0.0,1.0,89,2,308,3282458,1359244,4,3,270208
ring,3,1048576,200000.0,0.4,0.0,1.0,89,2,309,3138917,1359244,4,3,72375
ring,3,1048576,200000.0,0.4,0.0,1.0,89,2,310,2995708,1359244,4,3,99583
ring,3,1048576,200000.0,0.4,0.0,1.0,89,2,311,3009750,1359244,4,3,83542
ring,3,1048576,200000.0,0.4,0.0,1.0,89,2,312,2977375,1359244,4,3,46042
ring,3,1048576,200000.0,0.4,0.0,1.0,89,2,313,3054000,1359244,4,3,97791
ring,3,1048576,200000.0,0.4,0.0,1.0,89,2,314,3016667,1359244,4,3,185917
ring,3,1048576,200000.0,0.4,0.0,1.0,89,2,315,3139041,1359244,4,3,89833
ring,3,1048576,200000.0,0.4,0.0,1.0,89,2,316,3083000,1359244,4,3,201917
ring,3,1048576,200000.0,0.4,0.0,1.0,89,2,317,2922334,1359244,4,3,76543
ring,3,1048576,200000.0,0.4,0.0,1.0,89,2,318,2905834,1359244,4,3,88375
ring,3,1048576,200000.0,0.4,0.0,1.0,89,2,319,3028291,1359244,4,3,25791
ring,3,1048576,200000.0,0.4,0.0,1.0,89,2,320,2975625,1359244,4,3,91625
ring,3,1048576,200000.0,0.4,0.0,1.0,89,2,321,3054875,1359244,4,3,202833
ring,3,1048576,200000.0,0.4,0.0,1.0,89,2,322,3048041,1359244,4,3,132166
ring,3,1048576,200000.0,0.4,0.0,1.0,89,2,323,3191375,1359244,4,3,115750
ring,3,1048576,200000.0,0.4,0.0,1.0,89,2,324,3099167,1359244,4,3,159500
ring,3,1048576,200000.0,0.4,0.0,1.0,89,2,325,3050167,1359244,4,3,144376
ring,3,1048576,200000.0,0.4,0.0,1.0,89,2,326,3062584,1359244,4,3,109792
ring,3,1048576,200000.0,0.4,0.0,1.0,89,2,327,3019667,1359244,4,3,65167
ring,3,1048576,200000.0,0.4,0.0,1.0,89,2,328,3010708,1359244,4,3,79791
ring,3,1048576,200000.0,0.4,0.0,1.0,89,2,329,3039083,1359244,4,3,121375
ring,3,1048576,200000.0,0.4,0.0,1.0,89,2,330,3115917,1359244,4,3,165125
ring,3,1048576,200000.0,0.4,0.0,1.0,89,2,331,3059375,1359244,4,3,152417
ring,3,1048576,200000.0,0.4,0.0,1.0,89,2,332,3164125,1359244,4,3,152292
ring,3,1048576,200000.0,0.4,0.0,1.0,89,2,333,2910833,1359244,4,3,36625
ring,3,1048576,200000.0,0.4,0.0,1.0,89,2,334,2852000,1359244,4,3,160166
ring,3,1048576,200000.0,0.4,0.0,1.0,89,2,335,2905667,1359244,4,3,122125
ring,3,1048576,200000.0,0.4,0.0,1.0,89,2,336,3033417,1359244,4,3,75958
ring,3,1048576,200000.0,0.4,0.0,1.0,89,2,337,2950542,1359244,4,3,150959
ring,3,1048576,200000.0,0.4,0.0,1.0,89,2,338,3054791,1359244,4,3,98125
ring,3,1048576,200000.0,0.4,0.0,1.0,89,2,339,3063625,1359244,4,3,103709
ring,3,1048576,200000.0,0.4,0.0,1.0,89,2,340,2884792,1359244,4,3,163792
ring,3,1048576,200000.0,0.4,0.0,1.0,89,2,341,2994000,1359244,4,3,154208
ring,3,1048576,200000.0,0.4,0.0,1.0,89,2,342,2940708,1359244,4,3,102583
ring,3,1048576,200000.0,0.4,0.0,1.0,89,2,343,2885833,1359244,4,3,108583
ring,3,1048576,200000.0,0.4,0.0,1.0,89,2,344,3018209,1359244,4,3,129625
ring,3,1048576,200000.0,0.4,0.0,1.0,89,2,345,2969750,1359244,4,3,106042
ring,3,1048576,200000.0,0.4,0.0,1.0,89,2,346,2910917,1359244,4,3,172376
ring,3,1048576,200000.0,0.4,0.0,1.0,89,2,347,2919083,1359244,4,3,85333
ring,3,1048576,200000.0,0.4,0.0,1.0,89,2,348,3018125,1359244,4,3,190208
ring,3,1048576,200000.0,0.4,0.0,1.0,89,2,349,3076500,1359244,4,3,105375
ring,3,1048576,200000.0,0.4,0.0,1.0,89,2,350,2963250,1359244,4,3,147500
ring,3,1048576,200000.0,0.4,0.0,1.0,89,2,351,2985542,1359244,4,3,82667
ring,3,1048576,200000.0,0.4,0.0,1.0,89,2,352,3118209,1359244,4,3,226125
ring,3,1048576,200000.0,0.4,0.0,1.0,89,2,353,3021375,1359244,4,3,93166
ring,3,1048576,200000.0,0.4,0.0,1.0,89,2,354,2901000,1359244,4,3,138750
ring,3,1048576,200000.0,0.4,0.0,1.0,89,2,355,3095667,1359244,4,3,177542
ring,3,1048576,200000.0,0.4,0.0,1.0,89,2,356,2955500,1359244,4,3,156250
ring,3,1048576,200000.0,0.4,0.0,1.0,89,2,357,2937042,1359244,4,3,128500
ring,3,1048576,200000.0,0.4,0.0,1.0,89,2,358,2918542,1359244,4,3,116333
ring,3,1048576,200000.0,0.4,0.0,1.0,89,2,359,2926125,1359244,4,3,158375
ring,3,1048576,200000.0,0.4,0.0,1.0,89,2,360,2985042,1359244,4,3,168792
ring,3,1048576,200000.0,0.4,0.0,1.0,89,2,361,3030709,1359244,4,3,205543
ring,3,1048576,200000.0,0.4,0.0,1.0,89,2,362,2968416,1359244,4,3,120166
ring,3,1048576,200000.0,0.4,0.0,1.0,89,2,363,2945708,1359244,4,3,137208
ring,3,1048576,200000.0,0.4,0.0,1.0,89,2,364,3115333,1359244,4,3,164458
ring,3,1048576,200000.0,0.4,0.0,1.0,89,2,365,2894625,1359244,4,3,160833
ring,3,1048576,200000.0,0.4,0.0,1.0,89,2,366,2803667,1359244,4,3,203125
ring,3,1048576,200000.0,0.4,0.0,1.0,89,2,367,2893416,1359244,4,3,209041
ring,3,1048576,200000.0,0.4,0.0,1.0,89,2,368,2855417,1359244,4,3,83625
ring,3,1048576,200000.0,0.4,0.0,1.0,89,2,369,3034834,1359244,4,3,157709
ring,3,1048576,200000.0,0.4,0.0,1.0,89,2,370,2847875,1359244,4,3,195750
ring,3,1048576,200000.0,0.4,0.0,1.0,89,2,371,3022834,1359244,4,3,145875
ring,3,1048576,200000.0,0.4,0.0,1.0,89,2,372,2954458,1359244,4,3,137749
ring,3,1048576,200000.0,0.4,0.0,1.0,89,2,373,2974667,1359244,4,3,162958
ring,3,1048576,200000.0,0.4,0.0,1.0,89,2,374,2886750,1359244,4,3,119583
ring,3,1048576,200000.0,0.4,0.0,1.0,89,2,375,2959583,1359244,4,3,141374
ring,3,1048576,200000.0,0.4,0.0,1.0,89,2,376,2909041,1359244,4,3,170166
ring,3,1048576,200000.0,0.4,0.0,1.0,89,2,377,2853667,1359244,4,3,65667
ring,3,1048576,200000.0,0.4,0.0,1.0,89,2,378,3015500,1359244,4,3,149833
ring,3,1048576,200000.0,0.4,0.0,1.0,89,2,379,2958083,1359244,4,3,138833
ring,3,1048576,200000.0,0.4,0.0,1.0,89,2,380,2906958,1359244,4,3,193833
ring,3,1048576,200000.0,0.4,0.0,1.0,89,2,381,3084125,1359244,4,3,161042
ring,3,1048576,200000.0,0.4,0.0,1.0,89,2,382,3034209,1359244,4,3,174334
ring,3,1048576,200000.0,0.4,0.0,1.0,89,2,383,3015083,1359244,4,3,167458
ring,3,1048576,200000.0,0.4,0.0,1.0,89,2,384,2964833,1359244,4,3,202749
ring,3,1048576,200000.0,0.4,0.0,1.0,89,2,385,2989625,1359244,4,3,189500
ring,3,1048576,200000.0,0.4,0.0,1.0,89,2,386,2959459,1359244,4,3,147417
ring,3,1048576,200000.0,0.4,0.0,1.0,89,2,387,3089958,1359244,4,3,134541
ring,3,1048576,200000.0,0.4,0.0,1.0,89,2,388,3103042,1359244,4,3,17667
ring,3,1048576,200000.0,0.4,0.0,1.0,89,2,389,3004834,1359244,4,3,175626
ring,3,1048576,200000.0,0.4,0.0,1.0,89,2,390,3423833,1359244,4,3,241750
ring,3,1048576,200000.0,0.4,0.0,1.0,89,2,391,4528458,1359244,4,3,210417
ring,3,1048576,200000.0,0.4,0.0,1.0,89,2,392,5509292,1359244,4,3,219626
ring,3,1048576,200000.0,0.4,0.0,1.0,89,2,393,4456459,1359244,4,3,169042
ring,3,1048576,200000.0,0.4,0.0,1.0,89,2,394,4027125,1359244,4,3,262375
ring,3,1048576,200000.0,0.4,0.0,1.0,89,2,395,4097125,1359244,4,3,256958
ring,3,1048576,200000.0,0.4,0.0,1.0,89,2,396,3003542,1359244,4,3,93334
ring,3,1048576,200000.0,0.4,0.0,1.0,89,2,397,3080959,1359244,4,3,186876
ring,3,1048576,200000.0,0.4,0.0,1.0,89,2,398,3497125,1359244,4,3,156708
ring,3,1048576,200000.0,0.4,0.0,1.0,89,2,399,3458417,1359244,4,3,135125
ps,3,1048576,200000.0,0.4,0.0,1.0,89,2,0,2930625,619430,1,3,664166
ps,3,1048576,200000.0,0.4,0.0,1.0,89,2,1,2877542,619430,1,3,616876
ps,3,1048576,200000.0,0.4,0.0,1.0,89,2,2,2945792,619430,1,3,632709
ps,3,1048576,200000.0,0.4,0.0,1.0,89,2,3,2864459,619430,1,3,627709
ps,3,1048576,200000.0,0.4,0.0,1.0,89,2,4,2858458,619430,1,3,632624
ps,3,1048576,200000.0,0.4,0.0,1.0,89,2,5,2858458,619430,1,3,607541
ps,3,1048576,200000.0,0.4,0.0,1.0,89,2,6,2869083,619430,1,3,633166
ps,3,1048576,200000.0,0.4,0.0,1.0,89,2,7,2868417,619430,1,3,621875
ps,3,1048576,200000.0,0.4,0.0,1.0,89,2,8,2883709,619430,1,3,621501
ps,3,1048576,200000.0,0.4,0.0,1.0,89,2,9,2846666,619430,1,3,593958
ps,3,1048576,200000.0,0.4,0.0,1.0,89,2,10,2878125,619430,1,3,643916
ps,3,1048576,200000.0,0.4,0.0,1.0,89,2,11,2822209,619430,1,3,617876
ps,3,1048576,200000.0,0.4,0.0,1.0,89,2,12,2837083,619430,1,3,609416
ps,3,1048576,200000.0,0.4,0.0,1.0,89,2,13,2864792,619430,1,3,629251
ps,3,1048576,200000.0,0.4,0.0,1.0,89,2,14,2906125,619430,1,3,630792
ps,3,1048576,200000.0,0.4,0.0,1.0,89,2,15,2884125,619430,1,3,626625
ps,3,1048576,200000.0,0.4,0.0,1.0,89,2,16,2867292,619430,1,3,613792
ps,3,1048576,200000.0,0.4,0.0,1.0,89,2,17,2869375,619430,1,3,630500
ps,3,1048576,200000.0,0.4,0.0,1.0,89,2,18,2877500,619430,1,3,610250
ps,3,1048576,200000.0,0.4,0.0,1.0,89,2,19,2844500,619430,1,3,604500
ps,3,1048576,200000.0,0.4,0.0,1.0,89,2,20,2886666,619430,1,3,606958
ps,3,1048576,200000.0,0.4,0.0,1.0,89,2,21,2887125,619430,1,3,622084
ps,3,1048576,200000.0,0.4,0.0,1.0,89,2,22,2860583,619430,1,3,647250
ps,3,1048576,200000.0,0.4,0.0,1.0,89,2,23,2890333,619430,1,3,619583
ps,3,1048576,200000.0,0.4,0.0,1.0,89,2,24,2976541,619430,1,3,639208
ps,3,1048576,200000.0,0.4,0.0,1.0,89,2,25,3027417,619430,1,3,601375
ps,3,1048576,200000.0,0.4,0.0,1.0,89,2,26,2990667,619430,1,3,600375
ps,3,1048576,200000.0,0.4,0.0,1.0,89,2,27,3000958,619430,1,3,599500
ps,3,1048576,200000.0,0.4,0.0,1.0,89,2,28,3028708,619430,1,3,688583
ps,3,1048576,200000.0,0.4,0.0,1.0,89,2,29,3014166,619430,1,3,643666
ps,3,1048576,200000.0,0.4,0.0,1.0,89,2,30,2936834,619430,1,3,621459
ps,3,1048576,200000.0,0.4,0.0,1.0,89,2,31,2954417,619430,1,3,638626
ps,3,1048576,200000.0,0.4,0.0,1.0,89,2,32,2896125,619430,1,3,578792
ps,3,1048576,200000.0,0.4,0.0,1.0,89,2,33,2928667,619430,1,3,626751
ps,3,1048576,200000.0,0.4,0.0,1.0,89,2,34,2919542,619430,1,3,602833
ps,3,1048576,200000.0,0.4,0.0,1.0,89,2,35,2989875,619430,1,3,625000
ps,3,1048576,200000.0,0.4,0.0,1.0,89,2,36,2903042,619430,1,3,640417
ps,3,1048576,200000.0,0.4,0.0,1.0,89,2,37,3025583,619430,1,3,604833
ps,3,1048576,200000.0,0.4,0.0,1.0,89,2,38,3018000,619430,1,3,640584
ps,3,1048576,200000.0,0.4,0.0,1.0,89,2,39,3032833,619430,1,3,597250
ps,3,1048576,200000.0,0.4,0.0,1.0,89,2,40,2951167,619430,1,3,662542
ps,3,1048576,200000.0,0.4,0.0,1.0,89,2,41,2872250,619430,1,3,632083
ps,3,1048576,200000.0,0.4,0.0,1.0,89,2,42,2869875,619430,1,3,634750
ps,3,1048576,200000.0,0.4,0.0,1.0,89,2,43,2971458,619430,1,3,646792
ps,3,1048576,200000.0,0.4,0.0,1.0,89,2,44,2869708,619430,1,3,606791
ps,3,1048576,200000.0,0.4,0.0,1.0,89,2,45,2886667,619430,1,3,647792
ps,3,1048576,200000.0,0.4,0.0,1.0,89,2,46,2826625,619430,1,3,630459
ps,3,1048576,200000.0,0.4,0.0,1.0,89,2,47,2899458,619430,1,3,597750
ps,3,1048576,200000.0,0.4,0.0,1.0,89,2,48,3112708,619430,1,3,505667
ps,3,1048576,200000.0,0.4,0.0,1.0,89,2,49,2880125,619430,1,3,631792
ps,3,1048576,200000.0,0.4,0.0,1.0,89,2,50,2926833,619430,1,3,648917
ps,3,1048576,200000.0,0.4,0.0,1.0,89,2,51,3002666,619430,1,3,488833
ps,3,1048576,200000.0,0.4,0.0,1.0,89,2,52,3045000,619430,1,3,631625
ps,3,1048576,200000.0,0.4,0.0,1.0,89,2,53,3031708,619430,1,3,670208
ps,3,1048576,200000.0,0.4,0.0,1.0,89,2,54,2926791,619430,1,3,630624
ps,3,1048576,200000.0,0.4,0.0,1.0,89,2,55,2895500,619430,1,3,625792
ps,3,1048576,200000.0,0.4,0.0,1.0,89,2,56,2898167,619430,1,3,621500
ps,3,1048576,200000.0,0.4,0.0,1.0,89,2,57,2973250,619430,1,3,603333
ps,3,1048576,200000.0,0.4,0.0,1.0,89,2,58,2948125,619430,1,3,617625
ps,3,1048576,200000.0,0.4,0.0,1.0,89,2,59,2897875,619430,1,3,624250
ps,3,1048576,200000.0,0.4,0.0,1.0,89,2,60,2860292,619430,1,3,620000
ps,3,1048576,200000.0,0.4,0.0,1.0,89,2,61,2892417,619430,1,3,631251
ps,3,1048576,200000.0,0.4,0.0,1.0,89,2,62,2914333,619430,1,3,608499
ps,3,1048576,200000.0,0.4,0.0,1.0,89,2,63,2858958,619430,1,3,624374
ps,3,1048576,200000.0,0.4,0.0,1.0,89,2,64,2844167,619430,1,3,594167
ps,3,1048576,200000.0,0.4,0.0,1.0,89,2,65,2857333,619430,1,3,600541
ps,3,1048576,200000.0,0.4,0.0,1.0,89,2,66,2915792,619430,1,3,596834
ps,3,1048576,200000.0,0.4,0.0,1.0,89,2,67,2850209,619430,1,3,649793
ps,3,1048576,200000.0,0.4,0.0,1.0,89,2,68,2884708,619430,1,3,614291
ps,3,1048576,200000.0,0.4,0.0,1.0,89,2,69,2867625,619430,1,3,606208
ps,3,1048576,200000.0,0.4,0.0,1.0,89,2,70,2909666,619430,1,3,638791
ps,3,1048576,200000.0,0.4,0.0,1.0,89,2,71,2933167,619430,1,3,666167
ps,3,1048576,200000.0,0.4,0.0,1.0,89,2,72,2929000,619430,1,3,604209
ps,3,1048576,200000.0,0.4,0.0,1.0,89,2,73,2905042,619430,1,3,651667
ps,3,1048576,200000.0,0.4,0.0,1.0,89,2,74,2871875,619430,1,3,600250
ps,3,1048576,200000.0,0.4,0.0,1.0,89,2,75,2858375,619430,1,3,632917
ps,3,1048576,200000.0,0.4,0.0,1.0,89,2,76,2914250,619430,1,3,612042
ps,3,1048576,200000.0,0.4,0.0,1.0,89,2,77,2902958,619430,1,3,632916
ps,3,1048576,200000.0,0.4,0.0,1.0,89,2,78,2911208,619430,1,3,625583
ps,3,1048576,200000.0,0.4,0.0,1.0,89,2,79,2840667,619430,1,3,602084
ps,3,1048576,200000.0,0.4,0.0,1.0,89,2,80,2876584,619430,1,3,655750
ps,3,1048576,200000.0,0.4,0.0,1.0,89,2,81,2873875,619430,1,3,618625
ps,3,1048576,200000.0,0.4,0.0,1.0,89,2,82,2869458,619430,1,3,614875
ps,3,1048576,200000.0,0.4,0.0,1.0,89,2,83,2874750,619430,1,3,614209
ps,3,1048576,200000.0,0.4,0.0,1.0,89,2,84,2899125,619430,1,3,637708
ps,3,1048576,200000.0,0.4,0.0,1.0,89,2,85,2892250,619430,1,3,618084
ps,3,1048576,200000.0,0.4,0.0,1.0,89,2,86,2881292,619430,1,3,619584
ps,3,1048576,200000.0,0.4,0.0,1.0,89,2,87,2843041,619430,1,3,606250
ps,3,1048576,200000.0,0.4,0.0,1.0,89,2,88,2921584,619430,1,3,623917
ps,3,1048576,200000.0,0.4,0.0,1.0,89,2,89,2820000,619430,1,3,629875
ps,3,1048576,200000.0,0.4,0.0,1.0,89,2,90,2828333,619430,1,3,591499
ps,3,1048576,200000.0,0.4,0.0,1.0,89,2,91,2930583,619430,1,3,628583
ps,3,1048576,200000.0,0.4,0.0,1.0,89,2,92,2895583,619430,1,3,629875
ps,3,1048576,200000.0,0.4,0.0,1.0,89,2,93,2887333,619430,1,3,635416
ps,3,1048576,200000.0,0.4,0.0,1.0,89,2,94,2859583,619430,1,3,623624
ps,3,1048576,200000.0,0.4,0.0,1.0,89,2,95,2925625,619430,1,3,628834
ps,3,1048576,200000.0,0.4,0.0,1.0,89,2,96,2862709,619430,1,3,625917
ps,3,1048576,200000.0,0.4,0.0,1.0,89,2,97,2908209,619430,1,3,647251
ps,3,1048576,200000.0,0.4,0.0,1.0,89,2,98,2866250,619430,1,3,616667
ps,3,1048576,200000.0,0.4,0.0,1.0,89,2,99,2908083,619430,1,3,628541
ps,3,1048576,200000.0,0.4,0.0,1.0,89,2,100,2928417,619430,1,3,650833
ps,3,1048576,200000.0,0.4,0.0,1.0,89,2,101,2865000,619430,1,3,626042
ps,3,1048576,200000.0,0.4,0.0,1.0,89,2,102,2934292,619430,1,3,632459
ps,3,1048576,200000.0,0.4,0.0,1.0,89,2,103,2929542,619430,1,3,607167
ps,3,1048576,200000.0,0.4,0.0,1.0,89,2,104,2901584,619430,1,3,635543
ps,3,1048576,200000.0,0.4,0.0,1.0,89,2,105,2896917,619430,1,3,594751
ps,3,1048576,200000.0,0.4,0.0,1.0,89,2,106,2964708,619430,1,3,652750
ps,3,1048576,200000.0,0.4,0.0,1.0,89,2,107,2875708,619430,1,3,645041
ps,3,1048576,200000.0,0.4,0.0,1.0,89,2,108,2919083,619430,1,3,630666
ps,3,1048576,200000.0,0.4,0.0,1.0,89,2,109,2853542,619430,1,3,610209
ps,3,1048576,200000.0,0.4,0.0,1.0,89,2,110,2891958,619430,1,3,647500
ps,3,1048576,200000.0,0.4,0.0,1.0,89,2,111,2908417,619430,1,3,519000
ps,3,1048576,200000.0,0.4,0.0,1.0,89,2,112,2917750,619430,1,3,640750
ps,3,1048576,200000.0,0.4,0.0,1.0,89,2,113,2880000,619430,1,3,609916
ps,3,1048576,200000.0,0.4,0.0,1.0,89,2,114,2870542,619430,1,3,618084
ps,3,1048576,200000.0,0.4,0.0,1.0,89,2,115,2881833,619430,1,3,606458
ps,3,1048576,200000.0,0.4,0.0,1.0,89,2,116,2887542,619430,1,3,596917
ps,3,1048576,200000.0,0.4,0.0,1.0,89,2,117,2895042,619430,1,3,612792
ps,3,1048576,200000.0,0.4,0.0,1.0,89,2,118,2941541,619430,1,3,599583
ps,3,1048576,200000.0,0.4,0.0,1.0,89,2,119,2930833,619430,1,3,617166
ps,3,1048576,200000.0,0.4,0.0,1.0,89,2,120,2912625,619430,1,3,619500
ps,3,1048576,200000.0,0.4,0.0,1.0,89,2,121,2866750,619430,1,3,620584
ps,3,1048576,200000.0,0.4,0.0,1.0,89,2,122,2919417,619430,1,3,601417
ps,3,1048576,200000.0,0.4,0.0,1.0,89,2,123,2846333,619430,1,3,601874
ps,3,1048576,200000.0,0.4,0.0,1.0,89,2,124,2890917,619430,1,3,648834
ps,3,1048576,200000.0,0.4,0.0,1.0,89,2,125,2823542,619430,1,3,619667
ps,3,1048576,200000.0,0.4,0.0,1.0,89,2,126,2889375,619430,1,3,599042
ps,3,1048576,200000.0,0.4,0.0,1.0,89,2,127,2867666,619430,1,3,585791
ps,3,1048576,200000.0,0.4,0.0,1.0,89,2,128,2876583,619430,1,3,633583
ps,3,1048576,200000.0,0.4,0.0,1.0,89,2,129,2885625,619430,1,3,655500
ps,3,1048576,200000.0,0.4,0.0,1.0,89,2,130,2890625,619430,1,3,623583
ps,3,1048576,200000.0,0.4,0.0,1.0,89,2,131,2867708,619430,1,3,617042
ps,3,1048576,200000.0,0.4,0.0,1.0,89,2,132,2869291,619430,1,3,605874
ps,3,1048576,200000.0,0.4,0.0,1.0,89,2,133,2897875,619430,1,3,630334
ps,3,1048576,200000.0,0.4,0.0,1.0,89,2,134,2928166,619430,1,3,636083
ps,3,1048576,200000.0,0.4,0.0,1.0,89,2,135,2907125,619430,1,3,633291
ps,3,1048576,200000.0,0.4,0.0,1.0,89,2,136,2881292,619430,1,3,620917
ps,3,1048576,200000.0,0.4,0.0,1.0,89,2,137,2933500,619430,1,3,618583
ps,3,1048576,200000.0,0.4,0.0,1.0,89,2,138,2934833,619430,1,3,654708
ps,3,1048576,200000.0,0.4,0.0,1.0,89,2,139,2914959,619430,1,3,615917
ps,3,1048576,200000.0,0.4,0.0,1.0,89,2,140,2882292,619430,1,3,572042
ps,3,1048576,200000.0,0.4,0.0,1.0,89,2,141,3018333,619430,1,3,555000
ps,3,1048576,200000.0,0.4,0.0,1.0,89,2,142,3078833,619430,1,3,633125
ps,3,1048576,200000.0,0.4,0.0,1.0,89,2,143,2973125,619430,1,3,599417
ps,3,1048576,200000.0,0.4,0.0,1.0,89,2,144,2939417,619430,1,3,609792
ps,3,1048576,200000.0,0.4,0.0,1.0,89,2,145,2945667,619430,1,3,574959
ps,3,1048576,200000.0,0.4,0.0,1.0,89,2,146,2899959,619430,1,3,624501
ps,3,1048576,200000.0,0.4,0.0,1.0,89,2,147,2922583,619430,1,3,641292
ps,3,1048576,200000.0,0.4,0.0,1.0,89,2,148,2942708,619430,1,3,628083
ps,3,1048576,200000.0,0.4,0.0,1.0,89,2,149,2878625,619430,1,3,616125
ps,3,1048576,200000.0,0.4,0.0,1.0,89,2,150,2873917,619430,1,3,633251
ps,3,1048576,200000.0,0.4,0.0,1.0,89,2,151,2892041,619430,1,3,619041
ps,3,1048576,200000.0,0.4,0.0,1.0,89,2,152,2869333,619430,1,3,608874
ps,3,1048576,200000.0,0.4,0.0,1.0,89,2,153,2899083,619430,1,3,627250
ps,3,1048576,200000.0,0.4,0.0,1.0,89,2,154,2934375,619430,1,3,645667
ps,3,1048576,200000.0,0.4,0.0,1.0,89,2,155,2932583,619430,1,3,602958
ps,3,1048576,200000.0,0.4,0.0,1.0,89,2,156,2878125,619430,1,3,633500
ps,3,1048576,200000.0,0.4,0.0,1.0,89,2,157,2890125,619430,1,3,605541
ps,3,1048576,200000.0,0.4,0.0,1.0,89,2,158,2871041,619430,1,3,637791
ps,3,1048576,200000.0,0.4,0.0,1.0,89,2,159,2891750,619430,1,3,587583
ps,3,1048576,200000.0,0.4,0.0,1.0,89,2,160,2887166,619430,1,3,606333
ps,3,1048576,200000.0,0.4,0.0,1.0,89,2,161,2899041,619430,1,3,638291
ps,3,1048576,200000.0,0.4,0.0,1.0,89,2,162,2929292,619430,1,3,606751
ps,3,1048576,200000.0,0.4,0.0,1.0,89,2,163,2861250,619430,1,3,605625
ps,3,1048576,200000.0,0.4,0.0,1.0,89,2,164,2888750,619430,1,3,609541
ps,3,1048576,200000.0,0.4,0.0,1.0,89,2,165,2928916,619430,1,3,678749
ps,3,1048576,200000.0,0.4,0.0,1.0,89,2,166,2955583,619430,1,3,596000
ps,3,1048576,200000.0,0.4,0.0,1.0,89,2,167,2952583,619430,1,3,625542
ps,3,1048576,200000.0,0.4,0.0,1.0,89,2,168,2964417,619430,1,3,629750
ps,3,1048576,200000.0,0.4,0.0,1.0,89,2,169,3033375,619430,1,3,659792
ps,3,1048576,200000.0,0.4,0.0,1.0,89,2,170,3066500,619430,1,3,615083
ps,3,1048576,200000.0,0.4,0.0,1.0,89,2,171,3215000,619430,1,3,630417
ps,3,1048576,200000.0,0.4,0.0,1.0,89,2,172,3010084,619430,1,3,587043
ps,3,1048576,200000.0,0.4,0.0,1.0,89,2,173,2982542,619430,1,3,602251
ps,3,1048576,200000.0,0.4,0.0,1.0,89,2,174,2891542,619430,1,3,641876
ps,3,1048576,200000.0,0.4,0.0,1.0,89,2,175,2917167,619430,1,3,600292
ps,3,1048576,200000.0,0.4,0.0,1.0,89,2,176,2954708,619430,1,3,635541
ps,3,1048576,200000.0,0.4,0.0,1.0,89,2,177,2986584,619430,1,3,577375
ps,3,1048576,200000.0,0.4,0.0,1.0,89,2,178,2959500,619430,1,3,569834
ps,3,1048576,200000.0,0.4,0.0,1.0,89,2,179,3139625,619430,1,3,605583
ps,3,1048576,200000.0,0.4,0.0,1.0,89,2,180,3122625,619430,1,3,587125
ps,3,1048576,200000.0,0.4,0.0,1.0,89,2,181,3044458,619430,1,3,620708
ps,3,1048576,200000.0,0.4,0.0,1.0,89,2,182,2956208,619430,1,3,627125
ps,3,1048576,200000.0,0.4,0.0,1.0,89,2,183,2924000,619430,1,3,488583
ps,3,1048576,200000.0,0.4,0.0,1.0,89,2,184,3083042,619430,1,3,656834
ps,3,1048576,200000.0,0.4,0.0,1.0,89,2,185,2953833,619430,1,3,616708
ps,3,1048576,200000.0,0.4,0.0,1.0,89,2,186,3169542,619430,1,3,581376
ps,3,1048576,200000.0,0.4,0.0,1.0,89,2,187,3192125,619430,1,3,580792
ps,3,1048576,200000.0,0.4,0.0,1.0,89,2,188,3055958,619430,1,3,641000
ps,3,1048576,200000.0,0.4,0.0,1.0,89,2,189,3086042,619430,1,3,595584
ps,3,1048576,200000.0,0.4,0.0,1.0,89,2,190,2918333,619430,1,3,605624
ps,3,1048576,200000.0,0.4,0.0,1.0,89,2,191,3302625,619430,1,3,752041
ps,3,1048576,200000.0,0.4,0.0,1.0,89,2,192,4002334,619430,1,3,254626
ps,3,1048576,200000.0,0.4,0.0,1.0,89,2,193,6715917,1238860,2,3,646708
ps,3,1048576,200000.0,0.4,0.0,1.0,89,2,194,3782250,619430,1,3,599208
ps,3,1048576,200000.0,0.4,0.0,1.0,89,2,195,4009917,619430,1,3,489833
ps,3,1048576,200000.0,0.4,0.0,1.0,89,2,196,3198584,619430,1,3,671418
ps,3,1048576,200000.0,0.4,0.0,1.0,89,2,197,3311083,619430,1,3,592958
ps,3,1048576,200000.0,0.4,0.0,1.0,89,2,198,3140792,619430,1,3,572500
ps,3,1048576,200000.0,0.4,0.0,1.0,89,2,199,3071500,619430,1,3,675084
ps,3,1048576,200000.0,0.4,0.0,1.0,89,2,200,3116250,619430,1,3,673333
ps,3,1048576,200000.0,0.4,0.0,1.0,89,2,201,3032375,619430,1,3,556792
ps,3,1048576,200000.0,0.4,0.0,1.0,89,2,202,2980625,619430,1,3,596416
ps,3,1048576,200000.0,0.4,0.0,1.0,89,2,203,3016042,619430,1,3,526667
ps,3,1048576,200000.0,0.4,0.0,1.0,89,2,204,3020125,1238860,2,3,593083
ps,3,1048576,200000.0,0.4,0.0,1.0,89,2,205,3062541,619430,1,3,627958
ps,3,1048576,200000.0,0.4,0.0,1.0,89,2,206,3068042,619430,1,3,617625
ps,3,1048576,200000.0,0.4,0.0,1.0,89,2,207,3098541,619430,1,3,623957
ps,3,1048576,200000.0,0.4,0.0,1.0,89,2,208,3352208,619430,1,3,677667
ps,3,1048576,200000.0,0.4,0.0,1.0,89,2,209,3052083,619430,1,3,572208
ps,3,1048576,200000.0,0.4,0.0,1.0,89,2,210,2915417,619430,1,3,556625
ps,3,1048576,200000.0,0.4,0.0,1.0,89,2,211,3082333,619430,1,3,655750
ps,3,1048576,200000.0,0.4,0.0,1.0,89,2,212,2990083,619430,1,3,595166
ps,3,1048576,200000.0,0.4,0.0,1.0,89,2,213,3119625,619430,1,3,645375
ps,3,1048576,200000.0,0.4,0.0,1.0,89,2,214,2902125,619430,1,3,634084
ps,3,1048576,200000.0,0.4,0.0,1.0,89,2,215,3292125,619430,1,3,727125
ps,3,1048576,200000.0,0.4,0.0,1.0,89,2,216,3068292,619430,1,3,567875
ps,3,1048576,200000.0,0.4,0.0,1.0,89,2,217,3219250,619430,1,3,642375
ps,3,1048576,200000.0,0.4,0.0,1.0,89,2,218,3093500,619430,1,3,635250
ps,3,1048576,200000.0,0.4,0.0,1.0,89,2,219,3058208,619430,1,3,634208
ps,3,1048576,200000.0,0.4,0.0,1.0,89,2,220,3183250,619430,1,3,456792
ps,3,1048576,200000.0,0.4,0.0,1.0,89,2,221,3211166,619430,1,3,579416
ps,3,1048576,200000.0,0.4,0.0,1.0,89,2,222,3230750,619430,1,3,581042
ps,3,1048576,200000.0,0.4,0.0,1.0,89,2,223,3307000,619430,1,3,539334
ps,3,1048576,200000.0,0.4,0.0,1.0,89,2,224,3125541,619430,1,3,626500
ps,3,1048576,200000.0,0.4,0.0,1.0,89,2,225,3048042,619430,1,3,605584
ps,3,1048576,200000.0,0.4,0.0,1.0,89,2,226,3153292,619430,1,3,499542
ps,3,1048576,200000.0,0.4,0.0,1.0,89,2,227,3213292,619430,1,3,644126
ps,3,1048576,200000.0,0.4,0.0,1.0,89,2,228,3220458,619430,1,3,519167
ps,3,1048576,200000.0,0.4,0.0,1.0,89,2,229,2972291,619430,1,3,529582
ps,3,1048576,200000.0,0.4,0.0,1.0,89,2,230,2986500,619430,1,3,625125
ps,3,1048576,200000.0,0.4,0.0,1.0,89,2,231,3035625,619430,1,3,571500
ps,3,1048576,200000.0,0.4,0.0,1.0,89,2,232,3129791,619430,1,3,578500
ps,3,1048576,200000.0,0.4,0.0,1.0,89,2,233,3299459,619430,1,3,628042
ps,3,1048576,200000.0,0.4,0.0,1.0,89,2,234,3158875,619430,1,3,555708
ps,3,1048576,200000.0,0.4,0.0,1.0,89,2,235,3215375,619430,1,3,332167
ps,3,1048576,200000.0,0.4,0.0,1.0,89,2,236,3270375,619430,1,3,633625
ps,3,1048576,200000.0,0.4,0.0,1.0,89,2,237,3100750,619430,1,3,585708
ps,3,1048576,200000.0,0.4,0.0,1.0,89,2,238,2869833,619430,1,3,484499
ps,3,1048576,200000.0,0.4,0.0,1.0,89,2,239,3024708,619430,1,3,644958
ps,3,1048576,200000.0,0.4,0.0,1.0,89,2,240,3115083,619430,1,3,509000
ps,3,1048576,200000.0,0.4,0.0,1.0,89,2,241,3269792,619430,1,3,638209
ps,3,1048576,200000.0,0.4,0.0,1.0,89,2,242,3248500,619430,1,3,521834
ps,3,1048576,200000.0,0.4,0.0,1.0,89,2,243,3336666,619430,1,3,752999
ps,3,1048576,200000.0,0.4,0.0,1.0,89,2,244,4582875,1238860,2,3,284833
ps,3,1048576,200000.0,0.4,0.0,1.0,89,2,245,17954750,619430,1,3,6082250
ps,3,1048576,200000.0,0.4,0.0,1.0,89,2,246,4474167,1238860,2,3,699458
ps,3,1048576,200000.0,0.4,0.0,1.0,89,2,247,8764459,619430,1,3,805834
ps,3,1048576,200000.0,0.4,0.0,1.0,89,2,248,3835625,619430,1,3,591208
ps,3,1048576,200000.0,0.4,0.0,1.0,89,2,249,3030625,619430,1,3,692208
ps,3,1048576,200000.0,0.4,0.0,1.0,89,2,250,3884958,619430,1,3,157292
ps,3,1048576,200000.0,0.4,0.0,1.0,89,2,251,10327542,619430,1,3,569417
ps,3,1048576,200000.0,0.4,0.0,1.0,89,2,252,6095417,619430,1,3,649167
ps,3,1048576,200000.0,0.4,0.0,1.0,89,2,253,5195208,619430,1,3,743666
ps,3,1048576,200000.0,0.4,0.0,1.0,89,2,254,3938500,619430,1,3,717292
ps,3,1048576,200000.0,0.4,0.0,1.0,89,2,255,3668125,1238860,2,3,664500
ps,3,1048576,200000.0,0.4,0.0,1.0,89,2,256,4451625,619430,1,3,625250
ps,3,1048576,200000.0,0.4,0.0,1.0,89,2,257,3576417,1238860,2,3,630125
ps,3,1048576,200000.0,0.4,0.0,1.0,89,2,258,2967666,619430,1,3,624124
ps,3,1048576,200000.0,0.4,0.0,1.0,89,2,259,2853958,619430,1,3,616625
ps,3,1048576,200000.0,0.4,0.0,1.0,89,2,260,2838375,619430,1,3,617167
ps,3,1048576,200000.0,0.4,0.0,1.0,89,2,261,2906458,619430,1,3,626208
ps,3,1048576,200000.0,0.4,0.0,1.0,89,2,262,2914583,619430,1,3,622625
ps,3,1048576,200000.0,0.4,0.0,1.0,89,2,263,2908958,619430,1,3,635041
ps,3,1048576,200000.0,0.4,0.0,1.0,89,2,264,2956667,619430,1,3,637917
ps,3,1048576,200000.0,0.4,0.0,1.0,89,2,265,3010125,619430,1,3,611375
ps,3,1048576,200000.0,0.4,0.0,1.0,89,2,266,2927917,619430,1,3,619875
ps,3,1048576,200000.0,0.4,0.0,1.0,89,2,267,2964625,619430,1,3,643000
ps,3,1048576,200000.0,0.4,0.0,1.0,89,2,268,3108084,619430,1,3,518584
ps,3,1048576,200000.0,0.4,0.0,1.0,89,2,269,2864958,619430,1,3,580541
ps,3,1048576,200000.0,0.4,0.0,1.0,89,2,270,3077041,619430,1,3,535166
ps,3,1048576,200000.0,0.4,0.0,1.0,89,2,271,3137833,619430,1,3,616917
ps,3,1048576,200000.0,0.4,0.0,1.0,89,2,272,3091792,619430,1,3,642833
ps,3,1048576,200000.0,0.4,0.0,1.0,89,2,273,2976083,619430,1,3,643458
ps,3,1048576,200000.0,0.4,0.0,1.0,89,2,274,2851542,619430,1,3,638001
ps,3,1048576,200000.0,0.4,0.0,1.0,89,2,275,3172417,619430,1,3,643084
ps,3,1048576,200000.0,0.4,0.0,1.0,89,2,276,3000208,619430,1,3,512625
ps,3,1048576,200000.0,0.4,0.0,1.0,89,2,277,3021750,619430,1,3,533458
ps,3,1048576,200000.0,0.4,0.0,1.0,89,2,278,3013250,619430,1,3,601042
ps,3,1048576,200000.0,0.4,0.0,1.0,89,2,279,3037375,619430,1,3,531833
ps,3,1048576,200000.0,0.4,0.0,1.0,89,2,280,2932958,619430,1,3,574750
ps,3,1048576,200000.0,0.4,0.0,1.0,89,2,281,2980458,619430,1,3,635792
ps,3,1048576,200000.0,0.4,0.0,1.0,89,2,282,2854125,619430,1,3,641250
ps,3,1048576,200000.0,0.4,0.0,1.0,89,2,283,2909458,619430,1,3,509666
ps,3,1048576,200000.0,0.4,0.0,1.0,89,2,284,3104500,619430,1,3,629416
ps,3,1048576,200000.0,0.4,0.0,1.0,89,2,285,3096917,619430,1,3,637958
ps,3,1048576,200000.0,0.4,0.0,1.0,89,2,286,2908458,619430,1,3,520791
ps,3,1048576,200000.0,0.4,0.0,1.0,89,2,287,2829167,619430,1,3,613542
ps,3,1048576,200000.0,0.4,0.0,1.0,89,2,288,3027125,619430,1,3,534666
ps,3,1048576,200000.0,0.4,0.0,1.0,89,2,289,3112250,619430,1,3,431792
ps,3,1048576,200000.0,0.4,0.0,1.0,89,2,290,3073041,619430,1,3,515625
ps,3,1048576,200000.0,0.4,0.0,1.0,89,2,291,3103541,619430,1,3,579666
ps,3,1048576,200000.0,0.4,0.0,1.0,89,2,292,3119167,619430,1,3,511292
ps,3,1048576,200000.0,0.4,0.0,1.0,89,2,293,3003208,619430,1,3,613208
ps,3,1048576,200000.0,0.4,0.0,1.0,89,2,294,3160167,619430,1,3,597834
ps,3,1048576,200000.0,0.4,0.0,1.0,89,2,295,3044750,619430,1,3,561250
ps,3,1048576,200000.0,0.4,0.0,1.0,89,2,296,3014333,619430,1,3,598166
ps,3,1048576,200000.0,0.4,0.0,1.0,89,2,297,2968083,619430,1,3,671708
ps,3,1048576,200000.0,0.4,0.0,1.0,89,2,298,4104000,619430,1,3,596917
ps,3,1048576,200000.0,0.4,0.0,1.0,89,2,299,3180750,619430,1,3,482875
ps,3,1048576,200000.0,0.4,0.0,1.0,89,2,300,3132917,619430,1,3,741542
ps,3,1048576,200000.0,0.4,0.0,1.0,89,2,301,3295833,619430,1,3,616708
ps,3,1048576,200000.0,0.4,0.0,1.0,89,2,302,3134834,619430,1,3,599584
ps,3,1048576,200000.0,0.4,0.0,1.0,89,2,303,3206333,619430,1,3,625874
ps,3,1048576,200000.0,0.4,0.0,1.0,89,2,304,3167875,619430,1,3,596542
ps,3,1048576,200000.0,0.4,0.0,1.0,89,2,305,2946583,619430,1,3,621875
ps,3,1048576,200000.0,0.4,0.0,1.0,89,2,306,2890958,619430,1,3,629041
ps,3,1048576,200000.0,0.4,0.0,1.0,89,2,307,2859875,619430,1,3,616375
ps,3,1048576,200000.0,0.4,0.0,1.0,89,2,308,2919875,619430,1,3,624458
ps,3,1048576,200000.0,0.4,0.0,1.0,89,2,309,3075000,619430,1,3,584917
ps,3,1048576,200000.0,0.4,0.0,1.0,89,2,310,3203542,619430,1,3,600333
ps,3,1048576,200000.0,0.4,0.0,1.0,89,2,311,2964500,619430,1,3,587959
ps,3,1048576,200000.0,0.4,0.0,1.0,89,2,312,3157333,619430,1,3,581333
ps,3,1048576,200000.0,0.4,0.0,1.0,89,2,313,2954875,619430,1,3,623417
ps,3,1048576,200000.0,0.4,0.0,1.0,89,2,314,3090209,619430,1,3,664584
ps,3,1048576,200000.0,0.4,0.0,1.0,89,2,315,2976958,619430,1,3,676292
ps,3,1048576,200000.0,0.4,0.0,1.0,89,2,316,3027917,619430,1,3,601251
ps,3,1048576,200000.0,0.4,0.0,1.0,89,2,317,3081666,619430,1,3,681458
ps,3,1048576,200000.0,0.4,0.0,1.0,89,2,318,2955084,619430,1,3,622334
ps,3,1048576,200000.0,0.4,0.0,1.0,89,2,319,3003375,619430,1,3,585334
ps,3,1048576,200000.0,0.4,0.0,1.0,89,2,320,2976959,619430,1,3,660668
ps,3,1048576,200000.0,0.4,0.0,1.0,89,2,321,2955375,619430,1,3,637292
ps,3,1048576,200000.0,0.4,0.0,1.0,89,2,322,3005375,619430,1,3,637291
ps,3,1048576,200000.0,0.4,0.0,1.0,89,2,323,2928917,619430,1,3,621417
ps,3,1048576,200000.0,0.4,0.0,1.0,89,2,324,3076834,619430,1,3,611209
ps,3,1048576,200000.0,0.4,0.0,1.0,89,2,325,3147459,619430,1,3,783917
ps,3,1048576,200000.0,0.4,0.0,1.0,89,2,326,2939583,619430,1,3,577374
ps,3,1048576,200000.0,0.4,0.0,1.0,89,2,327,2950750,619430,1,3,706792
ps,3,1048576,200000.0,0.4,0.0,1.0,89,2,328,2874417,619430,1,3,608584
ps,3,1048576,200000.0,0.4,0.0,1.0,89,2,329,3066250,619430,1,3,578708
ps,3,1048576,200000.0,0.4,0.0,1.0,89,2,330,2919333,619430,1,3,620249
ps,3,1048576,200000.0,0.4,0.0,1.0,89,2,331,2881333,619430,1,3,687958
ps,3,1048576,200000.0,0.4,0.0,1.0,89,2,332,2896375,619430,1,3,623458
ps,3,1048576,200000.0,0.4,0.0,1.0,89,2,333,2877916,619430,1,3,592708
ps,3,1048576,200000.0,0.4,0.0,1.0,89,2,334,2880375,619430,1,3,594209
ps,3,1048576,200000.0,0.4,0.0,1.0,89,2,335,2880291,619430,1,3,638416
ps,3,1048576,200000.0,0.4,0.0,1.0,89,2,336,2858083,619430,1,3,590708
ps,3,1048576,200000.0,0.4,0.0,1.0,89,2,337,2855708,619430,1,3,603416
ps,3,1048576,200000.0,0.4,0.0,1.0,89,2,338,2898834,619430,1,3,628292
ps,3,1048576,200000.0,0.4,0.0,1.0,89,2,339,2886875,619430,1,3,641334
ps,3,1048576,200000.0,0.4,0.0,1.0,89,2,340,2924833,619430,1,3,645416
ps,3,1048576,200000.0,0.4,0.0,1.0,89,2,341,2856375,619430,1,3,641917
ps,3,1048576,200000.0,0.4,0.0,1.0,89,2,342,2819042,619430,1,3,626792
ps,3,1048576,200000.0,0.4,0.0,1.0,89,2,343,2828584,619430,1,3,637501
ps,3,1048576,200000.0,0.4,0.0,1.0,89,2,344,2874084,619430,1,3,602459
ps,3,1048576,200000.0,0.4,0.0,1.0,89,2,345,2915542,619430,1,3,622417
ps,3,1048576,200000.0,0.4,0.0,1.0,89,2,346,2832500,619430,1,3,617750
ps,3,1048576,200000.0,0.4,0.0,1.0,89,2,347,2781042,619430,1,3,596375
ps,3,1048576,200000.0,0.4,0.0,1.0,89,2,348,2840000,619430,1,3,611833
ps,3,1048576,200000.0,0.4,0.0,1.0,89,2,349,2817292,619430,1,3,600125
ps,3,1048576,200000.0,0.4,0.0,1.0,89,2,350,2845542,619430,1,3,624917
ps,3,1048576,200000.0,0.4,0.0,1.0,89,2,351,2807000,619430,1,3,596375
ps,3,1048576,200000.0,0.4,0.0,1.0,89,2,352,2782125,619430,1,3,589000
ps,3,1048576,200000.0,0.4,0.0,1.0,89,2,353,2884458,619430,1,3,633292
ps,3,1048576,200000.0,0.4,0.0,1.0,89,2,354,2857000,619430,1,3,623209
ps,3,1048576,200000.0,0.4,0.0,1.0,89,2,355,2901916,619430,1,3,669333
ps,3,1048576,200000.0,0.4,0.0,1.0,89,2,356,2848375,619430,1,3,604334
ps,3,1048576,200000.0,0.4,0.0,1.0,89,2,357,2794292,619430,1,3,625042
ps,3,1048576,200000.0,0.4,0.0,1.0,89,2,358,2815458,619430,1,3,574917
ps,3,1048576,200000.0,0.4,0.0,1.0,89,2,359,2854875,619430,1,3,612667
ps,3,1048576,200000.0,0.4,0.0,1.0,89,2,360,2838167,619430,1,3,655084
ps,3,1048576,200000.0,0.4,0.0,1.0,89,2,361,2834875,619430,1,3,611125
ps,3,1048576,200000.0,0.4,0.0,1.0,89,2,362,2846208,619430,1,3,620708
ps,3,1048576,200000.0,0.4,0.0,1.0,89,2,363,2808500,619430,1,3,617959
ps,3,1048576,200000.0,0.4,0.0,1.0,89,2,364,2810625,619430,1,3,629875
ps,3,1048576,200000.0,0.4,0.0,1.0,89,2,365,2852375,619430,1,3,629334
ps,3,1048576,200000.0,0.4,0.0,1.0,89,2,366,2783667,619430,1,3,624501
ps,3,1048576,200000.0,0.4,0.0,1.0,89,2,367,2828667,619430,1,3,617333
ps,3,1048576,200000.0,0.4,0.0,1.0,89,2,368,2834167,619430,1,3,585334
ps,3,1048576,200000.0,0.4,0.0,1.0,89,2,369,2802917,619430,1,3,606833
ps,3,1048576,200000.0,0.4,0.0,1.0,89,2,370,2787958,619430,1,3,588041
ps,3,1048576,200000.0,0.4,0.0,1.0,89,2,371,2870792,619430,1,3,583292
ps,3,1048576,200000.0,0.4,0.0,1.0,89,2,372,2756458,619430,1,3,583249
ps,3,1048576,200000.0,0.4,0.0,1.0,89,2,373,2838458,619430,1,3,638000
ps,3,1048576,200000.0,0.4,0.0,1.0,89,2,374,2827708,619430,1,3,641249
ps,3,1048576,200000.0,0.4,0.0,1.0,89,2,375,2822125,619430,1,3,650625
ps,3,1048576,200000.0,0.4,0.0,1.0,89,2,376,2802709,619430,1,3,611584
ps,3,1048576,200000.0,0.4,0.0,1.0,89,2,377,2819750,619430,1,3,613917
ps,3,1048576,200000.0,0.4,0.0,1.0,89,2,378,2852042,619430,1,3,621500
ps,3,1048576,200000.0,0.4,0.0,1.0,89,2,379,2817166,619430,1,3,635791
ps,3,1048576,200000.0,0.4,0.0,1.0,89,2,380,2787125,619430,1,3,635584
ps,3,1048576,200000.0,0.4,0.0,1.0,89,2,381,2827417,619430,1,3,651959
ps,3,1048576,200000.0,0.4,0.0,1.0,89,2,382,2827916,619430,1,3,624791
ps,3,1048576,200000.0,0.4,0.0,1.0,89,2,383,2779250,619430,1,3,609542
ps,3,1048576,200000.0,0.4,0.0,1.0,89,2,384,2807959,619430,1,3,579667
ps,3,1048576,200000.0,0.4,0.0,1.0,89,2,385,2810083,619430,1,3,593916
ps,3,1048576,200000.0,0.4,0.0,1.0,89,2,386,2834041,619430,1,3,640166
ps,3,1048576,200000.0,0.4,0.0,1.0,89,2,387,2791500,619430,1,3,634209
ps,3,1048576,200000.0,0.4,0.0,1.0,89,2,388,2792333,619430,1,3,619208
ps,3,1048576,200000.0,0.4,0.0,1.0,89,2,389,2805875,619430,1,3,641084
ps,3,1048576,200000.0,0.4,0.0,1.0,89,2,390,2823541,619430,1,3,645291
ps,3,1048576,200000.0,0.4,0.0,1.0,89,2,391,2860667,619430,1,3,623667
ps,3,1048576,200000.0,0.4,0.0,1.0,89,2,392,2883459,619430,1,3,648209
ps,3,1048576,200000.0,0.4,0.0,1.0,89,2,393,2870750,619430,1,3,600042
ps,3,1048576,200000.0,0.4,0.0,1.0,89,2,394,2875083,619430,1,3,613208
ps,3,1048576,200000.0,0.4,0.0,1.0,89,2,395,2810208,619430,1,3,593333
ps,3,1048576,200000.0,0.4,0.0,1.0,89,2,396,2863541,619430,1,3,648874
ps,3,1048576,200000.0,0.4,0.0,1.0,89,2,397,2830167,619430,1,3,623334
ps,3,1048576,200000.0,0.4,0.0,1.0,89,2,398,2810625,619430,1,3,639292
ps,3,1048576,200000.0,0.4,0.0,1.0,89,2,399,2820084,619430,1,3,652834
ps,3,1048576,200000.0,0.4,0.0,1.0,89,3,0,2920167,619430,1,3,596917
ps,3,1048576,200000.0,0.4,0.0,1.0,89,3,1,2841708,619430,1,3,591958
ps,3,1048576,200000.0,0.4,0.0,1.0,89,3,2,2845667,619430,1,3,626417
ps,3,1048576,200000.0,0.4,0.0,1.0,89,3,3,2845417,619430,1,3,617126
ps,3,1048576,200000.0,0.4,0.0,1.0,89,3,4,2809417,619430,1,3,632501
ps,3,1048576,200000.0,0.4,0.0,1.0,89,3,5,2844708,619430,1,3,607083
ps,3,1048576,200000.0,0.4,0.0,1.0,89,3,6,2880667,619430,1,3,628709
ps,3,1048576,200000.0,0.4,0.0,1.0,89,3,7,2842292,619430,1,3,586750
ps,3,1048576,200000.0,0.4,0.0,1.0,89,3,8,2810250,619430,1,3,612208
ps,3,1048576,200000.0,0.4,0.0,1.0,89,3,9,2814583,619430,1,3,623583
ps,3,1048576,200000.0,0.4,0.0,1.0,89,3,10,2883458,619430,1,3,653958
ps,3,1048576,200000.0,0.4,0.0,1.0,89,3,11,2867833,619430,1,3,637083
ps,3,1048576,200000.0,0.4,0.0,1.0,89,3,12,2824625,619430,1,3,617583
ps,3,1048576,200000.0,0.4,0.0,1.0,89,3,13,2858333,619430,1,3,622333
ps,3,1048576,200000.0,0.4,0.0,1.0,89,3,14,2829125,619430,1,3,627375
ps,3,1048576,200000.0,0.4,0.0,1.0,89,3,15,2859333,619430,1,3,636833
ps,3,1048576,200000.0,0.4,0.0,1.0,89,3,16,2827625,619430,1,3,630584
ps,3,1048576,200000.0,0.4,0.0,1.0,89,3,17,2806292,619430,1,3,592708
ps,3,1048576,200000.0,0.4,0.0,1.0,89,3,18,2838125,619430,1,3,618250
ps,3,1048576,200000.0,0.4,0.0,1.0,89,3,19,2818834,619430,1,3,627126
ps,3,1048576,200000.0,0.4,0.0,1.0,89,3,20,2860833,619430,1,3,624250
ps,3,1048576,200000.0,0.4,0.0,1.0,89,3,21,2846833,619430,1,3,620250
ps,3,1048576,200000.0,0.4,0.0,1.0,89,3,22,2893333,619430,1,3,678500
ps,3,1048576,200000.0,0.4,0.0,1.0,89,3,23,2869500,619430,1,3,664292
ps,3,1048576,200000.0,0.4,0.0,1.0,89,3,24,2835375,619430,1,3,603500
ps,3,1048576,200000.0,0.4,0.0,1.0,89,3,25,2802625,619430,1,3,590583
ps,3,1048576,200000.0,0.4,0.0,1.0,89,3,26,2798541,619430,1,3,599416
ps,3,1048576,200000.0,0.4,0.0,1.0,89,3,27,2858125,619430,1,3,622541
ps,3,1048576,200000.0,0.4,0.0,1.0,89,3,28,2883750,619430,1,3,630500
ps,3,1048576,200000.0,0.4,0.0,1.0,89,3,29,2790334,619430,1,3,638793
ps,3,1048576,200000.0,0.4,0.0,1.0,89,3,30,2883000,619430,1,3,669750
ps,3,1048576,200000.0,0.4,0.0,1.0,89,3,31,2861625,619430,1,3,650250
ps,3,1048576,200000.0,0.4,0.0,1.0,89,3,32,2848000,619430,1,3,613500
ps,3,1048576,200000.0,0.4,0.0,1.0,89,3,33,2825125,619430,1,3,632500
ps,3,1048576,200000.0,0.4,0.0,1.0,89,3,34,2851125,619430,1,3,642417
ps,3,1048576,200000.0,0.4,0.0,1.0,89,3,35,2807167,619430,1,3,610501
ps,3,1048576,200000.0,0.4,0.0,1.0,89,3,36,2816541,619430,1,3,629999
ps,3,1048576,200000.0,0.4,0.0,1.0,89,3,37,2862958,619430,1,3,663583
ps,3,1048576,200000.0,0.4,0.0,1.0,89,3,38,2915708,619430,1,3,607125
ps,3,1048576,200000.0,0.4,0.0,1.0,89,3,39,2829792,619430,1,3,631667
ps,3,1048576,200000.0,0.4,0.0,1.0,89,3,40,2831916,619430,1,3,621041
ps,3,1048576,200000.0,0.4,0.0,1.0,89,3,41,2809042,619430,1,3,601625
ps,3,1048576,200000.0,0.4,0.0,1.0,89,3,42,2831000,619430,1,3,641042
ps,3,1048576,200000.0,0.4,0.0,1.0,89,3,43,2827958,619430,1,3,597416
ps,3,1048576,200000.0,0.4,0.0,1.0,89,3,44,2824958,619430,1,3,616875
ps,3,1048576,200000.0,0.4,0.0,1.0,89,3,45,2805042,619430,1,3,606834
ps,3,1048576,200000.0,0.4,0.0,1.0,89,3,46,2827792,619430,1,3,649667
ps,3,1048576,200000.0,0.4,0.0,1.0,89,3,47,2850959,619430,1,3,652917
ps,3,1048576,200000.0,0.4,0.0,1.0,89,3,48,2841792,619430,1,3,611167
ps,3,1048576,200000.0,0.4,0.0,1.0,89,3,49,2802917,619430,1,3,603083
ps,3,1048576,200000.0,0.4,0.0,1.0,89,3,50,2820583,619430,1,3,628708
ps,3,1048576,200000.0,0.4,0.0,1.0,89,3,51,2820042,619430,1,3,642917
ps,3,1048576,200000.0,0.4,0.0,1.0,89,3,52,2797125,619430,1,3,626292
ps,3,1048576,200000.0,0.4,0.0,1.0,89,3,53,2785542,619430,1,3,615000
ps,3,1048576,200000.0,0.4,0.0,1.0,89,3,54,2859500,619430,1,3,646875
ps,3,1048576,200000.0,0.4,0.0,1.0,89,3,55,2824083,619430,1,3,609875
ps,3,1048576,200000.0,0.4,0.0,1.0,89,3,56,2811291,619430,1,3,623374
ps,3,1048576,200000.0,0.4,0.0,1.0,89,3,57,2790458,619430,1,3,633958
ps,3,1048576,200000.0,0.4,0.0,1.0,89,3,58,2845292,619430,1,3,613959
ps,3,1048576,200000.0,0.4,0.0,1.0,89,3,59,2799667,619430,1,3,621500
ps,3,1048576,200000.0,0.4,0.0,1.0,89,3,60,2768084,619430,1,3,625501
ps,3,1048576,200000.0,0.4,0.0,1.0,89,3,61,2797417,619430,1,3,585458
ps,3,1048576,200000.0,0.4,0.0,1.0,89,3,62,2825708,619430,1,3,630042
ps,3,1048576,200000.0,0.4,0.0,1.0,89,3,63,2833375,619430,1,3,637875
ps,3,1048576,200000.0,0.4,0.0,1.0,89,3,64,2830709,619430,1,3,634293
ps,3,1048576,200000.0,0.4,0.0,1.0,89,3,65,2832250,619430,1,3,637958
ps,3,1048576,200000.0,0.4,0.0,1.0,89,3,66,2847625,619430,1,3,630250
ps,3,1048576,200000.0,0.4,0.0,1.0,89,3,67,2837167,619430,1,3,622875
ps,3,1048576,200000.0,0.4,0.0,1.0,89,3,68,2845792,619430,1,3,634792
ps,3,1048576,200000.0,0.4,0.0,1.0,89,3,69,2864667,619430,1,3,644667
ps,3,1048576,200000.0,0.4,0.0,1.0,89,3,70,2914625,619430,1,3,626417
ps,3,1048576,200000.0,0.4,0.0,1.0,89,3,71,2800833,619430,1,3,603000
ps,3,1048576,200000.0,0.4,0.0,1.0,89,3,72,2861875,619430,1,3,633875
ps,3,1048576,200000.0,0.4,0.0,1.0,89,3,73,2807667,619430,1,3,628834
ps,3,1048576,200000.0,0.4,0.0,1.0,89,3,74,2827208,619430,1,3,623916
ps,3,1048576,200000.0,0.4,0.0,1.0,89,3,75,2846625,619430,1,3,634750
ps,3,1048576,200000.0,0.4,0.0,1.0,89,3,76,2853625,619430,1,3,651083
ps,3,1048576,200000.0,0.4,0.0,1.0,89,3,77,2784792,619430,1,3,597583
ps,3,1048576,200000.0,0.4,0.0,1.0,89,3,78,2787625,619430,1,3,621250
ps,3,1048576,200000.0,0.4,0.0,1.0,89,3,79,2828084,619430,1,3,624709
ps,3,1048576,200000.0,0.4,0.0,1.0,89,3,80,2897042,619430,1,3,660333
ps,3,1048576,200000.0,0.4,0.0,1.0,89,3,81,2767458,619430,1,3,591083
ps,3,1048576,200000.0,0.4,0.0,1.0,89,3,82,2835250,619430,1,3,613750
ps,3,1048576,200000.0,0.4,0.0,1.0,89,3,83,2848459,619430,1,3,595084
ps,3,1048576,200000.0,0.4,0.0,1.0,89,3,84,2797958,619430,1,3,607708
ps,3,1048576,200000.0,0.4,0.0,1.0,89,3,85,2836958,619430,1,3,638208
ps,3,1048576,200000.0,0.4,0.0,1.0,89,3,86,2872167,619430,1,3,630501
ps,3,1048576,200000.0,0.4,0.0,1.0,89,3,87,2809500,619430,1,3,637084
ps,3,1048576,200000.0,0.4,0.0,1.0,89,3,88,2827541,619430,1,3,609000
ps,3,1048576,200000.0,0.4,0.0,1.0,89,3,89,2870833,619430,1,3,603792
ps,3,1048576,200000.0,0.4,0.0,1.0,89,3,90,2878500,619430,1,3,632917
ps,3,1048576,200000.0,0.4,0.0,1.0,89,3,91,2783750,619430,1,3,592709
ps,3,1048576,200000.0,0.4,0.0,1.0,89,3,92,2816833,619430,1,3,609542
ps,3,1048576,200000.0,0.4,0.0,1.0,89,3,93,2842292,619430,1,3,623417
ps,3,1048576,200000.0,0.4,0.0,1.0,89,3,94,2837417,619430,1,3,640792
ps,3,1048576,200000.0,0.4,0.0,1.0,89,3,95,2793875,619430,1,3,637500
ps,3,1048576,200000.0,0.4,0.0,1.0,89,3,96,2814083,619430,1,3,630083
ps,3,1048576,200000.0,0.4,0.0,1.0,89,3,97,2818208,619430,1,3,638125
ps,3,1048576,200000.0,0.4,0.0,1.0,89,3,98,2818750,619430,1,3,617625
ps,3,1048576,200000.0,0.4,0.0,1.0,89,3,99,2852625,619430,1,3,662166
ps,3,1048576,200000.0,0.4,0.0,1.0,89,3,100,2830500,619430,1,3,626583
ps,3,1048576,200000.0,0.4,0.0,1.0,89,3,101,2813584,619430,1,3,626542
ps,3,1048576,200000.0,0.4,0.0,1.0,89,3,102,2862250,619430,1,3,644208
ps,3,1048576,200000.0,0.4,0.0,1.0,89,3,103,2873083,619430,1,3,590666
ps,3,1048576,200000.0,0.4,0.0,1.0,89,3,104,2898875,619430,1,3,628375
ps,3,1048576,200000.0,0.4,0.0,1.0,89,3,105,2850834,619430,1,3,608876
ps,3,1048576,200000.0,0.4,0.0,1.0,89,3,106,2792625,619430,1,3,616167
ps,3,1048576,200000.0,0.4,0.0,1.0,89,3,107,2789375,619430,1,3,626209
ps,3,1048576,200000.0,0.4,0.0,1.0,89,3,108,2788666,619430,1,3,645374
ps,3,1048576,200000.0,0.4,0.0,1.0,89,3,109,2750917,619430,1,3,566584
ps,3,1048576,200000.0,0.4,0.0,1.0,89,3,110,2766792,619430,1,3,616834
ps,3,1048576,200000.0,0.4,0.0,1.0,89,3,111,2795709,619430,1,3,610334
ps,3,1048576,200000.0,0.4,0.0,1.0,89,3,112,2813334,619430,1,3,653417
ps,3,1048576,200000.0,0.4,0.0,1.0,89,3,113,2787417,619430,1,3,625209
ps,3,1048576,200000.0,0.4,0.0,1.0,89,3,114,2795000,619430,1,3,640125
ps,3,1048576,200000.0,0.4,0.0,1.0,89,3,115,2781000,619430,1,3,637416
ps,3,1048576,200000.0,0.4,0.0,1.0,89,3,116,2755459,619430,1,3,623168
ps,3,1048576,200000.0,0.4,0.0,1.0,89,3,117,2757250,619430,1,3,652334
ps,3,1048576,200000.0,0.4,0.0,1.0,89,3,118,2788917,619430,1,3,583501
ps,3,1048576,200000.0,0.4,0.0,1.0,89,3,119,2796083,619430,1,3,637541
ps,3,1048576,200000.0,0.4,0.0,1.0,89,3,120,2796875,619430,1,3,615209
ps,3,1048576,200000.0,0.4,0.0,1.0,89,3,121,2824334,619430,1,3,643000
ps,3,1048576,200000.0,0.4,0.0,1.0,89,3,122,2729459,619430,1,3,598959
ps,3,1048576,200000.0,0.4,0.0,1.0,89,3,123,2815333,619430,1,3,635167
ps,3,1048576,200000.0,0.4,0.0,1.0,89,3,124,2808292,619430,1,3,619167
ps,3,1048576,200000.0,0.4,0.0,1.0,89,3,125,2874083,619430,1,3,590000
ps,3,1048576,200000.0,0.4,0.0,1.0,89,3,126,2782541,619430,1,3,663499
ps,3,1048576,200000.0,0.4,0.0,1.0,89,3,127,2766750,619430,1,3,624709
ps,3,1048576,200000.0,0.4,0.0,1.0,89,3,128,2883667,619430,1,3,599792
ps,3,1048576,200000.0,0.4,0.0,1.0,89,3,129,2845916,619430,1,3,611125
ps,3,1048576,200000.0,0.4,0.0,1.0,89,3,130,2898375,619430,1,3,633792
ps,3,1048576,200000.0,0.4,0.0,1.0,89,3,131,2803958,619430,1,3,638416
ps,3,1048576,200000.0,0.4,0.0,1.0,89,3,132,2906792,619430,1,3,691458
ps,3,1048576,200000.0,0.4,0.0,1.0,89,3,133,3690833,1238860,2,3,565208
ps,3,1048576,200000.0,0.4,0.0,1.0,89,3,134,3204458,619430,1,3,702708
ps,3,1048576,200000.0,0.4,0.0,1.0,89,3,135,3610125,619430,1,3,953125
ps,3,1048576,200000.0,0.4,0.0,1.0,89,3,136,3494292,619430,1,3,762042
ps,3,1048576,200000.0,0.4,0.0,1.0,89,3,137,3037000,619430,1,3,408125
ps,3,1048576,200000.0,0.4,0.0,1.0,89,3,138,2969833,619430,1,3,609750
ps,3,1048576,200000.0,0.4,0.0,1.0,89,3,139,2921292,619430,1,3,632084
ps,3,1048576,200000.0,0.4,0.0,1.0,89,3,140,3066500,619430,1,3,591417
ps,3,1048576,200000.0,0.4,0.0,1.0,89,3,141,3304584,619430,1,3,677167
ps,3,1048576,200000.0,0.4,0.0,1.0,89,3,142,3150125,619430,1,3,654000
ps,3,1048576,200000.0,0.4,0.0,1.0,89,3,143,3106292,619430,1,3,581875
ps,3,1048576,200000.0,0.4,0.0,1.0,89,3,144,3210959,619430,1,3,638917
ps,3,1048576,200000.0,0.4,0.0,1.0,89,3,145,3053875,619430,1,3,640042
ps,3,1048576,200000.0,0.4,0.0,1.0,89,3,146,2832000,619430,1,3,616416
ps,3,1048576,200000.0,0.4,0.0,1.0,89,3,147,2813584,619430,1,3,611042
ps,3,1048576,200000.0,0.4,0.0,1.0,89,3,148,2844875,619430,1,3,601583
ps,3,1048576,200000.0,0.4,0.0,1.0,89,3,149,2811208,619430,1,3,598542
ps,3,1048576,200000.0,0.4,0.0,1.0,89,3,150,2829625,619430,1,3,562708
ps,3,1048576,200000.0,0.4,0.0,1.0,89,3,151,2770292,619430,1,3,613042
ps,3,1048576,200000.0,0.4,0.0,1.0,89,3,152,2842250,619430,1,3,631042
ps,3,1048576,200000.0,0.4,0.0,1.0,89,3,153,2815250,619430,1,3,605459
ps,3,1048576,200000.0,0.4,0.0,1.0,89,3,154,2802375,619430,1,3,643709
ps,3,1048576,200000.0,0.4,0.0,1.0,89,3,155,2831375,619430,1,3,597042
ps,3,1048576,200000.0,0.4,0.0,1.0,89,3,156,2783542,619430,1,3,584417
ps,3,1048576,200000.0,0.4,0.0,1.0,89,3,157,2776000,619430,1,3,604583
ps,3,1048576,200000.0,0.4,0.0,1.0,89,3,158,2786125,619430,1,3,618417
ps,3,1048576,200000.0,0.4,0.0,1.0,89,3,159,2747875,619430,1,3,598875
ps,3,1048576,200000.0,0.4,0.0,1.0,89,3,160,2785833,619430,1,3,604291
ps,3,1048576,200000.0,0.4,0.0,1.0,89,3,161,2828459,619430,1,3,647793
ps,3,1048576,200000.0,0.4,0.0,1.0,89,3,162,2794166,619430,1,3,638999
ps,3,1048576,200000.0,0.4,0.0,1.0,89,3,163,2805167,619430,1,3,652459
ps,3,1048576,200000.0,0.4,0.0,1.0,89,3,164,2833000,619430,1,3,630542
ps,3,1048576,200000.0,0.4,0.0,1.0,89,3,165,3325542,619430,1,3,497626
ps,3,1048576,200000.0,0.4,0.0,1.0,89,3,166,3002500,619430,1,3,570417
ps,3,1048576,200000.0,0.4,0.0,1.0,89,3,167,2829291,619430,1,3,606333
ps,3,1048576,200000.0,0.4,0.0,1.0,89,3,168,2759500,619430,1,3,583250
ps,3,1048576,200000.0,0.4,0.0,1.0,89,3,169,2760667,619430,1,3,631042
ps,3,1048576,200000.0,0.4,0.0,1.0,89,3,170,2771041,619430,1,3,614583
ps,3,1048576,200000.0,0.4,0.0,1.0,89,3,171,2732667,619430,1,3,583751
ps,3,1048576,200000.0,0.4,0.0,1.0,89,3,172,2804959,619430,1,3,628876
ps,3,1048576,200000.0,0.4,0.0,1.0,89,3,173,2750125,619430,1,3,622292
ps,3,1048576,200000.0,0.4,0.0,1.0,89,3,174,2807958,619430,1,3,609333
ps,3,1048576,200000.0,0.4,0.0,1.0,89,3,175,2726041,619430,1,3,631041
ps,3,1048576,200000.0,0.4,0.0,1.0,89,3,176,2808208,619430,1,3,612625
ps,3,1048576,200000.0,0.4,0.0,1.0,89,3,177,2838000,619430,1,3,632458
ps,3,1048576,200000.0,0.4,0.0,1.0,89,3,178,2776959,619430,1,3,597417
ps,3,1048576,200000.0,0.4,0.0,1.0,89,3,179,2750542,619430,1,3,600500
ps,3,1048576,200000.0,0.4,0.0,1.0,89,3,180,2795292,619430,1,3,634876
ps,3,1048576,200000.0,0.4,0.0,1.0,89,3,181,2779292,619430,1,3,650417
ps,3,1048576,200000.0,0.4,0.0,1.0,89,3,182,2887958,619430,1,3,672167
ps,3,1048576,200000.0,0.4,0.0,1.0,89,3,183,2851291,619430,1,3,644999
ps,3,1048576,200000.0,0.4,0.0,1.0,89,3,184,2800708,619430,1,3,538417
ps,3,1048576,200000.0,0.4,0.0,1.0,89,3,185,2821166,619430,1,3,629791
ps,3,1048576,200000.0,0.4,0.0,1.0,89,3,186,2783625,619430,1,3,612416
ps,3,1048576,200000.0,0.4,0.0,1.0,89,3,187,2797792,619430,1,3,650750
ps,3,1048576,200000.0,0.4,0.0,1.0,89,3,188,2750708,619430,1,3,603666
ps,3,1048576,200000.0,0.4,0.0,1.0,89,3,189,2706542,619430,1,3,651000
ps,3,1048576,200000.0,0.4,0.0,1.0,89,3,190,2753208,619430,1,3,621208
ps,3,1048576,200000.0,0.4,0.0,1.0,89,3,191,2749250,619430,1,3,621792
ps,3,1048576,200000.0,0.4,0.0,1.0,89,3,192,2764208,619430,1,3,625166
ps,3,1048576,200000.0,0.4,0.0,1.0,89,3,193,2744500,619430,1,3,614625
ps,3,1048576,200000.0,0.4,0.0,1.0,89,3,194,2719250,619430,1,3,619042
ps,3,1048576,200000.0,0.4,0.0,1.0,89,3,195,2744750,619430,1,3,617042
ps,3,1048576,200000.0,0.4,0.0,1.0,89,3,196,2773250,619430,1,3,611917
ps,3,1048576,200000.0,0.4,0.0,1.0,89,3,197,2756417,619430,1,3,618000
ps,3,1048576,200000.0,0.4,0.0,1.0,89,3,198,2782916,619430,1,3,621374
ps,3,1048576,200000.0,0.4,0.0,1.0,89,3,199,2772625,619430,1,3,613792
ps,3,1048576,200000.0,0.4,0.0,1.0,89,3,200,2791125,619430,1,3,629833
ps,3,1048576,200000.0,0.4,0.0,1.0,89,3,201,2764458,619430,1,3,607749
ps,3,1048576,200000.0,0.4,0.0,1.0,89,3,202,2768500,619430,1,3,613583
ps,3,1048576,200000.0,0.4,0.0,1.0,89,3,203,2714250,619430,1,3,630958
ps,3,1048576,200000.0,0.4,0.0,1.0,89,3,204,2713875,619430,1,3,583083
ps,3,1048576,200000.0,0.4,0.0,1.0,89,3,205,2725125,619430,1,3,625209
ps,3,1048576,200000.0,0.4,0.0,1.0,89,3,206,2755875,619430,1,3,601500
ps,3,1048576,200000.0,0.4,0.0,1.0,89,3,207,2759500,619430,1,3,641625
ps,3,1048576,200000.0,0.4,0.0,1.0,89,3,208,2772500,619430,1,3,629042
ps,3,1048576,200000.0,0.4,0.0,1.0,89,3,209,2807292,619430,1,3,617792
ps,3,1048576,200000.0,0.4,0.0,1.0,89,3,210,2791042,619430,1,3,630417
ps,3,1048576,200000.0,0.4,0.0,1.0,89,3,211,2764334,619430,1,3,625459
ps,3,1048576,200000.0,0.4,0.0,1.0,89,3,212,2747667,619430,1,3,592250
ps,3,1048576,200000.0,0.4,0.0,1.0,89,3,213,2786625,619430,1,3,639125
ps,3,1048576,200000.0,0.4,0.0,1.0,89,3,214,2755375,619430,1,3,609958
ps,3,1048576,200000.0,0.4,0.0,1.0,89,3,215,2740292,619430,1,3,557167
ps,3,1048576,200000.0,0.4,0.0,1.0,89,3,216,2766625,619430,1,3,631250
ps,3,1048576,200000.0,0.4,0.0,1.0,89,3,217,2730334,619430,1,3,633418
ps,3,1048576,200000.0,0.4,0.0,1.0,89,3,218,2734250,619430,1,3,625667
ps,3,1048576,200000.0,0.4,0.0,1.0,89,3,219,2748667,619430,1,3,601459
ps,3,1048576,200000.0,0.4,0.0,1.0,89,3,220,2740292,619430,1,3,599667
ps,3,1048576,200000.0,0.4,0.0,1.0,89,3,221,2734875,619430,1,3,643250
ps,3,1048576,200000.0,0.4,0.0,1.0,89,3,222,2699458,619430,1,3,596624
ps,3,1048576,200000.0,0.4,0.0,1.0,89,3,223,2765125,619430,1,3,627292
ps,3,1048576,200000.0,0.4,0.0,1.0,89,3,224,2733583,619430,1,3,627624
ps,3,1048576,200000.0,0.4,0.0,1.0,89,3,225,2727500,619430,1,3,628792
ps,3,1048576,200000.0,0.4,0.0,1.0,89,3,226,2739167,619430,1,3,582250
ps,3,1048576,200000.0,0.4,0.0,1.0,89,3,227,2761750,619430,1,3,639416
ps,3,1048576,200000.0,0.4,0.0,1.0,89,3,228,2756667,619430,1,3,608625
ps,3,1048576,200000.0,0.4,0.0,1.0,89,3,229,2714000,619430,1,3,624000
ps,3,1048576,200000.0,0.4,0.0,1.0,89,3,230,2770209,619430,1,3,617626
ps,3,1048576,200000.0,0.4,0.0,1.0,89,3,231,2756791,619430,1,3,617624
ps,3,1048576,200000.0,0.4,0.0,1.0,89,3,232,2727833,619430,1,3,627208
ps,3,1048576,200000.0,0.4,0.0,1.0,89,3,233,2738750,619430,1,3,621167
ps,3,1048576,200000.0,0.4,0.0,1.0,89,3,234,2738417,619430,1,3,632709
ps,3,1048576,200000.0,0.4,0.0,1.0,89,3,235,2733209,619430,1,3,615334
ps,3,1048576,200000.0,0.4,0.0,1.0,89,3,236,2694417,619430,1,3,613625
ps,3,1048576,200000.0,0.4,0.0,1.0,89,3,237,2751250,619430,1,3,619750
ps,3,1048576,200000.0,0.4,0.0,1.0,89,3,238,2740125,619430,1,3,631417
ps,3,1048576,200000.0,0.4,0.0,1.0,89,3,239,2714875,619430,1,3,624625
ps,3,1048576,200000.0,0.4,0.0,1.0,89,3,240,2779542,619430,1,3,632542
ps,3,1048576,200000.0,0.4,0.0,1.0,89,3,241,2785833,619430,1,3,638875
ps,3,1048576,200000.0,0.4,0.0,1.0,89,3,242,2753625,619430,1,3,618791
ps,3,1048576,200000.0,0.4,0.0,1.0,89,3,243,2766125,619430,1,3,635542
ps,3,1048576,200000.0,0.4,0.0,1.0,89,3,244,2746042,619430,1,3,625083
ps,3,1048576,200000.0,0.4,0.0,1.0,89,3,245,2751542,619430,1,3,583834
ps,3,1048576,200000.0,0.4,0.0,1.0,89,3,246,2766416,619430,1,3,614208
ps,3,1048576,200000.0,0.4,0.0,1.0,89,3,247,2771000,619430,1,3,612667
ps,3,1048576,200000.0,0.4,0.0,1.0,89,3,248,2758833,619430,1,3,636458
ps,3,1048576,200000.0,0.4,0.0,1.0,89,3,249,2725792,619430,1,3,606792
ps,3,1048576,200000.0,0.4,0.0,1.0,89,3,250,2791584,619430,1,3,622001
ps,3,1048576,200000.0,0.4,0.0,1.0,89,3,251,2751833,619430,1,3,596833
ps,3,1048576,200000.0,0.4,0.0,1.0,89,3,252,2762042,619430,1,3,592376
ps,3,1048576,200000.0,0.4,0.0,1.0,89,3,253,2738833,619430,1,3,628208
ps,3,1048576,200000.0,0.4,0.0,1.0,89,3,254,2709042,619430,1,3,587126
ps,3,1048576,200000.0,0.4,0.0,1.0,89,3,255,2780250,619430,1,3,660917
ps,3,1048576,200000.0,0.4,0.0,1.0,89,3,256,2728541,619430,1,3,633916
ps,3,1048576,200000.0,0.4,0.0,1.0,89,3,257,2764459,619430,1,3,657667
ps,3,1048576,200000.0,0.4,0.0,1.0,89,3,258,2748708,619430,1,3,627666
ps,3,1048576,200000.0,0.4,0.0,1.0,89,3,259,2772375,619430,1,3,637625
ps,3,1048576,200000.0,0.4,0.0,1.0,89,3,260,2743333,619430,1,3,624792
ps,3,1048576,200000.0,0.4,0.0,1.0,89,3,261,2756833,619430,1,3,616208
ps,3,1048576,200000.0,0.4,0.0,1.0,89,3,262,2746542,619430,1,3,635584
ps,3,1048576,200000.0,0.4,0.0,1.0,89,3,263,2763875,619430,1,3,648458
ps,3,1048576,200000.0,0.4,0.0,1.0,89,3,264,2753708,619430,1,3,621499
ps,3,1048576,200000.0,0.4,0.0,1.0,89,3,265,2708250,619430,1,3,611500
ps,3,1048576,200000.0,0.4,0.0,1.0,89,3,266,2712250,619430,1,3,630042
ps,3,1048576,200000.0,0.4,0.0,1.0,89,3,267,2716833,619430,1,3,604041
ps,3,1048576,200000.0,0.4,0.0,1.0,89,3,268,2753000,619430,1,3,619834
ps,3,1048576,200000.0,0.4,0.0,1.0,89,3,269,2749416,619430,1,3,646541
ps,3,1048576,200000.0,0.4,0.0,1.0,89,3,270,2768167,619430,1,3,631959
ps,3,1048576,200000.0,0.4,0.0,1.0,89,3,271,2711834,619430,1,3,587417
ps,3,1048576,200000.0,0.4,0.0,1.0,89,3,272,2737917,619430,1,3,631917
ps,3,1048576,200000.0,0.4,0.0,1.0,89,3,273,2743541,619430,1,3,617291
ps,3,1048576,200000.0,0.4,0.0,1.0,89,3,274,2735042,619430,1,3,633751
ps,3,1048576,200000.0,0.4,0.0,1.0,89,3,275,2743750,619430,1,3,622542
ps,3,1048576,200000.0,0.4,0.0,1.0,89,3,276,2714209,619430,1,3,626709
ps,3,1048576,200000.0,0.4,0.0,1.0,89,3,277,2735625,619430,1,3,608000
ps,3,1048576,200000.0,0.4,0.0,1.0,89,3,278,2777625,619430,1,3,651917
ps,3,1048576,200000.0,0.4,0.0,1.0,89,3,279,2743042,619430,1,3,616542
ps,3,1048576,200000.0,0.4,0.0,1.0,89,3,280,2716375,619430,1,3,629917
ps,3,1048576,200000.0,0.4,0.0,1.0,89,3,281,2748459,619430,1,3,566209
ps,3,1048576,200000.0,0.4,0.0,1.0,89,3,282,2771959,619430,1,3,633334
ps,3,1048576,200000.0,0.4,0.0,1.0,89,3,283,2760833,619430,1,3,619916
ps,3,1048576,200000.0,0.4,0.0,1.0,89,3,284,2763667,619430,1,3,627417
ps,3,1048576,200000.0,0.4,0.0,1.0,89,3,285,2794833,619430,1,3,616750
ps,3,1048576,200000.0,0.4,0.0,1.0,89,3,286,2753250,619430,1,3,621792
ps,3,1048576,200000.0,0.4,0.0,1.0,89,3,287,2731042,619430,1,3,609709
ps,3,1048576,200000.0,0.4,0.0,1.0,89,3,288,2737333,619430,1,3,630041
ps,3,1048576,200000.0,0.4,0.0,1.0,89,3,289,2770791,619430,1,3,632458
ps,3,1048576,200000.0,0.4,0.0,1.0,89,3,290,2768042,619430,1,3,657458
ps,3,1048576,200000.0,0.4,0.0,1.0,89,3,291,2760000,619430,1,3,651208
ps,3,1048576,200000.0,0.4,0.0,1.0,89,3,292,2736792,619430,1,3,629208
ps,3,1048576,200000.0,0.4,0.0,1.0,89,3,293,2743042,619430,1,3,621083
ps,3,1048576,200000.0,0.4,0.0,1.0,89,3,294,2749417,619430,1,3,634042
ps,3,1048576,200000.0,0.4,0.0,1.0,89,3,295,2732125,619430,1,3,611083
ps,3,1048576,200000.0,0.4,0.0,1.0,89,3,296,2788583,619430,1,3,628542
ps,3,1048576,200000.0,0.4,0.0,1.0,89,3,297,2735958,619430,1,3,623416
ps,3,1048576,200000.0,0.4,0.0,1.0,89,3,298,2818042,619430,1,3,613542
ps,3,1048576,200000.0,0.4,0.0,1.0,89,3,299,2735542,619430,1,3,634917
ps,3,1048576,200000.0,0.4,0.0,1.0,89,3,300,2752250,619430,1,3,602375
ps,3,1048576,200000.0,0.4,0.0,1.0,89,3,301,2738292,619430,1,3,612917
ps,3,1048576,200000.0,0.4,0.0,1.0,89,3,302,2800250,619430,1,3,630792
ps,3,1048576,200000.0,0.4,0.0,1.0,89,3,303,2783250,619430,1,3,631041
ps,3,1048576,200000.0,0.4,0.0,1.0,89,3,304,2759458,619430,1,3,652958
ps,3,1048576,200000.0,0.4,0.0,1.0,89,3,305,2784958,619430,1,3,626875
ps,3,1048576,200000.0,0.4,0.0,1.0,89,3,306,2731625,619430,1,3,613041
ps,3,1048576,200000.0,0.4,0.0,1.0,89,3,307,2725917,619430,1,3,602084
ps,3,1048576,200000.0,0.4,0.0,1.0,89,3,308,2729209,619430,1,3,622125
ps,3,1048576,200000.0,0.4,0.0,1.0,89,3,309,2751459,619430,1,3,630375
ps,3,1048576,200000.0,0.4,0.0,1.0,89,3,310,2755166,619430,1,3,635457
ps,3,1048576,200000.0,0.4,0.0,1.0,89,3,311,2758083,619430,1,3,646208
ps,3,1048576,200000.0,0.4,0.0,1.0,89,3,312,2734917,619430,1,3,611959
ps,3,1048576,200000.0,0.4,0.0,1.0,89,3,313,2766500,619430,1,3,618375
ps,3,1048576,200000.0,0.4,0.0,1.0,89,3,314,2764875,619430,1,3,626666
ps,3,1048576,200000.0,0.4,0.0,1.0,89,3,315,2741625,619430,1,3,631708
ps,3,1048576,200000.0,0.4,0.0,1.0,89,3,316,2724292,619430,1,3,615292
ps,3,1048576,200000.0,0.4,0.0,1.0,89,3,317,2757708,619430,1,3,620833
ps,3,1048576,200000.0,0.4,0.0,1.0,89,3,318,2710875,619430,1,3,588875
ps,3,1048576,200000.0,0.4,0.0,1.0,89,3,319,2794791,619430,1,3,633541
ps,3,1048576,200000.0,0.4,0.0,1.0,89,3,320,2786875,619430,1,3,635416
ps,3,1048576,200000.0,0.4,0.0,1.0,89,3,321,2751708,619430,1,3,634708
ps,3,1048576,200000.0,0.4,0.0,1.0,89,3,322,2716833,619430,1,3,618458
ps,3,1048576,200000.0,0.4,0.0,1.0,89,3,323,2727667,619430,1,3,634542
ps,3,1048576,200000.0,0.4,0.0,1.0,89,3,324,2699792,619430,1,3,599959
ps,3,1048576,200000.0,0.4,0.0,1.0,89,3,325,2735750,619430,1,3,615042
ps,3,1048576,200000.0,0.4,0.0,1.0,89,3,326,2761917,619430,1,3,627125
ps,3,1048576,200000.0,0.4,0.0,1.0,89,3,327,2729750,619430,1,3,620209
ps,3,1048576,200000.0,0.4,0.0,1.0,89,3,328,2740500,619430,1,3,621541
ps,3,1048576,200000.0,0.4,0.0,1.0,89,3,329,2734000,619430,1,3,624750
ps,3,1048576,200000.0,0.4,0.0,1.0,89,3,330,2801125,619430,1,3,646541
ps,3,1048576,200000.0,0.4,0.0,1.0,89,3,331,2718250,619430,1,3,592291
ps,3,1048576,200000.0,0.4,0.0,1.0,89,3,332,2744584,619430,1,3,644043
ps,3,1048576,200000.0,0.4,0.0,1.0,89,3,333,2719458,619430,1,3,631625
ps,3,1048576,200000.0,0.4,0.0,1.0,89,3,334,2718084,619430,1,3,635168
ps,3,1048576,200000.0,0.4,0.0,1.0,89,3,335,2738583,619430,1,3,644583
ps,3,1048576,200000.0,0.4,0.0,1.0,89,3,336,2760625,619430,1,3,616708
ps,3,1048576,200000.0,0.4,0.0,1.0,89,3,337,2713458,619430,1,3,631708
ps,3,1048576,200000.0,0.4,0.0,1.0,89,3,338,2748250,619430,1,3,635583
ps,3,1048576,200000.0,0.4,0.0,1.0,89,3,339,2747750,619430,1,3,604084
ps,3,1048576,200000.0,0.4,0.0,1.0,89,3,340,2761292,619430,1,3,613251
ps,3,1048576,200000.0,0.4,0.0,1.0,89,3,341,2752250,619430,1,3,608000
ps,3,1048576,200000.0,0.4,0.0,1.0,89,3,342,2771000,619430,1,3,663083
ps,3,1048576,200000.0,0.4,0.0,1.0,89,3,343,2876250,619430,1,3,616041
ps,3,1048576,200000.0,0.4,0.0,1.0,89,3,344,2833834,619430,1,3,567792
ps,3,1048576,200000.0,0.4,0.0,1.0,89,3,345,2791166,619430,1,3,593416
ps,3,1048576,200000.0,0.4,0.0,1.0,89,3,346,2778625,619430,1,3,592500
ps,3,1048576,200000.0,0.4,0.0,1.0,89,3,347,3001459,619430,1,3,626209
ps,3,1048576,200000.0,0.4,0.0,1.0,89,3,348,2973166,619430,1,3,614166
ps,3,1048576,200000.0,0.4,0.0,1.0,89,3,349,2842000,619430,1,3,635834
ps,3,1048576,200000.0,0.4,0.0,1.0,89,3,350,2748334,619430,1,3,600834
ps,3,1048576,200000.0,0.4,0.0,1.0,89,3,351,2784875,619430,1,3,651958
ps,3,1048576,200000.0,0.4,0.0,1.0,89,3,352,2826167,619430,1,3,640833
ps,3,1048576,200000.0,0.4,0.0,1.0,89,3,353,2713792,619430,1,3,597458
ps,3,1048576,200000.0,0.4,0.0,1.0,89,3,354,2731542,619430,1,3,635417
ps,3,1048576,200000.0,0.4,0.0,1.0,89,3,355,2743125,619430,1,3,631292
ps,3,1048576,200000.0,0.4,0.0,1.0,89,3,356,2737458,619430,1,3,621291
ps,3,1048576,200000.0,0.4,0.0,1.0,89,3,357,2717500,619430,1,3,617084
ps,3,1048576,200000.0,0.4,0.0,1.0,89,3,358,2745583,619430,1,3,637375
ps,3,1048576,200000.0,0.4,0.0,1.0,89,3,359,2772458,619430,1,3,601666
ps,3,1048576,200000.0,0.4,0.0,1.0,89,3,360,2740500,619430,1,3,627792
ps,3,1048576,200000.0,0.4,0.0,1.0,89,3,361,2716375,619430,1,3,619250
ps,3,1048576,200000.0,0.4,0.0,1.0,89,3,362,2741875,619430,1,3,620042
ps,3,1048576,200000.0,0.4,0.0,1.0,89,3,363,2804416,619430,1,3,628416
ps,3,1048576,200000.0,0.4,0.0,1.0,89,3,364,2750833,619430,1,3,612333
ps,3,1048576,200000.0,0.4,0.0,1.0,89,3,365,2759958,619430,1,3,639833
ps,3,1048576,200000.0,0.4,0.0,1.0,89,3,366,2749791,619430,1,3,635666
ps,3,1048576,200000.0,0.4,0.0,1.0,89,3,367,2768625,619430,1,3,627208
ps,3,1048576,200000.0,0.4,0.0,1.0,89,3,368,2735958,619430,1,3,591583
ps,3,1048576,200000.0,0.4,0.0,1.0,89,3,369,2737125,619430,1,3,618500
ps,3,1048576,200000.0,0.4,0.0,1.0,89,3,370,2758875,619430,1,3,646000
ps,3,1048576,200000.0,0.4,0.0,1.0,89,3,371,2737417,619430,1,3,609459
ps,3,1048576,200000.0,0.4,0.0,1.0,89,3,372,2696791,619430,1,3,618874
ps,3,1048576,200000.0,0.4,0.0,1.0,89,3,373,2750083,619430,1,3,622375
ps,3,1048576,200000.0,0.4,0.0,1.0,89,3,374,2766750,619430,1,3,633250
ps,3,1048576,200000.0,0.4,0.0,1.0,89,3,375,2751292,619430,1,3,603876
ps,3,1048576,200000.0,0.4,0.0,1.0,89,3,376,2765584,619430,1,3,624084
ps,3,1048576,200000.0,0.4,0.0,1.0,89,3,377,2711375,619430,1,3,623542
ps,3,1048576,200000.0,0.4,0.0,1.0,89,3,378,2732083,619430,1,3,637500
ps,3,1048576,200000.0,0.4,0.0,1.0,89,3,379,2742209,619430,1,3,641876
ps,3,1048576,200000.0,0.4,0.0,1.0,89,3,380,2770375,619430,1,3,640375
ps,3,1048576,200000.0,0.4,0.0,1.0,89,3,381,2696750,619430,1,3,619084
ps,3,1048576,200000.0,0.4,0.0,1.0,89,3,382,2761583,619430,1,3,616583
ps,3,1048576,200000.0,0.4,0.0,1.0,89,3,383,2749625,619430,1,3,618458
ps,3,1048576,200000.0,0.4,0.0,1.0,89,3,384,2761250,619430,1,3,648833
ps,3,1048576,200000.0,0.4,0.0,1.0,89,3,385,2719125,619430,1,3,616500
ps,3,1048576,200000.0,0.4,0.0,1.0,89,3,386,2773458,619430,1,3,625500
ps,3,1048576,200000.0,0.4,0.0,1.0,89,3,387,2755833,619430,1,3,611708
ps,3,1048576,200000.0,0.4,0.0,1.0,89,3,388,2721042,619430,1,3,599375
ps,3,1048576,200000.0,0.4,0.0,1.0,89,3,389,2722584,619430,1,3,620084
ps,3,1048576,200000.0,0.4,0.0,1.0,89,3,390,2738375,619430,1,3,638500
ps,3,1048576,200000.0,0.4,0.0,1.0,89,3,391,2738209,619430,1,3,627834
ps,3,1048576,200000.0,0.4,0.0,1.0,89,3,392,2781083,619430,1,3,622458
ps,3,1048576,200000.0,0.4,0.0,1.0,89,3,393,2772083,619430,1,3,610124
ps,3,1048576,200000.0,0.4,0.0,1.0,89,3,394,2749125,619430,1,3,642166
ps,3,1048576,200000.0,0.4,0.0,1.0,89,3,395,2732333,619430,1,3,619667
ps,3,1048576,200000.0,0.4,0.0,1.0,89,3,396,2840417,619430,1,3,663084
ps,3,1048576,200000.0,0.4,0.0,1.0,89,3,397,2769958,619430,1,3,608916
ps,3,1048576,200000.0,0.4,0.0,1.0,89,3,398,2834250,619430,1,3,623083
ps,3,1048576,200000.0,0.4,0.0,1.0,89,3,399,2730042,619430,1,3,598417
ring,3,1048576,200000.0,0.4,0.0,1.0,89,3,0,2678708,1359244,4,3,164416
ring,3,1048576,200000.0,0.4,0.0,1.0,89,3,1,2813000,1359244,4,3,96917
ring,3,1048576,200000.0,0.4,0.0,1.0,89,3,2,2840750,1359244,4,3,119334
ring,3,1048576,200000.0,0.4,0.0,1.0,89,3,3,2779917,1359244,4,3,221917
ring,3,1048576,200000.0,0.4,0.0,1.0,89,3,4,2765292,1359244,4,3,104667
ring,3,1048576,200000.0,0.4,0.0,1.0,89,3,5,2657875,1359244,4,3,64291
ring,3,1048576,200000.0,0.4,0.0,1.0,89,3,6,2649959,1359244,4,3,118917
ring,3,1048576,200000.0,0.4,0.0,1.0,89,3,7,2735750,1359244,4,3,107209
ring,3,1048576,200000.0,0.4,0.0,1.0,89,3,8,2748500,1359244,4,3,89625
ring,3,1048576,200000.0,0.4,0.0,1.0,89,3,9,2787541,1359244,4,3,185249
ring,3,1048576,200000.0,0.4,0.0,1.0,89,3,10,2616666,1359244,4,3,150916
ring,3,1048576,200000.0,0.4,0.0,1.0,89,3,11,2790875,1359244,4,3,116333
ring,3,1048576,200000.0,0.4,0.0,1.0,89,3,12,2685458,1359244,4,3,111458
ring,3,1048576,200000.0,0.4,0.0,1.0,89,3,13,2720917,1359244,4,3,155417
ring,3,1048576,200000.0,0.4,0.0,1.0,89,3,14,2874125,1359244,4,3,198083
ring,3,1048576,200000.0,0.4,0.0,1.0,89,3,15,2604166,1359244,4,3,119291
ring,3,1048576,200000.0,0.4,0.0,1.0,89,3,16,2625000,1359244,4,3,76500
ring,3,1048576,200000.0,0.4,0.0,1.0,89,3,17,2630541,1359244,4,3,126457
ring,3,1048576,200000.0,0.4,0.0,1.0,89,3,18,2682708,1359244,4,3,95458
ring,3,1048576,200000.0,0.4,0.0,1.0,89,3,19,2789750,1359244,4,3,95541
ring,3,1048576,200000.0,0.4,0.0,1.0,89,3,20,2680625,1359244,4,3,142875
ring,3,1048576,200000.0,0.4,0.0,1.0,89,3,21,2789250,1359244,4,3,143375
ring,3,1048576,200000.0,0.4,0.0,1.0,89,3,22,2709125,1359244,4,3,215958
ring,3,1048576,200000.0,0.4,0.0,1.0,89,3,23,2842959,1359244,4,3,163001
ring,3,1048576,200000.0,0.4,0.0,1.0,89,3,24,2790792,1359244,4,3,142751
ring,3,1048576,200000.0,0.4,0.0,1.0,89,3,25,2873000,1359244,4,3,162666
ring,3,1048576,200000.0,0.4,0.0,1.0,89,3,26,2633375,1359244,4,3,135750
ring,3,1048576,200000.0,0.4,0.0,1.0,89,3,27,2853791,1359244,4,3,131458
ring,3,1048576,200000.0,0.4,0.0,1.0,89,3,28,2770750,1359244,4,3,151209
ring,3,1048576,200000.0,0.4,0.0,1.0,89,3,29,2709541,1359244,4,3,173582
ring,3,1048576,200000.0,0.4,0.0,1.0,89,3,30,2665833,1359244,4,3,161125
ring,3,1048576,200000.0,0.4,0.0,1.0,89,3,31,2789458,1359244,4,3,209416
ring,3,1048576,200000.0,0.4,0.0,1.0,89,3,32,2651125,1359244,4,3,37167
ring,3,1048576,200000.0,0.4,0.0,1.0,89,3,33,2713333,1359244,4,3,174916
ring,3,1048576,200000.0,0.4,0.0,1.0,89,3,34,2738500,1359244,4,3,86917
ring,3,1048576,200000.0,0.4,0.0,1.0,89,3,35,2830375,1359244,4,3,162834
ring,3,1048576,200000.0,0.4,0.0,1.0,89,3,36,2862541,1359244,4,3,97458
ring,3,1048576,200000.0,0.4,0.0,1.0,89,3,37,2821583,1359244,4,3,120999
ring,3,1048576,200000.0,0.4,0.0,1.0,89,3,38,2835959,1359244,4,3,145917
ring,3,1048576,200000.0,0.4,0.0,1.0,89,3,39,2772750,1359244,4,3,70500
ring,3,1048576,200000.0,0.4,0.0,1.0,89,3,40,2852791,1359244,4,3,137291
ring,3,1048576,200000.0,0.4,0.0,1.0,89,3,41,2692291,1359244,4,3,104207
ring,3,1048576,200000.0,0.4,0.0,1.0,89,3,42,2828417,1359244,4,3,176042
ring,3,1048576,200000.0,0.4,0.0,1.0,89,3,43,2792833,1359244,4,3,188708
ring,3,1048576,200000.0,0.4,0.0,1.0,89,3,44,2887000,1359244,4,3,94750
ring,3,1048576,200000.0,0.4,0.0,1.0,89,3,45,2842250,1359244,4,3,113083
ring,3,1048576,200000.0,0.4,0.0,1.0,89,3,46,2823166,1359244,4,3,55624
ring,3,1048576,200000.0,0.4,0.0,1.0,89,3,47,2938042,1359244,4,3,88792
ring,3,1048576,200000.0,0.4,0.0,1.0,89,3,48,2935500,1359244,4,3,103875
ring,3,1048576,200000.0,0.4,0.0,1.0,89,3,49,2772167,1359244,4,3,66792
ring,3,1048576,200000.0,0.4,0.0,1.0,89,3,50,2736375,1359244,4,3,108291
ring,3,1048576,200000.0,0.4,0.0,1.0,89,3,51,2766417,1359244,4,3,195875
ring,3,1048576,200000.0,0.4,0.0,1.0,89,3,52,2792833,1359244,4,3,93541
ring,3,1048576,200000.0,0.4,0.0,1.0,89,3,53,2733250,1359244,4,3,122917
ring,3,1048576,200000.0,0.4,0.0,1.0,89,3,54,2778417,1359244,4,3,177417
ring,3,1048576,200000.0,0.4,0.0,1.0,89,3,55,2714250,1359244,4,3,131416
ring,3,1048576,200000.0,0.4,0.0,1.0,89,3,56,2780375,1359244,4,3,86042
ring,3,1048576,200000.0,0.4,0.0,1.0,89,3,57,2768458,1359244,4,3,110250
ring,3,1048576,200000.0,0.4,0.0,1.0,89,3,58,2815292,1359244,4,3,254375
ring,3,1048576,200000.0,0.4,0.0,1.0,89,3,59,2778917,1359244,4,3,142458
ring,3,1048576,200000.0,0.4,0.0,1.0,89,3,60,2620083,1359244,4,3,80875
ring,3,1048576,200000.0,0.4,0.0,1.0,89,3,61,2712958,1359244,4,3,77583
ring,3,1048576,200000.0,0.4,0.0,1.0,89,3,62,2581834,1359244,4,3,136168
ring,3,1048576,200000.0,0.4,0.0,1.0,89,3,63,2746667,1359244,4,3,139792
ring,3,1048576,200000.0,0.4,0.0,1.0,89,3,64,2808875,1359244,4,3,156500
ring,3,1048576,200000.0,0.4,0.0,1.0,89,3,65,2738792,1359244,4,3,130042
ring,3,1048576,200000.0,0.4,0.0,1.0,89,3,66,2608375,1359244,4,3,42500
ring,3,1048576,200000.0,0.4,0.0,1.0,89,3,67,2684667,1359244,4,3,158292
ring,3,1048576,200000.0,0.4,0.0,1.0,89,3,68,2739416,1359244,4,3,113333
ring,3,1048576,200000.0,0.4,0.0,1.0,89,3,69,2679750,1359244,4,3,106958
ring,3,1048576,200000.0,0.4,0.0,1.0,89,3,70,2706583,1359244,4,3,77208
ring,3,1048576,200000.0,0.4,0.0,1.0,89,3,71,2648875,1359244,4,3,14291
ring,3,1048576,200000.0,0.4,0.0,1.0,89,3,72,2779833,1359244,4,3,114333
ring,3,1048576,200000.0,0.4,0.0,1.0,89,3,73,2716875,1359244,4,3,100042
ring,3,1048576,200000.0,0.4,0.0,1.0,89,3,74,2781875,1359244,4,3,167708
ring,3,1048576,200000.0,0.4,0.0,1.0,89,3,75,2637000,1359244,4,3,150584
ring,3,1048576,200000.0,0.4,0.0,1.0,89,3,76,2671917,1359244,4,3,59959
ring,3,1048576,200000.0,0.4,0.0,1.0,89,3,77,2713125,1359244,4,3,148500
ring,3,1048576,200000.0,0.4,0.0,1.0,89,3,78,2758584,1359244,4,3,130875
ring,3,1048576,200000.0,0.4,0.0,1.0,89,3,79,2821750,1359244,4,3,134375
ring,3,1048576,200000.0,0.4,0.0,1.0,89,3,80,2732542,1359244,4,3,127167
ring,3,1048576,200000.0,0.4,0.0,1.0,89,3,81,2749125,1359244,4,3,101542
ring,3,1048576,200000.0,0.4,0.0,1.0,89,3,82,2709791,1359244,4,3,134791
ring,3,1048576,200000.0,0.4,0.0,1.0,89,3,83,2652750,1359244,4,3,115959
ring,3,1048576,200000.0,0.4,0.0,1.0,89,3,84,2693417,1359244,4,3,112208
ring,3,1048576,200000.0,0.4,0.0,1.0,89,3,85,2687417,1359244,4,3,117959
ring,3,1048576,200000.0,0.4,0.0,1.0,89,3,86,2694958,1359244,4,3,147083
ring,3,1048576,200000.0,0.4,0.0,1.0,89,3,87,2720125,1359244,4,3,133917
ring,3,1048576,200000.0,0.4,0.0,1.0,89,3,88,2735916,1359244,4,3,61750
ring,3,1048576,200000.0,0.4,0.0,1.0,89,3,89,2737834,1359244,4,3,106625
ring,3,1048576,200000.0,0.4,0.0,1.0,89,3,90,2712292,1359244,4,3,84375
ring,3,1048576,200000.0,0.4,0.0,1.0,89,3,91,2843916,1359244,4,3,67666
ring,3,1048576,200000.0,0.4,0.0,1.0,89,3,92,2800875,1359244,4,3,136000
ring,3,1048576,200000.0,0.4,0.0,1.0,89,3,93,2795625,1359244,4,3,106667
ring,3,1048576,200000.0,0.4,0.0,1.0,89,3,94,2657250,1359244,4,3,83375
ring,3,1048576,200000.0,0.4,0.0,1.0,89,3,95,2724875,1359244,4,3,151041
ring,3,1048576,200000.0,0.4,0.0,1.0,89,3,96,2763916,1359244,4,3,133208
ring,3,1048576,200000.0,0.4,0.0,1.0,89,3,97,2699125,1359244,4,3,91166
ring,3,1048576,200000.0,0.4,0.0,1.0,89,3,98,2671542,1359244,4,3,131209
ring,3,1048576,200000.0,0.4,0.0,1.0,89,3,99,2676750,1359244,4,3,94584
ring,3,1048576,200000.0,0.4,0.0,1.0,89,3,100,2769667,1359244,4,3,122000
ring,3,1048576,200000.0,0.4,0.0,1.0,89,3,101,2649541,1359244,4,3,79124
ring,3,1048576,200000.0,0.4,0.0,1.0,89,3,102,2716416,1359244,4,3,125249
ring,3,1048576,200000.0,0.4,0.0,1.0,89,3,103,2778458,1359244,4,3,143458
ring,3,1048576,200000.0,0.4,0.0,1.0,89,3,104,2737084,1359244,4,3,143001
ring,3,1048576,200000.0,0.4,0.0,1.0,89,3,105,2818375,1359244,4,3,124917
ring,3,1048576,200000.0,0.4,0.0,1.0,89,3,106,2722583,1359244,4,3,136208
ring,3,1048576,200000.0,0.4,0.0,1.0,89,3,107,2651125,1359244,4,3,85750
ring,3,1048576,200000.0,0.4,0.0,1.0,89,3,108,2761209,1359244,4,3,147918
ring,3,1048576,200000.0,0.4,0.0,1.0,89,3,109,2711500,1359244,4,3,119750
ring,3,1048576,200000.0,0.4,0.0,1.0,89,3,110,2723084,1359244,4,3,145543
ring,3,1048576,200000.0,0.4,0.0,1.0,89,3,111,2946666,1359244,4,3,96749
ring,3,1048576,200000.0,0.4,0.0,1.0,89,3,112,2949750,1359244,4,3,80417
ring,3,1048576,200000.0,0.4,0.0,1.0,89,3,113,2837334,1359244,4,3,174500
ring,3,1048576,200000.0,0.4,0.0,1.0,89,3,114,2770458,1359244,4,3,90249
ring,3,1048576,200000.0,0.4,0.0,1.0,89,3,115,2788291,1359244,4,3,163583
ring,3,1048576,200000.0,0.4,0.0,1.0,89,3,116,2800666,1359244,4,3,112958
ring,3,1048576,200000.0,0.4,0.0,1.0,89,3,117,2775542,1359244,4,3,195417
ring,3,1048576,200000.0,0.4,0.0,1.0,89,3,118,2740667,1359244,4,3,162083
ring,3,1048576,200000.0,0.4,0.0,1.0,89,3,119,2786750,1359244,4,3,173834
ring,3,1048576,200000.0,0.4,0.0,1.0,89,3,120,2744208,1359244,4,3,129667
ring,3,1048576,200000.0,0.4,0.0,1.0,89,3,121,2730875,1359244,4,3,121500
ring,3,1048576,200000.0,0.4,0.0,1.0,89,3,122,2678125,1359244,4,3,75542
ring,3,1048576,200000.0,0.4,0.0,1.0,89,3,123,2743167,1359244,4,3,97958
ring,3,1048576,200000.0,0.4,0.0,1.0,89,3,124,2802500,1359244,4,3,141292
ring,3,1048576,200000.0,0.4,0.0,1.0,89,3,125,2711250,1359244,4,3,114375
ring,3,1048576,200000.0,0.4,0.0,1.0,89,3,126,2700334,1359244,4,3,117584
ring,3,1048576,200000.0,0.4,0.0,1.0,89,3,127,2714750,1359244,4,3,91708
ring,3,1048576,200000.0,0.4,0.0,1.0,89,3,128,2922208,1359244,4,3,69542
ring,3,1048576,200000.0,0.4,0.0,1.0,89,3,129,2771167,1359244,4,3,162251
ring,3,1048576,200000.0,0.4,0.0,1.0,89,3,130,2733083,1359244,4,3,12417
ring,3,1048576,200000.0,0.4,0.0,1.0,89,3,131,2851541,1359244,4,3,164833
ring,3,1048576,200000.0,0.4,0.0,1.0,89,3,132,2814083,1359244,4,3,170916
ring,3,1048576,200000.0,0.4,0.0,1.0,89,3,133,2824834,1359244,4,3,171709
ring,3,1048576,200000.0,0.4,0.0,1.0,89,3,134,2828250,1359244,4,3,133083
ring,3,1048576,200000.0,0.4,0.0,1.0,89,3,135,2688625,1359244,4,3,181542
ring,3,1048576,200000.0,0.4,0.0,1.0,89,3,136,2736334,1359244,4,3,112417
ring,3,1048576,200000.0,0.4,0.0,1.0,89,3,137,2766541,1359244,4,3,142583
ring,3,1048576,200000.0,0.4,0.0,1.0,89,3,138,2752542,1359244,4,3,70542
ring,3,1048576,200000.0,0.4,0.0,1.0,89,3,139,2746333,1359244,4,3,113541
ring,3,1048576,200000.0,0.4,0.0,1.0,89,3,140,2696959,1359244,4,3,146709
ring,3,1048576,200000.0,0.4,0.0,1.0,89,3,141,2802792,1359244,4,3,131167
ring,3,1048576,200000.0,0.4,0.0,1.0,89,3,142,2705833,1359244,4,3,130875
ring,3,1048576,200000.0,0.4,0.0,1.0,89,3,143,2770250,1359244,4,3,137083
ring,3,1048576,200000.0,0.4,0.0,1.0,89,3,144,2626917,1359244,4,3,122125
ring,3,1048576,200000.0,0.4,0.0,1.0,89,3,145,2661250,1359244,4,3,109542
ring,3,1048576,200000.0,0.4,0.0,1.0,89,3,146,2812708,1359244,4,3,17250
ring,3,1048576,200000.0,0.4,0.0,1.0,89,3,147,3753625,1359244,4,3,101916
ring,3,1048576,200000.0,0.4,0.0,1.0,89,3,148,3651375,1359244,4,3,291917
ring,3,1048576,200000.0,0.4,0.0,1.0,89,3,149,3249292,1359244,4,3,141667
ring,3,1048576,200000.0,0.4,0.0,1.0,89,3,150,2787834,1359244,4,3,35043
ring,3,1048576,200000.0,0.4,0.0,1.0,89,3,151,2713709,1359244,4,3,119167
ring,3,1048576,200000.0,0.4,0.0,1.0,89,3,152,2783917,1359244,4,3,174500
ring,3,1048576,200000.0,0.4,0.0,1.0,89,3,153,2759667,1359244,4,3,132333
ring,3,1048576,200000.0,0.4,0.0,1.0,89,3,154,2755708,1359244,4,3,133124
ring,3,1048576,200000.0,0.4,0.0,1.0,89,3,155,2753125,1359244,4,3,92959
ring,3,1048576,200000.0,0.4,0.0,1.0,89,3,156,3282833,1359244,4,3,143291
ring,3,1048576,200000.0,0.4,0.0,1.0,89,3,157,2799042,1359244,4,3,150584
ring,3,1048576,200000.0,0.4,0.0,1.0,89,3,158,2803166,1359244,4,3,85582
ring,3,1048576,200000.0,0.4,0.0,1.0,89,3,159,2792667,1359244,4,3,143209
ring,3,1048576,200000.0,0.4,0.0,1.0,89,3,160,2791709,1359244,4,3,65334
ring,3,1048576,200000.0,0.4,0.0,1.0,89,3,161,2761000,1359244,4,3,17333
ring,3,1048576,200000.0,0.4,0.0,1.0,89,3,162,2898500,1359244,4,3,132833
ring,3,1048576,200000.0,0.4,0.0,1.0,89,3,163,2767625,1359244,4,3,99917
ring,3,1048576,200000.0,0.4,0.0,1.0,89,3,164,2953375,1359244,4,3,161125
ring,3,1048576,200000.0,0.4,0.0,1.0,89,3,165,2901250,1359244,4,3,131042
ring,3,1048576,200000.0,0.4,0.0,1.0,89,3,166,2858250,1359244,4,3,96584
ring,3,1048576,200000.0,0.4,0.0,1.0,89,3,167,2790333,1359244,4,3,149375
ring,3,1048576,200000.0,0.4,0.0,1.0,89,3,168,2823333,1359244,4,3,98125
ring,3,1048576,200000.0,0.4,0.0,1.0,89,3,169,2888084,1359244,4,3,110793
ring,3,1048576,200000.0,0.4,0.0,1.0,89,3,170,3106958,1359244,4,3,206291
ring,3,1048576,200000.0,0.4,0.0,1.0,89,3,171,2933625,1359244,4,3,202708
ring,3,1048576,200000.0,0.4,0.0,1.0,89,3,172,2980292,1359244,4,3,241792
ring,3,1048576,200000.0,0.4,0.0,1.0,89,3,173,3022708,1359244,4,3,144167
ring,3,1048576,200000.0,0.4,0.0,1.0,89,3,174,2898375,1359244,4,3,207875
ring,3,1048576,200000.0,0.4,0.0,1.0,89,3,175,2793125,1359244,4,3,112625
ring,3,1048576,200000.0,0.4,0.0,1.0,89,3,176,2849667,1359244,4,3,121833
ring,3,1048576,200000.0,0.4,0.0,1.0,89,3,177,2886792,1359244,4,3,43042
ring,3,1048576,200000.0,0.4,0.0,1.0,89,3,178,2797916,1359244,4,3,135457
ring,3,1048576,200000.0,0.4,0.0,1.0,89,3,179,3036208,1359244,4,3,148499
ring,3,1048576,200000.0,0.4,0.0,1.0,89,3,180,3025625,1359244,4,3,116375
ring,3,1048576,200000.0,0.4,0.0,1.0,89,3,181,2862042,1359244,4,3,102500
ring,3,1048576,200000.0,0.4,0.0,1.0,89,3,182,2809750,1359244,4,3,171750
ring,3,1048576,200000.0,0.4,0.0,1.0,89,3,183,2814125,1359244,4,3,104417
ring,3,1048576,200000.0,0.4,0.0,1.0,89,3,184,2781125,1359244,4,3,145209
ring,3,1048576,200000.0,0.4,0.0,1.0,89,3,185,2884541,1359244,4,3,116166
ring,3,1048576,200000.0,0.4,0.0,1.0,89,3,186,2852750,1359244,4,3,142541
ring,3,1048576,200000.0,0.4,0.0,1.0,89,3,187,2868583,1359244,4,3,122250
ring,3,1048576,200000.0,0.4,0.0,1.0,89,3,188,2937459,1359244,4,3,201376
ring,3,1048576,200000.0,0.4,0.0,1.0,89,3,189,2898625,1359244,4,3,107459
ring,3,1048576,200000.0,0.4,0.0,1.0,89,3,190,2910750,1359244,4,3,176333
ring,3,1048576,200000.0,0.4,0.0,1.0,89,3,191,2772458,1359244,4,3,171541
ring,3,1048576,200000.0,0.4,0.0,1.0,89,3,192,2883458,1359244,4,3,133583
ring,3,1048576,200000.0,0.4,0.0,1.0,89,3,193,3550666,1359244,4,3,111374
ring,3,1048576,200000.0,0.4,0.0,1.0,89,3,194,5121541,1359244,4,3,90416
ring,3,1048576,200000.0,0.4,0.0,1.0,89,3,195,3851708,1359244,4,3,43458
ring,3,1048576,200000.0,0.4,0.0,1.0,89,3,196,3550542,1359244,4,3,215000
ring,3,1048576,200000.0,0.4,0.0,1.0,89,3,197,3225458,1359244,4,3,114749
ring,3,1048576,200000.0,0.4,0.0,1.0,89,3,198,3008042,1359244,4,3,17500
ring,3,1048576,200000.0,0.4,0.0,1.0,89,3,199,2927167,1359244,4,3,3792
ring,3,1048576,200000.0,0.4,0.0,1.0,89,3,200,2849250,1359244,4,3,14250
ring,3,1048576,200000.0,0.4,0.0,1.0,89,3,201,2950208,1359244,4,3,140500
ring,3,1048576,200000.0,0.4,0.0,1.0,89,3,202,2971042,1359244,4,3,114084
ring,3,1048576,200000.0,0.4,0.0,1.0,89,3,203,2976667,1359244,4,3,130834
ring,3,1048576,200000.0,0.4,0.0,1.0,89,3,204,3052333,1359244,4,3,206958
ring,3,1048576,200000.0,0.4,0.0,1.0,89,3,205,3457000,1359244,4,3,276375
ring,3,1048576,200000.0,0.4,0.0,1.0,89,3,206,3670000,1359244,4,3,259125
ring,3,1048576,200000.0,0.4,0.0,1.0,89,3,207,2916209,1359244,4,3,114167
ring,3,1048576,200000.0,0.4,0.0,1.0,89,3,208,2958292,1359244,4,3,240917
ring,3,1048576,200000.0,0.4,0.0,1.0,89,3,209,3000625,1359244,4,3,122583
ring,3,1048576,200000.0,0.4,0.0,1.0,89,3,210,3060334,1359244,4,3,78959
ring,3,1048576,200000.0,0.4,0.0,1.0,89,3,211,2928625,1359244,4,3,116000
ring,3,1048576,200000.0,0.4,0.0,1.0,89,3,212,2992042,1359244,4,3,190000
ring,3,1048576,200000.0,0.4,0.0,1.0,89,3,213,2973667,1359244,4,3,158209
ring,3,1048576,200000.0,0.4,0.0,1.0,89,3,214,3007042,1359244,4,3,142750
ring,3,1048576,200000.0,0.4,0.0,1.0,89,3,215,2947541,1359244,4,3,144750
ring,3,1048576,200000.0,0.4,0.0,1.0,89,3,216,2900084,1359244,4,3,228542
ring,3,1048576,200000.0,0.4,0.0,1.0,89,3,217,2908084,1359244,4,3,120501
ring,3,1048576,200000.0,0.4,0.0,1.0,89,3,218,2893375,1359244,4,3,99500
ring,3,1048576,200000.0,0.4,0.0,1.0,89,3,219,2903041,1359244,4,3,97166
ring,3,1048576,200000.0,0.4,0.0,1.0,89,3,220,2874416,1359244,4,3,93707
ring,3,1048576,200000.0,0.4,0.0,1.0,89,3,221,2878833,1359244,4,3,146333
ring,3,1048576,200000.0,0.4,0.0,1.0,89,3,222,2945666,1359244,4,3,118749
ring,3,1048576,200000.0,0.4,0.0,1.0,89,3,223,2853958,1359244,4,3,101542
ring,3,1048576,200000.0,0.4,0.0,1.0,89,3,224,2788666,1359244,4,3,170624
ring,3,1048576,200000.0,0.4,0.0,1.0,89,3,225,2868333,1359244,4,3,183041
ring,3,1048576,200000.0,0.4,0.0,1.0,89,3,226,2851958,1359244,4,3,121125
ring,3,1048576,200000.0,0.4,0.0,1.0,89,3,227,2864625,1359244,4,3,180708
ring,3,1048576,200000.0,0.4,0.0,1.0,89,3,228,2759083,1359244,4,3,157583
ring,3,1048576,200000.0,0.4,0.0,1.0,89,3,229,2871792,1359244,4,3,107667
ring,3,1048576,200000.0,0.4,0.0,1.0,89,3,230,2817583,1359244,4,3,227541
ring,3,1048576,200000.0,0.4,0.0,1.0,89,3,231,2853416,1359244,4,3,146499
ring,3,1048576,200000.0,0.4,0.0,1.0,89,3,232,3278792,1359244,4,3,183667
ring,3,1048576,200000.0,0.4,0.0,1.0,89,3,233,3494375,1359244,4,3,242125
ring,3,1048576,200000.0,0.4,0.0,1.0,89,3,234,3381584,1359244,4,3,156668
ring,3,1048576,200000.0,0.4,0.0,1.0,89,3,235,2901875,1359244,4,3,157667
ring,3,1048576,200000.0,0.4,0.0,1.0,89,3,236,2920625,1359244,4,3,161458
ring,3,1048576,200000.0,0.4,0.0,1.0,89,3,237,2942083,1359244,4,3,134333
ring,3,1048576,200000.0,0.4,0.0,1.0,89,3,238,3065875,1359244,4,3,177750
ring,3,1048576,200000.0,0.4,0.0,1.0,89,3,239,2828000,1359244,4,3,149125
ring,3,1048576,200000.0,0.4,0.0,1.0,89,3,240,3077334,1359244,4,3,137417
ring,3,1048576,200000.0,0.4,0.0,1.0,89,3,241,3004709,1359244,4,3,169168
ring,3,1048576,200000.0,0.4,0.0,1.0,89,3,242,2902625,1359244,4,3,130625
ring,3,1048576,200000.0,0.4,0.0,1.0,89,3,243,2828375,1359244,4,3,135333
ring,3,1048576,200000.0,0.4,0.0,1.0,89,3,244,2885833,1359244,4,3,185041
ring,3,1048576,200000.0,0.4,0.0,1.0,89,3,245,2837500,1359244,4,3,125291
ring,3,1048576,200000.0,0.4,0.0,1.0,89,3,246,3004917,1359244,4,3,110333
ring,3,1048576,200000.0,0.4,0.0,1.0,89,3,247,2954834,1359244,4,3,142834
ring,3,1048576,200000.0,0.4,0.0,1.0,89,3,248,2867875,1359244,4,3,145500
ring,3,1048576,200000.0,0.4,0.0,1.0,89,3,249,2760000,1359244,4,3,79125
ring,3,1048576,200000.0,0.4,0.0,1.0,89,3,250,2843833,1359244,4,3,25041
ring,3,1048576,200000.0,0.4,0.0,1.0,89,3,251,3040833,1359244,4,3,29833
ring,3,1048576,200000.0,0.4,0.0,1.0,89,3,252,2828583,1359244,4,3,89500
ring,3,1048576,200000.0,0.4,0.0,1.0,89,3,253,2903125,1359244,4,3,133167
ring,3,1048576,200000.0,0.4,0.0,1.0,89,3,254,2820000,1359244,4,3,165458
ring,3,1048576,200000.0,0.4,0.0,1.0,89,3,255,3046666,1359244,4,3,147499
ring,3,1048576,200000.0,0.4,0.0,1.0,89,3,256,2935750,1359244,4,3,134417
ring,3,1048576,200000.0,0.4,0.0,1.0,89,3,257,2883833,1359244,4,3,138541
ring,3,1048576,200000.0,0.4,0.0,1.0,89,3,258,2859625,1359244,4,3,50417
ring,3,1048576,200000.0,0.4,0.0,1.0,89,3,259,3001167,1359244,4,3,89083
ring,3,1048576,200000.0,0.4,0.0,1.0,89,3,260,2823667,1359244,4,3,12292
ring,3,1048576,200000.0,0.4,0.0,1.0,89,3,261,3005125,1359244,4,3,143500
ring,3,1048576,200000.0,0.4,0.0,1.0,89,3,262,3261792,1359244,4,3,182501
ring,3,1048576,200000.0,0.4,0.0,1.0,89,3,263,2921083,1359244,4,3,131416
ring,3,1048576,200000.0,0.4,0.0,1.0,89,3,264,2909208,1359244,4,3,129792
ring,3,1048576,200000.0,0.4,0.0,1.0,89,3,265,2818458,1359244,4,3,79625
ring,3,1048576,200000.0,0.4,0.0,1.0,89,3,266,2927875,1359244,4,3,125500
ring,3,1048576,200000.0,0.4,0.0,1.0,89,3,267,2983667,1359244,4,3,91583
ring,3,1048576,200000.0,0.4,0.0,1.0,89,3,268,3008292,1359244,4,3,135001
ring,3,1048576,200000.0,0.4,0.0,1.0,89,3,269,2986083,1359244,4,3,174083
ring,3,1048576,200000.0,0.4,0.0,1.0,89,3,270,2936208,1359244,4,3,106750
ring,3,1048576,200000.0,0.4,0.0,1.0,89,3,271,3037000,1359244,4,3,101959
ring,3,1048576,200000.0,0.4,0.0,1.0,89,3,272,2955667,1359244,4,3,193667
ring,3,1048576,200000.0,0.4,0.0,1.0,89,3,273,3045250,1359244,4,3,110833
ring,3,1048576,200000.0,0.4,0.0,1.0,89,3,274,2924292,1359244,4,3,17708
ring,3,1048576,200000.0,0.4,0.0,1.0,89,3,275,2991916,1359244,4,3,141874
ring,3,1048576,200000.0,0.4,0.0,1.0,89,3,276,2961750,1359244,4,3,159333
ring,3,1048576,200000.0,0.4,0.0,1.0,89,3,277,2936041,1359244,4,3,50291
ring,3,1048576,200000.0,0.4,0.0,1.0,89,3,278,3053125,1359244,4,3,173167
ring,3,1048576,200000.0,0.4,0.0,1.0,89,3,279,4733750,1359244,4,3,216708
ring,3,1048576,200000.0,0.4,0.0,1.0,89,3,280,3503333,1359244,4,3,196416
ring,3,1048576,200000.0,0.4,0.0,1.0,89,3,281,3027125,1359244,4,3,110709
ring,3,1048576,200000.0,0.4,0.0,1.0,89,3,282,3104917,1359244,4,3,221458
ring,3,1048576,200000.0,0.4,0.0,1.0,89,3,283,3481834,1359244,4,3,145084
ring,3,1048576,200000.0,0.4,0.0,1.0,89,3,284,3969417,1359244,4,3,282875
ring,3,1048576,200000.0,0.4,0.0,1.0,89,3,285,3354583,1359244,4,3,39208
ring,3,1048576,200000.0,0.4,0.0,1.0,89,3,286,3028084,1359244,4,3,61667
ring,3,1048576,200000.0,0.4,0.0,1.0,89,3,287,3082209,1359244,4,3,123167
ring,3,1048576,200000.0,0.4,0.0,1.0,89,3,288,3111417,1359244,4,3,222417
ring,3,1048576,200000.0,0.4,0.0,1.0,89,3,289,3016542,1359244,4,3,155333
ring,3,1048576,200000.0,0.4,0.0,1.0,89,3,290,3140083,1359244,4,3,159875
ring,3,1048576,200000.0,0.4,0.0,1.0,89,3,291,2964500,1359244,4,3,154542
ring,3,1048576,200000.0,0.4,0.0,1.0,89,3,292,3080125,1359244,4,3,51958
ring,3,1048576,200000.0,0.4,0.0,1.0,89,3,293,3106709,1359244,4,3,44667
ring,3,1048576,200000.0,0.4,0.0,1.0,89,3,294,3082625,1359244,4,3,139208
ring,3,1048576,200000.0,0.4,0.0,1.0,89,3,295,3077875,1359244,4,3,117916
ring,3,1048576,200000.0,0.4,0.0,1.0,89,3,296,3056792,1359244,4,3,212792
ring,3,1048576,200000.0,0.4,0.0,1.0,89,3,297,2937500,1359244,4,3,114458
ring,3,1048576,200000.0,0.4,0.0,1.0,89,3,298,3094708,1359244,4,3,116541
ring,3,1048576,200000.0,0.4,0.0,1.0,89,3,299,3059625,1359244,4,3,68750
ring,3,1048576,200000.0,0.4,0.0,1.0,89,3,300,2890041,1359244,4,3,147333
ring,3,1048576,200000.0,0.4,0.0,1.0,89,3,301,3085750,1359244,4,3,113083
ring,3,1048576,200000.0,0.4,0.0,1.0,89,3,302,3007542,1359244,4,3,134417
ring,3,1048576,200000.0,0.4,0.0,1.0,89,3,303,3121292,1359244,4,3,122792
ring,3,1048576,200000.0,0.4,0.0,1.0,89,3,304,2994083,1359244,4,3,107833
ring,3,1048576,200000.0,0.4,0.0,1.0,89,3,305,3099000,1359244,4,3,79916
ring,3,1048576,200000.0,0.4,0.0,1.0,89,3,306,3033500,1359244,4,3,117084
ring,3,1048576,200000.0,0.4,0.0,1.0,89,3,307,3105709,1359244,4,3,54251
ring,3,1048576,200000.0,0.4,0.0,1.0,89,3,308,3112458,1359244,4,3,137708
ring,3,1048576,200000.0,0.4,0.0,1.0,89,3,309,2959375,1359244,4,3,143333
ring,3,1048576,200000.0,0.4,0.0,1.0,89,3,310,2986958,1359244,4,3,106583
ring,3,1048576,200000.0,0.4,0.0,1.0,89,3,311,5442000,1359244,4,3,307792
ring,3,1048576,200000.0,0.4,0.0,1.0,89,3,312,3356209,1359244,4,3,145959
ring,3,1048576,200000.0,0.4,0.0,1.0,89,3,313,2935791,1359244,4,3,71291
ring,3,1048576,200000.0,0.4,0.0,1.0,89,3,314,3025708,1359244,4,3,109750
ring,3,1048576,200000.0,0.4,0.0,1.0,89,3,315,3028709,1359244,4,3,176417
ring,3,1048576,200000.0,0.4,0.0,1.0,89,3,316,3054542,1359244,4,3,175376
ring,3,1048576,200000.0,0.4,0.0,1.0,89,3,317,3059625,1359244,4,3,153917
ring,3,1048576,200000.0,0.4,0.0,1.0,89,3,318,2941041,1359244,4,3,119416
ring,3,1048576,200000.0,0.4,0.0,1.0,89,3,319,2955250,1359244,4,3,242917
ring,3,1048576,200000.0,0.4,0.0,1.0,89,3,320,3012417,1359244,4,3,193750
ring,3,1048576,200000.0,0.4,0.0,1.0,89,3,321,3066292,1359244,4,3,159542
ring,3,1048576,200000.0,0.4,0.0,1.0,89,3,322,3139500,1359244,4,3,28583
ring,3,1048576,200000.0,0.4,0.0,1.0,89,3,323,2910166,1359244,4,3,174833
ring,3,1048576,200000.0,0.4,0.0,1.0,89,3,324,2889791,1359244,4,3,93916
ring,3,1048576,200000.0,0.4,0.0,1.0,89,3,325,2916875,1359244,4,3,197917
ring,3,1048576,200000.0,0.4,0.0,1.0,89,3,326,3105625,1359244,4,3,97167
ring,3,1048576,200000.0,0.4,0.0,1.0,89,3,327,3033625,1359244,4,3,240666
ring,3,1048576,200000.0,0.4,0.0,1.0,89,3,328,2906959,1359244,4,3,144334
ring,3,1048576,200000.0,0.4,0.0,1.0,89,3,329,3037916,1359244,4,3,190666
ring,3,1048576,200000.0,0.4,0.0,1.0,89,3,330,3060292,1359244,4,3,145125
ring,3,1048576,200000.0,0.4,0.0,1.0,89,3,331,3075500,1359244,4,3,100459
ring,3,1048576,200000.0,0.4,0.0,1.0,89,3,332,3026917,1359244,4,3,153833
ring,3,1048576,200000.0,0.4,0.0,1.0,89,3,333,2930958,1359244,4,3,137624
ring,3,1048576,200000.0,0.4,0.0,1.0,89,3,334,3017042,1359244,4,3,196001
ring,3,1048576,200000.0,0.4,0.0,1.0,89,3,335,3227083,1359244,4,3,184791
ring,3,1048576,200000.0,0.4,0.0,1.0,89,3,336,3147750,1359244,4,3,108667
ring,3,1048576,200000.0,0.4,0.0,1.0,89,3,337,2970042,1359244,4,3,79167
ring,3,1048576,200000.0,0.4,0.0,1.0,89,3,338,3007584,1359244,4,3,96626
ring,3,1048576,200000.0,0.4,0.0,1.0,89,3,339,3052500,1359244,4,3,44083
ring,3,1048576,200000.0,0.4,0.0,1.0,89,3,340,3225417,1359244,4,3,116042
ring,3,1048576,200000.0,0.4,0.0,1.0,89,3,341,3188666,1359244,4,3,180082
ring,3,1048576,200000.0,0.4,0.0,1.0,89,3,342,3066000,1359244,4,3,8041
ring,3,1048576,200000.0,0.4,0.0,1.0,89,3,343,3086416,1359244,4,3,122750
ring,3,1048576,200000.0,0.4,0.0,1.0,89,3,344,3017958,1359244,4,3,162458
ring,3,1048576,200000.0,0.4,0.0,1.0,89,3,345,3096416,1359244,4,3,26666
ring,3,1048576,200000.0,0.4,0.0,1.0,89,3,346,3237709,1359244,4,3,132167
ring,3,1048576,200000.0,0.4,0.0,1.0,89,3,347,3252500,1359244,4,3,177209
ring,3,1048576,200000.0,0.4,0.0,1.0,89,3,348,3038042,1359244,4,3,148875
ring,3,1048576,200000.0,0.4,0.0,1.0,89,3,349,3081208,1359244,4,3,25833
ring,3,1048576,200000.0,0.4,0.0,1.0,89,3,350,2991958,1359244,4,3,126125
ring,3,1048576,200000.0,0.4,0.0,1.0,89,3,351,2919250,1359244,4,3,188458
ring,3,1048576,200000.0,0.4,0.0,1.0,89,3,352,3019750,1359244,4,3,154542
ring,3,1048576,200000.0,0.4,0.0,1.0,89,3,353,2952958,1359244,4,3,188458
ring,3,1048576,200000.0,0.4,0.0,1.0,89,3,354,2970000,1359244,4,3,105917
ring,3,1048576,200000.0,0.4,0.0,1.0,89,3,355,2994792,1359244,4,3,139625
ring,3,1048576,200000.0,0.4,0.0,1.0,89,3,356,2966209,1359244,4,3,201334
ring,3,1048576,200000.0,0.4,0.0,1.0,89,3,357,2981917,1359244,4,3,140501
ring,3,1048576,200000.0,0.4,0.0,1.0,89,3,358,3123750,1359244,4,3,154375
ring,3,1048576,200000.0,0.4,0.0,1.0,89,3,359,2965708,1359244,4,3,90333
ring,3,1048576,200000.0,0.4,0.0,1.0,89,3,360,2877833,1359244,4,3,153250
ring,3,1048576,200000.0,0.4,0.0,1.0,89,3,361,2895542,1359244,4,3,169084
ring,3,1048576,200000.0,0.4,0.0,1.0,89,3,362,3276000,1359244,4,3,76583
ring,3,1048576,200000.0,0.4,0.0,1.0,89,3,363,4320875,1359244,4,3,128125
ring,3,1048576,200000.0,0.4,0.0,1.0,89,3,364,4701125,1359244,4,3,428167
ring,3,1048576,200000.0,0.4,0.0,1.0,89,3,365,3602584,1359244,4,3,367167
ring,3,1048576,200000.0,0.4,0.0,1.0,89,3,366,3294917,1359244,4,3,127958
ring,3,1048576,200000.0,0.4,0.0,1.0,89,3,367,3332959,1359244,4,3,33167
ring,3,1048576,200000.0,0.4,0.0,1.0,89,3,368,3069167,1359244,4,3,116251
ring,3,1048576,200000.0,0.4,0.0,1.0,89,3,369,3024709,1359244,4,3,165501
ring,3,1048576,200000.0,0.4,0.0,1.0,89,3,370,2983292,1359244,4,3,167875
ring,3,1048576,200000.0,0.4,0.0,1.0,89,3,371,3086375,1359244,4,3,124458
ring,3,1048576,200000.0,0.4,0.0,1.0,89,3,372,3100667,1359244,4,3,206250
ring,3,1048576,200000.0,0.4,0.0,1.0,89,3,373,3151542,1359244,4,3,41250
ring,3,1048576,200000.0,0.4,0.0,1.0,89,3,374,3105041,1359244,4,3,120833
ring,3,1048576,200000.0,0.4,0.0,1.0,89,3,375,3077125,1359244,4,3,104750
ring,3,1048576,200000.0,0.4,0.0,1.0,89,3,376,3220291,1359244,4,3,53791
ring,3,1048576,200000.0,0.4,0.0,1.0,89,3,377,3125459,1359244,4,3,158000
ring,3,1048576,200000.0,0.4,0.0,1.0,89,3,378,3162750,1359244,4,3,58042
ring,3,1048576,200000.0,0.4,0.0,1.0,89,3,379,3014292,1359244,4,3,129584
ring,3,1048576,200000.0,0.4,0.0,1.0,89,3,380,2958459,1359244,4,3,105709
ring,3,1048576,200000.0,0.4,0.0,1.0,89,3,381,3081500,1359244,4,3,138208
ring,3,1048576,200000.0,0.4,0.0,1.0,89,3,382,3203916,1359244,4,3,139375
ring,3,1048576,200000.0,0.4,0.0,1.0,89,3,383,3715959,1359244,4,3,185626
ring,3,1048576,200000.0,0.4,0.0,1.0,89,3,384,3547000,1359244,4,3,105750
ring,3,1048576,200000.0,0.4,0.0,1.0,89,3,385,3392291,1359244,4,3,229624
ring,3,1048576,200000.0,0.4,0.0,1.0,89,3,386,4450667,1359244,4,3,168417
ring,3,1048576,200000.0,0.4,0.0,1.0,89,3,387,3922167,1359244,4,3,269792
ring,3,1048576,200000.0,0.4,0.0,1.0,89,3,388,3119500,1359244,4,3,113375
ring,3,1048576,200000.0,0.4,0.0,1.0,89,3,389,3139292,1359244,4,3,37708
ring,3,1048576,200000.0,0.4,0.0,1.0,89,3,390,3031375,1359244,4,3,226875
ring,3,1048576,200000.0,0.4,0.0,1.0,89,3,391,3051625,1359244,4,3,165458
ring,3,1048576,200000.0,0.4,0.0,1.0,89,3,392,3176334,1359244,4,3,119959
ring,3,1048576,200000.0,0.4,0.0,1.0,89,3,393,3036250,1359244,4,3,110750
ring,3,1048576,200000.0,0.4,0.0,1.0,89,3,394,2925042,1359244,4,3,73875
ring,3,1048576,200000.0,0.4,0.0,1.0,89,3,395,3055667,1359244,4,3,54084
ring,3,1048576,200000.0,0.4,0.0,1.0,89,3,396,3123500,1359244,4,3,109791
ring,3,1048576,200000.0,0.4,0.0,1.0,89,3,397,3019083,1359244,4,3,140666
ring,3,1048576,200000.0,0.4,0.0,1.0,89,3,398,3090208,1359244,4,3,170500
ring,3,1048576,200000.0,0.4,0.0,1.0,89,3,399,2944041,1359244,4,3,92416
ring,3,1048576,200000.0,0.4,0.0,1.0,89,4,0,2989500,1359244,4,3,129333
ring,3,1048576,200000.0,0.4,0.0,1.0,89,4,1,2723667,1359244,4,3,122250
ring,3,1048576,200000.0,0.4,0.0,1.0,89,4,2,2854542,1359244,4,3,256417
ring,3,1048576,200000.0,0.4,0.0,1.0,89,4,3,2821958,1359244,4,3,99917
ring,3,1048576,200000.0,0.4,0.0,1.0,89,4,4,2764750,1359244,4,3,149958
ring,3,1048576,200000.0,0.4,0.0,1.0,89,4,5,2748459,1359244,4,3,75168
ring,3,1048576,200000.0,0.4,0.0,1.0,89,4,6,2720125,1359244,4,3,22958
ring,3,1048576,200000.0,0.4,0.0,1.0,89,4,7,2678875,1359244,4,3,55375
ring,3,1048576,200000.0,0.4,0.0,1.0,89,4,8,2699209,1359244,4,3,88043
ring,3,1048576,200000.0,0.4,0.0,1.0,89,4,9,2728709,1359244,4,3,146167
ring,3,1048576,200000.0,0.4,0.0,1.0,89,4,10,2922125,1359244,4,3,117125
ring,3,1048576,200000.0,0.4,0.0,1.0,89,4,11,2674917,1359244,4,3,81167
ring,3,1048576,200000.0,0.4,0.0,1.0,89,4,12,2714792,1359244,4,3,105667
ring,3,1048576,200000.0,0.4,0.0,1.0,89,4,13,2766917,1359244,4,3,155167
ring,3,1048576,200000.0,0.4,0.0,1.0,89,4,14,2987666,1359244,4,3,79916
ring,3,1048576,200000.0,0.4,0.0,1.0,89,4,15,3030000,1359244,4,3,155333
ring,3,1048576,200000.0,0.4,0.0,1.0,89,4,16,2769458,1359244,4,3,113541
ring,3,1048576,200000.0,0.4,0.0,1.0,89,4,17,2709708,1359244,4,3,89333
ring,3,1048576,200000.0,0.4,0.0,1.0,89,4,18,2791833,1359244,4,3,114541
ring,3,1048576,200000.0,0.4,0.0,1.0,89,4,19,2787875,1359244,4,3,97875
ring,3,1048576,200000.0,0.4,0.0,1.0,89,4,20,2758500,1359244,4,3,69417
ring,3,1048576,200000.0,0.4,0.0,1.0,89,4,21,2667084,1359244,4,3,87334
ring,3,1048576,200000.0,0.4,0.0,1.0,89,4,22,2764166,1359244,4,3,173249
ring,3,1048576,200000.0,0.4,0.0,1.0,89,4,23,2750000,1359244,4,3,122958
ring,3,1048576,200000.0,0.4,0.0,1.0,89,4,24,2757334,1359244,4,3,94084
ring,3,1048576,200000.0,0.4,0.0,1.0,89,4,25,2692542,1359244,4,3,118500
ring,3,1048576,200000.0,0.4,0.0,1.0,89,4,26,2765958,1359244,4,3,16542
ring,3,1048576,200000.0,0.4,0.0,1.0,89,4,27,2732750,1359244,4,3,107583
ring,3,1048576,200000.0,0.4,0.0,1.0,89,4,28,2613416,1359244,4,3,107791
ring,3,1048576,200000.0,0.4,0.0,1.0,89,4,29,2865125,1359244,4,3,57917
ring,3,1048576,200000.0,0.4,0.0,1.0,89,4,30,2705583,1359244,4,3,158667
ring,3,1048576,200000.0,0.4,0.0,1.0,89,4,31,2764959,1359244,4,3,135376
ring,3,1048576,200000.0,0.4,0.0,1.0,89,4,32,2861166,1359244,4,3,86541
ring,3,1048576,200000.0,0.4,0.0,1.0,89,4,33,2664708,1359244,4,3,62375
ring,3,1048576,200000.0,0.4,0.0,1.0,89,4,34,2717750,1359244,4,3,70375
ring,3,1048576,200000.0,0.4,0.0,1.0,89,4,35,2721083,1359244,4,3,159708
ring,3,1048576,200000.0,0.4,0.0,1.0,89,4,36,2904083,1359244,4,3,122833
ring,3,1048576,200000.0,0.4,0.0,1.0,89,4,37,2656500,1359244,4,3,130167
ring,3,1048576,200000.0,0.4,0.0,1.0,89,4,38,2665041,1359244,4,3,130500
ring,3,1048576,200000.0,0.4,0.0,1.0,89,4,39,2682042,1359244,4,3,160084
ring,3,1048576,200000.0,0.4,0.0,1.0,89,4,40,2776750,1359244,4,3,143250
ring,3,1048576,200000.0,0.4,0.0,1.0,89,4,41,2717250,1359244,4,3,117667
ring,3,1048576,200000.0,0.4,0.0,1.0,89,4,42,2777584,1359244,4,3,71292
ring,3,1048576,200000.0,0.4,0.0,1.0,89,4,43,2779375,1359244,4,3,160917
ring,3,1048576,200000.0,0.4,0.0,1.0,89,4,44,2688583,1359244,4,3,154541
ring,3,1048576,200000.0,0.4,0.0,1.0,89,4,45,2684708,1359244,4,3,54916
ring,3,1048576,200000.0,0.4,0.0,1.0,89,4,46,2682417,1359244,4,3,62459
ring,3,1048576,200000.0,0.4,0.0,1.0,89,4,47,2722708,1359244,4,3,113208
ring,3,1048576,200000.0,0.4,0.0,1.0,89,4,48,2744958,1359244,4,3,84958
ring,3,1048576,200000.0,0.4,0.0,1.0,89,4,49,2744792,1359244,4,3,139584
ring,3,1048576,200000.0,0.4,0.0,1.0,89,4,50,2707958,1359244,4,3,96625
ring,3,1048576,200000.0,0.4,0.0,1.0,89,4,51,2713000,1359244,4,3,99125
ring,3,1048576,200000.0,0.4,0.0,1.0,89,4,52,2734375,1359244,4,3,209792
ring,3,1048576,200000.0,0.4,0.0,1.0,89,4,53,2672917,1359244,4,3,148042
ring,3,1048576,200000.0,0.4,0.0,1.0,89,4,54,2701917,1359244,4,3,148125
ring,3,1048576,200000.0,0.4,0.0,1.0,89,4,55,2713167,1359244,4,3,9042
ring,3,1048576,200000.0,0.4,0.0,1.0,89,4,56,2815958,1359244,4,3,200167
ring,3,1048576,200000.0,0.4,0.0,1.0,89,4,57,2779167,1359244,4,3,176459
ring,3,1048576,200000.0,0.4,0.0,1.0,89,4,58,2842042,1359244,4,3,156751
ring,3,1048576,200000.0,0.4,0.0,1.0,89,4,59,2861042,1359244,4,3,158250
ring,3,1048576,200000.0,0.4,0.0,1.0,89,4,60,2864417,1359244,4,3,134876
ring,3,1048576,200000.0,0.4,0.0,1.0,89,4,61,3021542,1359244,4,3,3792
ring,3,1048576,200000.0,0.4,0.0,1.0,89,4,62,2917625,1359244,4,3,148042
ring,3,1048576,200000.0,0.4,0.0,1.0,89,4,63,2840417,1359244,4,3,83000
ring,3,1048576,200000.0,0.4,0.0,1.0,89,4,64,2827292,1359244,4,3,85833
ring,3,1048576,200000.0,0.4,0.0,1.0,89,4,65,2820542,1359244,4,3,186042
ring,3,1048576,200000.0,0.4,0.0,1.0,89,4,66,2794041,1359244,4,3,92916
ring,3,1048576,200000.0,0.4,0.0,1.0,89,4,67,2737208,1359244,4,3,142792
ring,3,1048576,200000.0,0.4,0.0,1.0,89,4,68,2768792,1359244,4,3,68250
ring,3,1048576,200000.0,0.4,0.0,1.0,89,4,69,2826208,1359244,4,3,114875
ring,3,1048576,200000.0,0.4,0.0,1.0,89,4,70,2958875,1359244,4,3,110166
ring,3,1048576,200000.0,0.4,0.0,1.0,89,4,71,2925834,1359244,4,3,196959
ring,3,1048576,200000.0,0.4,0.0,1.0,89,4,72,2833625,1359244,4,3,79125
ring,3,1048576,200000.0,0.4,0.0,1.0,89,4,73,2907709,1359244,4,3,77125
ring,3,1048576,200000.0,0.4,0.0,1.0,89,4,74,2990875,1359244,4,3,169041
ring,3,1048576,200000.0,0.4,0.0,1.0,89,4,75,2793667,1359244,4,3,192209
ring,3,1048576,200000.0,0.4,0.0,1.0,89,4,76,2727875,1359244,4,3,210292
ring,3,1048576,200000.0,0.4,0.0,1.0,89,4,77,2752333,1359244,4,3,182000
ring,3,1048576,200000.0,0.4,0.0,1.0,89,4,78,2817792,1359244,4,3,163626
ring,3,1048576,200000.0,0.4,0.0,1.0,89,4,79,2969125,1359244,4,3,210750
ring,3,1048576,200000.0,0.4,0.0,1.0,89,4,80,2947084,1359244,4,3,162876
ring,3,1048576,200000.0,0.4,0.0,1.0,89,4,81,2984083,1359244,4,3,98167
ring,3,1048576,200000.0,0.4,0.0,1.0,89,4,82,2864334,1359244,4,3,140334
ring,3,1048576,200000.0,0.4,0.0,1.0,89,4,83,2833125,1359244,4,3,132208
ring,3,1048576,200000.0,0.4,0.0,1.0,89,4,84,2823833,1359244,4,3,133042
ring,3,1048576,200000.0,0.4,0.0,1.0,89,4,85,3019500,1359244,4,3,94708
ring,3,1048576,200000.0,0.4,0.0,1.0,89,4,86,2822125,1359244,4,3,183083
ring,3,1048576,200000.0,0.4,0.0,1.0,89,4,87,2783000,1359244,4,3,105875
ring,3,1048576,200000.0,0.4,0.0,1.0,89,4,88,2811333,1359244,4,3,93625
ring,3,1048576,200000.0,0.4,0.0,1.0,89,4,89,2825541,1359244,4,3,124749
ring,3,1048576,200000.0,0.4,0.0,1.0,89,4,90,2834042,1359244,4,3,121334
ring,3,1048576,200000.0,0.4,0.0,1.0,89,4,91,2795958,1359244,4,3,154041
ring,3,1048576,200000.0,0.4,0.0,1.0,89,4,92,2873416,1359244,4,3,180249
ring,3,1048576,200000.0,0.4,0.0,1.0,89,4,93,2795750,1359244,4,3,48667
ring,3,1048576,200000.0,0.4,0.0,1.0,89,4,94,2899875,1359244,4,3,24750
ring,3,1048576,200000.0,0.4,0.0,1.0,89,4,95,2851666,1359244,4,3,115541
ring,3,1048576,200000.0,0.4,0.0,1.0,89,4,96,2763000,1359244,4,3,123208
ring,3,1048576,200000.0,0.4,0.0,1.0,89,4,97,2891791,1359244,4,3,159957
ring,3,1048576,200000.0,0.4,0.0,1.0,89,4,98,2824416,1359244,4,3,68208
ring,3,1048576,200000.0,0.4,0.0,1.0,89,4,99,2874792,1359244,4,3,189625
ring,3,1048576,200000.0,0.4,0.0,1.0,89,4,100,2879833,1359244,4,3,142500
ring,3,1048576,200000.0,0.4,0.0,1.0,89,4,101,2867667,1359244,4,3,120584
ring,3,1048576,200000.0,0.4,0.0,1.0,89,4,102,2870500,1359244,4,3,135584
ring,3,1048576,200000.0,0.4,0.0,1.0,89,4,103,2933875,1359244,4,3,220458
ring,3,1048576,200000.0,0.4,0.0,1.0,89,4,104,3063541,1359244,4,3,122249
ring,3,1048576,200000.0,0.4,0.0,1.0,89,4,105,2808292,1359244,4,3,22626
ring,3,1048576,200000.0,0.4,0.0,1.0,89,4,106,2836917,1359244,4,3,119875
ring,3,1048576,200000.0,0.4,0.0,1.0,89,4,107,2838917,1359244,4,3,119875
ring,3,1048576,200000.0,0.4,0.0,1.0,89,4,108,2825250,1359244,4,3,133292
ring,3,1048576,200000.0,0.4,0.0,1.0,89,4,109,2851917,1359244,4,3,144042
ring,3,1048576,200000.0,0.4,0.0,1.0,89,4,110,2750791,1359244,4,3,122291
ring,3,1048576,200000.0,0.4,0.0,1.0,89,4,111,2817042,1359244,4,3,200000
ring,3,1048576,200000.0,0.4,0.0,1.0,89,4,112,2837459,1359244,4,3,78084
ring,3,1048576,200000.0,0.4,0.0,1.0,89,4,113,2776291,1359244,4,3,131999
ring,3,1048576,200000.0,0.4,0.0,1.0,89,4,114,2923334,1359244,4,3,85543
ring,3,1048576,200000.0,0.4,0.0,1.0,89,4,115,2745709,1359244,4,3,96542
ring,3,1048576,200000.0,0.4,0.0,1.0,89,4,116,2853000,1359244,4,3,93333
ring,3,1048576,200000.0,0.4,0.0,1.0,89,4,117,2863917,1359244,4,3,135001
ring,3,1048576,200000.0,0.4,0.0,1.0,89,4,118,2860792,1359244,4,3,135792
ring,3,1048576,200000.0,0.4,0.0,1.0,89,4,119,2790167,1359244,4,3,27917
ring,3,1048576,200000.0,0.4,0.0,1.0,89,4,120,2796875,1359244,4,3,161500
ring,3,1048576,200000.0,0.4,0.0,1.0,89,4,121,3022541,1359244,4,3,154875
ring,3,1048576,200000.0,0.4,0.0,1.0,89,4,122,2901708,1359244,4,3,72833
ring,3,1048576,200000.0,0.4,0.0,1.0,89,4,123,2893125,1359244,4,3,97333
ring,3,1048576,200000.0,0.4,0.0,1.0,89,4,124,2786542,1359244,4,3,178583
ring,3,1048576,200000.0,0.4,0.0,1.0,89,4,125,2840125,1359244,4,3,145416
ring,3,1048576,200000.0,0.4,0.0,1.0,89,4,126,2840458,1359244,4,3,172374
ring,3,1048576,200000.0,0.4,0.0,1.0,89,4,127,2853375,1359244,4,3,93500
ring,3,1048576,200000.0,0.4,0.0,1.0,89,4,128,2926625,1359244,4,3,230583
ring,3,1048576,200000.0,0.4,0.0,1.0,89,4,129,2854916,1359244,4,3,106749
ring,3,1048576,200000.0,0.4,0.0,1.0,89,4,130,2795959,1359244,4,3,38668
ring,3,1048576,200000.0,0.4,0.0,1.0,89,4,131,2809792,1359244,4,3,48500
ring,3,1048576,200000.0,0.4,0.0,1.0,89,4,132,2830542,1359244,4,3,114458
ring,3,1048576,200000.0,0.4,0.0,1.0,89,4,133,2834833,1359244,4,3,142333
ring,3,1048576,200000.0,0.4,0.0,1.0,89,4,134,2884208,1359244,4,3,135500
ring,3,1048576,200000.0,0.4,0.0,1.0,89,4,135,2763375,1359244,4,3,197042
ring,3,1048576,200000.0,0.4,0.0,1.0,89,4,136,2820917,1359244,4,3,113876
ring,3,1048576,200000.0,0.4,0.0,1.0,89,4,137,2754000,1359244,4,3,98000
ring,3,1048576,200000.0,0.4,0.0,1.0,89,4,138,2779792,1359244,4,3,185042
ring,3,1048576,200000.0,0.4,0.0,1.0,89,4,139,2889125,1359244,4,3,145583
ring,3,1048576,200000.0,0.4,0.0,1.0,89,4,140,2844416,1359244,4,3,154416
ring,3,1048576,200000.0,0.4,0.0,1.0,89,4,141,2806708,1359244,4,3,146417
ring,3,1048576,200000.0,0.4,0.0,1.0,89,4,142,2813458,1359244,4,3,241666
ring,3,1048576,200000.0,0.4,0.0,1.0,89,4,143,2781375,1359244,4,3,25917
ring,3,1048576,200000.0,0.4,0.0,1.0,89,4,144,2851542,1359244,4,3,68875
ring,3,1048576,200000.0,0.4,0.0,1.0,89,4,145,2886750,1359244,4,3,176500
ring,3,1048576,200000.0,0.4,0.0,1.0,89,4,146,2806708,1359244,4,3,136166
ring,3,1048576,200000.0,0.4,0.0,1.0,89,4,147,2841250,1359244,4,3,164333
ring,3,1048576,200000.0,0.4,0.0,1.0,89,4,148,2748292,1359244,4,3,178126
ring,3,1048576,200000.0,0.4,0.0,1.0,89,4,149,2925958,1359244,4,3,149916
ring,3,1048576,200000.0,0.4,0.0,1.0,89,4,150,2788500,1359244,4,3,179750
ring,3,1048576,200000.0,0.4,0.0,1.0,89,4,151,2817459,1359244,4,3,126501
ring,3,1048576,200000.0,0.4,0.0,1.0,89,4,152,2834917,1359244,4,3,152917
ring,3,1048576,200000.0,0.4,0.0,1.0,89,4,153,2784167,1359244,4,3,33542
ring,3,1048576,200000.0,0.4,0.0,1.0,89,4,154,2920000,1359244,4,3,131667
ring,3,1048576,200000.0,0.4,0.0,1.0,89,4,155,2849917,1359244,4,3,153083
ring,3,1048576,200000.0,0.4,0.0,1.0,89,4,156,2815875,1359244,4,3,71541
ring,3,1048576,200000.0,0.4,0.0,1.0,89,4,157,2969916,1359244,4,3,159208
ring,3,1048576,200000.0,0.4,0.0,1.0,89,4,158,2824459,1359244,4,3,187042
ring,3,1048576,200000.0,0.4,0.0,1.0,89,4,159,2778959,1359244,4,3,133959
ring,3,1048576,200000.0,0.4,0.0,1.0,89,4,160,2867250,1359244,4,3,118500
ring,3,1048576,200000.0,0.4,0.0,1.0,89,4,161,2899750,1359244,4,3,85167
ring,3,1048576,200000.0,0.4,0.0,1.0,89,4,162,2930666,1359244,4,3,163249
ring,3,1048576,200000.0,0.4,0.0,1.0,89,4,163,2839125,1359244,4,3,73166
ring,3,1048576,200000.0,0.4,0.0,1.0,89,4,164,2929250,1359244,4,3,245375
ring,3,1048576,200000.0,0.4,0.0,1.0,89,4,165,2839083,1359244,4,3,111958
ring,3,1048576,200000.0,0.4,0.0,1.0,89,4,166,2794458,1359244,4,3,132708
ring,3,1048576,200000.0,0.4,0.0,1.0,89,4,167,2959750,1359244,4,3,153000
ring,3,1048576,200000.0,0.4,0.0,1.0,89,4,168,2751708,1359244,4,3,65416
ring,3,1048576,200000.0,0.4,0.0,1.0,89,4,169,2817958,1359244,4,3,163791
ring,3,1048576,200000.0,0.4,0.0,1.0,89,4,170,2904250,1359244,4,3,132500
ring,3,1048576,200000.0,0.4,0.0,1.0,89,4,171,3014625,1359244,4,3,93375
ring,3,1048576,200000.0,0.4,0.0,1.0,89,4,172,2863708,1359244,4,3,150999
ring,3,1048576,200000.0,0.4,0.0,1.0,89,4,173,2805541,1359244,4,3,108416
ring,3,1048576,200000.0,0.4,0.0,1.0,89,4,174,2853375,1359244,4,3,104125
ring,3,1048576,200000.0,0.4,0.0,1.0,89,4,175,2897084,1359244,4,3,97417
ring,3,1048576,200000.0,0.4,0.0,1.0,89,4,176,2812666,1359244,4,3,118541
ring,3,1048576,200000.0,0.4,0.0,1.0,89,4,177,2894917,1359244,4,3,116667
ring,3,1048576,200000.0,0.4,0.0,1.0,89,4,178,2830708,1359244,4,3,90874
ring,3,1048576,200000.0,0.4,0.0,1.0,89,4,179,2787917,1359244,4,3,129250
ring,3,1048576,200000.0,0.4,0.0,1.0,89,4,180,2910000,1359244,4,3,190625
ring,3,1048576,200000.0,0.4,0.0,1.0,89,4,181,2856125,1359244,4,3,137459
ring,3,1048576,200000.0,0.4,0.0,1.0,89,4,182,2860250,1359244,4,3,107167
ring,3,1048576,200000.0,0.4,0.0,1.0,89,4,183,2913708,1359244,4,3,106375
ring,3,1048576,200000.0,0.4,0.0,1.0,89,4,184,2875542,1359244,4,3,143625
ring,3,1048576,200000.0,0.4,0.0,1.0,89,4,185,2828833,1359244,4,3,113208
ring,3,1048576,200000.0,0.4,0.0,1.0,89,4,186,2975292,1359244,4,3,133375
ring,3,1048576,200000.0,0.4,0.0,1.0,89,4,187,2867333,1359244,4,3,81374
ring,3,1048576,200000.0,0.4,0.0,1.0,89,4,188,2843083,1359244,4,3,35083
ring,3,1048576,200000.0,0.4,0.0,1.0,89,4,189,2852334,1359244,4,3,68959
ring,3,1048576,200000.0,0.4,0.0,1.0,89,4,190,2931208,1359244,4,3,154625
ring,3,1048576,200000.0,0.4,0.0,1.0,89,4,191,2876750,1359244,4,3,99125
ring,3,1048576,200000.0,0.4,0.0,1.0,89,4,192,3004334,1359244,4,3,126125
ring,3,1048576,200000.0,0.4,0.0,1.0,89,4,193,2839250,1359244,4,3,177584
ring,3,1048576,200000.0,0.4,0.0,1.0,89,4,194,2948500,1359244,4,3,125167
ring,3,1048576,200000.0,0.4,0.0,1.0,89,4,195,2887875,1359244,4,3,164542
ring,3,1048576,200000.0,0.4,0.0,1.0,89,4,196,3055917,1359244,4,3,34125
ring,3,1048576,200000.0,0.4,0.0,1.0,89,4,197,2940042,1359244,4,3,142708
ring,3,1048576,200000.0,0.4,0.0,1.0,89,4,198,2892334,1359244,4,3,46709
ring,3,1048576,200000.0,0.4,0.0,1.0,89,4,199,2893625,1359244,4,3,65125
ring,3,1048576,200000.0,0.4,0.0,1.0,89,4,200,2921875,1359244,4,3,190833
ring,3,1048576,200000.0,0.4,0.0,1.0,89,4,201,2977125,1359244,4,3,89167
ring,3,1048576,200000.0,0.4,0.0,1.0,89,4,202,2895000,1359244,4,3,173750
ring,3,1048576,200000.0,0.4,0.0,1.0,89,4,203,2794333,1359244,4,3,40708
ring,3,1048576,200000.0,0.4,0.0,1.0,89,4,204,3005584,1359244,4,3,47709
ring,3,1048576,200000.0,0.4,0.0,1.0,89,4,205,2880667,1359244,4,3,28417
ring,3,1048576,200000.0,0.4,0.0,1.0,89,4,206,3225625,1359244,4,3,94500
ring,3,1048576,200000.0,0.4,0.0,1.0,89,4,207,3096250,1359244,4,3,64208
ring,3,1048576,200000.0,0.4,0.0,1.0,89,4,208,2924292,1359244,4,3,154333
ring,3,1048576,200000.0,0.4,0.0,1.0,89,4,209,3165459,1359244,4,3,129209
ring,3,1048576,200000.0,0.4,0.0,1.0,89,4,210,3025125,1359244,4,3,109167
ring,3,1048576,200000.0,0.4,0.0,1.0,89,4,211,2951584,1359244,4,3,38751
ring,3,1048576,200000.0,0.4,0.0,1.0,89,4,212,2913416,1359244,4,3,94916
ring,3,1048576,200000.0,0.4,0.0,1.0,89,4,213,2994875,1359244,4,3,46041
ring,3,1048576,200000.0,0.4,0.0,1.0,89,4,214,2965333,1359244,4,3,154291
ring,3,1048576,200000.0,0.4,0.0,1.0,89,4,215,2792625,1359244,4,3,128458
ring,3,1048576,200000.0,0.4,0.0,1.0,89,4,216,2760459,1359244,4,3,131293
ring,3,1048576,200000.0,0.4,0.0,1.0,89,4,217,2813167,1359244,4,3,92834
ring,3,1048576,200000.0,0.4,0.0,1.0,89,4,218,2928833,1359244,4,3,164208
ring,3,1048576,200000.0,0.4,0.0,1.0,89,4,219,2847250,1359244,4,3,98958
ring,3,1048576,200000.0,0.4,0.0,1.0,89,4,220,2745750,1359244,4,3,17583
ring,3,1048576,200000.0,0.4,0.0,1.0,89,4,221,2892250,1359244,4,3,84709
ring,3,1048576,200000.0,0.4,0.0,1.0,89,4,222,2784292,1359244,4,3,187042
ring,3,1048576,200000.0,0.4,0.0,1.0,89,4,223,2996000,1359244,4,3,191000
ring,3,1048576,200000.0,0.4,0.0,1.0,89,4,224,2861208,1359244,4,3,131583
ring,3,1048576,200000.0,0.4,0.0,1.0,89,4,225,2745375,1359244,4,3,134000
ring,3,1048576,200000.0,0.4,0.0,1.0,89,4,226,2925542,1359244,4,3,155709
ring,3,1048576,200000.0,0.4,0.0,1.0,89,4,227,2818500,1359244,4,3,183583
ring,3,1048576,200000.0,0.4,0.0,1.0,89,4,228,2750958,1359244,4,3,199625
ring,3,1048576,200000.0,0.4,0.0,1.0,89,4,229,2902875,1359244,4,3,80292
ring,3,1048576,200000.0,0.4,0.0,1.0,89,4,230,2906584,1359244,4,3,127834
ring,3,1048576,200000.0,0.4,0.0,1.0,89,4,231,2989750,1359244,4,3,167834
ring,3,1048576,200000.0,0.4,0.0,1.0,89,4,232,2896833,1359244,4,3,187708
ring,3,1048576,200000.0,0.4,0.0,1.0,89,4,233,2964125,1359244,4,3,67917
ring,3,1048576,200000.0,0.4,0.0,1.0,89,4,234,3035334,1359244,4,3,178792
ring,3,1048576,200000.0,0.4,0.0,1.0,89,4,235,2895375,1359244,4,3,56625
ring,3,1048576,200000.0,0.4,0.0,1.0,89,4,236,2878167,1359244,4,3,116417
ring,3,1048576,200000.0,0.4,0.0,1.0,89,4,237,2939500,1359244,4,3,92708
ring,3,1048576,200000.0,0.4,0.0,1.0,89,4,238,3121042,1359244,4,3,141084
ring,3,1048576,200000.0,0.4,0.0,1.0,89,4,239,3710208,1359244,4,3,133917
ring,3,1048576,200000.0,0.4,0.0,1.0,89,4,240,3225750,1359244,4,3,73042
ring,3,1048576,200000.0,0.4,0.0,1.0,89,4,241,2970458,1359244,4,3,203875
ring,3,1048576,200000.0,0.4,0.0,1.0,89,4,242,2949708,1359244,4,3,175125
ring,3,1048576,200000.0,0.4,0.0,1.0,89,4,243,3144000,1359244,4,3,40792
ring,3,1048576,200000.0,0.4,0.0,1.0,89,4,244,3421083,1359244,4,3,81750
ring,3,1048576,200000.0,0.4,0.0,1.0,89,4,245,3048541,1359244,4,3,78332
ring,3,1048576,200000.0,0.4,0.0,1.0,89,4,246,2912625,1359244,4,3,87292
ring,3,1048576,200000.0,0.4,0.0,1.0,89,4,247,3026500,1359244,4,3,142334
ring,3,1048576,200000.0,0.4,0.0,1.0,89,4,248,2973042,1359244,4,3,90042
ring,3,1048576,200000.0,0.4,0.0,1.0,89,4,249,2897250,1359244,4,3,118625
ring,3,1048576,200000.0,0.4,0.0,1.0,89,4,250,2738625,1359244,4,3,134166
ring,3,1048576,200000.0,0.4,0.0,1.0,89,4,251,2912500,1359244,4,3,108417
ring,3,1048576,200000.0,0.4,0.0,1.0,89,4,252,2867500,1359244,4,3,131291
ring,3,1048576,200000.0,0.4,0.0,1.0,89,4,253,2827542,1359244,4,3,93625
ring,3,1048576,200000.0,0.4,0.0,1.0,89,4,254,2883375,1359244,4,3,37416
ring,3,1048576,200000.0,0.4,0.0,1.0,89,4,255,2841583,1359244,4,3,108708
ring,3,1048576,200000.0,0.4,0.0,1.0,89,4,256,2784583,1359244,4,3,145541
ring,3,1048576,200000.0,0.4,0.0,1.0,89,4,257,2925667,1359244,4,3,155125
ring,3,1048576,200000.0,0.4,0.0,1.0,89,4,258,2817750,1359244,4,3,142292
ring,3,1048576,200000.0,0.4,0.0,1.0,89,4,259,3134125,1359244,4,3,120625
ring,3,1048576,200000.0,0.4,0.0,1.0,89,4,260,2750208,1359244,4,3,103999
ring,3,1048576,200000.0,0.4,0.0,1.0,89,4,261,3083375,1359244,4,3,167834
ring,3,1048576,200000.0,0.4,0.0,1.0,89,4,262,2849375,1359244,4,3,130708
ring,3,1048576,200000.0,0.4,0.0,1.0,89,4,263,2796083,1359244,4,3,115583
ring,3,1048576,200000.0,0.4,0.0,1.0,89,4,264,2826333,1359244,4,3,71333
ring,3,1048576,200000.0,0.4,0.0,1.0,89,4,265,2757666,1359244,4,3,154916
ring,3,1048576,200000.0,0.4,0.0,1.0,89,4,266,2940667,1359244,4,3,112459
ring,3,1048576,200000.0,0.4,0.0,1.0,89,4,267,2691250,1359244,4,3,164708
ring,3,1048576,200000.0,0.4,0.0,1.0,89,4,268,2817334,1359244,4,3,152875
ring,3,1048576,200000.0,0.4,0.0,1.0,89,4,269,2874750,1359244,4,3,156083
ring,3,1048576,200000.0,0.4,0.0,1.0,89,4,270,2821042,1359244,4,3,108667
ring,3,1048576,200000.0,0.4,0.0,1.0,89,4,271,2934000,1359244,4,3,207125
ring,3,1048576,200000.0,0.4,0.0,1.0,89,4,272,2934125,1359244,4,3,136791
ring,3,1048576,200000.0,0.4,0.0,1.0,89,4,273,2959042,1359244,4,3,66209
ring,3,1048576,200000.0,0.4,0.0,1.0,89,4,274,2999250,1359244,4,3,228875
ring,3,1048576,200000.0,0.4,0.0,1.0,89,4,275,2909208,1359244,4,3,104125
ring,3,1048576,200000.0,0.4,0.0,1.0,89,4,276,2843125,1359244,4,3,94708
ring,3,1048576,200000.0,0.4,0.0,1.0,89,4,277,2981833,1359244,4,3,33333
ring,3,1048576,200000.0,0.4,0.0,1.0,89,4,278,2754584,1359244,4,3,77292
ring,3,1048576,200000.0,0.4,0.0,1.0,89,4,279,2990042,1359244,4,3,135584
ring,3,1048576,200000.0,0.4,0.0,1.0,89,4,280,2923959,1359244,4,3,179793
ring,3,1048576,200000.0,0.4,0.0,1.0,89,4,281,2978250,1359244,4,3,27167
ring,3,1048576,200000.0,0.4,0.0,1.0,89,4,282,2940041,1359244,4,3,102916
ring,3,1048576,200000.0,0.4,0.0,1.0,89,4,283,2828458,1359244,4,3,167500
ring,3,1048576,200000.0,0.4,0.0,1.0,89,4,284,2931417,1359244,4,3,175542
ring,3,1048576,200000.0,0.4,0.0,1.0,89,4,285,3128459,1359244,4,3,132626
ring,3,1048576,200000.0,0.4,0.0,1.0,89,4,286,2980458,1359244,4,3,185999
ring,3,1048576,200000.0,0.4,0.0,1.0,89,4,287,3040583,1359244,4,3,101958
ring,3,1048576,200000.0,0.4,0.0,1.0,89,4,288,2906333,1359244,4,3,64541
ring,3,1048576,200000.0,0.4,0.0,1.0,89,4,289,2965750,1359244,4,3,138792
ring,3,1048576,200000.0,0.4,0.0,1.0,89,4,290,3036666,1359244,4,3,142207
ring,3,1048576,200000.0,0.4,0.0,1.0,89,4,291,2877000,1359244,4,3,141667
ring,3,1048576,200000.0,0.4,0.0,1.0,89,4,292,2875708,1359244,4,3,134666
ring,3,1048576,200000.0,0.4,0.0,1.0,89,4,293,2872708,1359244,4,3,95125
ring,3,1048576,200000.0,0.4,0.0,1.0,89,4,294,2873083,1359244,4,3,151000
ring,3,1048576,200000.0,0.4,0.0,1.0,89,4,295,2957958,1359244,4,3,123416
ring,3,1048576,200000.0,0.4,0.0,1.0,89,4,296,2812917,1359244,4,3,99501
ring,3,1048576,200000.0,0.4,0.0,1.0,89,4,297,3019416,1359244,4,3,175541
ring,3,1048576,200000.0,0.4,0.0,1.0,89,4,298,2856417,1359244,4,3,119709
ring,3,1048576,200000.0,0.4,0.0,1.0,89,4,299,2832125,1359244,4,3,222250
ring,3,1048576,200000.0,0.4,0.0,1.0,89,4,300,2922208,1359244,4,3,162374
ring,3,1048576,200000.0,0.4,0.0,1.0,89,4,301,3053625,1359244,4,3,156833
ring,3,1048576,200000.0,0.4,0.0,1.0,89,4,302,2882667,1359244,4,3,101792
ring,3,1048576,200000.0,0.4,0.0,1.0,89,4,303,2960708,1359244,4,3,159499
ring,3,1048576,200000.0,0.4,0.0,1.0,89,4,304,2916167,1359244,4,3,119417
ring,3,1048576,200000.0,0.4,0.0,1.0,89,4,305,2994459,1359244,4,3,53917
ring,3,1048576,200000.0,0.4,0.0,1.0,89,4,306,3079292,1359244,4,3,97708
ring,3,1048576,200000.0,0.4,0.0,1.0,89,4,307,2884959,1359244,4,3,120709
ring,3,1048576,200000.0,0.4,0.0,1.0,89,4,308,3034416,1359244,4,3,143666
ring,3,1048576,200000.0,0.4,0.0,1.0,89,4,309,2875625,1359244,4,3,200250
ring,3,1048576,200000.0,0.4,0.0,1.0,89,4,310,2924208,1359244,4,3,120458
ring,3,1048576,200000.0,0.4,0.0,1.0,89,4,311,2861500,1359244,4,3,138417
ring,3,1048576,200000.0,0.4,0.0,1.0,89,4,312,3014458,1359244,4,3,123416
ring,3,1048576,200000.0,0.4,0.0,1.0,89,4,313,3012334,1359244,4,3,118126
ring,3,1048576,200000.0,0.4,0.0,1.0,89,4,314,2970208,1359244,4,3,199708
ring,3,1048576,200000.0,0.4,0.0,1.0,89,4,315,2781000,1359244,4,3,152375
ring,3,1048576,200000.0,0.4,0.0,1.0,89,4,316,2895583,1359244,4,3,115708
ring,3,1048576,200000.0,0.4,0.0,1.0,89,4,317,2814708,1359244,4,3,138291
ring,3,1048576,200000.0,0.4,0.0,1.0,89,4,318,2824125,1359244,4,3,113625
ring,3,1048576,200000.0,0.4,0.0,1.0,89,4,319,2776416,1359244,4,3,105333
ring,3,1048576,200000.0,0.4,0.0,1.0,89,4,320,2828833,1359244,4,3,58541
ring,3,1048576,200000.0,0.4,0.0,1.0,89,4,321,2796042,1359244,4,3,168709
ring,3,1048576,200000.0,0.4,0.0,1.0,89,4,322,2951500,1359244,4,3,118208
ring,3,1048576,200000.0,0.4,0.0,1.0,89,4,323,2804959,1359244,4,3,114334
ring,3,1048576,200000.0,0.4,0.0,1.0,89,4,324,2890000,1359244,4,3,135875
ring,3,1048576,200000.0,0.4,0.0,1.0,89,4,325,2755250,1359244,4,3,190459
ring,3,1048576,200000.0,0.4,0.0,1.0,89,4,326,2809375,1359244,4,3,169042
ring,3,1048576,200000.0,0.4,0.0,1.0,89,4,327,2707833,1359244,4,3,51750
ring,3,1048576,200000.0,0.4,0.0,1.0,89,4,328,2722958,1359244,4,3,95875
ring,3,1048576,200000.0,0.4,0.0,1.0,89,4,329,2804167,1359244,4,3,81167
ring,3,1048576,200000.0,0.4,0.0,1.0,89,4,330,2742334,1359244,4,3,86292
ring,3,1048576,200000.0,0.4,0.0,1.0,89,4,331,2793292,1359244,4,3,123542
ring,3,1048576,200000.0,0.4,0.0,1.0,89,4,332,2768792,1359244,4,3,198501
ring,3,1048576,200000.0,0.4,0.0,1.0,89,4,333,2811125,1359244,4,3,129042
ring,3,1048576,200000.0,0.4,0.0,1.0,89,4,334,2880666,1359244,4,3,129582
ring,3,1048576,200000.0,0.4,0.0,1.0,89,4,335,2907041,1359244,4,3,183957
ring,3,1048576,200000.0,0.4,0.0,1.0,89,4,336,2987125,1359244,4,3,131958
ring,3,1048576,200000.0,0.4,0.0,1.0,89,4,337,2714417,1359244,4,3,85292
ring,3,1048576,200000.0,0.4,0.0,1.0,89,4,338,2819709,1359244,4,3,163542
ring,3,1048576,200000.0,0.4,0.0,1.0,89,4,339,2883291,1359244,4,3,90666
ring,3,1048576,200000.0,0.4,0.0,1.0,89,4,340,2784500,1359244,4,3,114708
ring,3,1048576,200000.0,0.4,0.0,1.0,89,4,341,2811417,1359244,4,3,204333
ring,3,1048576,200000.0,0.4,0.0,1.0,89,4,342,2680666,1359244,4,3,150624
ring,3,1048576,200000.0,0.4,0.0,1.0,89,4,343,2641417,1359244,4,3,124751
ring,3,1048576,200000.0,0.4,0.0,1.0,89,4,344,2756458,1359244,4,3,129292
ring,3,1048576,200000.0,0.4,0.0,1.0,89,4,345,2752291,1359244,4,3,110499
ring,3,1048576,200000.0,0.4,0.0,1.0,89,4,346,2832750,1359244,4,3,97292
ring,3,1048576,200000.0,0.4,0.0,1.0,89,4,347,2872333,1359244,4,3,93958
ring,3,1048576,200000.0,0.4,0.0,1.0,89,4,348,2936250,1359244,4,3,176292
ring,3,1048576,200000.0,0.4,0.0,1.0,89,4,349,2804208,1359244,4,3,147791
ring,3,1048576,200000.0,0.4,0.0,1.0,89,4,350,2664375,1359244,4,3,63542
ring,3,1048576,200000.0,0.4,0.0,1.0,89,4,351,2680416,1359244,4,3,134624
ring,3,1048576,200000.0,0.4,0.0,1.0,89,4,352,2651875,1359244,4,3,148625
ring,3,1048576,200000.0,0.4,0.0,1.0,89,4,353,2716083,1359244,4,3,121208
ring,3,1048576,200000.0,0.4,0.0,1.0,89,4,354,2698458,1359244,4,3,138583
ring,3,1048576,200000.0,0.4,0.0,1.0,89,4,355,2797667,1359244,4,3,86792
ring,3,1048576,200000.0,0.4,0.0,1.0,89,4,356,2746625,1359244,4,3,120542
ring,3,1048576,200000.0,0.4,0.0,1.0,89,4,357,2756208,1359244,4,3,176500
ring,3,1048576,200000.0,0.4,0.0,1.0,89,4,358,2686792,1359244,4,3,148625
ring,3,1048576,200000.0,0.4,0.0,1.0,89,4,359,2849833,1359244,4,3,117750
ring,3,1048576,200000.0,0.4,0.0,1.0,89,4,360,2730083,1359244,4,3,142583
ring,3,1048576,200000.0,0.4,0.0,1.0,89,4,361,2764292,1359244,4,3,128875
ring,3,1048576,200000.0,0.4,0.0,1.0,89,4,362,2691459,1359244,4,3,153793
ring,3,1048576,200000.0,0.4,0.0,1.0,89,4,363,2770791,1359244,4,3,127416
ring,3,1048576,200000.0,0.4,0.0,1.0,89,4,364,2708917,1359244,4,3,107417
ring,3,1048576,200000.0,0.4,0.0,1.0,89,4,365,2766667,1359244,4,3,93958
ring,3,1048576,200000.0,0.4,0.0,1.0,89,4,366,2722958,1359244,4,3,97708
ring,3,1048576,200000.0,0.4,0.0,1.0,89,4,367,2674500,1359244,4,3,91292
ring,3,1048576,200000.0,0.4,0.0,1.0,89,4,368,2702625,1359244,4,3,104083
ring,3,1048576,200000.0,0.4,0.0,1.0,89,4,369,2611125,1359244,4,3,160083
ring,3,1048576,200000.0,0.4,0.0,1.0,89,4,370,2651166,1359244,4,3,82500
ring,3,1048576,200000.0,0.4,0.0,1.0,89,4,371,2714041,1359244,4,3,97208
ring,3,1048576,200000.0,0.4,0.0,1.0,89,4,372,2656334,1359244,4,3,66250
ring,3,1048576,200000.0,0.4,0.0,1.0,89,4,373,2752792,1359244,4,3,193958
ring,3,1048576,200000.0,0.4,0.0,1.0,89,4,374,2708667,1359244,4,3,87751
ring,3,1048576,200000.0,0.4,0.0,1.0,89,4,375,2728041,1359244,4,3,186624
ring,3,1048576,200000.0,0.4,0.0,1.0,89,4,376,2694792,1359244,4,3,97542
ring,3,1048576,200000.0,0.4,0.0,1.0,89,4,377,2670083,1359244,4,3,146750
ring,3,1048576,200000.0,0.4,0.0,1.0,89,4,378,2844209,1359244,4,3,182875
ring,3,1048576,200000.0,0.4,0.0,1.0,89,4,379,2595209,1359244,4,3,118459
ring,3,1048576,200000.0,0.4,0.0,1.0,89,4,380,2776000,1359244,4,3,185666
ring,3,1048576,200000.0,0.4,0.0,1.0,89,4,381,2813583,1359244,4,3,102833
ring,3,1048576,200000.0,0.4,0.0,1.0,89,4,382,2790459,1359244,4,3,138292
ring,3,1048576,200000.0,0.4,0.0,1.0,89,4,383,2655666,1359244,4,3,155457
ring,3,1048576,200000.0,0.4,0.0,1.0,89,4,384,2718958,1359244,4,3,171250
ring,3,1048576,200000.0,0.4,0.0,1.0,89,4,385,2751792,1359244,4,3,149209
ring,3,1048576,200000.0,0.4,0.0,1.0,89,4,386,2775458,1359244,4,3,149333
ring,3,1048576,200000.0,0.4,0.0,1.0,89,4,387,2657417,1359244,4,3,129042
ring,3,1048576,200000.0,0.4,0.0,1.0,89,4,388,2640125,1359244,4,3,134375
ring,3,1048576,200000.0,0.4,0.0,1.0,89,4,389,2816875,1359244,4,3,125042
ring,3,1048576,200000.0,0.4,0.0,1.0,89,4,390,2767375,1359244,4,3,130958
ring,3,1048576,200000.0,0.4,0.0,1.0,89,4,391,2786125,1359244,4,3,84750
ring,3,1048576,200000.0,0.4,0.0,1.0,89,4,392,2835584,1359244,4,3,133876
ring,3,1048576,200000.0,0.4,0.0,1.0,89,4,393,2784667,1359244,4,3,116209
ring,3,1048576,200000.0,0.4,0.0,1.0,89,4,394,2787959,1359244,4,3,96834
ring,3,1048576,200000.0,0.4,0.0,1.0,89,4,395,2874708,1359244,4,3,113958
ring,3,1048576,200000.0,0.4,0.0,1.0,89,4,396,2882834,1359244,4,3,121542
ring,3,1048576,200000.0,0.4,0.0,1.0,89,4,397,2803875,1359244,4,3,124708
ring,3,1048576,200000.0,0.4,0.0,1.0,89,4,398,2832958,1359244,4,3,162416
ring,3,1048576,200000.0,0.4,0.0,1.0,89,4,399,2773000,1359244,4,3,82167
ps,3,1048576,200000.0,0.4,0.0,1.0,89,4,0,2827750,619430,1,3,623833
ps,3,1048576,200000.0,0.4,0.0,1.0,89,4,1,2833750,619430,1,3,622500
ps,3,1048576,200000.0,0.4,0.0,1.0,89,4,2,2823166,619430,1,3,602499
ps,3,1048576,200000.0,0.4,0.0,1.0,89,4,3,2813708,619430,1,3,584333
ps,3,1048576,200000.0,0.4,0.0,1.0,89,4,4,2845333,619430,1,3,614333
ps,3,1048576,200000.0,0.4,0.0,1.0,89,4,5,2821334,619430,1,3,625084
ps,3,1048576,200000.0,0.4,0.0,1.0,89,4,6,2770500,619430,1,3,609334
ps,3,1048576,200000.0,0.4,0.0,1.0,89,4,7,2774250,619430,1,3,598792
ps,3,1048576,200000.0,0.4,0.0,1.0,89,4,8,2854334,619430,1,3,602918
ps,3,1048576,200000.0,0.4,0.0,1.0,89,4,9,2824458,619430,1,3,651000
ps,3,1048576,200000.0,0.4,0.0,1.0,89,4,10,2856292,619430,1,3,682001
ps,3,1048576,200000.0,0.4,0.0,1.0,89,4,11,2852292,619430,1,3,649584
ps,3,1048576,200000.0,0.4,0.0,1.0,89,4,12,2823667,619430,1,3,633875
ps,3,1048576,200000.0,0.4,0.0,1.0,89,4,13,2826625,619430,1,3,647333
ps,3,1048576,200000.0,0.4,0.0,1.0,89,4,14,2820625,619430,1,3,627250
ps,3,1048576,200000.0,0.4,0.0,1.0,89,4,15,2814041,619430,1,3,614207
ps,3,1048576,200000.0,0.4,0.0,1.0,89,4,16,2850625,619430,1,3,573916
ps,3,1048576,200000.0,0.4,0.0,1.0,89,4,17,2740875,619430,1,3,644292
ps,3,1048576,200000.0,0.4,0.0,1.0,89,4,18,2795250,619430,1,3,629834
ps,3,1048576,200000.0,0.4,0.0,1.0,89,4,19,2792875,619430,1,3,599250
ps,3,1048576,200000.0,0.4,0.0,1.0,89,4,20,2747250,619430,1,3,620833
ps,3,1048576,200000.0,0.4,0.0,1.0,89,4,21,2763250,619430,1,3,614584
ps,3,1048576,200000.0,0.4,0.0,1.0,89,4,22,2781542,619430,1,3,602000
ps,3,1048576,200000.0,0.4,0.0,1.0,89,4,23,2776167,619430,1,3,610625
ps,3,1048576,200000.0,0.4,0.0,1.0,89,4,24,2808458,619430,1,3,618167
ps,3,1048576,200000.0,0.4,0.0,1.0,89,4,25,2752833,619430,1,3,618125
ps,3,1048576,200000.0,0.4,0.0,1.0,89,4,26,2777167,619430,1,3,655750
ps,3,1048576,200000.0,0.4,0.0,1.0,89,4,27,2754459,619430,1,3,640834
ps,3,1048576,200000.0,0.4,0.0,1.0,89,4,28,2757791,619430,1,3,636541
ps,3,1048576,200000.0,0.4,0.0,1.0,89,4,29,2759625,619430,1,3,618500
ps,3,1048576,200000.0,0.4,0.0,1.0,89,4,30,2805209,619430,1,3,611751
ps,3,1048576,200000.0,0.4,0.0,1.0,89,4,31,2804542,619430,1,3,636584
ps,3,1048576,200000.0,0.4,0.0,1.0,89,4,32,2790041,619430,1,3,599750
ps,3,1048576,200000.0,0.4,0.0,1.0,89,4,33,2767708,619430,1,3,629916
ps,3,1048576,200000.0,0.4,0.0,1.0,89,4,34,2908083,619430,1,3,503791
ps,3,1048576,200000.0,0.4,0.0,1.0,89,4,35,2794042,619430,1,3,609626
ps,3,1048576,200000.0,0.4,0.0,1.0,89,4,36,2798292,619430,1,3,669250
ps,3,1048576,200000.0,0.4,0.0,1.0,89,4,37,2796958,619430,1,3,608291
ps,3,1048576,200000.0,0.4,0.0,1.0,89,4,38,2767542,619430,1,3,641750
ps,3,1048576,200000.0,0.4,0.0,1.0,89,4,39,2778208,619430,1,3,624750
ps,3,1048576,200000.0,0.4,0.0,1.0,89,4,40,2783500,619430,1,3,646834
ps,3,1048576,200000.0,0.4,0.0,1.0,89,4,41,2801417,619430,1,3,629125
ps,3,1048576,200000.0,0.4,0.0,1.0,89,4,42,2784417,619430,1,3,652959
ps,3,1048576,200000.0,0.4,0.0,1.0,89,4,43,2741416,619430,1,3,621332
ps,3,1048576,200000.0,0.4,0.0,1.0,89,4,44,2799750,619430,1,3,613625
ps,3,1048576,200000.0,0.4,0.0,1.0,89,4,45,2733958,619430,1,3,600291
ps,3,1048576,200000.0,0.4,0.0,1.0,89,4,46,2735000,619430,1,3,616958
ps,3,1048576,200000.0,0.4,0.0,1.0,89,4,47,2784667,619430,1,3,634376
ps,3,1048576,200000.0,0.4,0.0,1.0,89,4,48,2721458,619430,1,3,583583
ps,3,1048576,200000.0,0.4,0.0,1.0,89,4,49,2731667,619430,1,3,647625
ps,3,1048576,200000.0,0.4,0.0,1.0,89,4,50,2745375,619430,1,3,609583
ps,3,1048576,200000.0,0.4,0.0,1.0,89,4,51,2736333,619430,1,3,594875
ps,3,1048576,200000.0,0.4,0.0,1.0,89,4,52,2737500,619430,1,3,633167
ps,3,1048576,200000.0,0.4,0.0,1.0,89,4,53,2819125,619430,1,3,649750
ps,3,1048576,200000.0,0.4,0.0,1.0,89,4,54,2770042,619430,1,3,619792
ps,3,1048576,200000.0,0.4,0.0,1.0,89,4,55,2752750,619430,1,3,605833
ps,3,1048576,200000.0,0.4,0.0,1.0,89,4,56,2716834,619430,1,3,624293
ps,3,1048576,200000.0,0.4,0.0,1.0,89,4,57,2721834,619430,1,3,629459
ps,3,1048576,200000.0,0.4,0.0,1.0,89,4,58,2708791,619430,1,3,622541
ps,3,1048576,200000.0,0.4,0.0,1.0,89,4,59,2688875,619430,1,3,588167
ps,3,1048576,200000.0,0.4,0.0,1.0,89,4,60,2757500,619430,1,3,653500
ps,3,1048576,200000.0,0.4,0.0,1.0,89,4,61,2723084,619430,1,3,616584
ps,3,1048576,200000.0,0.4,0.0,1.0,89,4,62,2779708,619430,1,3,613250
ps,3,1048576,200000.0,0.4,0.0,1.0,89,4,63,2778000,619430,1,3,637916
ps,3,1048576,200000.0,0.4,0.0,1.0,89,4,64,2749166,619430,1,3,612833
ps,3,1048576,200000.0,0.4,0.0,1.0,89,4,65,2742708,619430,1,3,617417
ps,3,1048576,200000.0,0.4,0.0,1.0,89,4,66,2726792,619430,1,3,613834
ps,3,1048576,200000.0,0.4,0.0,1.0,89,4,67,2739125,619430,1,3,602750
ps,3,1048576,200000.0,0.4,0.0,1.0,89,4,68,2851792,619430,1,3,627333
ps,3,1048576,200000.0,0.4,0.0,1.0,89,4,69,2785750,619430,1,3,623917
ps,3,1048576,200000.0,0.4,0.0,1.0,89,4,70,2736750,619430,1,3,604875
ps,3,1048576,200000.0,0.4,0.0,1.0,89,4,71,2704708,619430,1,3,615874
ps,3,1048576,200000.0,0.4,0.0,1.0,89,4,72,2736584,619430,1,3,641459
ps,3,1048576,200000.0,0.4,0.0,1.0,89,4,73,2733917,619430,1,3,615167
ps,3,1048576,200000.0,0.4,0.0,1.0,89,4,74,2698000,619430,1,3,617625
ps,3,1048576,200000.0,0.4,0.0,1.0,89,4,75,2715542,619430,1,3,621209
ps,3,1048576,200000.0,0.4,0.0,1.0,89,4,76,2684916,619430,1,3,619999
ps,3,1048576,200000.0,0.4,0.0,1.0,89,4,77,2670583,619430,1,3,606166
ps,3,1048576,200000.0,0.4,0.0,1.0,89,4,78,2669625,619430,1,3,604791
ps,3,1048576,200000.0,0.4,0.0,1.0,89,4,79,2651250,619430,1,3,607125
ps,3,1048576,200000.0,0.4,0.0,1.0,89,4,80,2701625,619430,1,3,627541
ps,3,1048576,200000.0,0.4,0.0,1.0,89,4,81,2760084,619430,1,3,689709
ps,3,1048576,200000.0,0.4,0.0,1.0,89,4,82,2660750,619430,1,3,615166
ps,3,1048576,200000.0,0.4,0.0,1.0,89,4,83,2715208,619430,1,3,633291
ps,3,1048576,200000.0,0.4,0.0,1.0,89,4,84,2740459,619430,1,3,647292
ps,3,1048576,200000.0,0.4,0.0,1.0,89,4,85,2733917,619430,1,3,632084
ps,3,1048576,200000.0,0.4,0.0,1.0,89,4,86,2697125,619430,1,3,634833
ps,3,1048576,200000.0,0.4,0.0,1.0,89,4,87,2756042,619430,1,3,619042
ps,3,1048576,200000.0,0.4,0.0,1.0,89,4,88,2709916,619430,1,3,609333
ps,3,1048576,200000.0,0.4,0.0,1.0,89,4,89,2696333,619430,1,3,552667
ps,3,1048576,200000.0,0.4,0.0,1.0,89,4,90,2663959,619430,1,3,632000
ps,3,1048576,200000.0,0.4,0.0,1.0,89,4,91,2750750,619430,1,3,654833
ps,3,1048576,200000.0,0.4,0.0,1.0,89,4,92,2723041,619430,1,3,599166
ps,3,1048576,200000.0,0.4,0.0,1.0,89,4,93,2763334,619430,1,3,610459
ps,3,1048576,200000.0,0.4,0.0,1.0,89,4,94,2713083,619430,1,3,614417
ps,3,1048576,200000.0,0.4,0.0,1.0,89,4,95,2770375,619430,1,3,628458
ps,3,1048576,200000.0,0.4,0.0,1.0,89,4,96,2714833,619430,1,3,618417
ps,3,1048576,200000.0,0.4,0.0,1.0,89,4,97,2703875,619430,1,3,623709
ps,3,1048576,200000.0,0.4,0.0,1.0,89,4,98,2720042,619430,1,3,617125
ps,3,1048576,200000.0,0.4,0.0,1.0,89,4,99,2784958,619430,1,3,623333
ps,3,1048576,200000.0,0.4,0.0,1.0,89,4,100,2719041,619430,1,3,616749
ps,3,1048576,200000.0,0.4,0.0,1.0,89,4,101,2712250,619430,1,3,631750
ps,3,1048576,200000.0,0.4,0.0,1.0,89,4,102,2631500,619430,1,3,597583
ps,3,1048576,200000.0,0.4,0.0,1.0,89,4,103,2650250,619430,1,3,624917
ps,3,1048576,200000.0,0.4,0.0,1.0,89,4,104,2645709,619430,1,3,609084
ps,3,1048576,200000.0,0.4,0.0,1.0,89,4,105,2636875,619430,1,3,566417
ps,3,1048576,200000.0,0.4,0.0,1.0,89,4,106,2694666,619430,1,3,632416
ps,3,1048576,200000.0,0.4,0.0,1.0,89,4,107,2634042,619430,1,3,591501
ps,3,1048576,200000.0,0.4,0.0,1.0,89,4,108,2689958,619430,1,3,639041
ps,3,1048576,200000.0,0.4,0.0,1.0,89,4,109,2690500,619430,1,3,653583
ps,3,1048576,200000.0,0.4,0.0,1.0,89,4,110,2652833,619430,1,3,599000
ps,3,1048576,200000.0,0.4,0.0,1.0,89,4,111,2664917,619430,1,3,615250
ps,3,1048576,200000.0,0.4,0.0,1.0,89,4,112,2672000,619430,1,3,644916
ps,3,1048576,200000.0,0.4,0.0,1.0,89,4,113,2671958,619430,1,3,604124
ps,3,1048576,200000.0,0.4,0.0,1.0,89,4,114,2661167,619430,1,3,588334
ps,3,1048576,200000.0,0.4,0.0,1.0,89,4,115,2658750,619430,1,3,599500
ps,3,1048576,200000.0,0.4,0.0,1.0,89,4,116,2693958,619430,1,3,641208
ps,3,1048576,200000.0,0.4,0.0,1.0,89,4,117,2683250,619430,1,3,624417
ps,3,1048576,200000.0,0.4,0.0,1.0,89,4,118,2659125,619430,1,3,627959
ps,3,1048576,200000.0,0.4,0.0,1.0,89,4,119,2720625,619430,1,3,628708
ps,3,1048576,200000.0,0.4,0.0,1.0,89,4,120,2678542,619430,1,3,600709
ps,3,1048576,200000.0,0.4,0.0,1.0,89,4,121,2675834,619430,1,3,578626
ps,3,1048576,200000.0,0.4,0.0,1.0,89,4,122,2679833,619430,1,3,628208
ps,3,1048576,200000.0,0.4,0.0,1.0,89,4,123,2666458,619430,1,3,632666
ps,3,1048576,200000.0,0.4,0.0,1.0,89,4,124,2681917,619430,1,3,626375
ps,3,1048576,200000.0,0.4,0.0,1.0,89,4,125,2754625,619430,1,3,621333
ps,3,1048576,200000.0,0.4,0.0,1.0,89,4,126,2663958,619430,1,3,623500
ps,3,1048576,200000.0,0.4,0.0,1.0,89,4,127,2693583,619430,1,3,638417
ps,3,1048576,200000.0,0.4,0.0,1.0,89,4,128,2703292,619430,1,3,618375
ps,3,1048576,200000.0,0.4,0.0,1.0,89,4,129,2659958,619430,1,3,625583
ps,3,1048576,200000.0,0.4,0.0,1.0,89,4,130,2714500,619430,1,3,619041
ps,3,1048576,200000.0,0.4,0.0,1.0,89,4,131,2675542,619430,1,3,599751
ps,3,1048576,200000.0,0.4,0.0,1.0,89,4,132,2701584,619430,1,3,690625
ps,3,1048576,200000.0,0.4,0.0,1.0,89,4,133,2735000,619430,1,3,598958
ps,3,1048576,200000.0,0.4,0.0,1.0,89,4,134,2729667,619430,1,3,636917
ps,3,1048576,200000.0,0.4,0.0,1.0,89,4,135,2677667,619430,1,3,607792
ps,3,1048576,200000.0,0.4,0.0,1.0,89,4,136,2642709,619430,1,3,620251
ps,3,1048576,200000.0,0.4,0.0,1.0,89,4,137,2733542,619430,1,3,614792
ps,3,1048576,200000.0,0.4,0.0,1.0,89,4,138,2644875,619430,1,3,605875
ps,3,1048576,200000.0,0.4,0.0,1.0,89,4,139,2714333,619430,1,3,638833
ps,3,1048576,200000.0,0.4,0.0,1.0,89,4,140,2643250,619430,1,3,578041
ps,3,1048576,200000.0,0.4,0.0,1.0,89,4,141,2651667,619430,1,3,614709
ps,3,1048576,200000.0,0.4,0.0,1.0,89,4,142,2702583,619430,1,3,658124
ps,3,1048576,200000.0,0.4,0.0,1.0,89,4,143,2654250,619430,1,3,606958
ps,3,1048576,200000.0,0.4,0.0,1.0,89,4,144,2648166,619430,1,3,612166
ps,3,1048576,200000.0,0.4,0.0,1.0,89,4,145,2663833,619430,1,3,620749
ps,3,1048576,200000.0,0.4,0.0,1.0,89,4,146,2688542,619430,1,3,645459
ps,3,1048576,200000.0,0.4,0.0,1.0,89,4,147,2672166,619430,1,3,625207
ps,3,1048576,200000.0,0.4,0.0,1.0,89,4,148,2701209,619430,1,3,625042
ps,3,1048576,200000.0,0.4,0.0,1.0,89,4,149,2630458,619430,1,3,596083
ps,3,1048576,200000.0,0.4,0.0,1.0,89,4,150,2664917,619430,1,3,604458
ps,3,1048576,200000.0,0.4,0.0,1.0,89,4,151,2641792,619430,1,3,620792
ps,3,1048576,200000.0,0.4,0.0,1.0,89,4,152,2631959,619430,1,3,609751
ps,3,1048576,200000.0,0.4,0.0,1.0,89,4,153,2650458,619430,1,3,614875
ps,3,1048576,200000.0,0.4,0.0,1.0,89,4,154,2650583,619430,1,3,565333
ps,3,1048576,200000.0,0.4,0.0,1.0,89,4,155,2696750,619430,1,3,653416
ps,3,1048576,200000.0,0.4,0.0,1.0,89,4,156,2693709,619430,1,3,629584
ps,3,1048576,200000.0,0.4,0.0,1.0,89,4,157,2693125,619430,1,3,638750
ps,3,1048576,200000.0,0.4,0.0,1.0,89,4,158,2630625,619430,1,3,618417
ps,3,1048576,200000.0,0.4,0.0,1.0,89,4,159,2698375,619430,1,3,625125
ps,3,1048576,200000.0,0.4,0.0,1.0,89,4,160,2705917,619430,1,3,638834
ps,3,1048576,200000.0,0.4,0.0,1.0,89,4,161,2633917,619430,1,3,559875
ps,3,1048576,200000.0,0.4,0.0,1.0,89,4,162,2660458,619430,1,3,596458
ps,3,1048576,200000.0,0.4,0.0,1.0,89,4,163,2659792,619430,1,3,619875
ps,3,1048576,200000.0,0.4,0.0,1.0,89,4,164,2668709,619430,1,3,596542
ps,3,1048576,200000.0,0.4,0.0,1.0,89,4,165,2641958,619430,1,3,620791
ps,3,1048576,200000.0,0.4,0.0,1.0,89,4,166,2636125,619430,1,3,612459
ps,3,1048576,200000.0,0.4,0.0,1.0,89,4,167,2637000,619430,1,3,619750
ps,3,1048576,200000.0,0.4,0.0,1.0,89,4,168,2665542,619430,1,3,619917
ps,3,1048576,200000.0,0.4,0.0,1.0,89,4,169,2679917,619430,1,3,646209
ps,3,1048576,200000.0,0.4,0.0,1.0,89,4,170,2647250,619430,1,3,609167
ps,3,1048576,200000.0,0.4,0.0,1.0,89,4,171,2626584,619430,1,3,613001
ps,3,1048576,200000.0,0.4,0.0,1.0,89,4,172,2615708,619430,1,3,618500
ps,3,1048576,200000.0,0.4,0.0,1.0,89,4,173,2661083,619430,1,3,676083
ps,3,1048576,200000.0,0.4,0.0,1.0,89,4,174,2697250,619430,1,3,601541
ps,3,1048576,200000.0,0.4,0.0,1.0,89,4,175,2644208,619430,1,3,613000
ps,3,1048576,200000.0,0.4,0.0,1.0,89,4,176,2617250,619430,1,3,593834
ps,3,1048576,200000.0,0.4,0.0,1.0,89,4,177,2635541,619430,1,3,614583
ps,3,1048576,200000.0,0.4,0.0,1.0,89,4,178,2652417,619430,1,3,629334
ps,3,1048576,200000.0,0.4,0.0,1.0,89,4,179,2628459,619430,1,3,614167
ps,3,1048576,200000.0,0.4,0.0,1.0,89,4,180,2618167,619430,1,3,604917
ps,3,1048576,200000.0,0.4,0.0,1.0,89,4,181,2599917,619430,1,3,618333
ps,3,1048576,200000.0,0.4,0.0,1.0,89,4,182,2660583,619430,1,3,636416
ps,3,1048576,200000.0,0.4,0.0,1.0,89,4,183,2650333,619430,1,3,609375
ps,3,1048576,200000.0,0.4,0.0,1.0,89,4,184,2635042,619430,1,3,626459
ps,3,1048576,200000.0,0.4,0.0,1.0,89,4,185,2628083,619430,1,3,591750
ps,3,1048576,200000.0,0.4,0.0,1.0,89,4,186,2634500,619430,1,3,629584
ps,3,1048576,200000.0,0.4,0.0,1.0,89,4,187,2589875,619430,1,3,597041
ps,3,1048576,200000.0,0.4,0.0,1.0,89,4,188,2623541,619430,1,3,566749
ps,3,1048576,200000.0,0.4,0.0,1.0,89,4,189,2684500,619430,1,3,639917
ps,3,1048576,200000.0,0.4,0.0,1.0,89,4,190,2631792,619430,1,3,637708
ps,3,1048576,200000.0,0.4,0.0,1.0,89,4,191,2669292,619430,1,3,630458
ps,3,1048576,200000.0,0.4,0.0,1.0,89,4,192,2682750,619430,1,3,640125
ps,3,1048576,200000.0,0.4,0.0,1.0,89,4,193,2672583,619430,1,3,608042
ps,3,1048576,200000.0,0.4,0.0,1.0,89,4,194,2627584,619430,1,3,625584
ps,3,1048576,200000.0,0.4,0.0,1.0,89,4,195,2663625,619430,1,3,638125
ps,3,1048576,200000.0,0.4,0.0,1.0,89,4,196,2624333,619430,1,3,564083
ps,3,1048576,200000.0,0.4,0.0,1.0,89,4,197,2659208,619430,1,3,616749
ps,3,1048576,200000.0,0.4,0.0,1.0,89,4,198,2669667,619430,1,3,646667
ps,3,1048576,200000.0,0.4,0.0,1.0,89,4,199,2644083,619430,1,3,630916
ps,3,1048576,200000.0,0.4,0.0,1.0,89,4,200,2653209,619430,1,3,583292
ps,3,1048576,200000.0,0.4,0.0,1.0,89,4,201,2651917,619430,1,3,647958
ps,3,1048576,200000.0,0.4,0.0,1.0,89,4,202,2617167,619430,1,3,616417
ps,3,1048576,200000.0,0.4,0.0,1.0,89,4,203,2650583,619430,1,3,632875
ps,3,1048576,200000.0,0.4,0.0,1.0,89,4,204,2650291,619430,1,3,637583
ps,3,1048576,200000.0,0.4,0.0,1.0,89,4,205,2662834,619430,1,3,613500
ps,3,1048576,200000.0,0.4,0.0,1.0,89,4,206,2665750,619430,1,3,586208
ps,3,1048576,200000.0,0.4,0.0,1.0,89,4,207,2657875,619430,1,3,629875
ps,3,1048576,200000.0,0.4,0.0,1.0,89,4,208,2643459,619430,1,3,628834
ps,3,1048576,200000.0,0.4,0.0,1.0,89,4,209,2647041,619430,1,3,577000
ps,3,1048576,200000.0,0.4,0.0,1.0,89,4,210,2616875,619430,1,3,620375
ps,3,1048576,200000.0,0.4,0.0,1.0,89,4,211,2619834,619430,1,3,579542
ps,3,1048576,200000.0,0.4,0.0,1.0,89,4,212,2628750,619430,1,3,617750
ps,3,1048576,200000.0,0.4,0.0,1.0,89,4,213,2591750,619430,1,3,631125
ps,3,1048576,200000.0,0.4,0.0,1.0,89,4,214,2584208,619430,1,3,621124
ps,3,1048576,200000.0,0.4,0.0,1.0,89,4,215,2643959,619430,1,3,645792
ps,3,1048576,200000.0,0.4,0.0,1.0,89,4,216,2634417,619430,1,3,636500
ps,3,1048576,200000.0,0.4,0.0,1.0,89,4,217,2626875,619430,1,3,641334
ps,3,1048576,200000.0,0.4,0.0,1.0,89,4,218,2651791,619430,1,3,628166
ps,3,1048576,200000.0,0.4,0.0,1.0,89,4,219,2627000,619430,1,3,599750
ps,3,1048576,200000.0,0.4,0.0,1.0,89,4,220,2636041,619430,1,3,596249
ps,3,1048576,200000.0,0.4,0.0,1.0,89,4,221,2647750,619430,1,3,623291
ps,3,1048576,200000.0,0.4,0.0,1.0,89,4,222,2627792,619430,1,3,642876
ps,3,1048576,200000.0,0.4,0.0,1.0,89,4,223,2620542,619430,1,3,615959
ps,3,1048576,200000.0,0.4,0.0,1.0,89,4,224,2643917,619430,1,3,604167
ps,3,1048576,200000.0,0.4,0.0,1.0,89,4,225,2607875,619430,1,3,590125
ps,3,1048576,200000.0,0.4,0.0,1.0,89,4,226,2623791,619430,1,3,627457
ps,3,1048576,200000.0,0.4,0.0,1.0,89,4,227,2608084,619430,1,3,627543
ps,3,1048576,200000.0,0.4,0.0,1.0,89,4,228,2601458,619430,1,3,557667
ps,3,1048576,200000.0,0.4,0.0,1.0,89,4,229,2622959,619430,1,3,627167
ps,3,1048576,200000.0,0.4,0.0,1.0,89,4,230,2622000,619430,1,3,627250
ps,3,1048576,200000.0,0.4,0.0,1.0,89,4,231,2609250,619430,1,3,615083
ps,3,1048576,200000.0,0.4,0.0,1.0,89,4,232,2625833,619430,1,3,631208
ps,3,1048576,200000.0,0.4,0.0,1.0,89,4,233,2644042,619430,1,3,599000
ps,3,1048576,200000.0,0.4,0.0,1.0,89,4,234,2633625,619430,1,3,611583
ps,3,1048576,200000.0,0.4,0.0,1.0,89,4,235,2649000,619430,1,3,630292
ps,3,1048576,200000.0,0.4,0.0,1.0,89,4,236,2634666,619430,1,3,629083
ps,3,1048576,200000.0,0.4,0.0,1.0,89,4,237,2616334,619430,1,3,619376
ps,3,1048576,200000.0,0.4,0.0,1.0,89,4,238,2631708,619430,1,3,605541
ps,3,1048576,200000.0,0.4,0.0,1.0,89,4,239,2629666,619430,1,3,621707
ps,3,1048576,200000.0,0.4,0.0,1.0,89,4,240,2585250,619430,1,3,585833
ps,3,1048576,200000.0,0.4,0.0,1.0,89,4,241,2595667,619430,1,3,591625
ps,3,1048576,200000.0,0.4,0.0,1.0,89,4,242,2622375,619430,1,3,652000
ps,3,1048576,200000.0,0.4,0.0,1.0,89,4,243,2641709,619430,1,3,616376
ps,3,1048576,200000.0,0.4,0.0,1.0,89,4,244,2692458,619430,1,3,622833
ps,3,1048576,200000.0,0.4,0.0,1.0,89,4,245,2634625,619430,1,3,609333
ps,3,1048576,200000.0,0.4,0.0,1.0,89,4,246,2704875,619430,1,3,665875
ps,3,1048576,200000.0,0.4,0.0,1.0,89,4,247,2629458,619430,1,3,622375
ps,3,1048576,200000.0,0.4,0.0,1.0,89,4,248,2647792,619430,1,3,615625
ps,3,1048576,200000.0,0.4,0.0,1.0,89,4,249,2627875,619430,1,3,592250
ps,3,1048576,200000.0,0.4,0.0,1.0,89,4,250,2653792,619430,1,3,606708
ps,3,1048576,200000.0,0.4,0.0,1.0,89,4,251,2636708,619430,1,3,630833
ps,3,1048576,200000.0,0.4,0.0,1.0,89,4,252,2680000,619430,1,3,616750
ps,3,1048576,200000.0,0.4,0.0,1.0,89,4,253,2644250,619430,1,3,623375
ps,3,1048576,200000.0,0.4,0.0,1.0,89,4,254,2653084,619430,1,3,618959
ps,3,1048576,200000.0,0.4,0.0,1.0,89,4,255,2633834,619430,1,3,579376
ps,3,1048576,200000.0,0.4,0.0,1.0,89,4,256,2642291,619430,1,3,613166
ps,3,1048576,200000.0,0.4,0.0,1.0,89,4,257,2686084,619430,1,3,646334
ps,3,1048576,200000.0,0.4,0.0,1.0,89,4,258,2671959,619430,1,3,623168
ps,3,1048576,200000.0,0.4,0.0,1.0,89,4,259,2663583,619430,1,3,643333
ps,3,1048576,200000.0,0.4,0.0,1.0,89,4,260,2653500,619430,1,3,616917
ps,3,1048576,200000.0,0.4,0.0,1.0,89,4,261,2667250,619430,1,3,583209
ps,3,1048576,200000.0,0.4,0.0,1.0,89,4,262,2625375,619430,1,3,610625
ps,3,1048576,200000.0,0.4,0.0,1.0,89,4,263,2601833,619430,1,3,616624
ps,3,1048576,200000.0,0.4,0.0,1.0,89,4,264,2692041,619430,1,3,632499
ps,3,1048576,200000.0,0.4,0.0,1.0,89,4,265,2679250,619430,1,3,640750
ps,3,1048576,200000.0,0.4,0.0,1.0,89,4,266,2594625,619430,1,3,620416
ps,3,1048576,200000.0,0.4,0.0,1.0,89,4,267,2720875,619430,1,3,641417
ps,3,1048576,200000.0,0.4,0.0,1.0,89,4,268,2600666,619430,1,3,617333
ps,3,1048576,200000.0,0.4,0.0,1.0,89,4,269,2555166,619430,1,3,613541
ps,3,1048576,200000.0,0.4,0.0,1.0,89,4,270,2719125,619430,1,3,640125
ps,3,1048576,200000.0,0.4,0.0,1.0,89,4,271,2643625,619430,1,3,612208
ps,3,1048576,200000.0,0.4,0.0,1.0,89,4,272,2638792,619430,1,3,645417
ps,3,1048576,200000.0,0.4,0.0,1.0,89,4,273,2663791,619430,1,3,596249
ps,3,1048576,200000.0,0.4,0.0,1.0,89,4,274,2613125,619430,1,3,599208
ps,3,1048576,200000.0,0.4,0.0,1.0,89,4,275,2611333,619430,1,3,662416
ps,3,1048576,200000.0,0.4,0.0,1.0,89,4,276,2649666,619430,1,3,593499
ps,3,1048576,200000.0,0.4,0.0,1.0,89,4,277,2634375,619430,1,3,624041
ps,3,1048576,200000.0,0.4,0.0,1.0,89,4,278,2644209,619430,1,3,649584
ps,3,1048576,200000.0,0.4,0.0,1.0,89,4,279,2604583,619430,1,3,617541
ps,3,1048576,200000.0,0.4,0.0,1.0,89,4,280,2567625,619430,1,3,603500
ps,3,1048576,200000.0,0.4,0.0,1.0,89,4,281,2620167,619430,1,3,558334
ps,3,1048576,200000.0,0.4,0.0,1.0,89,4,282,2611334,619430,1,3,609959
ps,3,1048576,200000.0,0.4,0.0,1.0,89,4,283,2572708,619430,1,3,638916
ps,3,1048576,200000.0,0.4,0.0,1.0,89,4,284,2546667,619430,1,3,592167
ps,3,1048576,200000.0,0.4,0.0,1.0,89,4,285,2594916,619430,1,3,616707
ps,3,1048576,200000.0,0.4,0.0,1.0,89,4,286,2609875,619430,1,3,626458
ps,3,1048576,200000.0,0.4,0.0,1.0,89,4,287,2589083,619430,1,3,622583
ps,3,1048576,200000.0,0.4,0.0,1.0,89,4,288,2721958,619430,1,3,617708
ps,3,1048576,200000.0,0.4,0.0,1.0,89,4,289,2641416,619430,1,3,610458
ps,3,1048576,200000.0,0.4,0.0,1.0,89,4,290,2614958,619430,1,3,616375
ps,3,1048576,200000.0,0.4,0.0,1.0,89,4,291,2599375,619430,1,3,624208
ps,3,1048576,200000.0,0.4,0.0,1.0,89,4,292,2601791,619430,1,3,635333
ps,3,1048576,200000.0,0.4,0.0,1.0,89,4,293,2634458,619430,1,3,632250
ps,3,1048576,200000.0,0.4,0.0,1.0,89,4,294,2575834,619430,1,3,610001
ps,3,1048576,200000.0,0.4,0.0,1.0,89,4,295,2629875,619430,1,3,621709
ps,3,1048576,200000.0,0.4,0.0,1.0,89,4,296,2642208,619430,1,3,633291
ps,3,1048576,200000.0,0.4,0.0,1.0,89,4,297,2616417,619430,1,3,593750
ps,3,1048576,200000.0,0.4,0.0,1.0,89,4,298,2587833,619430,1,3,614958
ps,3,1048576,200000.0,0.4,0.0,1.0,89,4,299,2601417,619430,1,3,618500
ps,3,1048576,200000.0,0.4,0.0,1.0,89,4,300,2571667,619430,1,3,620500
ps,3,1048576,200000.0,0.4,0.0,1.0,89,4,301,2572500,619430,1,3,593791
ps,3,1048576,200000.0,0.4,0.0,1.0,89,4,302,2610750,619430,1,3,648250
ps,3,1048576,200000.0,0.4,0.0,1.0,89,4,303,2635167,619430,1,3,608708
ps,3,1048576,200000.0,0.4,0.0,1.0,89,4,304,2595292,619430,1,3,642459
ps,3,1048576,200000.0,0.4,0.0,1.0,89,4,305,2628291,619430,1,3,589666
ps,3,1048576,200000.0,0.4,0.0,1.0,89,4,306,2674333,619430,1,3,611375
ps,3,1048576,200000.0,0.4,0.0,1.0,89,4,307,2599208,619430,1,3,631417
ps,3,1048576,200000.0,0.4,0.0,1.0,89,4,308,2634000,619430,1,3,644125
ps,3,1048576,200000.0,0.4,0.0,1.0,89,4,309,2636750,619430,1,3,645959
ps,3,1048576,200000.0,0.4,0.0,1.0,89,4,310,2597958,619430,1,3,652000
ps,3,1048576,200000.0,0.4,0.0,1.0,89,4,311,2574125,619430,1,3,609792
ps,3,1048576,200000.0,0.4,0.0,1.0,89,4,312,2561417,619430,1,3,618917
ps,3,1048576,200000.0,0.4,0.0,1.0,89,4,313,2550958,619430,1,3,597875
ps,3,1048576,200000.0,0.4,0.0,1.0,89,4,314,2623417,619430,1,3,602001
ps,3,1048576,200000.0,0.4,0.0,1.0,89,4,315,2564209,619430,1,3,607875
ps,3,1048576,200000.0,0.4,0.0,1.0,89,4,316,2588042,619430,1,3,625501
ps,3,1048576,200000.0,0.4,0.0,1.0,89,4,317,2589208,619430,1,3,589249
ps,3,1048576,200000.0,0.4,0.0,1.0,89,4,318,2589458,619430,1,3,573250
ps,3,1048576,200000.0,0.4,0.0,1.0,89,4,319,2595959,619430,1,3,630709
ps,3,1048576,200000.0,0.4,0.0,1.0,89,4,320,2684500,619430,1,3,612959
ps,3,1048576,200000.0,0.4,0.0,1.0,89,4,321,2584166,619430,1,3,626082
ps,3,1048576,200000.0,0.4,0.0,1.0,89,4,322,2557958,619430,1,3,608250
ps,3,1048576,200000.0,0.4,0.0,1.0,89,4,323,2596708,619430,1,3,637708
ps,3,1048576,200000.0,0.4,0.0,1.0,89,4,324,2652916,619430,1,3,614749
ps,3,1048576,200000.0,0.4,0.0,1.0,89,4,325,2622750,619430,1,3,651041
ps,3,1048576,200000.0,0.4,0.0,1.0,89,4,326,2587667,619430,1,3,597667
ps,3,1048576,200000.0,0.4,0.0,1.0,89,4,327,2602000,619430,1,3,600959
ps,3,1048576,200000.0,0.4,0.0,1.0,89,4,328,2625750,619430,1,3,624292
ps,3,1048576,200000.0,0.4,0.0,1.0,89,4,329,2641667,619430,1,3,607167
ps,3,1048576,200000.0,0.4,0.0,1.0,89,4,330,2611666,619430,1,3,614416
ps,3,1048576,200000.0,0.4,0.0,1.0,89,4,331,2627500,619430,1,3,622583
ps,3,1048576,200000.0,0.4,0.0,1.0,89,4,332,2638166,619430,1,3,655166
ps,3,1048576,200000.0,0.4,0.0,1.0,89,4,333,2597250,619430,1,3,608584
ps,3,1048576,200000.0,0.4,0.0,1.0,89,4,334,2591084,619430,1,3,615917
ps,3,1048576,200000.0,0.4,0.0,1.0,89,4,335,2647167,619430,1,3,618042
ps,3,1048576,200000.0,0.4,0.0,1.0,89,4,336,2590833,619430,1,3,621167
ps,3,1048576,200000.0,0.4,0.0,1.0,89,4,337,2619417,619430,1,3,632833
ps,3,1048576,200000.0,0.4,0.0,1.0,89,4,338,2606000,619430,1,3,617292
ps,3,1048576,200000.0,0.4,0.0,1.0,89,4,339,2610667,619430,1,3,629167
ps,3,1048576,200000.0,0.4,0.0,1.0,89,4,340,2582209,619430,1,3,629125
ps,3,1048576,200000.0,0.4,0.0,1.0,89,4,341,2575542,619430,1,3,642292
ps,3,1048576,200000.0,0.4,0.0,1.0,89,4,342,2571375,619430,1,3,631625
ps,3,1048576,200000.0,0.4,0.0,1.0,89,4,343,2591541,619430,1,3,617541
ps,3,1048576,200000.0,0.4,0.0,1.0,89,4,344,2617917,619430,1,3,608167
ps,3,1048576,200000.0,0.4,0.0,1.0,89,4,345,2584667,619430,1,3,601459
ps,3,1048576,200000.0,0.4,0.0,1.0,89,4,346,2564000,619430,1,3,625125
ps,3,1048576,200000.0,0.4,0.0,1.0,89,4,347,2579583,619430,1,3,631958
ps,3,1048576,200000.0,0.4,0.0,1.0,89,4,348,2556875,619430,1,3,607375
ps,3,1048576,200000.0,0.4,0.0,1.0,89,4,349,2647875,619430,1,3,633084
ps,3,1048576,200000.0,0.4,0.0,1.0,89,4,350,2679750,619430,1,3,594375
ps,3,1048576,200000.0,0.4,0.0,1.0,89,4,351,2633625,619430,1,3,569875
ps,3,1048576,200000.0,0.4,0.0,1.0,89,4,352,2701375,619430,1,3,591458
ps,3,1048576,200000.0,0.4,0.0,1.0,89,4,353,2680291,619430,1,3,611208
ps,3,1048576,200000.0,0.4,0.0,1.0,89,4,354,2730584,619430,1,3,622584
ps,3,1048576,200000.0,0.4,0.0,1.0,89,4,355,2677250,619430,1,3,613292
ps,3,1048576,200000.0,0.4,0.0,1.0,89,4,356,2666583,619430,1,3,613625
ps,3,1048576,200000.0,0.4,0.0,1.0,89,4,357,2711959,619430,1,3,664750
ps,3,1048576,200000.0,0.4,0.0,1.0,89,4,358,2707625,619430,1,3,618167
ps,3,1048576,200000.0,0.4,0.0,1.0,89,4,359,2645083,619430,1,3,607375
ps,3,1048576,200000.0,0.4,0.0,1.0,89,4,360,2645958,619430,1,3,599249
ps,3,1048576,200000.0,0.4,0.0,1.0,89,4,361,2669458,619430,1,3,616375
ps,3,1048576,200000.0,0.4,0.0,1.0,89,4,362,2619958,619430,1,3,593458
ps,3,1048576,200000.0,0.4,0.0,1.0,89,4,363,2647625,619430,1,3,607458
ps,3,1048576,200000.0,0.4,0.0,1.0,89,4,364,2674375,619430,1,3,633792
ps,3,1048576,200000.0,0.4,0.0,1.0,89,4,365,2668583,619430,1,3,615500
ps,3,1048576,200000.0,0.4,0.0,1.0,89,4,366,2673042,619430,1,3,645251
ps,3,1048576,200000.0,0.4,0.0,1.0,89,4,367,2694208,619430,1,3,662125
ps,3,1048576,200000.0,0.4,0.0,1.0,89,4,368,2631416,619430,1,3,628458
ps,3,1048576,200000.0,0.4,0.0,1.0,89,4,369,2683417,619430,1,3,637792
ps,3,1048576,200000.0,0.4,0.0,1.0,89,4,370,2703291,619430,1,3,591957
ps,3,1048576,200000.0,0.4,0.0,1.0,89,4,371,2645666,619430,1,3,599916
ps,3,1048576,200000.0,0.4,0.0,1.0,89,4,372,2645792,619430,1,3,609667
ps,3,1048576,200000.0,0.4,0.0,1.0,89,4,373,2661292,619430,1,3,621667
ps,3,1048576,200000.0,0.4,0.0,1.0,89,4,374,2636292,619430,1,3,617834
ps,3,1048576,200000.0,0.4,0.0,1.0,89,4,375,2773917,619430,1,3,611750
ps,3,1048576,200000.0,0.4,0.0,1.0,89,4,376,2692125,619430,1,3,611500
ps,3,1048576,200000.0,0.4,0.0,1.0,89,4,377,2634750,619430,1,3,613459
ps,3,1048576,200000.0,0.4,0.0,1.0,89,4,378,2628666,619430,1,3,638583
ps,3,1048576,200000.0,0.4,0.0,1.0,89,4,379,2609791,619430,1,3,602208
ps,3,1048576,200000.0,0.4,0.0,1.0,89,4,380,2606916,619430,1,3,620582
ps,3,1048576,200000.0,0.4,0.0,1.0,89,4,381,2625458,619430,1,3,648249
ps,3,1048576,200000.0,0.4,0.0,1.0,89,4,382,2604000,619430,1,3,588917
ps,3,1048576,200000.0,0.4,0.0,1.0,89,4,383,2626916,619430,1,3,605874
ps,3,1048576,200000.0,0.4,0.0,1.0,89,4,384,2630875,619430,1,3,589917
ps,3,1048576,200000.0,0.4,0.0,1.0,89,4,385,2622708,619430,1,3,601625
ps,3,1048576,200000.0,0.4,0.0,1.0,89,4,386,2539208,619430,1,3,611416
ps,3,1048576,200000.0,0.4,0.0,1.0,89,4,387,2611583,619430,1,3,658666
ps,3,1048576,200000.0,0.4,0.0,1.0,89,4,388,2684541,619430,1,3,657375
ps,3,1048576,200000.0,0.4,0.0,1.0,89,4,389,2635125,619430,1,3,632291
ps,3,1048576,200000.0,0.4,0.0,1.0,89,4,390,2642000,619430,1,3,618292
ps,3,1048576,200000.0,0.4,0.0,1.0,89,4,391,2576041,619430,1,3,610333
ps,3,1048576,200000.0,0.4,0.0,1.0,89,4,392,2613666,619430,1,3,628291
ps,3,1048576,200000.0,0.4,0.0,1.0,89,4,393,2646292,619430,1,3,604250
ps,3,1048576,200000.0,0.4,0.0,1.0,89,4,394,2571958,619430,1,3,610542
ps,3,1048576,200000.0,0.4,0.0,1.0,89,4,395,2652583,619430,1,3,625666
ps,3,1048576,200000.0,0.4,0.0,1.0,89,4,396,2605542,619430,1,3,625417
ps,3,1048576,200000.0,0.4,0.0,1.0,89,4,397,2588750,619430,1,3,608375
ps,3,1048576,200000.0,0.4,0.0,1.0,89,4,398,2612041,619430,1,3,627666
ps,3,1048576,200000.0,0.4,0.0,1.0,89,4,399,2620292,619430,1,3,629667
ring,3,1048576,200000.0,0.4,0.0,1.0,89,5,0,2578084,1359244,4,3,98084
ring,3,1048576,200000.0,0.4,0.0,1.0,89,5,1,2498041,1359244,4,3,136708
ring,3,1048576,200000.0,0.4,0.0,1.0,89,5,2,2436375,1359244,4,3,200500
ring,3,1048576,200000.0,0.4,0.0,1.0,89,5,3,2404792,1359244,4,3,147708
ring,3,1048576,200000.0,0.4,0.0,1.0,89,5,4,2414667,1359244,4,3,71042
ring,3,1048576,200000.0,0.4,0.0,1.0,89,5,5,2509416,1359244,4,3,103124
ring,3,1048576,200000.0,0.4,0.0,1.0,89,5,6,2401625,1359244,4,3,71125
ring,3,1048576,200000.0,0.4,0.0,1.0,89,5,7,2330917,1359244,4,3,132209
ring,3,1048576,200000.0,0.4,0.0,1.0,89,5,8,2303000,1359244,4,3,104833
ring,3,1048576,200000.0,0.4,0.0,1.0,89,5,9,2428375,1359244,4,3,104500
ring,3,1048576,200000.0,0.4,0.0,1.0,89,5,10,2472417,1359244,4,3,80917
ring,3,1048576,200000.0,0.4,0.0,1.0,89,5,11,2436167,1359244,4,3,87875
ring,3,1048576,200000.0,0.4,0.0,1.0,89,5,12,2441584,1359244,4,3,120293
ring,3,1048576,200000.0,0.4,0.0,1.0,89,5,13,2421584,1359244,4,3,107751
ring,3,1048576,200000.0,0.4,0.0,1.0,89,5,14,2452916,1359244,4,3,72583
ring,3,1048576,200000.0,0.4,0.0,1.0,89,5,15,2467250,1359244,4,3,115333
ring,3,1048576,200000.0,0.4,0.0,1.0,89,5,16,2369833,1359244,4,3,119208
ring,3,1048576,200000.0,0.4,0.0,1.0,89,5,17,2376875,1359244,4,3,114584
ring,3,1048576,200000.0,0.4,0.0,1.0,89,5,18,2380042,1359244,4,3,180167
ring,3,1048576,200000.0,0.4,0.0,1.0,89,5,19,2478334,1359244,4,3,101750
ring,3,1048576,200000.0,0.4,0.0,1.0,89,5,20,2431542,1359244,4,3,60458
ring,3,1048576,200000.0,0.4,0.0,1.0,89,5,21,2404041,1359244,4,3,123583
ring,3,1048576,200000.0,0.4,0.0,1.0,89,5,22,2423291,1359244,4,3,60666
ring,3,1048576,200000.0,0.4,0.0,1.0,89,5,23,2576542,1359244,4,3,162792
ring,3,1048576,200000.0,0.4,0.0,1.0,89,5,24,2356958,1359244,4,3,171666
ring,3,1048576,200000.0,0.4,0.0,1.0,89,5,25,2416917,1359244,4,3,75042
ring,3,1048576,200000.0,0.4,0.0,1.0,89,5,26,2444667,1359244,4,3,136001
ring,3,1048576,200000.0,0.4,0.0,1.0,89,5,27,2419584,1359244,4,3,133126
ring,3,1048576,200000.0,0.4,0.0,1.0,89,5,28,2427875,1359244,4,3,112625
ring,3,1048576,200000.0,0.4,0.0,1.0,89,5,29,2442583,1359244,4,3,167667
ring,3,1048576,200000.0,0.4,0.0,1.0,89,5,30,2344250,1359244,4,3,153209
ring,3,1048576,200000.0,0.4,0.0,1.0,89,5,31,2472500,1359244,4,3,79083
ring,3,1048576,200000.0,0.4,0.0,1.0,89,5,32,2411875,1359244,4,3,125834
ring,3,1048576,200000.0,0.4,0.0,1.0,89,5,33,2384959,1359244,4,3,139084
ring,3,1048576,200000.0,0.4,0.0,1.0,89,5,34,2452917,1359244,4,3,86125
ring,3,1048576,200000.0,0.4,0.0,1.0,89,5,35,2374583,1359244,4,3,64083
ring,3,1048576,200000.0,0.4,0.0,1.0,89,5,36,2398750,1359244,4,3,123541
ring,3,1048576,200000.0,0.4,0.0,1.0,89,5,37,2384875,1359244,4,3,190250
ring,3,1048576,200000.0,0.4,0.0,1.0,89,5,38,2323083,1359244,4,3,130833
ring,3,1048576,200000.0,0.4,0.0,1.0,89,5,39,2491000,1359244,4,3,67584
ring,3,1048576,200000.0,0.4,0.0,1.0,89,5,40,2422250,1359244,4,3,145000
ring,3,1048576,200000.0,0.4,0.0,1.0,89,5,41,2388625,1359244,4,3,107000
ring,3,1048576,200000.0,0.4,0.0,1.0,89,5,42,2431333,1359244,4,3,121458
ring,3,1048576,200000.0,0.4,0.0,1.0,89,5,43,2435292,1359244,4,3,123625
ring,3,1048576,200000.0,0.4,0.0,1.0,89,5,44,2416000,1359244,4,3,100458
ring,3,1048576,200000.0,0.4,0.0,1.0,89,5,45,2469042,1359244,4,3,119709
ring,3,1048576,200000.0,0.4,0.0,1.0,89,5,46,2411917,1359244,4,3,65292
ring,3,1048576,200000.0,0.4,0.0,1.0,89,5,47,2422958,1359244,4,3,94083
ring,3,1048576,200000.0,0.4,0.0,1.0,89,5,48,2469666,1359244,4,3,131166
ring,3,1048576,200000.0,0.4,0.0,1.0,89,5,49,2391292,1359244,4,3,72292
ring,3,1048576,200000.0,0.4,0.0,1.0,89,5,50,2435000,1359244,4,3,129041
ring,3,1048576,200000.0,0.4,0.0,1.0,89,5,51,2412166,1359244,4,3,132041
ring,3,1048576,200000.0,0.4,0.0,1.0,89,5,52,2406333,1359244,4,3,101625
ring,3,1048576,200000.0,0.4,0.0,1.0,89,5,53,2391291,1359244,4,3,153916
ring,3,1048576,200000.0,0.4,0.0,1.0,89,5,54,2424416,1359244,4,3,45999
ring,3,1048576,200000.0,0.4,0.0,1.0,89,5,55,2483000,1359244,4,3,115917
ring,3,1048576,200000.0,0.4,0.0,1.0,89,5,56,2428667,1359244,4,3,136001
ring,3,1048576,200000.0,0.4,0.0,1.0,89,5,57,2351458,1359244,4,3,68667
ring,3,1048576,200000.0,0.4,0.0,1.0,89,5,58,2426416,1359244,4,3,92166
ring,3,1048576,200000.0,0.4,0.0,1.0,89,5,59,2366875,1359244,4,3,169584
ring,3,1048576,200000.0,0.4,0.0,1.0,89,5,60,2395833,1359244,4,3,20624
ring,3,1048576,200000.0,0.4,0.0,1.0,89,5,61,2469042,1359244,4,3,142126
ring,3,1048576,200000.0,0.4,0.0,1.0,89,5,62,2392458,1359244,4,3,75000
ring,3,1048576,200000.0,0.4,0.0,1.0,89,5,63,2383750,1359244,4,3,118625
ring,3,1048576,200000.0,0.4,0.0,1.0,89,5,64,2542208,1359244,4,3,107417
ring,3,1048576,200000.0,0.4,0.0,1.0,89,5,65,2413042,1359244,4,3,125876
ring,3,1048576,200000.0,0.4,0.0,1.0,89,5,66,2378209,1359244,4,3,95417
ring,3,1048576,200000.0,0.4,0.0,1.0,89,5,67,2363625,1359244,4,3,104000
ring,3,1048576,200000.0,0.4,0.0,1.0,89,5,68,2403834,1359244,4,3,100751
ring,3,1048576,200000.0,0.4,0.0,1.0,89,5,69,2473708,1359244,4,3,85583
ring,3,1048576,200000.0,0.4,0.0,1.0,89,5,70,2399917,1359244,4,3,147625
ring,3,1048576,200000.0,0.4,0.0,1.0,89,5,71,2575333,1359244,4,3,103083
ring,3,1048576,200000.0,0.4,0.0,1.0,89,5,72,2301084,1359244,4,3,160917
ring,3,1048576,200000.0,0.4,0.0,1.0,89,5,73,2396958,1359244,4,3,130292
ring,3,1048576,200000.0,0.4,0.0,1.0,89,5,74,2419833,1359244,4,3,125458
ring,3,1048576,200000.0,0.4,0.0,1.0,89,5,75,2455625,1359244,4,3,134416
ring,3,1048576,200000.0,0.4,0.0,1.0,89,5,76,2408167,1359244,4,3,104500
ring,3,1048576,200000.0,0.4,0.0,1.0,89,5,77,2464583,1359244,4,3,104708
ring,3,1048576,200000.0,0.4,0.0,1.0,89,5,78,2334083,1359244,4,3,82167
ring,3,1048576,200000.0,0.4,0.0,1.0,89,5,79,2418042,1359244,4,3,69334
ring,3,1048576,200000.0,0.4,0.0,1.0,89,5,80,2411500,1359244,4,3,69792
ring,3,1048576,200000.0,0.4,0.0,1.0,89,5,81,2586208,1359244,4,3,223583
ring,3,1048576,200000.0,0.4,0.0,1.0,89,5,82,2398042,1359244,4,3,80250
ring,3,1048576,200000.0,0.4,0.0,1.0,89,5,83,2450709,1359244,4,3,153376
ring,3,1048576,200000.0,0.4,0.0,1.0,89,5,84,2345291,1359244,4,3,142375
ring,3,1048576,200000.0,0.4,0.0,1.0,89,5,85,2400125,1359244,4,3,118625
ring,3,1048576,200000.0,0.4,0.0,1.0,89,5,86,2372583,1359244,4,3,165749
ring,3,1048576,200000.0,0.4,0.0,1.0,89,5,87,2306625,1359244,4,3,163958
ring,3,1048576,200000.0,0.4,0.0,1.0,89,5,88,2356875,1359244,4,3,87625
ring,3,1048576,200000.0,0.4,0.0,1.0,89,5,89,2337875,1359244,4,3,107083
ring,3,1048576,200000.0,0.4,0.0,1.0,89,5,90,2345583,1359244,4,3,104292
ring,3,1048576,200000.0,0.4,0.0,1.0,89,5,91,2526000,1359244,4,3,78125
ring,3,1048576,200000.0,0.4,0.0,1.0,89,5,92,2519709,1359244,4,3,141542
ring,3,1048576,200000.0,0.4,0.0,1.0,89,5,93,2460458,1359244,4,3,166166
ring,3,1048576,200000.0,0.4,0.0,1.0,89,5,94,2524041,1359244,4,3,144541
ring,3,1048576,200000.0,0.4,0.0,1.0,89,5,95,2442417,1359244,4,3,106792
ring,3,1048576,200000.0,0.4,0.0,1.0,89,5,96,2337917,1359244,4,3,102458
ring,3,1048576,200000.0,0.4,0.0,1.0,89,5,97,2501542,1359244,4,3,81042
ring,3,1048576,200000.0,0.4,0.0,1.0,89,5,98,2457500,1359244,4,3,135208
ring,3,1048576,200000.0,0.4,0.0,1.0,89,5,99,2466542,1359244,4,3,103458
ring,3,1048576,200000.0,0.4,0.0,1.0,89,5,100,2497791,1359244,4,3,138249
ring,3,1048576,200000.0,0.4,0.0,1.0,89,5,101,2509459,1359244,4,3,89417
ring,3,1048576,200000.0,0.4,0.0,1.0,89,5,102,2502792,1359244,4,3,134376
ring,3,1048576,200000.0,0.4,0.0,1.0,89,5,103,2410959,1359244,4,3,99168
ring,3,1048576,200000.0,0.4,0.0,1.0,89,5,104,2328333,1359244,4,3,104541
ring,3,1048576,200000.0,0.4,0.0,1.0,89,5,105,2483750,1359244,4,3,156083
ring,3,1048576,200000.0,0.4,0.0,1.0,89,5,106,2409250,1359244,4,3,87292
ring,3,1048576,200000.0,0.4,0.0,1.0,89,5,107,2427875,1359244,4,3,119375
ring,3,1048576,200000.0,0.4,0.0,1.0,89,5,108,2430500,1359244,4,3,79125
ring,3,1048576,200000.0,0.4,0.0,1.0,89,5,109,2479292,1359244,4,3,75667
ring,3,1048576,200000.0,0.4,0.0,1.0,89,5,110,2399792,1359244,4,3,60501
ring,3,1048576,200000.0,0.4,0.0,1.0,89,5,111,2446041,1359244,4,3,88707
ring,3,1048576,200000.0,0.4,0.0,1.0,89,5,112,2369250,1359244,4,3,147042
ring,3,1048576,200000.0,0.4,0.0,1.0,89,5,113,2363166,1359244,4,3,118083
ring,3,1048576,200000.0,0.4,0.0,1.0,89,5,114,2440791,1359244,4,3,88374
ring,3,1048576,200000.0,0.4,0.0,1.0,89,5,115,2563417,1359244,4,3,167542
ring,3,1048576,200000.0,0.4,0.0,1.0,89,5,116,2535417,1359244,4,3,80625
ring,3,1048576,200000.0,0.4,0.0,1.0,89,5,117,2831375,1359244,4,3,154708
ring,3,1048576,200000.0,0.4,0.0,1.0,89,5,118,2509708,1359244,4,3,150291
ring,3,1048576,200000.0,0.4,0.0,1.0,89,5,119,2541708,1359244,4,3,121583
ring,3,1048576,200000.0,0.4,0.0,1.0,89,5,120,2431375,1359244,4,3,102417
ring,3,1048576,200000.0,0.4,0.0,1.0,89,5,121,2460875,1359244,4,3,112000
ring,3,1048576,200000.0,0.4,0.0,1.0,89,5,122,2469292,1359244,4,3,130750
ring,3,1048576,200000.0,0.4,0.0,1.0,89,5,123,2466083,1359244,4,3,91833
ring,3,1048576,200000.0,0.4,0.0,1.0,89,5,124,2391166,1359244,4,3,16750
ring,3,1048576,200000.0,0.4,0.0,1.0,89,5,125,2386167,1359244,4,3,82583
ring,3,1048576,200000.0,0.4,0.0,1.0,89,5,126,2364375,1359244,4,3,162208
ring,3,1048576,200000.0,0.4,0.0,1.0,89,5,127,2390167,1359244,4,3,92584
ring,3,1048576,200000.0,0.4,0.0,1.0,89,5,128,2581708,1359244,4,3,153375
ring,3,1048576,200000.0,0.4,0.0,1.0,89,5,129,2431500,1359244,4,3,117333
ring,3,1048576,200000.0,0.4,0.0,1.0,89,5,130,2432167,1359244,4,3,180833
ring,3,1048576,200000.0,0.4,0.0,1.0,89,5,131,2345584,1359244,4,3,138376
ring,3,1048576,200000.0,0.4,0.0,1.0,89,5,132,2534209,1359244,4,3,135584
ring,3,1048576,200000.0,0.4,0.0,1.0,89,5,133,2369458,1359244,4,3,72875
ring,3,1048576,200000.0,0.4,0.0,1.0,89,5,134,2331167,1359244,4,3,129209
ring,3,1048576,200000.0,0.4,0.0,1.0,89,5,135,2408458,1359244,4,3,147374
ring,3,1048576,200000.0,0.4,0.0,1.0,89,5,136,2395750,1359244,4,3,106625
ring,3,1048576,200000.0,0.4,0.0,1.0,89,5,137,2466625,1359244,4,3,71125
ring,3,1048576,200000.0,0.4,0.0,1.0,89,5,138,2384084,1359244,4,3,125084
ring,3,1048576,200000.0,0.4,0.0,1.0,89,5,139,2369000,1359244,4,3,125042
ring,3,1048576,200000.0,0.4,0.0,1.0,89,5,140,2338167,1359244,4,3,131959
ring,3,1048576,200000.0,0.4,0.0,1.0,89,5,141,2327709,1359244,4,3,124292
ring,3,1048576,200000.0,0.4,0.0,1.0,89,5,142,2422084,1359244,4,3,87417
ring,3,1048576,200000.0,0.4,0.0,1.0,89,5,143,2347708,1359244,4,3,59083
ring,3,1048576,200000.0,0.4,0.0,1.0,89,5,144,2343958,1359244,4,3,142749
ring,3,1048576,200000.0,0.4,0.0,1.0,89,5,145,2445000,1359244,4,3,73666
ring,3,1048576,200000.0,0.4,0.0,1.0,89,5,146,2401292,1359244,4,3,94334
ring,3,1048576,200000.0,0.4,0.0,1.0,89,5,147,2442708,1359244,4,3,142041
ring,3,1048576,200000.0,0.4,0.0,1.0,89,5,148,2446667,1359244,4,3,176167
ring,3,1048576,200000.0,0.4,0.0,1.0,89,5,149,2306625,1359244,4,3,166458
ring,3,1048576,200000.0,0.4,0.0,1.0,89,5,150,2438042,1359244,4,3,108126
ring,3,1048576,200000.0,0.4,0.0,1.0,89,5,151,2405458,1359244,4,3,94499
ring,3,1048576,200000.0,0.4,0.0,1.0,89,5,152,2353209,1359244,4,3,118167
ring,3,1048576,200000.0,0.4,0.0,1.0,89,5,153,2497333,1359244,4,3,155958
ring,3,1048576,200000.0,0.4,0.0,1.0,89,5,154,2425708,1359244,4,3,146750
ring,3,1048576,200000.0,0.4,0.0,1.0,89,5,155,2508125,1359244,4,3,93459
ring,3,1048576,200000.0,0.4,0.0,1.0,89,5,156,2510750,1359244,4,3,133625
ring,3,1048576,200000.0,0.4,0.0,1.0,89,5,157,2534167,1359244,4,3,4083
ring,3,1048576,200000.0,0.4,0.0,1.0,89,5,158,2478709,1359244,4,3,148543
ring,3,1048576,200000.0,0.4,0.0,1.0,89,5,159,2547875,1359244,4,3,120875
ring,3,1048576,200000.0,0.4,0.0,1.0,89,5,160,2473916,1359244,4,3,114916
ring,3,1048576,200000.0,0.4,0.0,1.0,89,5,161,2367125,1359244,4,3,185833
ring,3,1048576,200000.0,0.4,0.0,1.0,89,5,162,2349875,1359244,4,3,131375
ring,3,1048576,200000.0,0.4,0.0,1.0,89,5,163,2365833,1359244,4,3,122167
ring,3,1048576,200000.0,0.4,0.0,1.0,89,5,164,2344083,1359244,4,3,92792
ring,3,1048576,200000.0,0.4,0.0,1.0,89,5,165,2341125,1359244,4,3,129959
ring,3,1048576,200000.0,0.4,0.0,1.0,89,5,166,2449458,1359244,4,3,61166
ring,3,1048576,200000.0,0.4,0.0,1.0,89,5,167,2460500,1359244,4,3,105583
ring,3,1048576,200000.0,0.4,0.0,1.0,89,5,168,2452417,1359244,4,3,108709
ring,3,1048576,200000.0,0.4,0.0,1.0,89,5,169,2301125,1359244,4,3,115000
ring,3,1048576,200000.0,0.4,0.0,1.0,89,5,170,2416292,1359244,4,3,151625
ring,3,1048576,200000.0,0.4,0.0,1.0,89,5,171,2379958,1359244,4,3,82791
ring,3,1048576,200000.0,0.4,0.0,1.0,89,5,172,2450250,1359244,4,3,155958
ring,3,1048576,200000.0,0.4,0.0,1.0,89,5,173,2465834,1359244,4,3,117459
ring,3,1048576,200000.0,0.4,0.0,1.0,89,5,174,2417750,1359244,4,3,55125
ring,3,1048576,200000.0,0.4,0.0,1.0,89,5,175,2595917,1359244,4,3,183583
ring,3,1048576,200000.0,0.4,0.0,1.0,89,5,176,2520250,1359244,4,3,153375
ring,3,1048576,200000.0,0.4,0.0,1.0,89,5,177,2590917,1359244,4,3,112875
ring,3,1048576,200000.0,0.4,0.0,1.0,89,5,178,2426458,1359244,4,3,142749
ring,3,1048576,200000.0,0.4,0.0,1.0,89,5,179,2435000,1359244,4,3,168500
ring,3,1048576,200000.0,0.4,0.0,1.0,89,5,180,2466958,1359244,4,3,180167
ring,3,1048576,200000.0,0.4,0.0,1.0,89,5,181,2414792,1359244,4,3,162792
ring,3,1048576,200000.0,0.4,0.0,1.0,89,5,182,2388333,1359244,4,3,80291
ring,3,1048576,200000.0,0.4,0.0,1.0,89,5,183,2450458,1359244,4,3,97833
ring,3,1048576,200000.0,0.4,0.0,1.0,89,5,184,2416958,1359244,4,3,107541
ring,3,1048576,200000.0,0.4,0.0,1.0,89,5,185,2485542,1359244,4,3,122625
ring,3,1048576,200000.0,0.4,0.0,1.0,89,5,186,2406916,1359244,4,3,93166
ring,3,1048576,200000.0,0.4,0.0,1.0,89,5,187,2375250,1359244,4,3,123000
ring,3,1048576,200000.0,0.4,0.0,1.0,89,5,188,2441708,1359244,4,3,115917
ring,3,1048576,200000.0,0.4,0.0,1.0,89,5,189,2414417,1359244,4,3,63459
ring,3,1048576,200000.0,0.4,0.0,1.0,89,5,190,2427500,1359244,4,3,110542
ring,3,1048576,200000.0,0.4,0.0,1.0,89,5,191,2394542,1359244,4,3,162042
ring,3,1048576,200000.0,0.4,0.0,1.0,89,5,192,2478542,1359244,4,3,121292
ring,3,1048576,200000.0,0.4,0.0,1.0,89,5,193,2437750,1359244,4,3,83625
ring,3,1048576,200000.0,0.4,0.0,1.0,89,5,194,2436708,1359244,4,3,100958
ring,3,1048576,200000.0,0.4,0.0,1.0,89,5,195,3111125,1359244,4,3,313708
ring,3,1048576,200000.0,0.4,0.0,1.0,89,5,196,3968375,1359244,4,3,10042
ring,3,1048576,200000.0,0.4,0.0,1.0,89,5,197,3006250,1359244,4,3,105000
ring,3,1048576,200000.0,0.4,0.0,1.0,89,5,198,2496834,1359244,4,3,92709
ring,3,1048576,200000.0,0.4,0.0,1.0,89,5,199,2489125,1359244,4,3,153750
ring,3,1048576,200000.0,0.4,0.0,1.0,89,5,200,2504500,1359244,4,3,70042
ring,3,1048576,200000.0,0.4,0.0,1.0,89,5,201,2409500,1359244,4,3,134458
ring,3,1048576,200000.0,0.4,0.0,1.0,89,5,202,2416667,1359244,4,3,87083
ring,3,1048576,200000.0,0.4,0.0,1.0,89,5,203,2527917,1359244,4,3,172417
ring,3,1048576,200000.0,0.4,0.0,1.0,89,5,204,2380833,1359244,4,3,156583
ring,3,1048576,200000.0,0.4,0.0,1.0,89,5,205,2473791,1359244,4,3,153333
ring,3,1048576,200000.0,0.4,0.0,1.0,89,5,206,2483291,1359244,4,3,148250
ring,3,1048576,200000.0,0.4,0.0,1.0,89,5,207,2429542,1359244,4,3,152334
ring,3,1048576,200000.0,0.4,0.0,1.0,89,5,208,2535708,1359244,4,3,122792
ring,3,1048576,200000.0,0.4,0.0,1.0,89,5,209,2454375,1359244,4,3,161250
ring,3,1048576,200000.0,0.4,0.0,1.0,89,5,210,2532083,1359244,4,3,127875
ring,3,1048576,200000.0,0.4,0.0,1.0,89,5,211,2418084,1359244,4,3,170418
ring,3,1048576,200000.0,0.4,0.0,1.0,89,5,212,2458916,1359244,4,3,83957
ring,3,1048576,200000.0,0.4,0.0,1.0,89,5,213,2404458,1359244,4,3,168792
ring,3,1048576,200000.0,0.4,0.0,1.0,89,5,214,2353125,1359244,4,3,116583
ring,3,1048576,200000.0,0.4,0.0,1.0,89,5,215,2447500,1359244,4,3,83667
ring,3,1048576,200000.0,0.4,0.0,1.0,89,5,216,2538291,1359244,4,3,101041
ring,3,1048576,200000.0,0.4,0.0,1.0,89,5,217,2419667,1359244,4,3,133209
ring,3,1048576,200000.0,0.4,0.0,1.0,89,5,218,2351875,1359244,4,3,139416
ring,3,1048576,200000.0,0.4,0.0,1.0,89,5,219,2470459,1359244,4,3,125875
ring,3,1048576,200000.0,0.4,0.0,1.0,89,5,220,2407375,1359244,4,3,68958
ring,3,1048576,200000.0,0.4,0.0,1.0,89,5,221,2403708,1359244,4,3,118375
ring,3,1048576,200000.0,0.4,0.0,1.0,89,5,222,2498666,1359244,4,3,170749
ring,3,1048576,200000.0,0.4,0.0,1.0,89,5,223,2366708,1359244,4,3,174791
ring,3,1048576,200000.0,0.4,0.0,1.0,89,5,224,2411208,1359244,4,3,70791
ring,3,1048576,200000.0,0.4,0.0,1.0,89,5,225,2359250,1359244,4,3,87167
ring,3,1048576,200000.0,0.4,0.0,1.0,89,5,226,2452792,1359244,4,3,79333
ring,3,1048576,200000.0,0.4,0.0,1.0,89,5,227,2554667,1359244,4,3,84292
ring,3,1048576,200000.0,0.4,0.0,1.0,89,5,228,2508958,1359244,4,3,133916
ring,3,1048576,200000.0,0.4,0.0,1.0,89,5,229,2480125,1359244,4,3,219125
ring,3,1048576,200000.0,0.4,0.0,1.0,89,5,230,2606167,1359244,4,3,142667
ring,3,1048576,200000.0,0.4,0.0,1.0,89,5,231,2434917,1359244,4,3,163584
ring,3,1048576,200000.0,0.4,0.0,1.0,89,5,232,2458292,1359244,4,3,82250
ring,3,1048576,200000.0,0.4,0.0,1.0,89,5,233,2568584,1359244,4,3,112543
ring,3,1048576,200000.0,0.4,0.0,1.0,89,5,234,2537250,1359244,4,3,96583
ring,3,1048576,200000.0,0.4,0.0,1.0,89,5,235,2411000,1359244,4,3,89583
ring,3,1048576,200000.0,0.4,0.0,1.0,89,5,236,2405625,1359244,4,3,158708
ring,3,1048576,200000.0,0.4,0.0,1.0,89,5,237,2442084,1359244,4,3,146542
ring,3,1048576,200000.0,0.4,0.0,1.0,89,5,238,2461292,1359244,4,3,93417
ring,3,1048576,200000.0,0.4,0.0,1.0,89,5,239,2354833,1359244,4,3,110417
ring,3,1048576,200000.0,0.4,0.0,1.0,89,5,240,2476500,1359244,4,3,146792
ring,3,1048576,200000.0,0.4,0.0,1.0,89,5,241,2417875,1359244,4,3,67375
ring,3,1048576,200000.0,0.4,0.0,1.0,89,5,242,2359833,1359244,4,3,97833
ring,3,1048576,200000.0,0.4,0.0,1.0,89,5,243,2443167,1359244,4,3,149292
ring,3,1048576,200000.0,0.4,0.0,1.0,89,5,244,2339125,1359244,4,3,178125
ring,3,1048576,200000.0,0.4,0.0,1.0,89,5,245,2357959,1359244,4,3,133751
ring,3,1048576,200000.0,0.4,0.0,1.0,89,5,246,2416875,1359244,4,3,86708
ring,3,1048576,200000.0,0.4,0.0,1.0,89,5,247,2462125,1359244,4,3,136959
ring,3,1048576,200000.0,0.4,0.0,1.0,89,5,248,2405709,1359244,4,3,56209
ring,3,1048576,200000.0,0.4,0.0,1.0,89,5,249,2514000,1359244,4,3,52166
ring,3,1048576,200000.0,0.4,0.0,1.0,89,5,250,2536583,1359244,4,3,141416
ring,3,1048576,200000.0,0.4,0.0,1.0,89,5,251,2501250,1359244,4,3,141541
ring,3,1048576,200000.0,0.4,0.0,1.0,89,5,252,2463791,1359244,4,3,135916
ring,3,1048576,200000.0,0.4,0.0,1.0,89,5,253,2443000,1359244,4,3,134792
ring,3,1048576,200000.0,0.4,0.0,1.0,89,5,254,2390667,1359244,4,3,106000
ring,3,1048576,200000.0,0.4,0.0,1.0,89,5,255,2370875,1359244,4,3,106791
ring,3,1048576,200000.0,0.4,0.0,1.0,89,5,256,2400209,1359244,4,3,143584
ring,3,1048576,200000.0,0.4,0.0,1.0,89,5,257,2425542,1359244,4,3,104084
ring,3,1048576,200000.0,0.4,0.0,1.0,89,5,258,2426959,1359244,4,3,118667
ring,3,1048576,200000.0,0.4,0.0,1.0,89,5,259,2403375,1359244,4,3,151583
ring,3,1048576,200000.0,0.4,0.0,1.0,89,5,260,2396375,1359244,4,3,135333
ring,3,1048576,200000.0,0.4,0.0,1.0,89,5,261,2338291,1359244,4,3,140999
ring,3,1048576,200000.0,0.4,0.0,1.0,89,5,262,2451583,1359244,4,3,172000
ring,3,1048576,200000.0,0.4,0.0,1.0,89,5,263,2469167,1359244,4,3,118167
ring,3,1048576,200000.0,0.4,0.0,1.0,89,5,264,2484542,1359244,4,3,114542
ring,3,1048576,200000.0,0.4,0.0,1.0,89,5,265,2390000,1359244,4,3,124541
ring,3,1048576,200000.0,0.4,0.0,1.0,89,5,266,2571042,1359244,4,3,164834
ring,3,1048576,200000.0,0.4,0.0,1.0,89,5,267,2452959,1359244,4,3,87167
ring,3,1048576,200000.0,0.4,0.0,1.0,89,5,268,2401583,1359244,4,3,85874
ring,3,1048576,200000.0,0.4,0.0,1.0,89,5,269,2390125,1359244,4,3,99375
ring,3,1048576,200000.0,0.4,0.0,1.0,89,5,270,2439916,1359244,4,3,101957
ring,3,1048576,200000.0,0.4,0.0,1.0,89,5,271,2434125,1359244,4,3,82417
ring,3,1048576,200000.0,0.4,0.0,1.0,89,5,272,2378541,1359244,4,3,132083
ring,3,1048576,200000.0,0.4,0.0,1.0,89,5,273,2437875,1359244,4,3,113500
ring,3,1048576,200000.0,0.4,0.0,1.0,89,5,274,2477417,1359244,4,3,85459
ring,3,1048576,200000.0,0.4,0.0,1.0,89,5,275,2412333,1359244,4,3,147416
ring,3,1048576,200000.0,0.4,0.0,1.0,89,5,276,2419125,1359244,4,3,136708
ring,3,1048576,200000.0,0.4,0.0,1.0,89,5,277,2423417,1359244,4,3,137709
ring,3,1048576,200000.0,0.4,0.0,1.0,89,5,278,2439209,1359244,4,3,148834
ring,3,1048576,200000.0,0.4,0.0,1.0,89,5,279,2362292,1359244,4,3,140000
ring,3,1048576,200000.0,0.4,0.0,1.0,89,5,280,2399750,1359244,4,3,85500
ring,3,1048576,200000.0,0.4,0.0,1.0,89,5,281,2440000,1359244,4,3,73583
ring,3,1048576,200000.0,0.4,0.0,1.0,89,5,282,2544333,1359244,4,3,201125
ring,3,1048576,200000.0,0.4,0.0,1.0,89,5,283,2523500,1359244,4,3,101541
ring,3,1048576,200000.0,0.4,0.0,1.0,89,5,284,2517458,1359244,4,3,92000
ring,3,1048576,200000.0,0.4,0.0,1.0,89,5,285,2533375,1359244,4,3,109958
ring,3,1048576,200000.0,0.4,0.0,1.0,89,5,286,2386708,1359244,4,3,162750
ring,3,1048576,200000.0,0.4,0.0,1.0,89,5,287,2435334,1359244,4,3,106667
ring,3,1048576,200000.0,0.4,0.0,1.0,89,5,288,2576625,1359244,4,3,168792
ring,3,1048576,200000.0,0.4,0.0,1.0,89,5,289,2482333,1359244,4,3,51249
ring,3,1048576,200000.0,0.4,0.0,1.0,89,5,290,2400833,1359244,4,3,167708
ring,3,1048576,200000.0,0.4,0.0,1.0,89,5,291,2505792,1359244,4,3,159917
ring,3,1048576,200000.0,0.4,0.0,1.0,89,5,292,2411791,1359244,4,3,103332
ring,3,1048576,200000.0,0.4,0.0,1.0,89,5,293,2454291,1359244,4,3,88458
ring,3,1048576,200000.0,0.4,0.0,1.0,89,5,294,2507459,1359244,4,3,95251
ring,3,1048576,200000.0,0.4,0.0,1.0,89,5,295,2519875,1359244,4,3,129292
ring,3,1048576,200000.0,0.4,0.0,1.0,89,5,296,2422083,1359244,4,3,101625
ring,3,1048576,200000.0,0.4,0.0,1.0,89,5,297,2538166,1359244,4,3,115291
ring,3,1048576,200000.0,0.4,0.0,1.0,89,5,298,2487292,1359244,4,3,188625
ring,3,1048576,200000.0,0.4,0.0,1.0,89,5,299,2597458,1359244,4,3,144208
ring,3,1048576,200000.0,0.4,0.0,1.0,89,5,300,2337084,1359244,4,3,165959
ring,3,1048576,200000.0,0.4,0.0,1.0,89,5,301,2415083,1359244,4,3,120875
ring,3,1048576,200000.0,0.4,0.0,1.0,89,5,302,2388209,1359244,4,3,125584
ring,3,1048576,200000.0,0.4,0.0,1.0,89,5,303,2455375,1359244,4,3,96833
ring,3,1048576,200000.0,0.4,0.0,1.0,89,5,304,2409500,1359244,4,3,138167
ring,3,1048576,200000.0,0.4,0.0,1.0,89,5,305,2467041,1359244,4,3,119125
ring,3,1048576,200000.0,0.4,0.0,1.0,89,5,306,2489792,1359244,4,3,90000
ring,3,1048576,200000.0,0.4,0.0,1.0,89,5,307,2514667,1359244,4,3,137459
ring,3,1048576,200000.0,0.4,0.0,1.0,89,5,308,2498000,1359244,4,3,51458
ring,3,1048576,200000.0,0.4,0.0,1.0,89,5,309,2490208,1359244,4,3,200708
ring,3,1048576,200000.0,0.4,0.0,1.0,89,5,310,2503416,1359244,4,3,135000
ring,3,1048576,200000.0,0.4,0.0,1.0,89,5,311,2447708,1359244,4,3,136375
ring,3,1048576,200000.0,0.4,0.0,1.0,89,5,312,2369333,1359244,4,3,163458
ring,3,1048576,200000.0,0.4,0.0,1.0,89,5,313,2387375,1359244,4,3,139375
ring,3,1048576,200000.0,0.4,0.0,1.0,89,5,314,2409167,1359244,4,3,103625
ring,3,1048576,200000.0,0.4,0.0,1.0,89,5,315,2476584,1359244,4,3,114584
ring,3,1048576,200000.0,0.4,0.0,1.0,89,5,316,2406167,1359244,4,3,142250
ring,3,1048576,200000.0,0.4,0.0,1.0,89,5,317,2397625,1359244,4,3,126959
ring,3,1048576,200000.0,0.4,0.0,1.0,89,5,318,2565833,1359244,4,3,133708
ring,3,1048576,200000.0,0.4,0.0,1.0,89,5,319,2448833,1359244,4,3,111208
ring,3,1048576,200000.0,0.4,0.0,1.0,89,5,320,2460042,1359244,4,3,91583
ring,3,1048576,200000.0,0.4,0.0,1.0,89,5,321,2500417,1359244,4,3,133833
ring,3,1048576,200000.0,0.4,0.0,1.0,89,5,322,2420250,1359244,4,3,73375
ring,3,1048576,200000.0,0.4,0.0,1.0,89,5,323,2455875,1359244,4,3,94125
ring,3,1048576,200000.0,0.4,0.0,1.0,89,5,324,2345459,1359244,4,3,109625
ring,3,1048576,200000.0,0.4,0.0,1.0,89,5,325,2559875,1359244,4,3,115041
ring,3,1048576,200000.0,0.4,0.0,1.0,89,5,326,2388500,1359244,4,3,146875
ring,3,1048576,200000.0,0.4,0.0,1.0,89,5,327,30062917,1359244,4,3,2729542
ring,3,1048576,200000.0,0.4,0.0,1.0,89,5,328,3785958,1359244,4,3,266458
ring,3,1048576,200000.0,0.4,0.0,1.0,89,5,329,3198500,1359244,4,3,49875
ring,3,1048576,200000.0,0.4,0.0,1.0,89,5,330,6583458,1359244,4,3,718416
ring,3,1048576,200000.0,0.4,0.0,1.0,89,5,331,2534959,1359244,4,3,71043
ring,3,1048576,200000.0,0.4,0.0,1.0,89,5,332,2568542,1359244,4,3,141501
ring,3,1048576,200000.0,0.4,0.0,1.0,89,5,333,2463292,1359244,4,3,129500
ring,3,1048576,200000.0,0.4,0.0,1.0,89,5,334,2549792,1359244,4,3,124876
ring,3,1048576,200000.0,0.4,0.0,1.0,89,5,335,2576000,1359244,4,3,164208
ring,3,1048576,200000.0,0.4,0.0,1.0,89,5,336,2535583,1359244,4,3,148208
ring,3,1048576,200000.0,0.4,0.0,1.0,89,5,337,2533916,1359244,4,3,138333
ring,3,1048576,200000.0,0.4,0.0,1.0,89,5,338,2551083,1359244,4,3,109125
ring,3,1048576,200000.0,0.4,0.0,1.0,89,5,339,2542333,1359244,4,3,121958
ring,3,1048576,200000.0,0.4,0.0,1.0,89,5,340,2728209,1359244,4,3,78751
ring,3,1048576,200000.0,0.4,0.0,1.0,89,5,341,2600542,1359244,4,3,75208
ring,3,1048576,200000.0,0.4,0.0,1.0,89,5,342,2591209,1359244,4,3,88417
ring,3,1048576,200000.0,0.4,0.0,1.0,89,5,343,2492625,1359244,4,3,129958
ring,3,1048576,200000.0,0.4,0.0,1.0,89,5,344,2642708,1359244,4,3,78500
ring,3,1048576,200000.0,0.4,0.0,1.0,89,5,345,2624333,1359244,4,3,58542
ring,3,1048576,200000.0,0.4,0.0,1.0,89,5,346,2541083,1359244,4,3,92291
ring,3,1048576,200000.0,0.4,0.0,1.0,89,5,347,2719500,1359244,4,3,225375
ring,3,1048576,200000.0,0.4,0.0,1.0,89,5,348,2636084,1359244,4,3,139292
ring,3,1048576,200000.0,0.4,0.0,1.0,89,5,349,2582292,1359244,4,3,126167
ring,3,1048576,200000.0,0.4,0.0,1.0,89,5,350,2614375,1359244,4,3,86042
ring,3,1048576,200000.0,0.4,0.0,1.0,89,5,351,2558334,1359244,4,3,96667
ring,3,1048576,200000.0,0.4,0.0,1.0,89,5,352,2546917,1359244,4,3,90667
ring,3,1048576,200000.0,0.4,0.0,1.0,89,5,353,2548750,1359244,4,3,156500
ring,3,1048576,200000.0,0.4,0.0,1.0,89,5,354,2515750,1359244,4,3,154958
ring,3,1048576,200000.0,0.4,0.0,1.0,89,5,355,2560417,1359244,4,3,120334
ring,3,1048576,200000.0,0.4,0.0,1.0,89,5,356,2532250,1359244,4,3,85791
ring,3,1048576,200000.0,0.4,0.0,1.0,89,5,357,2547375,1359244,4,3,57834
ring,3,1048576,200000.0,0.4,0.0,1.0,89,5,358,2580417,1359244,4,3,120042
ring,3,1048576,200000.0,0.4,0.0,1.0,89,5,359,2578875,1359244,4,3,101958
ring,3,1048576,200000.0,0.4,0.0,1.0,89,5,360,2535500,1359244,4,3,147959
ring,3,1048576,200000.0,0.4,0.0,1.0,89,5,361,2647916,1359244,4,3,90082
ring,3,1048576,200000.0,0.4,0.0,1.0,89,5,362,2521334,1359244,4,3,106334
ring,3,1048576,200000.0,0.4,0.0,1.0,89,5,363,2608541,1359244,4,3,132708
ring,3,1048576,200000.0,0.4,0.0,1.0,89,5,364,2523833,1359244,4,3,125583
ring,3,1048576,200000.0,0.4,0.0,1.0,89,5,365,2572500,1359244,4,3,101250
ring,3,1048576,200000.0,0.4,0.0,1.0,89,5,366,2547334,1359244,4,3,114376
ring,3,1048576,200000.0,0.4,0.0,1.0,89,5,367,2484667,1359244,4,3,40209
ring,3,1048576,200000.0,0.4,0.0,1.0,89,5,368,2440708,1359244,4,3,90417
ring,3,1048576,200000.0,0.4,0.0,1.0,89,5,369,2532792,1359244,4,3,105084
ring,3,1048576,200000.0,0.4,0.0,1.0,89,5,370,2535250,1359244,4,3,135416
ring,3,1048576,200000.0,0.4,0.0,1.0,89,5,371,2511042,1359244,4,3,143417
ring,3,1048576,200000.0,0.4,0.0,1.0,89,5,372,2532333,1359244,4,3,133291
ring,3,1048576,200000.0,0.4,0.0,1.0,89,5,373,2458792,1359244,4,3,134625
ring,3,1048576,200000.0,0.4,0.0,1.0,89,5,374,2475459,1359244,4,3,182000
ring,3,1048576,200000.0,0.4,0.0,1.0,89,5,375,2582625,1359244,4,3,156583
ring,3,1048576,200000.0,0.4,0.0,1.0,89,5,376,2481625,1359244,4,3,135667
ring,3,1048576,200000.0,0.4,0.0,1.0,89,5,377,2447250,1359244,4,3,75583
ring,3,1048576,200000.0,0.4,0.0,1.0,89,5,378,2599000,1359244,4,3,152250
ring,3,1048576,200000.0,0.4,0.0,1.0,89,5,379,2495042,1359244,4,3,128626
ring,3,1048576,200000.0,0.4,0.0,1.0,89,5,380,2513125,1359244,4,3,107875
ring,3,1048576,200000.0,0.4,0.0,1.0,89,5,381,2435042,1359244,4,3,160375
ring,3,1048576,200000.0,0.4,0.0,1.0,89,5,382,2459041,1359244,4,3,144000
ring,3,1048576,200000.0,0.4,0.0,1.0,89,5,383,2518667,1359244,4,3,155417
ring,3,1048576,200000.0,0.4,0.0,1.0,89,5,384,2601875,1359244,4,3,112000
ring,3,1048576,200000.0,0.4,0.0,1.0,89,5,385,2574667,1359244,4,3,115500
ring,3,1048576,200000.0,0.4,0.0,1.0,89,5,386,2467167,1359244,4,3,20751
ring,3,1048576,200000.0,0.4,0.0,1.0,89,5,387,2399750,1359244,4,3,176167
ring,3,1048576,200000.0,0.4,0.0,1.0,89,5,388,2409291,1359244,4,3,111499
ring,3,1048576,200000.0,0.4,0.0,1.0,89,5,389,2495709,1359244,4,3,179668
ring,3,1048576,200000.0,0.4,0.0,1.0,89,5,390,2519959,1359244,4,3,141751
ring,3,1048576,200000.0,0.4,0.0,1.0,89,5,391,2512958,1359244,4,3,48250
ring,3,1048576,200000.0,0.4,0.0,1.0,89,5,392,2595625,1359244,4,3,161625
ring,3,1048576,200000.0,0.4,0.0,1.0,89,5,393,2418000,1359244,4,3,191666
ring,3,1048576,200000.0,0.4,0.0,1.0,89,5,394,2463792,1359244,4,3,192834
ring,3,1048576,200000.0,0.4,0.0,1.0,89,5,395,2486833,1359244,4,3,169875
ring,3,1048576,200000.0,0.4,0.0,1.0,89,5,396,2472041,1359244,4,3,117999
ring,3,1048576,200000.0,0.4,0.0,1.0,89,5,397,2533958,1359244,4,3,131416
ring,3,1048576,200000.0,0.4,0.0,1.0,89,5,398,2402000,1359244,4,3,124500
ring,3,1048576,200000.0,0.4,0.0,1.0,89,5,399,2461541,1359244,4,3,25125
ps,3,1048576,200000.0,0.4,0.0,1.0,89,5,0,2668542,619430,1,3,636709
ps,3,1048576,200000.0,0.4,0.0,1.0,89,5,1,2628792,619430,1,3,609000
ps,3,1048576,200000.0,0.4,0.0,1.0,89,5,2,2636667,619430,1,3,605501
ps,3,1048576,200000.0,0.4,0.0,1.0,89,5,3,2605833,619430,1,3,597666
ps,3,1048576,200000.0,0.4,0.0,1.0,89,5,4,2615375,619430,1,3,611125
ps,3,1048576,200000.0,0.4,0.0,1.0,89,5,5,2618667,619430,1,3,615459
ps,3,1048576,200000.0,0.4,0.0,1.0,89,5,6,2616542,619430,1,3,591250
ps,3,1048576,200000.0,0.4,0.0,1.0,89,5,7,2642750,619430,1,3,603083
ps,3,1048576,200000.0,0.4,0.0,1.0,89,5,8,2593833,619430,1,3,610792
ps,3,1048576,200000.0,0.4,0.0,1.0,89,5,9,2595500,619430,1,3,622000
ps,3,1048576,200000.0,0.4,0.0,1.0,89,5,10,2612750,619430,1,3,611333
ps,3,1048576,200000.0,0.4,0.0,1.0,89,5,11,2659125,619430,1,3,648833
ps,3,1048576,200000.0,0.4,0.0,1.0,89,5,12,2652500,619430,1,3,629667
ps,3,1048576,200000.0,0.4,0.0,1.0,89,5,13,2636208,619430,1,3,581833
ps,3,1048576,200000.0,0.4,0.0,1.0,89,5,14,2612209,619430,1,3,587625
ps,3,1048576,200000.0,0.4,0.0,1.0,89,5,15,2651292,619430,1,3,620167
ps,3,1048576,200000.0,0.4,0.0,1.0,89,5,16,2636625,619430,1,3,616458
ps,3,1048576,200000.0,0.4,0.0,1.0,89,5,17,2663458,619430,1,3,607250
ps,3,1048576,200000.0,0.4,0.0,1.0,89,5,18,2654917,619430,1,3,624792
ps,3,1048576,200000.0,0.4,0.0,1.0,89,5,19,2656959,619430,1,3,628418
ps,3,1048576,200000.0,0.4,0.0,1.0,89,5,20,2605250,619430,1,3,631625
ps,3,1048576,200000.0,0.4,0.0,1.0,89,5,21,2611833,619430,1,3,607750
ps,3,1048576,200000.0,0.4,0.0,1.0,89,5,22,2646125,619430,1,3,646292
ps,3,1048576,200000.0,0.4,0.0,1.0,89,5,23,2636458,619430,1,3,622458
ps,3,1048576,200000.0,0.4,0.0,1.0,89,5,24,2601166,619430,1,3,581166
ps,3,1048576,200000.0,0.4,0.0,1.0,89,5,25,2605125,619430,1,3,587875
ps,3,1048576,200000.0,0.4,0.0,1.0,89,5,26,2563500,619430,1,3,615875
ps,3,1048576,200000.0,0.4,0.0,1.0,89,5,27,2590042,619430,1,3,608250
ps,3,1048576,200000.0,0.4,0.0,1.0,89,5,28,2652166,619430,1,3,625416
ps,3,1048576,200000.0,0.4,0.0,1.0,89,5,29,2653334,619430,1,3,627959
ps,3,1048576,200000.0,0.4,0.0,1.0,89,5,30,2675500,619430,1,3,592291
ps,3,1048576,200000.0,0.4,0.0,1.0,89,5,31,2642375,619430,1,3,574875
ps,3,1048576,200000.0,0.4,0.0,1.0,89,5,32,2631042,619430,1,3,640750
ps,3,1048576,200000.0,0.4,0.0,1.0,89,5,33,2666625,619430,1,3,588834
ps,3,1048576,200000.0,0.4,0.0,1.0,89,5,34,2648084,619430,1,3,624250
ps,3,1048576,200000.0,0.4,0.0,1.0,89,5,35,2616666,619430,1,3,619999
ps,3,1048576,200000.0,0.4,0.0,1.0,89,5,36,2653292,619430,1,3,541917
ps,3,1048576,200000.0,0.4,0.0,1.0,89,5,37,2627875,619430,1,3,592458
ps,3,1048576,200000.0,0.4,0.0,1.0,89,5,38,2639875,619430,1,3,615959
ps,3,1048576,200000.0,0.4,0.0,1.0,89,5,39,2581791,619430,1,3,618166
ps,3,1048576,200000.0,0.4,0.0,1.0,89,5,40,2592375,619430,1,3,618375
ps,3,1048576,200000.0,0.4,0.0,1.0,89,5,41,2611250,619430,1,3,619000
ps,3,1048576,200000.0,0.4,0.0,1.0,89,5,42,2589042,619430,1,3,606583
ps,3,1048576,200000.0,0.4,0.0,1.0,89,5,43,2630125,619430,1,3,626125
ps,3,1048576,200000.0,0.4,0.0,1.0,89,5,44,2579916,619430,1,3,612041
ps,3,1048576,200000.0,0.4,0.0,1.0,89,5,45,2590791,619430,1,3,584707
ps,3,1048576,200000.0,0.4,0.0,1.0,89,5,46,2656167,619430,1,3,624584
ps,3,1048576,200000.0,0.4,0.0,1.0,89,5,47,2660292,619430,1,3,642250
ps,3,1048576,200000.0,0.4,0.0,1.0,89,5,48,2668292,619430,1,3,627584
ps,3,1048576,200000.0,0.4,0.0,1.0,89,5,49,2675417,619430,1,3,627375
ps,3,1048576,200000.0,0.4,0.0,1.0,89,5,50,2700042,619430,1,3,636084
ps,3,1048576,200000.0,0.4,0.0,1.0,89,5,51,2682750,619430,1,3,605875
ps,3,1048576,200000.0,0.4,0.0,1.0,89,5,52,2649541,619430,1,3,585166
ps,3,1048576,200000.0,0.4,0.0,1.0,89,5,53,2694625,619430,1,3,599750
ps,3,1048576,200000.0,0.4,0.0,1.0,89,5,54,2673667,619430,1,3,618417
ps,3,1048576,200000.0,0.4,0.0,1.0,89,5,55,2673042,619430,1,3,623167
ps,3,1048576,200000.0,0.4,0.0,1.0,89,5,56,2656042,619430,1,3,600084
ps,3,1048576,200000.0,0.4,0.0,1.0,89,5,57,2596250,619430,1,3,621750
ps,3,1048576,200000.0,0.4,0.0,1.0,89,5,58,2629917,619430,1,3,619542
ps,3,1048576,200000.0,0.4,0.0,1.0,89,5,59,2662166,619430,1,3,604249
ps,3,1048576,200000.0,0.4,0.0,1.0,89,5,60,2655625,619430,1,3,598750
ps,3,1048576,200000.0,0.4,0.0,1.0,89,5,61,2652417,619430,1,3,587209
ps,3,1048576,200000.0,0.4,0.0,1.0,89,5,62,2650708,619430,1,3,614416
ps,3,1048576,200000.0,0.4,0.0,1.0,89,5,63,2638125,619430,1,3,580500
ps,3,1048576,200000.0,0.4,0.0,1.0,89,5,64,2711500,619430,1,3,647458
ps,3,1048576,200000.0,0.4,0.0,1.0,89,5,65,2731875,619430,1,3,590625
ps,3,1048576,200000.0,0.4,0.0,1.0,89,5,66,2679334,619430,1,3,585917
ps,3,1048576,200000.0,0.4,0.0,1.0,89,5,67,2692792,619430,1,3,641583
ps,3,1048576,200000.0,0.4,0.0,1.0,89,5,68,2695083,619430,1,3,648666
ps,3,1048576,200000.0,0.4,0.0,1.0,89,5,69,2824375,619430,1,3,612542
ps,3,1048576,200000.0,0.4,0.0,1.0,89,5,70,2710625,619430,1,3,564375
ps,3,1048576,200000.0,0.4,0.0,1.0,89,5,71,2733750,619430,1,3,699709
ps,3,1048576,200000.0,0.4,0.0,1.0,89,5,72,2731250,619430,1,3,612834
ps,3,1048576,200000.0,0.4,0.0,1.0,89,5,73,2667166,619430,1,3,615833
ps,3,1048576,200000.0,0.4,0.0,1.0,89,5,74,2674458,619430,1,3,520708
ps,3,1048576,200000.0,0.4,0.0,1.0,89,5,75,2740666,619430,1,3,592291
ps,3,1048576,200000.0,0.4,0.0,1.0,89,5,76,2705792,619430,1,3,625209
ps,3,1048576,200000.0,0.4,0.0,1.0,89,5,77,2741833,619430,1,3,618708
ps,3,1048576,200000.0,0.4,0.0,1.0,89,5,78,2694334,619430,1,3,611792
ps,3,1048576,200000.0,0.4,0.0,1.0,89,5,79,2693041,619430,1,3,616500
ps,3,1048576,200000.0,0.4,0.0,1.0,89,5,80,2681625,619430,1,3,583792
ps,3,1048576,200000.0,0.4,0.0,1.0,89,5,81,2682333,619430,1,3,623291
ps,3,1048576,200000.0,0.4,0.0,1.0,89,5,82,2703042,619430,1,3,621459
ps,3,1048576,200000.0,0.4,0.0,1.0,89,5,83,2676291,619430,1,3,620416
ps,3,1048576,200000.0,0.4,0.0,1.0,89,5,84,2693209,619430,1,3,566584
ps,3,1048576,200000.0,0.4,0.0,1.0,89,5,85,2826250,619430,1,3,631833
ps,3,1048576,200000.0,0.4,0.0,1.0,89,5,86,2675209,619430,1,3,609168
ps,3,1048576,200000.0,0.4,0.0,1.0,89,5,87,2688083,619430,1,3,661500
ps,3,1048576,200000.0,0.4,0.0,1.0,89,5,88,2694291,619430,1,3,579583
ps,3,1048576,200000.0,0.4,0.0,1.0,89,5,89,2880709,619430,1,3,563459
ps,3,1048576,200000.0,0.4,0.0,1.0,89,5,90,2801791,619430,1,3,608416
ps,3,1048576,200000.0,0.4,0.0,1.0,89,5,91,2764750,619430,1,3,634083
ps,3,1048576,200000.0,0.4,0.0,1.0,89,5,92,2733375,619430,1,3,648333
ps,3,1048576,200000.0,0.4,0.0,1.0,89,5,93,2767917,619430,1,3,623876
ps,3,1048576,200000.0,0.4,0.0,1.0,89,5,94,2702208,619430,1,3,601291
ps,3,1048576,200000.0,0.4,0.0,1.0,89,5,95,2748166,619430,1,3,640208
ps,3,1048576,200000.0,0.4,0.0,1.0,89,5,96,2766958,619430,1,3,618667
ps,3,1048576,200000.0,0.4,0.0,1.0,89,5,97,2719000,619430,1,3,634791
ps,3,1048576,200000.0,0.4,0.0,1.0,89,5,98,2754042,619430,1,3,572833
ps,3,1048576,200000.0,0.4,0.0,1.0,89,5,99,2736458,619430,1,3,623750
ps,3,1048576,200000.0,0.4,0.0,1.0,89,5,100,2690708,619430,1,3,629083
ps,3,1048576,200000.0,0.4,0.0,1.0,89,5,101,2775500,619430,1,3,687375
ps,3,1048576,200000.0,0.4,0.0,1.0,89,5,102,2808667,619430,1,3,621667
ps,3,1048576,200000.0,0.4,0.0,1.0,89,5,103,2984917,619430,1,3,600209
ps,3,1048576,200000.0,0.4,0.0,1.0,89,5,104,2718292,619430,1,3,632542
ps,3,1048576,200000.0,0.4,0.0,1.0,89,5,105,2686250,619430,1,3,623541
ps,3,1048576,200000.0,0.4,0.0,1.0,89,5,106,2691708,619430,1,3,607750
ps,3,1048576,200000.0,0.4,0.0,1.0,89,5,107,2710542,619430,1,3,609334
ps,3,1048576,200000.0,0.4,0.0,1.0,89,5,108,2694708,619430,1,3,611041
ps,3,1048576,200000.0,0.4,0.0,1.0,89,5,109,2672125,619430,1,3,604375
ps,3,1048576,200000.0,0.4,0.0,1.0,89,5,110,2685833,619430,1,3,616375
ps,3,1048576,200000.0,0.4,0.0,1.0,89,5,111,2731000,619430,1,3,632833
ps,3,1048576,200000.0,0.4,0.0,1.0,89,5,112,2640167,619430,1,3,612000
ps,3,1048576,200000.0,0.4,0.0,1.0,89,5,113,2686584,619430,1,3,580375
ps,3,1048576,200000.0,0.4,0.0,1.0,89,5,114,2687416,619430,1,3,647916
ps,3,1048576,200000.0,0.4,0.0,1.0,89,5,115,2686375,619430,1,3,632500
ps,3,1048576,200000.0,0.4,0.0,1.0,89,5,116,2681667,619430,1,3,600125
ps,3,1048576,200000.0,0.4,0.0,1.0,89,5,117,2637750,619430,1,3,612625
ps,3,1048576,200000.0,0.4,0.0,1.0,89,5,118,2680000,619430,1,3,615583
ps,3,1048576,200000.0,0.4,0.0,1.0,89,5,119,2698042,619430,1,3,599250
ps,3,1048576,200000.0,0.4,0.0,1.0,89,5,120,2666833,619430,1,3,611958
ps,3,1048576,200000.0,0.4,0.0,1.0,89,5,121,2710958,619430,1,3,640458
ps,3,1048576,200000.0,0.4,0.0,1.0,89,5,122,2720208,619430,1,3,636500
ps,3,1048576,200000.0,0.4,0.0,1.0,89,5,123,2675166,619430,1,3,643874
ps,3,1048576,200000.0,0.4,0.0,1.0,89,5,124,2750833,619430,1,3,633667
ps,3,1048576,200000.0,0.4,0.0,1.0,89,5,125,2712500,619430,1,3,649667
ps,3,1048576,200000.0,0.4,0.0,1.0,89,5,126,2715833,619430,1,3,629083
ps,3,1048576,200000.0,0.4,0.0,1.0,89,5,127,2700333,619430,1,3,616041
ps,3,1048576,200000.0,0.4,0.0,1.0,89,5,128,3158416,619430,1,3,470833
ps,3,1048576,200000.0,0.4,0.0,1.0,89,5,129,2976875,619430,1,3,600209
ps,3,1048576,200000.0,0.4,0.0,1.0,89,5,130,2745625,619430,1,3,635542
ps,3,1048576,200000.0,0.4,0.0,1.0,89,5,131,2690542,619430,1,3,597292
ps,3,1048576,200000.0,0.4,0.0,1.0,89,5,132,2731042,619430,1,3,622084
ps,3,1048576,200000.0,0.4,0.0,1.0,89,5,133,2689709,619430,1,3,597584
ps,3,1048576,200000.0,0.4,0.0,1.0,89,5,134,2671625,619430,1,3,609375
ps,3,1048576,200000.0,0.4,0.0,1.0,89,5,135,2680583,619430,1,3,601458
ps,3,1048576,200000.0,0.4,0.0,1.0,89,5,136,2701250,619430,1,3,605084
ps,3,1048576,200000.0,0.4,0.0,1.0,89,5,137,2654333,619430,1,3,625124
ps,3,1048576,200000.0,0.4,0.0,1.0,89,5,138,2698125,619430,1,3,595750
ps,3,1048576,200000.0,0.4,0.0,1.0,89,5,139,2708875,619430,1,3,649458
ps,3,1048576,200000.0,0.4,0.0,1.0,89,5,140,2702916,619430,1,3,600041
ps,3,1048576,200000.0,0.4,0.0,1.0,89,5,141,2637416,619430,1,3,601500
ps,3,1048576,200000.0,0.4,0.0,1.0,89,5,142,2688667,619430,1,3,580917
ps,3,1048576,200000.0,0.4,0.0,1.0,89,5,143,2655084,619430,1,3,608334
ps,3,1048576,200000.0,0.4,0.0,1.0,89,5,144,2729584,619430,1,3,627084
ps,3,1048576,200000.0,0.4,0.0,1.0,89,5,145,2819666,619430,1,3,599458
ps,3,1048576,200000.0,0.4,0.0,1.0,89,5,146,2873584,619430,1,3,678000
ps,3,1048576,200000.0,0.4,0.0,1.0,89,5,147,2755000,619430,1,3,603583
ps,3,1048576,200000.0,0.4,0.0,1.0,89,5,148,2758125,619430,1,3,631584
ps,3,1048576,200000.0,0.4,0.0,1.0,89,5,149,2748167,619430,1,3,594876
ps,3,1048576,200000.0,0.4,0.0,1.0,89,5,150,2695958,619430,1,3,608416
ps,3,1048576,200000.0,0.4,0.0,1.0,89,5,151,2703834,619430,1,3,620167
ps,3,1048576,200000.0,0.4,0.0,1.0,89,5,152,2723625,619430,1,3,626916
ps,3,1048576,200000.0,0.4,0.0,1.0,89,5,153,2703958,619430,1,3,622000
ps,3,1048576,200000.0,0.4,0.0,1.0,89,5,154,2685583,619430,1,3,590124
ps,3,1048576,200000.0,0.4,0.0,1.0,89,5,155,2653500,619430,1,3,613167
ps,3,1048576,200000.0,0.4,0.0,1.0,89,5,156,2659291,619430,1,3,607832
ps,3,1048576,200000.0,0.4,0.0,1.0,89,5,157,2720750,619430,1,3,603167
ps,3,1048576,200000.0,0.4,0.0,1.0,89,5,158,2681417,619430,1,3,612251
ps,3,1048576,200000.0,0.4,0.0,1.0,89,5,159,2692125,619430,1,3,626375
ps,3,1048576,200000.0,0.4,0.0,1.0,89,5,160,2682041,619430,1,3,623791
ps,3,1048576,200000.0,0.4,0.0,1.0,89,5,161,2697125,619430,1,3,594792
ps,3,1048576,200000.0,0.4,0.0,1.0,89,5,162,2659417,619430,1,3,603709
ps,3,1048576,200000.0,0.4,0.0,1.0,89,5,163,2683167,619430,1,3,621167
ps,3,1048576,200000.0,0.4,0.0,1.0,89,5,164,2685792,619430,1,3,601708
ps,3,1048576,200000.0,0.4,0.0,1.0,89,5,165,2701792,619430,1,3,625750
ps,3,1048576,200000.0,0.4,0.0,1.0,89,5,166,2688834,619430,1,3,619751
ps,3,1048576,200000.0,0.4,0.0,1.0,89,5,167,2654750,619430,1,3,603375
ps,3,1048576,200000.0,0.4,0.0,1.0,89,5,168,2651459,619430,1,3,589126
ps,3,1048576,200000.0,0.4,0.0,1.0,89,5,169,2668333,619430,1,3,605708
ps,3,1048576,200000.0,0.4,0.0,1.0,89,5,170,2710667,619430,1,3,573500
ps,3,1048576,200000.0,0.4,0.0,1.0,89,5,171,2705875,619430,1,3,612541
ps,3,1048576,200000.0,0.4,0.0,1.0,89,5,172,2655375,619430,1,3,585917
ps,3,1048576,200000.0,0.4,0.0,1.0,89,5,173,2714750,619430,1,3,635958
ps,3,1048576,200000.0,0.4,0.0,1.0,89,5,174,2661791,619430,1,3,498791
ps,3,1048576,200000.0,0.4,0.0,1.0,89,5,175,2872375,619430,1,3,714750
ps,3,1048576,200000.0,0.4,0.0,1.0,89,5,176,2685292,619430,1,3,607667
ps,3,1048576,200000.0,0.4,0.0,1.0,89,5,177,2754291,619430,1,3,611958
ps,3,1048576,200000.0,0.4,0.0,1.0,89,5,178,2741500,619430,1,3,560541
ps,3,1048576,200000.0,0.4,0.0,1.0,89,5,179,2708833,619430,1,3,615041
ps,3,1048576,200000.0,0.4,0.0,1.0,89,5,180,2722291,619430,1,3,580416
ps,3,1048576,200000.0,0.4,0.0,1.0,89,5,181,2707917,619430,1,3,603459
ps,3,1048576,200000.0,0.4,0.0,1.0,89,5,182,2683792,619430,1,3,576084
ps,3,1048576,200000.0,0.4,0.0,1.0,89,5,183,2777583,619430,1,3,658999
ps,3,1048576,200000.0,0.4,0.0,1.0,89,5,184,2706292,619430,1,3,608000
ps,3,1048576,200000.0,0.4,0.0,1.0,89,5,185,2694083,619430,1,3,650208
ps,3,1048576,200000.0,0.4,0.0,1.0,89,5,186,2698750,619430,1,3,630291
ps,3,1048576,200000.0,0.4,0.0,1.0,89,5,187,2690167,619430,1,3,620292
ps,3,1048576,200000.0,0.4,0.0,1.0,89,5,188,2638458,619430,1,3,638041
ps,3,1048576,200000.0,0.4,0.0,1.0,89,5,189,2617583,619430,1,3,589250
ps,3,1048576,200000.0,0.4,0.0,1.0,89,5,190,2649583,619430,1,3,612958
ps,3,1048576,200000.0,0.4,0.0,1.0,89,5,191,2616791,619430,1,3,626249
ps,3,1048576,200000.0,0.4,0.0,1.0,89,5,192,2664042,619430,1,3,633792
ps,3,1048576,200000.0,0.4,0.0,1.0,89,5,193,2675625,619430,1,3,639708
ps,3,1048576,200000.0,0.4,0.0,1.0,89,5,194,2653500,619430,1,3,614917
ps,3,1048576,200000.0,0.4,0.0,1.0,89,5,195,2665958,619430,1,3,627333
ps,3,1048576,200000.0,0.4,0.0,1.0,89,5,196,2659167,619430,1,3,619876
ps,3,1048576,200000.0,0.4,0.0,1.0,89,5,197,2617167,619430,1,3,624459
ps,3,1048576,200000.0,0.4,0.0,1.0,89,5,198,2656083,619430,1,3,660916
ps,3,1048576,200000.0,0.4,0.0,1.0,89,5,199,2636958,619430,1,3,631500
ps,3,1048576,200000.0,0.4,0.0,1.0,89,5,200,2661417,619430,1,3,626000
ps,3,1048576,200000.0,0.4,0.0,1.0,89,5,201,2667000,619430,1,3,645167
ps,3,1048576,200000.0,0.4,0.0,1.0,89,5,202,2660959,619430,1,3,607334
ps,3,1048576,200000.0,0.4,0.0,1.0,89,5,203,2635041,619430,1,3,639875
ps,3,1048576,200000.0,0.4,0.0,1.0,89,5,204,2692125,619430,1,3,633833
ps,3,1048576,200000.0,0.4,0.0,1.0,89,5,205,2638708,619430,1,3,606541
ps,3,1048576,200000.0,0.4,0.0,1.0,89,5,206,2658833,619430,1,3,633499
ps,3,1048576,200000.0,0.4,0.0,1.0,89,5,207,2633125,619430,1,3,603292
ps,3,1048576,200000.0,0.4,0.0,1.0,89,5,208,2616000,619430,1,3,635084
ps,3,1048576,200000.0,0.4,0.0,1.0,89,5,209,2658875,619430,1,3,645916
ps,3,1048576,200000.0,0.4,0.0,1.0,89,5,210,2636917,619430,1,3,638626
ps,3,1048576,200000.0,0.4,0.0,1.0,89,5,211,2610583,619430,1,3,608291
ps,3,1048576,200000.0,0.4,0.0,1.0,89,5,212,2625875,619430,1,3,621917
ps,3,1048576,200000.0,0.4,0.0,1.0,89,5,213,2645000,619430,1,3,621292
ps,3,1048576,200000.0,0.4,0.0,1.0,89,5,214,2660875,619430,1,3,627125
ps,3,1048576,200000.0,0.4,0.0,1.0,89,5,215,2641584,619430,1,3,621125
ps,3,1048576,200000.0,0.4,0.0,1.0,89,5,216,2656042,619430,1,3,612125
ps,3,1048576,200000.0,0.4,0.0,1.0,89,5,217,2649959,619430,1,3,624334
ps,3,1048576,200000.0,0.4,0.0,1.0,89,5,218,2679709,619430,1,3,626168
ps,3,1048576,200000.0,0.4,0.0,1.0,89,5,219,2621416,619430,1,3,609583
ps,3,1048576,200000.0,0.4,0.0,1.0,89,5,220,2658000,619430,1,3,617792
ps,3,1048576,200000.0,0.4,0.0,1.0,89,5,221,2643084,619430,1,3,610584
ps,3,1048576,200000.0,0.4,0.0,1.0,89,5,222,2683750,619430,1,3,629958
ps,3,1048576,200000.0,0.4,0.0,1.0,89,5,223,2702625,619430,1,3,621291
ps,3,1048576,200000.0,0.4,0.0,1.0,89,5,224,2629708,619430,1,3,615292
ps,3,1048576,200000.0,0.4,0.0,1.0,89,5,225,2641666,619430,1,3,606708
ps,3,1048576,200000.0,0.4,0.0,1.0,89,5,226,2647333,619430,1,3,619833
ps,3,1048576,200000.0,0.4,0.0,1.0,89,5,227,2687209,619430,1,3,619043
ps,3,1048576,200000.0,0.4,0.0,1.0,89,5,228,2675417,619430,1,3,654250
ps,3,1048576,200000.0,0.4,0.0,1.0,89,5,229,2680209,619430,1,3,633042
ps,3,1048576,200000.0,0.4,0.0,1.0,89,5,230,2684834,619430,1,3,650709
ps,3,1048576,200000.0,0.4,0.0,1.0,89,5,231,2712292,619430,1,3,638334
ps,3,1048576,200000.0,0.4,0.0,1.0,89,5,232,2669584,619430,1,3,624668
ps,3,1048576,200000.0,0.4,0.0,1.0,89,5,233,2663417,619430,1,3,617375
ps,3,1048576,200000.0,0.4,0.0,1.0,89,5,234,2680167,619430,1,3,638667
ps,3,1048576,200000.0,0.4,0.0,1.0,89,5,235,2657000,619430,1,3,651458
ps,3,1048576,200000.0,0.4,0.0,1.0,89,5,236,2640667,619430,1,3,629501
ps,3,1048576,200000.0,0.4,0.0,1.0,89,5,237,2686333,619430,1,3,627791
ps,3,1048576,200000.0,0.4,0.0,1.0,89,5,238,2663542,619430,1,3,624792
ps,3,1048576,200000.0,0.4,0.0,1.0,89,5,239,2625125,619430,1,3,613083
ps,3,1048576,200000.0,0.4,0.0,1.0,89,5,240,2718291,619430,1,3,637541
ps,3,1048576,200000.0,0.4,0.0,1.0,89,5,241,2686125,619430,1,3,624375
ps,3,1048576,200000.0,0.4,0.0,1.0,89,5,242,2648041,619430,1,3,614916
ps,3,1048576,200000.0,0.4,0.0,1.0,89,5,243,2618709,619430,1,3,606001
ps,3,1048576,200000.0,0.4,0.0,1.0,89,5,244,2687417,619430,1,3,608084
ps,3,1048576,200000.0,0.4,0.0,1.0,89,5,245,2643917,619430,1,3,623709
ps,3,1048576,200000.0,0.4,0.0,1.0,89,5,246,2629292,619430,1,3,636959
ps,3,1048576,200000.0,0.4,0.0,1.0,89,5,247,2651333,619430,1,3,620500
ps,3,1048576,200000.0,0.4,0.0,1.0,89,5,248,2655875,619430,1,3,610417
ps,3,1048576,200000.0,0.4,0.0,1.0,89,5,249,2635834,619430,1,3,614500
ps,3,1048576,200000.0,0.4,0.0,1.0,89,5,250,2683000,619430,1,3,616292
ps,3,1048576,200000.0,0.4,0.0,1.0,89,5,251,2635125,619430,1,3,596792
ps,3,1048576,200000.0,0.4,0.0,1.0,89,5,252,2646834,619430,1,3,630167
ps,3,1048576,200000.0,0.4,0.0,1.0,89,5,253,2650333,619430,1,3,613750
ps,3,1048576,200000.0,0.4,0.0,1.0,89,5,254,2668292,619430,1,3,649084
ps,3,1048576,200000.0,0.4,0.0,1.0,89,5,255,2656666,619430,1,3,604666
ps,3,1048576,200000.0,0.4,0.0,1.0,89,5,256,2647208,619430,1,3,617833
ps,3,1048576,200000.0,0.4,0.0,1.0,89,5,257,2681708,619430,1,3,619125
ps,3,1048576,200000.0,0.4,0.0,1.0,89,5,258,2675208,619430,1,3,607042
ps,3,1048576,200000.0,0.4,0.0,1.0,89,5,259,2676959,619430,1,3,543251
ps,3,1048576,200000.0,0.4,0.0,1.0,89,5,260,2714417,619430,1,3,627084
ps,3,1048576,200000.0,0.4,0.0,1.0,89,5,261,2689291,619430,1,3,607332
ps,3,1048576,200000.0,0.4,0.0,1.0,89,5,262,2682416,619430,1,3,602416
ps,3,1048576,200000.0,0.4,0.0,1.0,89,5,263,2669875,619430,1,3,636625
ps,3,1048576,200000.0,0.4,0.0,1.0,89,5,264,2637792,619430,1,3,610417
ps,3,1048576,200000.0,0.4,0.0,1.0,89,5,265,2718333,619430,1,3,627375
ps,3,1048576,200000.0,0.4,0.0,1.0,89,5,266,2702334,619430,1,3,587917
ps,3,1048576,200000.0,0.4,0.0,1.0,89,5,267,2654875,619430,1,3,612584
ps,3,1048576,200000.0,0.4,0.0,1.0,89,5,268,2667250,619430,1,3,623959
ps,3,1048576,200000.0,0.4,0.0,1.0,89,5,269,2665459,619430,1,3,621001
ps,3,1048576,200000.0,0.4,0.0,1.0,89,5,270,2628875,619430,1,3,596250
ps,3,1048576,200000.0,0.4,0.0,1.0,89,5,271,2698459,619430,1,3,627375
ps,3,1048576,200000.0,0.4,0.0,1.0,89,5,272,2679750,619430,1,3,598542
ps,3,1048576,200000.0,0.4,0.0,1.0,89,5,273,2633500,619430,1,3,592875
ps,3,1048576,200000.0,0.4,0.0,1.0,89,5,274,2631250,619430,1,3,611667
ps,3,1048576,200000.0,0.4,0.0,1.0,89,5,275,2667667,619430,1,3,616542
ps,3,1048576,200000.0,0.4,0.0,1.0,89,5,276,2666708,619430,1,3,606708
ps,3,1048576,200000.0,0.4,0.0,1.0,89,5,277,2638416,619430,1,3,604124
ps,3,1048576,200000.0,0.4,0.0,1.0,89,5,278,2640917,619430,1,3,633458
ps,3,1048576,200000.0,0.4,0.0,1.0,89,5,279,2690334,619430,1,3,588209
ps,3,1048576,200000.0,0.4,0.0,1.0,89,5,280,2651958,619430,1,3,597917
ps,3,1048576,200000.0,0.4,0.0,1.0,89,5,281,2704291,619430,1,3,637957
ps,3,1048576,200000.0,0.4,0.0,1.0,89,5,282,2659250,619430,1,3,627667
ps,3,1048576,200000.0,0.4,0.0,1.0,89,5,283,2674750,619430,1,3,600583
ps,3,1048576,200000.0,0.4,0.0,1.0,89,5,284,2629666,619430,1,3,623208
ps,3,1048576,200000.0,0.4,0.0,1.0,89,5,285,2689208,619430,1,3,634292
ps,3,1048576,200000.0,0.4,0.0,1.0,89,5,286,2676541,619430,1,3,619999
ps,3,1048576,200000.0,0.4,0.0,1.0,89,5,287,2688917,619430,1,3,653750
ps,3,1048576,200000.0,0.4,0.0,1.0,89,5,288,2690667,619430,1,3,640334
ps,3,1048576,200000.0,0.4,0.0,1.0,89,5,289,2695875,619430,1,3,494292
ps,3,1048576,200000.0,0.4,0.0,1.0,89,5,290,2696417,619430,1,3,603167
ps,3,1048576,200000.0,0.4,0.0,1.0,89,5,291,2667750,619430,1,3,640709
ps,3,1048576,200000.0,0.4,0.0,1.0,89,5,292,2681125,619430,1,3,610208
ps,3,1048576,200000.0,0.4,0.0,1.0,89,5,293,2708750,619430,1,3,650500
ps,3,1048576,200000.0,0.4,0.0,1.0,89,5,294,2707833,619430,1,3,614166
ps,3,1048576,200000.0,0.4,0.0,1.0,89,5,295,2661625,619430,1,3,603750
ps,3,1048576,200000.0,0.4,0.0,1.0,89,5,296,2701375,619430,1,3,623083
ps,3,1048576,200000.0,0.4,0.0,1.0,89,5,297,2620792,619430,1,3,600292
ps,3,1048576,200000.0,0.4,0.0,1.0,89,5,298,2605000,619430,1,3,621792
ps,3,1048576,200000.0,0.4,0.0,1.0,89,5,299,2683250,619430,1,3,636750
ps,3,1048576,200000.0,0.4,0.0,1.0,89,5,300,2608458,619430,1,3,627750
ps,3,1048576,200000.0,0.4,0.0,1.0,89,5,301,2703667,619430,1,3,625375
ps,3,1048576,200000.0,0.4,0.0,1.0,89,5,302,2638417,619430,1,3,620459
ps,3,1048576,200000.0,0.4,0.0,1.0,89,5,303,2648667,619430,1,3,617500
ps,3,1048576,200000.0,0.4,0.0,1.0,89,5,304,2640666,619430,1,3,597083
ps,3,1048576,200000.0,0.4,0.0,1.0,89,5,305,2633709,619430,1,3,615543
ps,3,1048576,200000.0,0.4,0.0,1.0,89,5,306,2669750,619430,1,3,603958
ps,3,1048576,200000.0,0.4,0.0,1.0,89,5,307,2650125,619430,1,3,619083
ps,3,1048576,200000.0,0.4,0.0,1.0,89,5,308,2648375,619430,1,3,608416
ps,3,1048576,200000.0,0.4,0.0,1.0,89,5,309,2664500,619430,1,3,586208
ps,3,1048576,200000.0,0.4,0.0,1.0,89,5,310,2650333,619430,1,3,597958
ps,3,1048576,200000.0,0.4,0.0,1.0,89,5,311,2651583,619430,1,3,622916
ps,3,1048576,200000.0,0.4,0.0,1.0,89,5,312,2692292,619430,1,3,590042
ps,3,1048576,200000.0,0.4,0.0,1.0,89,5,313,2651750,619430,1,3,603875
ps,3,1048576,200000.0,0.4,0.0,1.0,89,5,314,2650958,619430,1,3,628958
ps,3,1048576,200000.0,0.4,0.0,1.0,89,5,315,2671750,619430,1,3,622250
ps,3,1048576,200000.0,0.4,0.0,1.0,89,5,316,2738250,619430,1,3,612041
ps,3,1048576,200000.0,0.4,0.0,1.0,89,5,317,2637458,619430,1,3,625624
ps,3,1048576,200000.0,0.4,0.0,1.0,89,5,318,2657875,619430,1,3,620958
ps,3,1048576,200000.0,0.4,0.0,1.0,89,5,319,2666417,619430,1,3,632125
ps,3,1048576,200000.0,0.4,0.0,1.0,89,5,320,2663709,619430,1,3,628334
ps,3,1048576,200000.0,0.4,0.0,1.0,89,5,321,2629209,619430,1,3,602834
ps,3,1048576,200000.0,0.4,0.0,1.0,89,5,322,2679833,619430,1,3,622291
ps,3,1048576,200000.0,0.4,0.0,1.0,89,5,323,2685250,619430,1,3,613875
ps,3,1048576,200000.0,0.4,0.0,1.0,89,5,324,2648167,619430,1,3,597125
ps,3,1048576,200000.0,0.4,0.0,1.0,89,5,325,2638291,619430,1,3,621583
ps,3,1048576,200000.0,0.4,0.0,1.0,89,5,326,2637708,619430,1,3,616333
ps,3,1048576,200000.0,0.4,0.0,1.0,89,5,327,2644375,619430,1,3,624500
ps,3,1048576,200000.0,0.4,0.0,1.0,89,5,328,2637167,619430,1,3,574251
ps,3,1048576,200000.0,0.4,0.0,1.0,89,5,329,2683750,619430,1,3,649625
ps,3,1048576,200000.0,0.4,0.0,1.0,89,5,330,2704000,619430,1,3,615333
ps,3,1048576,200000.0,0.4,0.0,1.0,89,5,331,2661958,619430,1,3,615291
ps,3,1048576,200000.0,0.4,0.0,1.0,89,5,332,2685833,619430,1,3,659124
ps,3,1048576,200000.0,0.4,0.0,1.0,89,5,333,2660208,619430,1,3,614708
ps,3,1048576,200000.0,0.4,0.0,1.0,89,5,334,2625834,619430,1,3,614751
ps,3,1048576,200000.0,0.4,0.0,1.0,89,5,335,2665792,619430,1,3,607458
ps,3,1048576,200000.0,0.4,0.0,1.0,89,5,336,2674000,619430,1,3,621834
ps,3,1048576,200000.0,0.4,0.0,1.0,89,5,337,2688916,619430,1,3,583333
ps,3,1048576,200000.0,0.4,0.0,1.0,89,5,338,2679375,619430,1,3,632292
ps,3,1048576,200000.0,0.4,0.0,1.0,89,5,339,2675375,619430,1,3,625958
ps,3,1048576,200000.0,0.4,0.0,1.0,89,5,340,2721625,619430,1,3,620250
ps,3,1048576,200000.0,0.4,0.0,1.0,89,5,341,2706875,619430,1,3,627834
ps,3,1048576,200000.0,0.4,0.0,1.0,89,5,342,2670333,619430,1,3,623166
ps,3,1048576,200000.0,0.4,0.0,1.0,89,5,343,2679083,619430,1,3,622208
ps,3,1048576,200000.0,0.4,0.0,1.0,89,5,344,2716417,619430,1,3,645959
ps,3,1048576,200000.0,0.4,0.0,1.0,89,5,345,2727250,619430,1,3,649167
ps,3,1048576,200000.0,0.4,0.0,1.0,89,5,346,2673625,619430,1,3,628708
ps,3,1048576,200000.0,0.4,0.0,1.0,89,5,347,2649958,619430,1,3,607833
ps,3,1048576,200000.0,0.4,0.0,1.0,89,5,348,2672541,619430,1,3,624708
ps,3,1048576,200000.0,0.4,0.0,1.0,89,5,349,2669625,619430,1,3,638458
ps,3,1048576,200000.0,0.4,0.0,1.0,89,5,350,2654833,619430,1,3,614500
ps,3,1048576,200000.0,0.4,0.0,1.0,89,5,351,2679875,619430,1,3,671417
ps,3,1048576,200000.0,0.4,0.0,1.0,89,5,352,2673708,619430,1,3,602041
ps,3,1048576,200000.0,0.4,0.0,1.0,89,5,353,2668125,619430,1,3,636666
ps,3,1048576,200000.0,0.4,0.0,1.0,89,5,354,2653334,619430,1,3,615001
ps,3,1048576,200000.0,0.4,0.0,1.0,89,5,355,2677458,619430,1,3,654541
ps,3,1048576,200000.0,0.4,0.0,1.0,89,5,356,2694000,619430,1,3,647583
ps,3,1048576,200000.0,0.4,0.0,1.0,89,5,357,2682125,619430,1,3,601458
ps,3,1048576,200000.0,0.4,0.0,1.0,89,5,358,2665334,619430,1,3,635168
ps,3,1048576,200000.0,0.4,0.0,1.0,89,5,359,2650042,619430,1,3,618750
ps,3,1048576,200000.0,0.4,0.0,1.0,89,5,360,2697875,619430,1,3,652625
ps,3,1048576,200000.0,0.4,0.0,1.0,89,5,361,2669500,619430,1,3,613042
ps,3,1048576,200000.0,0.4,0.0,1.0,89,5,362,2600000,619430,1,3,611458
ps,3,1048576,200000.0,0.4,0.0,1.0,89,5,363,2696584,619430,1,3,636000
ps,3,1048576,200000.0,0.4,0.0,1.0,89,5,364,2679667,619430,1,3,586834
ps,3,1048576,200000.0,0.4,0.0,1.0,89,5,365,2675583,619430,1,3,605000
ps,3,1048576,200000.0,0.4,0.0,1.0,89,5,366,2685792,619430,1,3,625626
ps,3,1048576,200000.0,0.4,0.0,1.0,89,5,367,2670334,619430,1,3,613751
ps,3,1048576,200000.0,0.4,0.0,1.0,89,5,368,2673083,619430,1,3,641208
ps,3,1048576,200000.0,0.4,0.0,1.0,89,5,369,2663083,619430,1,3,601541
ps,3,1048576,200000.0,0.4,0.0,1.0,89,5,370,2647291,619430,1,3,589166
ps,3,1048576,200000.0,0.4,0.0,1.0,89,5,371,2661000,619430,1,3,633708
ps,3,1048576,200000.0,0.4,0.0,1.0,89,5,372,2672250,619430,1,3,605375
ps,3,1048576,200000.0,0.4,0.0,1.0,89,5,373,2639416,619430,1,3,619166
ps,3,1048576,200000.0,0.4,0.0,1.0,89,5,374,2635541,619430,1,3,627708
ps,3,1048576,200000.0,0.4,0.0,1.0,89,5,375,2636750,619430,1,3,608583
ps,3,1048576,200000.0,0.4,0.0,1.0,89,5,376,2693250,619430,1,3,641417
ps,3,1048576,200000.0,0.4,0.0,1.0,89,5,377,2613834,619430,1,3,595959
ps,3,1048576,200000.0,0.4,0.0,1.0,89,5,378,2681708,619430,1,3,653083
ps,3,1048576,200000.0,0.4,0.0,1.0,89,5,379,2703583,619430,1,3,645833
ps,3,1048576,200000.0,0.4,0.0,1.0,89,5,380,2669500,619430,1,3,619333
ps,3,1048576,200000.0,0.4,0.0,1.0,89,5,381,2658125,619430,1,3,616000
ps,3,1048576,200000.0,0.4,0.0,1.0,89,5,382,2628875,619430,1,3,621167
ps,3,1048576,200000.0,0.4,0.0,1.0,89,5,383,2617584,619430,1,3,612959
ps,3,1048576,200000.0,0.4,0.0,1.0,89,5,384,2651417,619430,1,3,622375
ps,3,1048576,200000.0,0.4,0.0,1.0,89,5,385,2642834,619430,1,3,611043
ps,3,1048576,200000.0,0.4,0.0,1.0,89,5,386,2661208,619430,1,3,597250
ps,3,1048576,200000.0,0.4,0.0,1.0,89,5,387,2652334,619430,1,3,627042
ps,3,1048576,200000.0,0.4,0.0,1.0,89,5,388,2661500,619430,1,3,573709
ps,3,1048576,200000.0,0.4,0.0,1.0,89,5,389,2676959,619430,1,3,643709
ps,3,1048576,200000.0,0.4,0.0,1.0,89,5,390,2642958,619430,1,3,603166
ps,3,1048576,200000.0,0.4,0.0,1.0,89,5,391,2685750,619430,1,3,628625
ps,3,1048576,200000.0,0.4,0.0,1.0,89,5,392,2648708,619430,1,3,626458
ps,3,1048576,200000.0,0.4,0.0,1.0,89,5,393,2675209,619430,1,3,641292
ps,3,1048576,200000.0,0.4,0.0,1.0,89,5,394,2690333,619430,1,3,623750
ps,3,1048576,200000.0,0.4,0.0,1.0,89,5,395,2730458,619430,1,3,625750
ps,3,1048576,200000.0,0.4,0.0,1.0,89,5,396,2661750,619430,1,3,619833
ps,3,1048576,200000.0,0.4,0.0,1.0,89,5,397,2624000,619430,1,3,604500
ps,3,1048576,200000.0,0.4,0.0,1.0,89,5,398,2672875,619430,1,3,618708
ps,3,1048576,200000.0,0.4,0.0,1.0,89,5,399,2624917,619430,1,3,594334
ps,3,1048576,200000.0,0.4,0.0,1.0,89,6,0,2873042,619430,1,3,624042
ps,3,1048576,200000.0,0.4,0.0,1.0,89,6,1,2792541,619430,1,3,630332
ps,3,1048576,200000.0,0.4,0.0,1.0,89,6,2,2798000,619430,1,3,617375
ps,3,1048576,200000.0,0.4,0.0,1.0,89,6,3,2770291,619430,1,3,604916
ps,3,1048576,200000.0,0.4,0.0,1.0,89,6,4,2791250,619430,1,3,628459
ps,3,1048576,200000.0,0.4,0.0,1.0,89,6,5,2749875,619430,1,3,615500
ps,3,1048576,200000.0,0.4,0.0,1.0,89,6,6,2804125,619430,1,3,641167
ps,3,1048576,200000.0,0.4,0.0,1.0,89,6,7,2793000,619430,1,3,628292
ps,3,1048576,200000.0,0.4,0.0,1.0,89,6,8,2792625,619430,1,3,631875
ps,3,1048576,200000.0,0.4,0.0,1.0,89,6,9,2780417,619430,1,3,632417
ps,3,1048576,200000.0,0.4,0.0,1.0,89,6,10,2807417,619430,1,3,620500
ps,3,1048576,200000.0,0.4,0.0,1.0,89,6,11,2734917,619430,1,3,634292
ps,3,1048576,200000.0,0.4,0.0,1.0,89,6,12,2774750,619430,1,3,660209
ps,3,1048576,200000.0,0.4,0.0,1.0,89,6,13,2793125,619430,1,3,632292
ps,3,1048576,200000.0,0.4,0.0,1.0,89,6,14,2802458,619430,1,3,642916
ps,3,1048576,200000.0,0.4,0.0,1.0,89,6,15,2779458,619430,1,3,649416
ps,3,1048576,200000.0,0.4,0.0,1.0,89,6,16,2712541,619430,1,3,617582
ps,3,1048576,200000.0,0.4,0.0,1.0,89,6,17,2766166,619430,1,3,611166
ps,3,1048576,200000.0,0.4,0.0,1.0,89,6,18,2732375,619430,1,3,612875
ps,3,1048576,200000.0,0.4,0.0,1.0,89,6,19,2726416,619430,1,3,600166
ps,3,1048576,200000.0,0.4,0.0,1.0,89,6,20,2742709,619430,1,3,631667
ps,3,1048576,200000.0,0.4,0.0,1.0,89,6,21,2739209,619430,1,3,616042
ps,3,1048576,200000.0,0.4,0.0,1.0,89,6,22,2739084,619430,1,3,624209
ps,3,1048576,200000.0,0.4,0.0,1.0,89,6,23,2793417,619430,1,3,651917
ps,3,1048576,200000.0,0.4,0.0,1.0,89,6,24,2727666,619430,1,3,619166
ps,3,1048576,200000.0,0.4,0.0,1.0,89,6,25,2731000,619430,1,3,594792
ps,3,1048576,200000.0,0.4,0.0,1.0,89,6,26,2716459,619430,1,3,605001
ps,3,1048576,200000.0,0.4,0.0,1.0,89,6,27,2749500,619430,1,3,633916
ps,3,1048576,200000.0,0.4,0.0,1.0,89,6,28,2737625,619430,1,3,628167
ps,3,1048576,200000.0,0.4,0.0,1.0,89,6,29,2758667,619430,1,3,606292
ps,3,1048576,200000.0,0.4,0.0,1.0,89,6,30,2787084,619430,1,3,624042
ps,3,1048576,200000.0,0.4,0.0,1.0,89,6,31,2781084,619430,1,3,626667
ps,3,1048576,200000.0,0.4,0.0,1.0,89,6,32,2803042,619430,1,3,626667
ps,3,1048576,200000.0,0.4,0.0,1.0,89,6,33,2849834,619430,1,3,631709
ps,3,1048576,200000.0,0.4,0.0,1.0,89,6,34,2775042,619430,1,3,632125
ps,3,1048576,200000.0,0.4,0.0,1.0,89,6,35,2689334,619430,1,3,577709
ps,3,1048576,200000.0,0.4,0.0,1.0,89,6,36,2734791,619430,1,3,634374
ps,3,1048576,200000.0,0.4,0.0,1.0,89,6,37,2759167,619430,1,3,623042
ps,3,1048576,200000.0,0.4,0.0,1.0,89,6,38,2732792,619430,1,3,608334
ps,3,1048576,200000.0,0.4,0.0,1.0,89,6,39,2760667,619430,1,3,640625
ps,3,1048576,200000.0,0.4,0.0,1.0,89,6,40,2757875,619430,1,3,625875
ps,3,1048576,200000.0,0.4,0.0,1.0,89,6,41,2775125,619430,1,3,661042
ps,3,1048576,200000.0,0.4,0.0,1.0,89,6,42,2716583,619430,1,3,617458
ps,3,1048576,200000.0,0.4,0.0,1.0,89,6,43,2741959,619430,1,3,625125
ps,3,1048576,200000.0,0.4,0.0,1.0,89,6,44,2789625,619430,1,3,628584
ps,3,1048576,200000.0,0.4,0.0,1.0,89,6,45,2774667,619430,1,3,641626
ps,3,1048576,200000.0,0.4,0.0,1.0,89,6,46,2760000,619430,1,3,670792
ps,3,1048576,200000.0,0.4,0.0,1.0,89,6,47,2739209,619430,1,3,616001
ps,3,1048576,200000.0,0.4,0.0,1.0,89,6,48,2753250,619430,1,3,637416
ps,3,1048576,200000.0,0.4,0.0,1.0,89,6,49,2765541,619430,1,3,630499
ps,3,1048576,200000.0,0.4,0.0,1.0,89,6,50,2719292,619430,1,3,637126
ps,3,1048576,200000.0,0.4,0.0,1.0,89,6,51,2740875,619430,1,3,618292
ps,3,1048576,200000.0,0.4,0.0,1.0,89,6,52,2727208,619430,1,3,627208
ps,3,1048576,200000.0,0.4,0.0,1.0,89,6,53,2716583,619430,1,3,630749
ps,3,1048576,200000.0,0.4,0.0,1.0,89,6,54,2804625,619430,1,3,613167
ps,3,1048576,200000.0,0.4,0.0,1.0,89,6,55,2745833,619430,1,3,591458
ps,3,1048576,200000.0,0.4,0.0,1.0,89,6,56,2876750,619430,1,3,611375
ps,3,1048576,200000.0,0.4,0.0,1.0,89,6,57,2754834,619430,1,3,610709
ps,3,1048576,200000.0,0.4,0.0,1.0,89,6,58,2779459,619430,1,3,618667
ps,3,1048576,200000.0,0.4,0.0,1.0,89,6,59,2733959,619430,1,3,580793
ps,3,1048576,200000.0,0.4,0.0,1.0,89,6,60,2778291,619430,1,3,605166
ps,3,1048576,200000.0,0.4,0.0,1.0,89,6,61,2784792,619430,1,3,636708
ps,3,1048576,200000.0,0.4,0.0,1.0,89,6,62,2792500,619430,1,3,621375
ps,3,1048576,200000.0,0.4,0.0,1.0,89,6,63,2810666,619430,1,3,609333
ps,3,1048576,200000.0,0.4,0.0,1.0,89,6,64,2831791,619430,1,3,608666
ps,3,1048576,200000.0,0.4,0.0,1.0,89,6,65,2839042,619430,1,3,637958
ps,3,1048576,200000.0,0.4,0.0,1.0,89,6,66,2842750,619430,1,3,665583
ps,3,1048576,200000.0,0.4,0.0,1.0,89,6,67,2818375,619430,1,3,610917
ps,3,1048576,200000.0,0.4,0.0,1.0,89,6,68,2753333,619430,1,3,597958
ps,3,1048576,200000.0,0.4,0.0,1.0,89,6,69,2753042,619430,1,3,629792
ps,3,1048576,200000.0,0.4,0.0,1.0,89,6,70,2740500,619430,1,3,614500
ps,3,1048576,200000.0,0.4,0.0,1.0,89,6,71,2813292,619430,1,3,613667
ps,3,1048576,200000.0,0.4,0.0,1.0,89,6,72,2743708,619430,1,3,639542
ps,3,1048576,200000.0,0.4,0.0,1.0,89,6,73,2747250,619430,1,3,609375
ps,3,1048576,200000.0,0.4,0.0,1.0,89,6,74,2746083,619430,1,3,615083
ps,3,1048576,200000.0,0.4,0.0,1.0,89,6,75,2766334,619430,1,3,604375
ps,3,1048576,200000.0,0.4,0.0,1.0,89,6,76,2773000,619430,1,3,650625
ps,3,1048576,200000.0,0.4,0.0,1.0,89,6,77,2734791,619430,1,3,618249
ps,3,1048576,200000.0,0.4,0.0,1.0,89,6,78,2791583,619430,1,3,616375
ps,3,1048576,200000.0,0.4,0.0,1.0,89,6,79,2763583,619430,1,3,625333
ps,3,1048576,200000.0,0.4,0.0,1.0,89,6,80,2762875,619430,1,3,616042
ps,3,1048576,200000.0,0.4,0.0,1.0,89,6,81,2757375,619430,1,3,621209
ps,3,1048576,200000.0,0.4,0.0,1.0,89,6,82,2725375,619430,1,3,620458
ps,3,1048576,200000.0,0.4,0.0,1.0,89,6,83,2792667,619430,1,3,645250
ps,3,1048576,200000.0,0.4,0.0,1.0,89,6,84,2771958,619430,1,3,653875
ps,3,1048576,200000.0,0.4,0.0,1.0,89,6,85,2748541,619430,1,3,633041
ps,3,1048576,200000.0,0.4,0.0,1.0,89,6,86,2732000,619430,1,3,613958
ps,3,1048576,200000.0,0.4,0.0,1.0,89,6,87,2735041,619430,1,3,658916
ps,3,1048576,200000.0,0.4,0.0,1.0,89,6,88,2768167,619430,1,3,642375
ps,3,1048576,200000.0,0.4,0.0,1.0,89,6,89,2770375,619430,1,3,634250
ps,3,1048576,200000.0,0.4,0.0,1.0,89,6,90,2820250,619430,1,3,648791
ps,3,1048576,200000.0,0.4,0.0,1.0,89,6,91,2746542,619430,1,3,660959
ps,3,1048576,200000.0,0.4,0.0,1.0,89,6,92,2750458,619430,1,3,594750
ps,3,1048576,200000.0,0.4,0.0,1.0,89,6,93,2772416,619430,1,3,616957
ps,3,1048576,200000.0,0.4,0.0,1.0,89,6,94,2761208,619430,1,3,645333
ps,3,1048576,200000.0,0.4,0.0,1.0,89,6,95,2748625,619430,1,3,613167
ps,3,1048576,200000.0,0.4,0.0,1.0,89,6,96,2728833,619430,1,3,630958
ps,3,1048576,200000.0,0.4,0.0,1.0,89,6,97,2739417,619430,1,3,647959
ps,3,1048576,200000.0,0.4,0.0,1.0,89,6,98,2753708,619430,1,3,643125
ps,3,1048576,200000.0,0.4,0.0,1.0,89,6,99,2768584,619430,1,3,646917
ps,3,1048576,200000.0,0.4,0.0,1.0,89,6,100,2764958,619430,1,3,645542
ps,3,1048576,200000.0,0.4,0.0,1.0,89,6,101,2753708,619430,1,3,640583
ps,3,1048576,200000.0,0.4,0.0,1.0,89,6,102,2765958,619430,1,3,645458
ps,3,1048576,200000.0,0.4,0.0,1.0,89,6,103,2760709,619430,1,3,619751
ps,3,1048576,200000.0,0.4,0.0,1.0,89,6,104,2761500,619430,1,3,656958
ps,3,1048576,200000.0,0.4,0.0,1.0,89,6,105,2790625,619430,1,3,635583
ps,3,1048576,200000.0,0.4,0.0,1.0,89,6,106,2823084,619430,1,3,625917
ps,3,1048576,200000.0,0.4,0.0,1.0,89,6,107,2724709,619430,1,3,601709
ps,3,1048576,200000.0,0.4,0.0,1.0,89,6,108,2763292,619430,1,3,633250
ps,3,1048576,200000.0,0.4,0.0,1.0,89,6,109,2752750,619430,1,3,636666
ps,3,1048576,200000.0,0.4,0.0,1.0,89,6,110,2773500,619430,1,3,624042
ps,3,1048576,200000.0,0.4,0.0,1.0,89,6,111,2732708,619430,1,3,602374
ps,3,1048576,200000.0,0.4,0.0,1.0,89,6,112,2749125,619430,1,3,627042
ps,3,1048576,200000.0,0.4,0.0,1.0,89,6,113,2809417,619430,1,3,642750
ps,3,1048576,200000.0,0.4,0.0,1.0,89,6,114,2754333,619430,1,3,601666
ps,3,1048576,200000.0,0.4,0.0,1.0,89,6,115,2760583,619430,1,3,619791
ps,3,1048576,200000.0,0.4,0.0,1.0,89,6,116,2774500,619430,1,3,670000
ps,3,1048576,200000.0,0.4,0.0,1.0,89,6,117,2822625,619430,1,3,591833
ps,3,1048576,200000.0,0.4,0.0,1.0,89,6,118,2779333,619430,1,3,626250
ps,3,1048576,200000.0,0.4,0.0,1.0,89,6,119,2840042,619430,1,3,619417
ps,3,1048576,200000.0,0.4,0.0,1.0,89,6,120,2802750,619430,1,3,625500
ps,3,1048576,200000.0,0.4,0.0,1.0,89,6,121,2721959,619430,1,3,630626
ps,3,1048576,200000.0,0.4,0.0,1.0,89,6,122,2776416,619430,1,3,623458
ps,3,1048576,200000.0,0.4,0.0,1.0,89,6,123,2805000,619430,1,3,610042
ps,3,1048576,200000.0,0.4,0.0,1.0,89,6,124,2742834,619430,1,3,640959
ps,3,1048576,200000.0,0.4,0.0,1.0,89,6,125,2766667,619430,1,3,621334
ps,3,1048576,200000.0,0.4,0.0,1.0,89,6,126,2744875,619430,1,3,617250
ps,3,1048576,200000.0,0.4,0.0,1.0,89,6,127,2767666,619430,1,3,617750
ps,3,1048576,200000.0,0.4,0.0,1.0,89,6,128,2731458,619430,1,3,614041
ps,3,1048576,200000.0,0.4,0.0,1.0,89,6,129,2748292,619430,1,3,624501
ps,3,1048576,200000.0,0.4,0.0,1.0,89,6,130,2725709,619430,1,3,639418
ps,3,1048576,200000.0,0.4,0.0,1.0,89,6,131,2713917,619430,1,3,611750
ps,3,1048576,200000.0,0.4,0.0,1.0,89,6,132,2743958,619430,1,3,628708
ps,3,1048576,200000.0,0.4,0.0,1.0,89,6,133,2723500,619430,1,3,629792
ps,3,1048576,200000.0,0.4,0.0,1.0,89,6,134,2721083,619430,1,3,622666
ps,3,1048576,200000.0,0.4,0.0,1.0,89,6,135,2761875,619430,1,3,614125
ps,3,1048576,200000.0,0.4,0.0,1.0,89,6,136,2801500,619430,1,3,632250
ps,3,1048576,200000.0,0.4,0.0,1.0,89,6,137,2768375,619430,1,3,628167
ps,3,1048576,200000.0,0.4,0.0,1.0,89,6,138,2789208,619430,1,3,587375
ps,3,1048576,200000.0,0.4,0.0,1.0,89,6,139,2790583,619430,1,3,627041
ps,3,1048576,200000.0,0.4,0.0,1.0,89,6,140,2751084,619430,1,3,622626
ps,3,1048576,200000.0,0.4,0.0,1.0,89,6,141,2761417,619430,1,3,645208
ps,3,1048576,200000.0,0.4,0.0,1.0,89,6,142,2731666,619430,1,3,599833
ps,3,1048576,200000.0,0.4,0.0,1.0,89,6,143,2731917,619430,1,3,616792
ps,3,1048576,200000.0,0.4,0.0,1.0,89,6,144,2753583,619430,1,3,629791
ps,3,1048576,200000.0,0.4,0.0,1.0,89,6,145,2756625,619430,1,3,554042
ps,3,1048576,200000.0,0.4,0.0,1.0,89,6,146,2759542,619430,1,3,622375
ps,3,1048576,200000.0,0.4,0.0,1.0,89,6,147,2733875,619430,1,3,616667
ps,3,1048576,200000.0,0.4,0.0,1.0,89,6,148,2798125,619430,1,3,635417
ps,3,1048576,200000.0,0.4,0.0,1.0,89,6,149,2778250,619430,1,3,625542
ps,3,1048576,200000.0,0.4,0.0,1.0,89,6,150,2723708,619430,1,3,599458
ps,3,1048576,200000.0,0.4,0.0,1.0,89,6,151,2764750,619430,1,3,632792
ps,3,1048576,200000.0,0.4,0.0,1.0,89,6,152,2791250,619430,1,3,633333
ps,3,1048576,200000.0,0.4,0.0,1.0,89,6,153,2971625,619430,1,3,691084
ps,3,1048576,200000.0,0.4,0.0,1.0,89,6,154,3497125,619430,1,3,508041
ps,3,1048576,200000.0,0.4,0.0,1.0,89,6,155,3111875,619430,1,3,518500
ps,3,1048576,200000.0,0.4,0.0,1.0,89,6,156,3041625,619430,1,3,638334
ps,3,1048576,200000.0,0.4,0.0,1.0,89,6,157,2872250,619430,1,3,615625
ps,3,1048576,200000.0,0.4,0.0,1.0,89,6,158,2772583,619430,1,3,622458
ps,3,1048576,200000.0,0.4,0.0,1.0,89,6,159,2802167,619430,1,3,620250
ps,3,1048576,200000.0,0.4,0.0,1.0,89,6,160,2798500,619430,1,3,623000
ps,3,1048576,200000.0,0.4,0.0,1.0,89,6,161,2796708,619430,1,3,604083
ps,3,1048576,200000.0,0.4,0.0,1.0,89,6,162,2844042,619430,1,3,605292
ps,3,1048576,200000.0,0.4,0.0,1.0,89,6,163,2799792,619430,1,3,628417
ps,3,1048576,200000.0,0.4,0.0,1.0,89,6,164,2799083,619430,1,3,600083
ps,3,1048576,200000.0,0.4,0.0,1.0,89,6,165,2845583,619430,1,3,612458
ps,3,1048576,200000.0,0.4,0.0,1.0,89,6,166,2999917,619430,1,3,692125
ps,3,1048576,200000.0,0.4,0.0,1.0,89,6,167,2851625,1238860,2,3,530542
ps,3,1048576,200000.0,0.4,0.0,1.0,89,6,168,2815708,619430,1,3,639208
ps,3,1048576,200000.0,0.4,0.0,1.0,89,6,169,2752500,619430,1,3,604958
ps,3,1048576,200000.0,0.4,0.0,1.0,89,6,170,2820417,619430,1,3,644000
ps,3,1048576,200000.0,0.4,0.0,1.0,89,6,171,2809875,619430,1,3,665417
ps,3,1048576,200000.0,0.4,0.0,1.0,89,6,172,2803334,619430,1,3,661584
ps,3,1048576,200000.0,0.4,0.0,1.0,89,6,173,2723208,619430,1,3,585333
ps,3,1048576,200000.0,0.4,0.0,1.0,89,6,174,2781916,619430,1,3,633333
ps,3,1048576,200000.0,0.4,0.0,1.0,89,6,175,2782250,619430,1,3,621375
ps,3,1048576,200000.0,0.4,0.0,1.0,89,6,176,2801959,619430,1,3,636584
ps,3,1048576,200000.0,0.4,0.0,1.0,89,6,177,2786292,619430,1,3,658126
ps,3,1048576,200000.0,0.4,0.0,1.0,89,6,178,2819959,619430,1,3,613626
ps,3,1048576,200000.0,0.4,0.0,1.0,89,6,179,2879750,619430,1,3,607209
ps,3,1048576,200000.0,0.4,0.0,1.0,89,6,180,2805209,619430,1,3,631667
ps,3,1048576,200000.0,0.4,0.0,1.0,89,6,181,2903375,619430,1,3,618459
ps,3,1048576,200000.0,0.4,0.0,1.0,89,6,182,2918250,619430,1,3,685417
ps,3,1048576,200000.0,0.4,0.0,1.0,89,6,183,2851375,619430,1,3,611208
ps,3,1048576,200000.0,0.4,0.0,1.0,89,6,184,2838208,619430,1,3,654000
ps,3,1048576,200000.0,0.4,0.0,1.0,89,6,185,2812333,619430,1,3,626333
ps,3,1048576,200000.0,0.4,0.0,1.0,89,6,186,2889958,619430,1,3,636250
ps,3,1048576,200000.0,0.4,0.0,1.0,89,6,187,2824583,619430,1,3,627958
ps,3,1048576,200000.0,0.4,0.0,1.0,89,6,188,2918708,619430,1,3,715833
ps,3,1048576,200000.0,0.4,0.0,1.0,89,6,189,3192416,1238860,2,3,798082
ps,3,1048576,200000.0,0.4,0.0,1.0,89,6,190,2918042,1238860,2,3,537584
ps,3,1048576,200000.0,0.4,0.0,1.0,89,6,191,2933791,619430,1,3,616291
ps,3,1048576,200000.0,0.4,0.0,1.0,89,6,192,2872125,619430,1,3,620375
ps,3,1048576,200000.0,0.4,0.0,1.0,89,6,193,2952875,619430,1,3,661500
ps,3,1048576,200000.0,0.4,0.0,1.0,89,6,194,2925167,619430,1,3,631875
ps,3,1048576,200000.0,0.4,0.0,1.0,89,6,195,2874583,619430,1,3,649750
ps,3,1048576,200000.0,0.4,0.0,1.0,89,6,196,2909125,619430,1,3,613792
ps,3,1048576,200000.0,0.4,0.0,1.0,89,6,197,2922583,619430,1,3,616166
ps,3,1048576,200000.0,0.4,0.0,1.0,89,6,198,2926333,619430,1,3,612417
ps,3,1048576,200000.0,0.4,0.0,1.0,89,6,199,2956167,619430,1,3,651292
ps,3,1048576,200000.0,0.4,0.0,1.0,89,6,200,2919042,619430,1,3,671917
ps,3,1048576,200000.0,0.4,0.0,1.0,89,6,201,2877625,619430,1,3,634292
ps,3,1048576,200000.0,0.4,0.0,1.0,89,6,202,2820125,619430,1,3,608375
ps,3,1048576,200000.0,0.4,0.0,1.0,89,6,203,2809500,619430,1,3,622292
ps,3,1048576,200000.0,0.4,0.0,1.0,89,6,204,2863792,619430,1,3,612084
ps,3,1048576,200000.0,0.4,0.0,1.0,89,6,205,2838375,619430,1,3,589708
ps,3,1048576,200000.0,0.4,0.0,1.0,89,6,206,2820542,619430,1,3,618083
ps,3,1048576,200000.0,0.4,0.0,1.0,89,6,207,2919042,619430,1,3,649875
ps,3,1048576,200000.0,0.4,0.0,1.0,89,6,208,2931166,619430,1,3,657083
ps,3,1048576,200000.0,0.4,0.0,1.0,89,6,209,2918334,619430,1,3,596251
ps,3,1048576,200000.0,0.4,0.0,1.0,89,6,210,2931125,619430,1,3,646375
ps,3,1048576,200000.0,0.4,0.0,1.0,89,6,211,2909042,619430,1,3,664625
ps,3,1048576,200000.0,0.4,0.0,1.0,89,6,212,2933375,619430,1,3,619667
ps,3,1048576,200000.0,0.4,0.0,1.0,89,6,213,3162708,619430,1,3,836042
ps,3,1048576,200000.0,0.4,0.0,1.0,89,6,214,2943250,619430,1,3,597583
ps,3,1048576,200000.0,0.4,0.0,1.0,89,6,215,2936334,619430,1,3,638959
ps,3,1048576,200000.0,0.4,0.0,1.0,89,6,216,2848375,619430,1,3,605458
ps,3,1048576,200000.0,0.4,0.0,1.0,89,6,217,2866833,619430,1,3,644416
ps,3,1048576,200000.0,0.4,0.0,1.0,89,6,218,2874916,619430,1,3,652916
ps,3,1048576,200000.0,0.4,0.0,1.0,89,6,219,2808125,619430,1,3,586291
ps,3,1048576,200000.0,0.4,0.0,1.0,89,6,220,2834875,619430,1,3,644708
ps,3,1048576,200000.0,0.4,0.0,1.0,89,6,221,2866375,619430,1,3,667792
ps,3,1048576,200000.0,0.4,0.0,1.0,89,6,222,2871667,619430,1,3,625792
ps,3,1048576,200000.0,0.4,0.0,1.0,89,6,223,2885958,619430,1,3,616249
ps,3,1048576,200000.0,0.4,0.0,1.0,89,6,224,2959708,619430,1,3,620917
ps,3,1048576,200000.0,0.4,0.0,1.0,89,6,225,3423791,619430,1,3,646958
ps,3,1048576,200000.0,0.4,0.0,1.0,89,6,226,3000417,619430,1,3,597834
ps,3,1048576,200000.0,0.4,0.0,1.0,89,6,227,2869375,619430,1,3,630792
ps,3,1048576,200000.0,0.4,0.0,1.0,89,6,228,2851208,619430,1,3,621958
ps,3,1048576,200000.0,0.4,0.0,1.0,89,6,229,2886333,619430,1,3,590124
ps,3,1048576,200000.0,0.4,0.0,1.0,89,6,230,2855958,619430,1,3,609750
ps,3,1048576,200000.0,0.4,0.0,1.0,89,6,231,2812334,619430,1,3,632292
ps,3,1048576,200000.0,0.4,0.0,1.0,89,6,232,2853375,619430,1,3,611334
ps,3,1048576,200000.0,0.4,0.0,1.0,89,6,233,2869792,619430,1,3,613251
ps,3,1048576,200000.0,0.4,0.0,1.0,89,6,234,2901750,619430,1,3,617292
ps,3,1048576,200000.0,0.4,0.0,1.0,89,6,235,2879666,619430,1,3,625458
ps,3,1048576,200000.0,0.4,0.0,1.0,89,6,236,2896334,619430,1,3,651167
ps,3,1048576,200000.0,0.4,0.0,1.0,89,6,237,2891208,619430,1,3,593500
ps,3,1048576,200000.0,0.4,0.0,1.0,89,6,238,2876166,619430,1,3,600041
ps,3,1048576,200000.0,0.4,0.0,1.0,89,6,239,2850417,619430,1,3,640500
ps,3,1048576,200000.0,0.4,0.0,1.0,89,6,240,2923916,619430,1,3,618916
ps,3,1048576,200000.0,0.4,0.0,1.0,89,6,241,2877375,619430,1,3,644292
ps,3,1048576,200000.0,0.4,0.0,1.0,89,6,242,2851125,619430,1,3,625459
ps,3,1048576,200000.0,0.4,0.0,1.0,89,6,243,2864916,619430,1,3,605083
ps,3,1048576,200000.0,0.4,0.0,1.0,89,6,244,2809958,619430,1,3,624374
ps,3,1048576,200000.0,0.4,0.0,1.0,89,6,245,2924000,619430,1,3,583541
ps,3,1048576,200000.0,0.4,0.0,1.0,89,6,246,2849333,619430,1,3,615708
ps,3,1048576,200000.0,0.4,0.0,1.0,89,6,247,2819625,619430,1,3,631542
ps,3,1048576,200000.0,0.4,0.0,1.0,89,6,248,2831083,619430,1,3,584625
ps,3,1048576,200000.0,0.4,0.0,1.0,89,6,249,2806167,619430,1,3,658708
ps,3,1048576,200000.0,0.4,0.0,1.0,89,6,250,2816292,619430,1,3,602917
ps,3,1048576,200000.0,0.4,0.0,1.0,89,6,251,2838458,619430,1,3,653625
ps,3,1048576,200000.0,0.4,0.0,1.0,89,6,252,2872375,619430,1,3,636333
ps,3,1048576,200000.0,0.4,0.0,1.0,89,6,253,2838167,619430,1,3,643417
ps,3,1048576,200000.0,0.4,0.0,1.0,89,6,254,2804958,619430,1,3,650625
ps,3,1048576,200000.0,0.4,0.0,1.0,89,6,255,2807334,619430,1,3,633584
ps,3,1048576,200000.0,0.4,0.0,1.0,89,6,256,2812667,619430,1,3,639708
ps,3,1048576,200000.0,0.4,0.0,1.0,89,6,257,2824458,619430,1,3,649958
ps,3,1048576,200000.0,0.4,0.0,1.0,89,6,258,2826625,619430,1,3,643208
ps,3,1048576,200000.0,0.4,0.0,1.0,89,6,259,2820833,619430,1,3,618875
ps,3,1048576,200000.0,0.4,0.0,1.0,89,6,260,2850292,619430,1,3,612542
ps,3,1048576,200000.0,0.4,0.0,1.0,89,6,261,2894959,619430,1,3,640084
ps,3,1048576,200000.0,0.4,0.0,1.0,89,6,262,2923541,619430,1,3,623916
ps,3,1048576,200000.0,0.4,0.0,1.0,89,6,263,2809041,619430,1,3,615624
ps,3,1048576,200000.0,0.4,0.0,1.0,89,6,264,2881125,619430,1,3,671583
ps,3,1048576,200000.0,0.4,0.0,1.0,89,6,265,2838916,619430,1,3,670833
ps,3,1048576,200000.0,0.4,0.0,1.0,89,6,266,2841875,619430,1,3,625125
ps,3,1048576,200000.0,0.4,0.0,1.0,89,6,267,2803083,619430,1,3,672750
ps,3,1048576,200000.0,0.4,0.0,1.0,89,6,268,2716042,619430,1,3,585209
ps,3,1048576,200000.0,0.4,0.0,1.0,89,6,269,2746791,619430,1,3,643666
ps,3,1048576,200000.0,0.4,0.0,1.0,89,6,270,2768500,619430,1,3,586833
ps,3,1048576,200000.0,0.4,0.0,1.0,89,6,271,2765542,619430,1,3,639875
ps,3,1048576,200000.0,0.4,0.0,1.0,89,6,272,2771500,619430,1,3,604000
ps,3,1048576,200000.0,0.4,0.0,1.0,89,6,273,2741417,619430,1,3,622209
ps,3,1048576,200000.0,0.4,0.0,1.0,89,6,274,2787416,619430,1,3,611083
ps,3,1048576,200000.0,0.4,0.0,1.0,89,6,275,2774167,619430,1,3,632250
ps,3,1048576,200000.0,0.4,0.0,1.0,89,6,276,2812041,619430,1,3,635749
ps,3,1048576,200000.0,0.4,0.0,1.0,89,6,277,2764959,619430,1,3,628084
ps,3,1048576,200000.0,0.4,0.0,1.0,89,6,278,2761833,619430,1,3,609291
ps,3,1048576,200000.0,0.4,0.0,1.0,89,6,279,2738500,619430,1,3,619583
ps,3,1048576,200000.0,0.4,0.0,1.0,89,6,280,2769416,619430,1,3,645499
ps,3,1048576,200000.0,0.4,0.0,1.0,89,6,281,2751792,619430,1,3,636667
ps,3,1048576,200000.0,0.4,0.0,1.0,89,6,282,2755333,619430,1,3,625666
ps,3,1048576,200000.0,0.4,0.0,1.0,89,6,283,2775375,619430,1,3,638083
ps,3,1048576,200000.0,0.4,0.0,1.0,89,6,284,2759208,619430,1,3,615166
ps,3,1048576,200000.0,0.4,0.0,1.0,89,6,285,2802625,619430,1,3,653167
ps,3,1048576,200000.0,0.4,0.0,1.0,89,6,286,2754750,619430,1,3,630958
ps,3,1048576,200000.0,0.4,0.0,1.0,89,6,287,2755250,619430,1,3,613166
ps,3,1048576,200000.0,0.4,0.0,1.0,89,6,288,2749125,619430,1,3,628583
ps,3,1048576,200000.0,0.4,0.0,1.0,89,6,289,2749542,619430,1,3,595625
ps,3,1048576,200000.0,0.4,0.0,1.0,89,6,290,2754083,619430,1,3,619958
ps,3,1048576,200000.0,0.4,0.0,1.0,89,6,291,2702542,619430,1,3,608750
ps,3,1048576,200000.0,0.4,0.0,1.0,89,6,292,2775083,619430,1,3,634125
ps,3,1048576,200000.0,0.4,0.0,1.0,89,6,293,2709250,619430,1,3,593875
ps,3,1048576,200000.0,0.4,0.0,1.0,89,6,294,2748000,619430,1,3,618916
ps,3,1048576,200000.0,0.4,0.0,1.0,89,6,295,2726125,619430,1,3,645208
ps,3,1048576,200000.0,0.4,0.0,1.0,89,6,296,2727583,619430,1,3,604416
ps,3,1048576,200000.0,0.4,0.0,1.0,89,6,297,2723542,619430,1,3,599792
ps,3,1048576,200000.0,0.4,0.0,1.0,89,6,298,2765042,619430,1,3,642292
ps,3,1048576,200000.0,0.4,0.0,1.0,89,6,299,2729625,619430,1,3,644084
ps,3,1048576,200000.0,0.4,0.0,1.0,89,6,300,2729084,619430,1,3,622084
ps,3,1048576,200000.0,0.4,0.0,1.0,89,6,301,2735208,619430,1,3,645625
ps,3,1048576,200000.0,0.4,0.0,1.0,89,6,302,2760792,619430,1,3,628167
ps,3,1048576,200000.0,0.4,0.0,1.0,89,6,303,2732833,619430,1,3,618208
ps,3,1048576,200000.0,0.4,0.0,1.0,89,6,304,2752041,619430,1,3,635207
ps,3,1048576,200000.0,0.4,0.0,1.0,89,6,305,2743041,619430,1,3,603583
ps,3,1048576,200000.0,0.4,0.0,1.0,89,6,306,2710834,619430,1,3,599418
ps,3,1048576,200000.0,0.4,0.0,1.0,89,6,307,2782500,619430,1,3,635875
ps,3,1048576,200000.0,0.4,0.0,1.0,89,6,308,2777167,619430,1,3,625250
ps,3,1048576,200000.0,0.4,0.0,1.0,89,6,309,2760583,619430,1,3,631666
ps,3,1048576,200000.0,0.4,0.0,1.0,89,6,310,2748834,619430,1,3,626542
ps,3,1048576,200000.0,0.4,0.0,1.0,89,6,311,2734000,619430,1,3,595416
ps,3,1048576,200000.0,0.4,0.0,1.0,89,6,312,2800167,619430,1,3,638250
ps,3,1048576,200000.0,0.4,0.0,1.0,89,6,313,2867167,619430,1,3,600001
ps,3,1048576,200000.0,0.4,0.0,1.0,89,6,314,2786333,619430,1,3,623625
ps,3,1048576,200000.0,0.4,0.0,1.0,89,6,315,2793959,619430,1,3,604042
ps,3,1048576,200000.0,0.4,0.0,1.0,89,6,316,2828459,619430,1,3,631792
ps,3,1048576,200000.0,0.4,0.0,1.0,89,6,317,2817333,619430,1,3,641083
ps,3,1048576,200000.0,0.4,0.0,1.0,89,6,318,2815875,619430,1,3,624792
ps,3,1048576,200000.0,0.4,0.0,1.0,89,6,319,2826708,619430,1,3,625333
ps,3,1048576,200000.0,0.4,0.0,1.0,89,6,320,2830167,619430,1,3,640083
ps,3,1048576,200000.0,0.4,0.0,1.0,89,6,321,2801875,619430,1,3,587625
ps,3,1048576,200000.0,0.4,0.0,1.0,89,6,322,2789750,619430,1,3,547834
ps,3,1048576,200000.0,0.4,0.0,1.0,89,6,323,2744250,619430,1,3,613000
ps,3,1048576,200000.0,0.4,0.0,1.0,89,6,324,2771708,619430,1,3,610166
ps,3,1048576,200000.0,0.4,0.0,1.0,89,6,325,2745167,619430,1,3,630084
ps,3,1048576,200000.0,0.4,0.0,1.0,89,6,326,2770791,619430,1,3,608832
ps,3,1048576,200000.0,0.4,0.0,1.0,89,6,327,2821458,619430,1,3,684499
ps,3,1048576,200000.0,0.4,0.0,1.0,89,6,328,2774625,619430,1,3,653625
ps,3,1048576,200000.0,0.4,0.0,1.0,89,6,329,2742917,619430,1,3,591917
ps,3,1048576,200000.0,0.4,0.0,1.0,89,6,330,2799125,619430,1,3,617500
ps,3,1048576,200000.0,0.4,0.0,1.0,89,6,331,2919584,619430,1,3,597292
ps,3,1048576,200000.0,0.4,0.0,1.0,89,6,332,3188750,619430,1,3,577792
ps,3,1048576,200000.0,0.4,0.0,1.0,89,6,333,2840000,619430,1,3,630167
ps,3,1048576,200000.0,0.4,0.0,1.0,89,6,334,2753708,619430,1,3,648083
ps,3,1048576,200000.0,0.4,0.0,1.0,89,6,335,2912709,619430,1,3,595084
ps,3,1048576,200000.0,0.4,0.0,1.0,89,6,336,2807083,619430,1,3,647166
ps,3,1048576,200000.0,0.4,0.0,1.0,89,6,337,2779334,619430,1,3,583000
ps,3,1048576,200000.0,0.4,0.0,1.0,89,6,338,2772291,619430,1,3,610458
ps,3,1048576,200000.0,0.4,0.0,1.0,89,6,339,2756250,619430,1,3,620084
ps,3,1048576,200000.0,0.4,0.0,1.0,89,6,340,2821375,619430,1,3,613542
ps,3,1048576,200000.0,0.4,0.0,1.0,89,6,341,2809875,619430,1,3,620334
ps,3,1048576,200000.0,0.4,0.0,1.0,89,6,342,2738208,619430,1,3,627041
ps,3,1048576,200000.0,0.4,0.0,1.0,89,6,343,2804584,619430,1,3,606376
ps,3,1048576,200000.0,0.4,0.0,1.0,89,6,344,2757708,619430,1,3,629041
ps,3,1048576,200000.0,0.4,0.0,1.0,89,6,345,2790334,619430,1,3,580417
ps,3,1048576,200000.0,0.4,0.0,1.0,89,6,346,2822917,619430,1,3,645125
ps,3,1048576,200000.0,0.4,0.0,1.0,89,6,347,2816584,619430,1,3,659584
ps,3,1048576,200000.0,0.4,0.0,1.0,89,6,348,3154166,619430,1,3,594749
ps,3,1048576,200000.0,0.4,0.0,1.0,89,6,349,2787708,619430,1,3,555958
ps,3,1048576,200000.0,0.4,0.0,1.0,89,6,350,2873167,619430,1,3,597584
ps,3,1048576,200000.0,0.4,0.0,1.0,89,6,351,2873542,619430,1,3,639709
ps,3,1048576,200000.0,0.4,0.0,1.0,89,6,352,2811916,619430,1,3,606291
ps,3,1048576,200000.0,0.4,0.0,1.0,89,6,353,2943708,619430,1,3,648625
ps,3,1048576,200000.0,0.4,0.0,1.0,89,6,354,3063041,619430,1,3,629166
ps,3,1048576,200000.0,0.4,0.0,1.0,89,6,355,2887750,619430,1,3,600709
ps,3,1048576,200000.0,0.4,0.0,1.0,89,6,356,2796750,619430,1,3,551833
ps,3,1048576,200000.0,0.4,0.0,1.0,89,6,357,2790334,619430,1,3,649084
ps,3,1048576,200000.0,0.4,0.0,1.0,89,6,358,2780458,619430,1,3,645749
ps,3,1048576,200000.0,0.4,0.0,1.0,89,6,359,2765125,619430,1,3,621667
ps,3,1048576,200000.0,0.4,0.0,1.0,89,6,360,2805291,619430,1,3,604624
ps,3,1048576,200000.0,0.4,0.0,1.0,89,6,361,2852792,619430,1,3,603584
ps,3,1048576,200000.0,0.4,0.0,1.0,89,6,362,2775750,619430,1,3,637542
ps,3,1048576,200000.0,0.4,0.0,1.0,89,6,363,2796042,619430,1,3,641251
ps,3,1048576,200000.0,0.4,0.0,1.0,89,6,364,2787958,619430,1,3,588125
ps,3,1048576,200000.0,0.4,0.0,1.0,89,6,365,2781834,619430,1,3,624459
ps,3,1048576,200000.0,0.4,0.0,1.0,89,6,366,2757959,619430,1,3,623001
ps,3,1048576,200000.0,0.4,0.0,1.0,89,6,367,2777083,619430,1,3,599583
ps,3,1048576,200000.0,0.4,0.0,1.0,89,6,368,2762667,619430,1,3,643959
ps,3,1048576,200000.0,0.4,0.0,1.0,89,6,369,2754667,619430,1,3,620042
ps,3,1048576,200000.0,0.4,0.0,1.0,89,6,370,2749125,619430,1,3,611292
ps,3,1048576,200000.0,0.4,0.0,1.0,89,6,371,2755542,619430,1,3,625750
ps,3,1048576,200000.0,0.4,0.0,1.0,89,6,372,2742542,619430,1,3,614334
ps,3,1048576,200000.0,0.4,0.0,1.0,89,6,373,2780375,619430,1,3,591792
ps,3,1048576,200000.0,0.4,0.0,1.0,89,6,374,2759458,619430,1,3,625625
ps,3,1048576,200000.0,0.4,0.0,1.0,89,6,375,2750042,619430,1,3,611584
ps,3,1048576,200000.0,0.4,0.0,1.0,89,6,376,2768250,619430,1,3,606833
ps,3,1048576,200000.0,0.4,0.0,1.0,89,6,377,2753375,619430,1,3,648875
ps,3,1048576,200000.0,0.4,0.0,1.0,89,6,378,2776416,619430,1,3,509332
ps,3,1048576,200000.0,0.4,0.0,1.0,89,6,379,2773625,619430,1,3,591792
ps,3,1048576,200000.0,0.4,0.0,1.0,89,6,380,2717542,619430,1,3,610500
ps,3,1048576,200000.0,0.4,0.0,1.0,89,6,381,2716417,619430,1,3,610417
ps,3,1048576,200000.0,0.4,0.0,1.0,89,6,382,2724625,619430,1,3,617542
ps,3,1048576,200000.0,0.4,0.0,1.0,89,6,383,2733417,619430,1,3,616001
ps,3,1048576,200000.0,0.4,0.0,1.0,89,6,384,2739000,619430,1,3,642667
ps,3,1048576,200000.0,0.4,0.0,1.0,89,6,385,2738042,619430,1,3,614833
ps,3,1048576,200000.0,0.4,0.0,1.0,89,6,386,2757750,619430,1,3,592000
ps,3,1048576,200000.0,0.4,0.0,1.0,89,6,387,2808250,619430,1,3,631958
ps,3,1048576,200000.0,0.4,0.0,1.0,89,6,388,2736500,619430,1,3,619500
ps,3,1048576,200000.0,0.4,0.0,1.0,89,6,389,2817625,619430,1,3,618583
ps,3,1048576,200000.0,0.4,0.0,1.0,89,6,390,2693541,619430,1,3,593083
ps,3,1048576,200000.0,0.4,0.0,1.0,89,6,391,2725625,619430,1,3,588083
ps,3,1048576,200000.0,0.4,0.0,1.0,89,6,392,2720250,619430,1,3,606375
ps,3,1048576,200000.0,0.4,0.0,1.0,89,6,393,2764958,619430,1,3,631125
ps,3,1048576,200000.0,0.4,0.0,1.0,89,6,394,2798334,619430,1,3,650334
ps,3,1048576,200000.0,0.4,0.0,1.0,89,6,395,2816541,619430,1,3,636041
ps,3,1048576,200000.0,0.4,0.0,1.0,89,6,396,2793833,619430,1,3,626208
ps,3,1048576,200000.0,0.4,0.0,1.0,89,6,397,2739584,619430,1,3,579584
ps,3,1048576,200000.0,0.4,0.0,1.0,89,6,398,2754709,619430,1,3,652501
ps,3,1048576,200000.0,0.4,0.0,1.0,89,6,399,2733125,619430,1,3,572542
ring,3,1048576,200000.0,0.4,0.0,1.0,89,6,0,2814792,1359244,4,3,172875
ring,3,1048576,200000.0,0.4,0.0,1.0,89,6,1,2727625,1359244,4,3,122334
ring,3,1048576,200000.0,0.4,0.0,1.0,89,6,2,2722959,1359244,4,3,187793
ring,3,1048576,200000.0,0.4,0.0,1.0,89,6,3,2732875,1359244,4,3,132083
ring,3,1048576,200000.0,0.4,0.0,1.0,89,6,4,2716334,1359244,4,3,84209
ring,3,1048576,200000.0,0.4,0.0,1.0,89,6,5,2701708,1359244,4,3,121500
ring,3,1048576,200000.0,0.4,0.0,1.0,89,6,6,2714125,1359244,4,3,171500
ring,3,1048576,200000.0,0.4,0.0,1.0,89,6,7,2894708,1359244,4,3,50916
ring,3,1048576,200000.0,0.4,0.0,1.0,89,6,8,2738791,1359244,4,3,155624
ring,3,1048576,200000.0,0.4,0.0,1.0,89,6,9,2731833,1359244,4,3,118958
ring,3,1048576,200000.0,0.4,0.0,1.0,89,6,10,2747125,1359244,4,3,36375
ring,3,1048576,200000.0,0.4,0.0,1.0,89,6,11,2703125,1359244,4,3,102083
ring,3,1048576,200000.0,0.4,0.0,1.0,89,6,12,2846583,1359244,4,3,132958
ring,3,1048576,200000.0,0.4,0.0,1.0,89,6,13,2678875,1359244,4,3,84500
ring,3,1048576,200000.0,0.4,0.0,1.0,89,6,14,2695125,1359244,4,3,96167
ring,3,1048576,200000.0,0.4,0.0,1.0,89,6,15,2637375,1359244,4,3,170667
ring,3,1048576,200000.0,0.4,0.0,1.0,89,6,16,2653125,1359244,4,3,193542
ring,3,1048576,200000.0,0.4,0.0,1.0,89,6,17,2664000,1359244,4,3,131125
ring,3,1048576,200000.0,0.4,0.0,1.0,89,6,18,2690375,1359244,4,3,143792
ring,3,1048576,200000.0,0.4,0.0,1.0,89,6,19,2601708,1359244,4,3,61625
ring,3,1048576,200000.0,0.4,0.0,1.0,89,6,20,2698000,1359244,4,3,140291
ring,3,1048576,200000.0,0.4,0.0,1.0,89,6,21,2677791,1359244,4,3,98208
ring,3,1048576,200000.0,0.4,0.0,1.0,89,6,22,2880667,1359244,4,3,55917
ring,3,1048576,200000.0,0.4,0.0,1.0,89,6,23,2697167,1359244,4,3,154250
ring,3,1048576,200000.0,0.4,0.0,1.0,89,6,24,2732792,1359244,4,3,128626
ring,3,1048576,200000.0,0.4,0.0,1.0,89,6,25,2679083,1359244,4,3,116208
ring,3,1048576,200000.0,0.4,0.0,1.0,89,6,26,2746041,1359244,4,3,164999
ring,3,1048576,200000.0,0.4,0.0,1.0,89,6,27,2694250,1359244,4,3,173792
ring,3,1048576,200000.0,0.4,0.0,1.0,89,6,28,2656083,1359244,4,3,159958
ring,3,1048576,200000.0,0.4,0.0,1.0,89,6,29,2635375,1359244,4,3,213667
ring,3,1048576,200000.0,0.4,0.0,1.0,89,6,30,2697250,1359244,4,3,102666
ring,3,1048576,200000.0,0.4,0.0,1.0,89,6,31,2735333,1359244,4,3,73291
ring,3,1048576,200000.0,0.4,0.0,1.0,89,6,32,2700458,1359244,4,3,96374
ring,3,1048576,200000.0,0.4,0.0,1.0,89,6,33,2671666,1359244,4,3,66791
ring,3,1048576,200000.0,0.4,0.0,1.0,89,6,34,2828917,1359244,4,3,167500
ring,3,1048576,200000.0,0.4,0.0,1.0,89,6,35,2743583,1359244,4,3,141375
ring,3,1048576,200000.0,0.4,0.0,1.0,89,6,36,2728250,1359244,4,3,85083
ring,3,1048576,200000.0,0.4,0.0,1.0,89,6,37,2785708,1359244,4,3,97083
ring,3,1048576,200000.0,0.4,0.0,1.0,89,6,38,2731458,1359244,4,3,174958
ring,3,1048576,200000.0,0.4,0.0,1.0,89,6,39,2635458,1359244,4,3,121666
ring,3,1048576,200000.0,0.4,0.0,1.0,89,6,40,2674750,1359244,4,3,109708
ring,3,1048576,200000.0,0.4,0.0,1.0,89,6,41,2652500,1359244,4,3,117916
ring,3,1048576,200000.0,0.4,0.0,1.0,89,6,42,2804125,1359244,4,3,204042
ring,3,1048576,200000.0,0.4,0.0,1.0,89,6,43,2705291,1359244,4,3,70708
ring,3,1048576,200000.0,0.4,0.0,1.0,89,6,44,2857042,1359244,4,3,139667
ring,3,1048576,200000.0,0.4,0.0,1.0,89,6,45,2724000,1359244,4,3,97792
ring,3,1048576,200000.0,0.4,0.0,1.0,89,6,46,2678208,1359244,4,3,131042
ring,3,1048576,200000.0,0.4,0.0,1.0,89,6,47,2688250,1359244,4,3,188375
ring,3,1048576,200000.0,0.4,0.0,1.0,89,6,48,2759708,1359244,4,3,189375
ring,3,1048576,200000.0,0.4,0.0,1.0,89,6,49,2777625,1359244,4,3,78250
ring,3,1048576,200000.0,0.4,0.0,1.0,89,6,50,2704375,1359244,4,3,181000
ring,3,1048576,200000.0,0.4,0.0,1.0,89,6,51,2753834,1359244,4,3,91667
ring,3,1048576,200000.0,0.4,0.0,1.0,89,6,52,2714708,1359244,4,3,74208
ring,3,1048576,200000.0,0.4,0.0,1.0,89,6,53,2640375,1359244,4,3,126583
ring,3,1048576,200000.0,0.4,0.0,1.0,89,6,54,2692458,1359244,4,3,31083
ring,3,1048576,200000.0,0.4,0.0,1.0,89,6,55,2741875,1359244,4,3,28417
ring,3,1048576,200000.0,0.4,0.0,1.0,89,6,56,2699709,1359244,4,3,108584
ring,3,1048576,200000.0,0.4,0.0,1.0,89,6,57,2647667,1359244,4,3,118209
ring,3,1048576,200000.0,0.4,0.0,1.0,89,6,58,2805084,1359244,4,3,168001
ring,3,1048576,200000.0,0.4,0.0,1.0,89,6,59,2739708,1359244,4,3,232875
ring,3,1048576,200000.0,0.4,0.0,1.0,89,6,60,2817166,1359244,4,3,149125
ring,3,1048576,200000.0,0.4,0.0,1.0,89,6,61,2737875,1359244,4,3,140084
ring,3,1048576,200000.0,0.4,0.0,1.0,89,6,62,2894375,1359244,4,3,77958
ring,3,1048576,200000.0,0.4,0.0,1.0,89,6,63,2707291,1359244,4,3,165625
ring,3,1048576,200000.0,0.4,0.0,1.0,89,6,64,2694625,1359244,4,3,72834
ring,3,1048576,200000.0,0.4,0.0,1.0,89,6,65,2784458,1359244,4,3,126333
ring,3,1048576,200000.0,0.4,0.0,1.0,89,6,66,2734500,1359244,4,3,71042
ring,3,1048576,200000.0,0.4,0.0,1.0,89,6,67,2650167,1359244,4,3,155292
ring,3,1048576,200000.0,0.4,0.0,1.0,89,6,68,2655875,1359244,4,3,102666
ring,3,1048576,200000.0,0.4,0.0,1.0,89,6,69,2740875,1359244,4,3,175542
ring,3,1048576,200000.0,0.4,0.0,1.0,89,6,70,2692667,1359244,4,3,175500
ring,3,1048576,200000.0,0.4,0.0,1.0,89,6,71,2678125,1359244,4,3,107333
ring,3,1048576,200000.0,0.4,0.0,1.0,89,6,72,2688625,1359244,4,3,124083
ring,3,1048576,200000.0,0.4,0.0,1.0,89,6,73,2754417,1359244,4,3,157334
ring,3,1048576,200000.0,0.4,0.0,1.0,89,6,74,2740333,1359244,4,3,129333
ring,3,1048576,200000.0,0.4,0.0,1.0,89,6,75,2804000,1359244,4,3,65708
ring,3,1048576,200000.0,0.4,0.0,1.0,89,6,76,2855625,1359244,4,3,146375
ring,3,1048576,200000.0,0.4,0.0,1.0,89,6,77,2902417,1359244,4,3,178334
ring,3,1048576,200000.0,0.4,0.0,1.0,89,6,78,2860083,1359244,4,3,170875
ring,3,1048576,200000.0,0.4,0.0,1.0,89,6,79,2946792,1359244,4,3,251084
ring,3,1048576,200000.0,0.4,0.0,1.0,89,6,80,2919542,1359244,4,3,80959
ring,3,1048576,200000.0,0.4,0.0,1.0,89,6,81,2796458,1359244,4,3,126708
ring,3,1048576,200000.0,0.4,0.0,1.0,89,6,82,2807917,1359244,4,3,114625
ring,3,1048576,200000.0,0.4,0.0,1.0,89,6,83,2792625,1359244,4,3,136166
ring,3,1048576,200000.0,0.4,0.0,1.0,89,6,84,2699291,1359244,4,3,148166
ring,3,1048576,200000.0,0.4,0.0,1.0,89,6,85,2708250,1359244,4,3,123917
ring,3,1048576,200000.0,0.4,0.0,1.0,89,6,86,2770458,1359244,4,3,95291
ring,3,1048576,200000.0,0.4,0.0,1.0,89,6,87,2725042,1359244,4,3,104167
ring,3,1048576,200000.0,0.4,0.0,1.0,89,6,88,2702875,1359244,4,3,102459
ring,3,1048576,200000.0,0.4,0.0,1.0,89,6,89,2676000,1359244,4,3,106916
ring,3,1048576,200000.0,0.4,0.0,1.0,89,6,90,2760500,1359244,4,3,114750
ring,3,1048576,200000.0,0.4,0.0,1.0,89,6,91,2742875,1359244,4,3,186458
ring,3,1048576,200000.0,0.4,0.0,1.0,89,6,92,2837000,1359244,4,3,129833
ring,3,1048576,200000.0,0.4,0.0,1.0,89,6,93,2720084,1359244,4,3,197417
ring,3,1048576,200000.0,0.4,0.0,1.0,89,6,94,2754334,1359244,4,3,192793
ring,3,1048576,200000.0,0.4,0.0,1.0,89,6,95,2744667,1359244,4,3,158833
ring,3,1048576,200000.0,0.4,0.0,1.0,89,6,96,2775167,1359244,4,3,63459
ring,3,1048576,200000.0,0.4,0.0,1.0,89,6,97,2742833,1359244,4,3,168792
ring,3,1048576,200000.0,0.4,0.0,1.0,89,6,98,2765417,1359244,4,3,198251
ring,3,1048576,200000.0,0.4,0.0,1.0,89,6,99,2770041,1359244,4,3,93541
ring,3,1048576,200000.0,0.4,0.0,1.0,89,6,100,2725750,1359244,4,3,107500
ring,3,1048576,200000.0,0.4,0.0,1.0,89,6,101,2784083,1359244,4,3,149333
ring,3,1048576,200000.0,0.4,0.0,1.0,89,6,102,2893541,1359244,4,3,171000
ring,3,1048576,200000.0,0.4,0.0,1.0,89,6,103,2837708,1359244,4,3,171375
ring,3,1048576,200000.0,0.4,0.0,1.0,89,6,104,2780917,1359244,4,3,124084
ring,3,1048576,200000.0,0.4,0.0,1.0,89,6,105,3321375,1359244,4,3,109416
ring,3,1048576,200000.0,0.4,0.0,1.0,89,6,106,2982792,1359244,4,3,142917
ring,3,1048576,200000.0,0.4,0.0,1.0,89,6,107,2912666,1359244,4,3,118875
ring,3,1048576,200000.0,0.4,0.0,1.0,89,6,108,3014542,1359244,4,3,163875
ring,3,1048576,200000.0,0.4,0.0,1.0,89,6,109,2836875,1359244,4,3,117917
ring,3,1048576,200000.0,0.4,0.0,1.0,89,6,110,2944959,1359244,4,3,210418
ring,3,1048576,200000.0,0.4,0.0,1.0,89,6,111,2727584,1359244,4,3,118209
ring,3,1048576,200000.0,0.4,0.0,1.0,89,6,112,2702042,1359244,4,3,33708
ring,3,1048576,200000.0,0.4,0.0,1.0,89,6,113,2784292,1359244,4,3,149376
ring,3,1048576,200000.0,0.4,0.0,1.0,89,6,114,2919667,1359244,4,3,146251
ring,3,1048576,200000.0,0.4,0.0,1.0,89,6,115,2983375,1359244,4,3,110417
ring,3,1048576,200000.0,0.4,0.0,1.0,89,6,116,2830167,1359244,4,3,129792
ring,3,1048576,200000.0,0.4,0.0,1.0,89,6,117,2737666,1359244,4,3,109957
ring,3,1048576,200000.0,0.4,0.0,1.0,89,6,118,2849541,1359244,4,3,88166
ring,3,1048576,200000.0,0.4,0.0,1.0,89,6,119,2874875,1359244,4,3,168000
ring,3,1048576,200000.0,0.4,0.0,1.0,89,6,120,2980542,1359244,4,3,164750
ring,3,1048576,200000.0,0.4,0.0,1.0,89,6,121,2845000,1359244,4,3,137375
ring,3,1048576,200000.0,0.4,0.0,1.0,89,6,122,2857167,1359244,4,3,120834
ring,3,1048576,200000.0,0.4,0.0,1.0,89,6,123,2733083,1359244,4,3,129416
ring,3,1048576,200000.0,0.4,0.0,1.0,89,6,124,2829042,1359244,4,3,174709
ring,3,1048576,200000.0,0.4,0.0,1.0,89,6,125,2872625,1359244,4,3,117917
ring,3,1048576,200000.0,0.4,0.0,1.0,89,6,126,2782875,1359244,4,3,127916
ring,3,1048576,200000.0,0.4,0.0,1.0,89,6,127,2943209,1359244,4,3,169626
ring,3,1048576,200000.0,0.4,0.0,1.0,89,6,128,2793417,1359244,4,3,107458
ring,3,1048576,200000.0,0.4,0.0,1.0,89,6,129,2826833,1359244,4,3,120083
ring,3,1048576,200000.0,0.4,0.0,1.0,89,6,130,2915667,1359244,4,3,100459
ring,3,1048576,200000.0,0.4,0.0,1.0,89,6,131,2823250,1359244,4,3,77917
ring,3,1048576,200000.0,0.4,0.0,1.0,89,6,132,2813041,1359244,4,3,165708
ring,3,1048576,200000.0,0.4,0.0,1.0,89,6,133,2851542,1359244,4,3,136375
ring,3,1048576,200000.0,0.4,0.0,1.0,89,6,134,2912250,1359244,4,3,122208
ring,3,1048576,200000.0,0.4,0.0,1.0,89,6,135,2848375,1359244,4,3,24334
ring,3,1048576,200000.0,0.4,0.0,1.0,89,6,136,2758000,1359244,4,3,153042
ring,3,1048576,200000.0,0.4,0.0,1.0,89,6,137,2944375,1359244,4,3,113666
ring,3,1048576,200000.0,0.4,0.0,1.0,89,6,138,2897167,1359244,4,3,188458
ring,3,1048576,200000.0,0.4,0.0,1.0,89,6,139,2973792,1359244,4,3,12375
ring,3,1048576,200000.0,0.4,0.0,1.0,89,6,140,2918167,1359244,4,3,67834
ring,3,1048576,200000.0,0.4,0.0,1.0,89,6,141,3023584,1359244,4,3,14126
ring,3,1048576,200000.0,0.4,0.0,1.0,89,6,142,2790041,1359244,4,3,114583
ring,3,1048576,200000.0,0.4,0.0,1.0,89,6,143,2850250,1359244,4,3,177125
ring,3,1048576,200000.0,0.4,0.0,1.0,89,6,144,2775625,1359244,4,3,126333
ring,3,1048576,200000.0,0.4,0.0,1.0,89,6,145,2840000,1359244,4,3,179458
ring,3,1048576,200000.0,0.4,0.0,1.0,89,6,146,2804208,1359244,4,3,233791
ring,3,1048576,200000.0,0.4,0.0,1.0,89,6,147,2880083,1359244,4,3,89916
ring,3,1048576,200000.0,0.4,0.0,1.0,89,6,148,2903125,1359244,4,3,100792
ring,3,1048576,200000.0,0.4,0.0,1.0,89,6,149,2939333,1359244,4,3,158999
ring,3,1048576,200000.0,0.4,0.0,1.0,89,6,150,2895458,1359244,4,3,123749
ring,3,1048576,200000.0,0.4,0.0,1.0,89,6,151,2785542,1359244,4,3,106375
ring,3,1048576,200000.0,0.4,0.0,1.0,89,6,152,2760375,1359244,4,3,159000
ring,3,1048576,200000.0,0.4,0.0,1.0,89,6,153,2805834,1359244,4,3,101917
ring,3,1048576,200000.0,0.4,0.0,1.0,89,6,154,2829666,1359244,4,3,107541
ring,3,1048576,200000.0,0.4,0.0,1.0,89,6,155,2781917,1359244,4,3,150417
ring,3,1048576,200000.0,0.4,0.0,1.0,89,6,156,2837917,1359244,4,3,158542
ring,3,1048576,200000.0,0.4,0.0,1.0,89,6,157,2919667,1359244,4,3,125750
ring,3,1048576,200000.0,0.4,0.0,1.0,89,6,158,2806750,1359244,4,3,145750
ring,3,1048576,200000.0,0.4,0.0,1.0,89,6,159,2840542,1359244,4,3,150250
ring,3,1048576,200000.0,0.4,0.0,1.0,89,6,160,2822125,1359244,4,3,154042
ring,3,1048576,200000.0,0.4,0.0,1.0,89,6,161,2770250,1359244,4,3,103667
ring,3,1048576,200000.0,0.4,0.0,1.0,89,6,162,2748250,1359244,4,3,98708
ring,3,1048576,200000.0,0.4,0.0,1.0,89,6,163,2715500,1359244,4,3,178375
ring,3,1048576,200000.0,0.4,0.0,1.0,89,6,164,2830375,1359244,4,3,198833
ring,3,1048576,200000.0,0.4,0.0,1.0,89,6,165,2803833,1359244,4,3,159999
ring,3,1048576,200000.0,0.4,0.0,1.0,89,6,166,2853708,1359244,4,3,111499
ring,3,1048576,200000.0,0.4,0.0,1.0,89,6,167,2830500,1359244,4,3,88417
ring,3,1048576,200000.0,0.4,0.0,1.0,89,6,168,2856708,1359244,4,3,175458
ring,3,1048576,200000.0,0.4,0.0,1.0,89,6,169,2754334,1359244,4,3,88918
ring,3,1048576,200000.0,0.4,0.0,1.0,89,6,170,2977292,1359244,4,3,87334
ring,3,1048576,200000.0,0.4,0.0,1.0,89,6,171,2863833,1359244,4,3,146750
ring,3,1048576,200000.0,0.4,0.0,1.0,89,6,172,2894458,1359244,4,3,255333
ring,3,1048576,200000.0,0.4,0.0,1.0,89,6,173,2945333,1359244,4,3,125583
ring,3,1048576,200000.0,0.4,0.0,1.0,89,6,174,2846042,1359244,4,3,142584
ring,3,1048576,200000.0,0.4,0.0,1.0,89,6,175,2694125,1359244,4,3,203375
ring,3,1048576,200000.0,0.4,0.0,1.0,89,6,176,2828958,1359244,4,3,49083
ring,3,1048576,200000.0,0.4,0.0,1.0,89,6,177,2696375,1359244,4,3,186334
ring,3,1048576,200000.0,0.4,0.0,1.0,89,6,178,2768959,1359244,4,3,130709
ring,3,1048576,200000.0,0.4,0.0,1.0,89,6,179,2702500,1359244,4,3,69292
ring,3,1048576,200000.0,0.4,0.0,1.0,89,6,180,2812459,1359244,4,3,113084
ring,3,1048576,200000.0,0.4,0.0,1.0,89,6,181,2882917,1359244,4,3,105542
ring,3,1048576,200000.0,0.4,0.0,1.0,89,6,182,2841750,1359244,4,3,219500
ring,3,1048576,200000.0,0.4,0.0,1.0,89,6,183,2875042,1359244,4,3,130667
ring,3,1048576,200000.0,0.4,0.0,1.0,89,6,184,2887666,1359244,4,3,130541
ring,3,1048576,200000.0,0.4,0.0,1.0,89,6,185,2860125,1359244,4,3,122000
ring,3,1048576,200000.0,0.4,0.0,1.0,89,6,186,2819750,1359244,4,3,161083
ring,3,1048576,200000.0,0.4,0.0,1.0,89,6,187,2895000,1359244,4,3,156959
ring,3,1048576,200000.0,0.4,0.0,1.0,89,6,188,2805167,1359244,4,3,79208
ring,3,1048576,200000.0,0.4,0.0,1.0,89,6,189,2894500,1359244,4,3,81750
ring,3,1048576,200000.0,0.4,0.0,1.0,89,6,190,2766834,1359244,4,3,83168
ring,3,1048576,200000.0,0.4,0.0,1.0,89,6,191,3063625,1359244,4,3,143833
ring,3,1048576,200000.0,0.4,0.0,1.0,89,6,192,2811625,1359244,4,3,124458
ring,3,1048576,200000.0,0.4,0.0,1.0,89,6,193,2772917,1359244,4,3,63458
ring,3,1048576,200000.0,0.4,0.0,1.0,89,6,194,2813292,1359244,4,3,178167
ring,3,1048576,200000.0,0.4,0.0,1.0,89,6,195,2913042,1359244,4,3,174209
ring,3,1048576,200000.0,0.4,0.0,1.0,89,6,196,2837333,1359244,4,3,140250
ring,3,1048576,200000.0,0.4,0.0,1.0,89,6,197,2751833,1359244,4,3,142875
ring,3,1048576,200000.0,0.4,0.0,1.0,89,6,198,2893375,1359244,4,3,164083
ring,3,1048576,200000.0,0.4,0.0,1.0,89,6,199,2802000,1359244,4,3,177250
ring,3,1048576,200000.0,0.4,0.0,1.0,89,6,200,2871458,1359244,4,3,177875
ring,3,1048576,200000.0,0.4,0.0,1.0,89,6,201,2903417,1359244,4,3,164417
ring,3,1048576,200000.0,0.4,0.0,1.0,89,6,202,2830042,1359244,4,3,152792
ring,3,1048576,200000.0,0.4,0.0,1.0,89,6,203,2835750,1359244,4,3,123209
ring,3,1048576,200000.0,0.4,0.0,1.0,89,6,204,2912750,1359244,4,3,125959
ring,3,1048576,200000.0,0.4,0.0,1.0,89,6,205,2806500,1359244,4,3,103209
ring,3,1048576,200000.0,0.4,0.0,1.0,89,6,206,2775750,1359244,4,3,144542
ring,3,1048576,200000.0,0.4,0.0,1.0,89,6,207,2866125,1359244,4,3,140750
ring,3,1048576,200000.0,0.4,0.0,1.0,89,6,208,2791750,1359244,4,3,94959
ring,3,1048576,200000.0,0.4,0.0,1.0,89,6,209,2840958,1359244,4,3,114000
ring,3,1048576,200000.0,0.4,0.0,1.0,89,6,210,2788833,1359244,4,3,142291
ring,3,1048576,200000.0,0.4,0.0,1.0,89,6,211,2851500,1359244,4,3,132250
ring,3,1048576,200000.0,0.4,0.0,1.0,89,6,212,2828875,1359244,4,3,145042
ring,3,1048576,200000.0,0.4,0.0,1.0,89,6,213,2707792,1359244,4,3,148542
ring,3,1048576,200000.0,0.4,0.0,1.0,89,6,214,3006125,1359244,4,3,6750
ring,3,1048576,200000.0,0.4,0.0,1.0,89,6,215,2860166,1359244,4,3,115249
ring,3,1048576,200000.0,0.4,0.0,1.0,89,6,216,2638250,1359244,4,3,35458
ring,3,1048576,200000.0,0.4,0.0,1.0,89,6,217,2712125,1359244,4,3,78291
ring,3,1048576,200000.0,0.4,0.0,1.0,89,6,218,2741375,1359244,4,3,55542
ring,3,1048576,200000.0,0.4,0.0,1.0,89,6,219,2949542,1359244,4,3,105875
ring,3,1048576,200000.0,0.4,0.0,1.0,89,6,220,2827417,1359244,4,3,92208
ring,3,1048576,200000.0,0.4,0.0,1.0,89,6,221,2787167,1359244,4,3,42083
ring,3,1048576,200000.0,0.4,0.0,1.0,89,6,222,2706292,1359244,4,3,9042
ring,3,1048576,200000.0,0.4,0.0,1.0,89,6,223,2804167,1359244,4,3,208000
ring,3,1048576,200000.0,0.4,0.0,1.0,89,6,224,2795291,1359244,4,3,107707
ring,3,1048576,200000.0,0.4,0.0,1.0,89,6,225,2806166,1359244,4,3,155333
ring,3,1048576,200000.0,0.4,0.0,1.0,89,6,226,2813750,1359244,4,3,161250
ring,3,1048576,200000.0,0.4,0.0,1.0,89,6,227,2772125,1359244,4,3,107083
ring,3,1048576,200000.0,0.4,0.0,1.0,89,6,228,2839042,1359244,4,3,135750
ring,3,1048576,200000.0,0.4,0.0,1.0,89,6,229,2755292,1359244,4,3,170584
ring,3,1048576,200000.0,0.4,0.0,1.0,89,6,230,2861292,1359244,4,3,102042
ring,3,1048576,200000.0,0.4,0.0,1.0,89,6,231,2859250,1359244,4,3,104542
ring,3,1048576,200000.0,0.4,0.0,1.0,89,6,232,2776375,1359244,4,3,180375
ring,3,1048576,200000.0,0.4,0.0,1.0,89,6,233,2922500,1359244,4,3,153542
ring,3,1048576,200000.0,0.4,0.0,1.0,89,6,234,2836125,1359244,4,3,107416
ring,3,1048576,200000.0,0.4,0.0,1.0,89,6,235,2806625,1359244,4,3,222708
ring,3,1048576,200000.0,0.4,0.0,1.0,89,6,236,2814916,1359244,4,3,105582
ring,3,1048576,200000.0,0.4,0.0,1.0,89,6,237,2665458,1359244,4,3,80249
ring,3,1048576,200000.0,0.4,0.0,1.0,89,6,238,2885625,1359244,4,3,130667
ring,3,1048576,200000.0,0.4,0.0,1.0,89,6,239,2839666,1359244,4,3,80707
ring,3,1048576,200000.0,0.4,0.0,1.0,89,6,240,2808041,1359244,4,3,140041
ring,3,1048576,200000.0,0.4,0.0,1.0,89,6,241,2889541,1359244,4,3,148707
ring,3,1048576,200000.0,0.4,0.0,1.0,89,6,242,2890583,1359244,4,3,118583
ring,3,1048576,200000.0,0.4,0.0,1.0,89,6,243,2823459,1359244,4,3,159501
ring,3,1048576,200000.0,0.4,0.0,1.0,89,6,244,2811250,1359244,4,3,150750
ring,3,1048576,200000.0,0.4,0.0,1.0,89,6,245,2864250,1359244,4,3,158625
ring,3,1048576,200000.0,0.4,0.0,1.0,89,6,246,2839792,1359244,4,3,173792
ring,3,1048576,200000.0,0.4,0.0,1.0,89,6,247,2848583,1359244,4,3,63333
ring,3,1048576,200000.0,0.4,0.0,1.0,89,6,248,2764084,1359244,4,3,106126
ring,3,1048576,200000.0,0.4,0.0,1.0,89,6,249,2789417,1359244,4,3,59001
ring,3,1048576,200000.0,0.4,0.0,1.0,89,6,250,2819667,1359244,4,3,203584
ring,3,1048576,200000.0,0.4,0.0,1.0,89,6,251,2802375,1359244,4,3,149500
ring,3,1048576,200000.0,0.4,0.0,1.0,89,6,252,2781875,1359244,4,3,127334
ring,3,1048576,200000.0,0.4,0.0,1.0,89,6,253,2802292,1359244,4,3,165917
ring,3,1048576,200000.0,0.4,0.0,1.0,89,6,254,2840250,1359244,4,3,139333
ring,3,1048576,200000.0,0.4,0.0,1.0,89,6,255,2879125,1359244,4,3,61750
ring,3,1048576,200000.0,0.4,0.0,1.0,89,6,256,2830250,1359244,4,3,107458
ring,3,1048576,200000.0,0.4,0.0,1.0,89,6,257,2945833,1359244,4,3,150166
ring,3,1048576,200000.0,0.4,0.0,1.0,89,6,258,2858583,1359244,4,3,28958
ring,3,1048576,200000.0,0.4,0.0,1.0,89,6,259,2880875,1359244,4,3,100834
ring,3,1048576,200000.0,0.4,0.0,1.0,89,6,260,2850417,1359244,4,3,108042
ring,3,1048576,200000.0,0.4,0.0,1.0,89,6,261,2905459,1359244,4,3,158417
ring,3,1048576,200000.0,0.4,0.0,1.0,89,6,262,2921334,1359244,4,3,133334
ring,3,1048576,200000.0,0.4,0.0,1.0,89,6,263,2847125,1359244,4,3,72750
ring,3,1048576,200000.0,0.4,0.0,1.0,89,6,264,2866417,1359244,4,3,89875
ring,3,1048576,200000.0,0.4,0.0,1.0,89,6,265,2973000,1359244,4,3,130792
ring,3,1048576,200000.0,0.4,0.0,1.0,89,6,266,3054834,1359244,4,3,224293
ring,3,1048576,200000.0,0.4,0.0,1.0,89,6,267,3028875,1359244,4,3,171375
ring,3,1048576,200000.0,0.4,0.0,1.0,89,6,268,2882875,1359244,4,3,113250
ring,3,1048576,200000.0,0.4,0.0,1.0,89,6,269,2928750,1359244,4,3,100000
ring,3,1048576,200000.0,0.4,0.0,1.0,89,6,270,3058416,1359244,4,3,129708
ring,3,1048576,200000.0,0.4,0.0,1.0,89,6,271,2906958,1359244,4,3,99583
ring,3,1048576,200000.0,0.4,0.0,1.0,89,6,272,2845417,1359244,4,3,116958
ring,3,1048576,200000.0,0.4,0.0,1.0,89,6,273,2917917,1359244,4,3,78875
ring,3,1048576,200000.0,0.4,0.0,1.0,89,6,274,2959875,1359244,4,3,105250
ring,3,1048576,200000.0,0.4,0.0,1.0,89,6,275,2937417,1359244,4,3,117251
ring,3,1048576,200000.0,0.4,0.0,1.0,89,6,276,3009334,1359244,4,3,128709
ring,3,1048576,200000.0,0.4,0.0,1.0,89,6,277,2870583,1359244,4,3,109125
ring,3,1048576,200000.0,0.4,0.0,1.0,89,6,278,2924625,1359244,4,3,145584
ring,3,1048576,200000.0,0.4,0.0,1.0,89,6,279,2858000,1359244,4,3,45375
ring,3,1048576,200000.0,0.4,0.0,1.0,89,6,280,2981458,1359244,4,3,151333
ring,3,1048576,200000.0,0.4,0.0,1.0,89,6,281,2820833,1359244,4,3,48375
ring,3,1048576,200000.0,0.4,0.0,1.0,89,6,282,2814458,1359244,4,3,121333
ring,3,1048576,200000.0,0.4,0.0,1.0,89,6,283,2874292,1359244,4,3,122459
ring,3,1048576,200000.0,0.4,0.0,1.0,89,6,284,2882250,1359244,4,3,166084
ring,3,1048576,200000.0,0.4,0.0,1.0,89,6,285,2937000,1359244,4,3,129666
ring,3,1048576,200000.0,0.4,0.0,1.0,89,6,286,2885333,1359244,4,3,80791
ring,3,1048576,200000.0,0.4,0.0,1.0,89,6,287,2890625,1359244,4,3,51833
ring,3,1048576,200000.0,0.4,0.0,1.0,89,6,288,2831584,1359244,4,3,151167
ring,3,1048576,200000.0,0.4,0.0,1.0,89,6,289,2818208,1359244,4,3,38666
ring,3,1048576,200000.0,0.4,0.0,1.0,89,6,290,2914625,1359244,4,3,133750
ring,3,1048576,200000.0,0.4,0.0,1.0,89,6,291,2828500,1359244,4,3,111750
ring,3,1048576,200000.0,0.4,0.0,1.0,89,6,292,2797000,1359244,4,3,82500
ring,3,1048576,200000.0,0.4,0.0,1.0,89,6,293,2959625,1359244,4,3,109375
ring,3,1048576,200000.0,0.4,0.0,1.0,89,6,294,2793958,1359244,4,3,104416
ring,3,1048576,200000.0,0.4,0.0,1.0,89,6,295,2804875,1359244,4,3,73958
ring,3,1048576,200000.0,0.4,0.0,1.0,89,6,296,2957208,1359244,4,3,86875
ring,3,1048576,200000.0,0.4,0.0,1.0,89,6,297,2916708,1359244,4,3,100542
ring,3,1048576,200000.0,0.4,0.0,1.0,89,6,298,2938750,1359244,4,3,81000
ring,3,1048576,200000.0,0.4,0.0,1.0,89,6,299,2967000,1359244,4,3,153417
ring,3,1048576,200000.0,0.4,0.0,1.0,89,6,300,2848625,1359244,4,3,115542
ring,3,1048576,200000.0,0.4,0.0,1.0,89,6,301,2943917,1359244,4,3,17126
ring,3,1048576,200000.0,0.4,0.0,1.0,89,6,302,2882833,1359244,4,3,202917
ring,3,1048576,200000.0,0.4,0.0,1.0,89,6,303,3008750,1359244,4,3,126000
ring,3,1048576,200000.0,0.4,0.0,1.0,89,6,304,2834542,1359244,4,3,121500
ring,3,1048576,200000.0,0.4,0.0,1.0,89,6,305,2948292,1359244,4,3,117376
ring,3,1048576,200000.0,0.4,0.0,1.0,89,6,306,2999875,1359244,4,3,16500
ring,3,1048576,200000.0,0.4,0.0,1.0,89,6,307,2923792,1359244,4,3,155000
ring,3,1048576,200000.0,0.4,0.0,1.0,89,6,308,2856042,1359244,4,3,75167
ring,3,1048576,200000.0,0.4,0.0,1.0,89,6,309,2870625,1359244,4,3,119833
ring,3,1048576,200000.0,0.4,0.0,1.0,89,6,310,2919834,1359244,4,3,133918
ring,3,1048576,200000.0,0.4,0.0,1.0,89,6,311,2960625,1359244,4,3,78625
ring,3,1048576,200000.0,0.4,0.0,1.0,89,6,312,2978042,1359244,4,3,156000
ring,3,1048576,200000.0,0.4,0.0,1.0,89,6,313,2983209,1359244,4,3,149876
ring,3,1048576,200000.0,0.4,0.0,1.0,89,6,314,2960334,1359244,4,3,157792
ring,3,1048576,200000.0,0.4,0.0,1.0,89,6,315,2955042,1359244,4,3,88876
ring,3,1048576,200000.0,0.4,0.0,1.0,89,6,316,2953958,1359244,4,3,146499
ring,3,1048576,200000.0,0.4,0.0,1.0,89,6,317,2962208,1359244,4,3,137791
ring,3,1048576,200000.0,0.4,0.0,1.0,89,6,318,3057625,1359244,4,3,147250
ring,3,1048576,200000.0,0.4,0.0,1.0,89,6,319,2783667,1359244,4,3,47333
ring,3,1048576,200000.0,0.4,0.0,1.0,89,6,320,3004750,1359244,4,3,117083
ring,3,1048576,200000.0,0.4,0.0,1.0,89,6,321,3631833,1359244,4,3,335666
ring,3,1048576,200000.0,0.4,0.0,1.0,89,6,322,3272458,1359244,4,3,131666
ring,3,1048576,200000.0,0.4,0.0,1.0,89,6,323,2965208,1359244,4,3,142667
ring,3,1048576,200000.0,0.4,0.0,1.0,89,6,324,2988250,1359244,4,3,67709
ring,3,1048576,200000.0,0.4,0.0,1.0,89,6,325,2888667,1359244,4,3,103792
ring,3,1048576,200000.0,0.4,0.0,1.0,89,6,326,2869417,1359244,4,3,97417
ring,3,1048576,200000.0,0.4,0.0,1.0,89,6,327,3038834,1359244,4,3,34959
ring,3,1048576,200000.0,0.4,0.0,1.0,89,6,328,3153250,1359244,4,3,49333
ring,3,1048576,200000.0,0.4,0.0,1.0,89,6,329,3033500,1359244,4,3,138541
ring,3,1048576,200000.0,0.4,0.0,1.0,89,6,330,2984000,1359244,4,3,112167
ring,3,1048576,200000.0,0.4,0.0,1.0,89,6,331,3077250,1359244,4,3,49917
ring,3,1048576,200000.0,0.4,0.0,1.0,89,6,332,3008583,1359244,4,3,122625
ring,3,1048576,200000.0,0.4,0.0,1.0,89,6,333,3010917,1359244,4,3,136001
ring,3,1048576,200000.0,0.4,0.0,1.0,89,6,334,3060792,1359244,4,3,138875
ring,3,1048576,200000.0,0.4,0.0,1.0,89,6,335,2984834,1359244,4,3,136959
ring,3,1048576,200000.0,0.4,0.0,1.0,89,6,336,3015334,1359244,4,3,173418
ring,3,1048576,200000.0,0.4,0.0,1.0,89,6,337,3202333,1359244,4,3,178833
ring,3,1048576,200000.0,0.4,0.0,1.0,89,6,338,3018334,1359244,4,3,83584
ring,3,1048576,200000.0,0.4,0.0,1.0,89,6,339,3247292,1359244,4,3,171708
ring,3,1048576,200000.0,0.4,0.0,1.0,89,6,340,3099625,1359244,4,3,10500
ring,3,1048576,200000.0,0.4,0.0,1.0,89,6,341,3156500,1359244,4,3,182958
ring,3,1048576,200000.0,0.4,0.0,1.0,89,6,342,3151334,1359244,4,3,211834
ring,3,1048576,200000.0,0.4,0.0,1.0,89,6,343,3302334,1359244,4,3,108209
ring,3,1048576,200000.0,0.4,0.0,1.0,89,6,344,3110709,1359244,4,3,157918
ring,3,1048576,200000.0,0.4,0.0,1.0,89,6,345,3254625,1359244,4,3,233166
ring,3,1048576,200000.0,0.4,0.0,1.0,89,6,346,3107083,1359244,4,3,125208
ring,3,1048576,200000.0,0.4,0.0,1.0,89,6,347,3030083,1359244,4,3,109749
ring,3,1048576,200000.0,0.4,0.0,1.0,89,6,348,3151250,1359244,4,3,243250
ring,3,1048576,200000.0,0.4,0.0,1.0,89,6,349,3058042,1359244,4,3,72792
ring,3,1048576,200000.0,0.4,0.0,1.0,89,6,350,3228416,1359244,4,3,279833
ring,3,1048576,200000.0,0.4,0.0,1.0,89,6,351,3056708,1359244,4,3,107458
ring,3,1048576,200000.0,0.4,0.0,1.0,89,6,352,3265000,1359244,4,3,234791
ring,3,1048576,200000.0,0.4,0.0,1.0,89,6,353,3137292,1359244,4,3,94083
ring,3,1048576,200000.0,0.4,0.0,1.0,89,6,354,2950875,1359244,4,3,109250
ring,3,1048576,200000.0,0.4,0.0,1.0,89,6,355,3092458,1359244,4,3,125999
ring,3,1048576,200000.0,0.4,0.0,1.0,89,6,356,2986250,1359244,4,3,83875
ring,3,1048576,200000.0,0.4,0.0,1.0,89,6,357,3064666,1359244,4,3,129166
ring,3,1048576,200000.0,0.4,0.0,1.0,89,6,358,3117209,1359244,4,3,180168
ring,3,1048576,200000.0,0.4,0.0,1.0,89,6,359,3013958,1359244,4,3,110499
ring,3,1048576,200000.0,0.4,0.0,1.0,89,6,360,2963667,1359244,4,3,111042
ring,3,1048576,200000.0,0.4,0.0,1.0,89,6,361,2886709,1359244,4,3,112084
ring,3,1048576,200000.0,0.4,0.0,1.0,89,6,362,2968833,1359244,4,3,210375
ring,3,1048576,200000.0,0.4,0.0,1.0,89,6,363,2987125,1359244,4,3,117458
ring,3,1048576,200000.0,0.4,0.0,1.0,89,6,364,3085916,1359244,4,3,59999
ring,3,1048576,200000.0,0.4,0.0,1.0,89,6,365,2860708,1359244,4,3,176375
ring,3,1048576,200000.0,0.4,0.0,1.0,89,6,366,3042375,1359244,4,3,156458
ring,3,1048576,200000.0,0.4,0.0,1.0,89,6,367,3000417,1359244,4,3,263709
ring,3,1048576,200000.0,0.4,0.0,1.0,89,6,368,2969458,1359244,4,3,129542
ring,3,1048576,200000.0,0.4,0.0,1.0,89,6,369,2925834,1359244,4,3,130251
ring,3,1048576,200000.0,0.4,0.0,1.0,89,6,370,2967583,1359244,4,3,131292
ring,3,1048576,200000.0,0.4,0.0,1.0,89,6,371,2933416,1359244,4,3,112125
ring,3,1048576,200000.0,0.4,0.0,1.0,89,6,372,3016084,1359244,4,3,100084
ring,3,1048576,200000.0,0.4,0.0,1.0,89,6,373,3009250,1359244,4,3,148125
ring,3,1048576,200000.0,0.4,0.0,1.0,89,6,374,2988791,1359244,4,3,115624
ring,3,1048576,200000.0,0.4,0.0,1.0,89,6,375,2968375,1359244,4,3,121750
ring,3,1048576,200000.0,0.4,0.0,1.0,89,6,376,2953625,1359244,4,3,203375
ring,3,1048576,200000.0,0.4,0.0,1.0,89,6,377,2912916,1359244,4,3,134416
ring,3,1048576,200000.0,0.4,0.0,1.0,89,6,378,3000083,1359244,4,3,254417
ring,3,1048576,200000.0,0.4,0.0,1.0,89,6,379,2922292,1359244,4,3,179042
ring,3,1048576,200000.0,0.4,0.0,1.0,89,6,380,2849084,1359244,4,3,30459
ring,3,1048576,200000.0,0.4,0.0,1.0,89,6,381,3008959,1359244,4,3,138376
ring,3,1048576,200000.0,0.4,0.0,1.0,89,6,382,2915125,1359244,4,3,152208
ring,3,1048576,200000.0,0.4,0.0,1.0,89,6,383,2897583,1359244,4,3,246624
ring,3,1048576,200000.0,0.4,0.0,1.0,89,6,384,2938958,1359244,4,3,170750
ring,3,1048576,200000.0,0.4,0.0,1.0,89,6,385,2944084,1359244,4,3,183167
ring,3,1048576,200000.0,0.4,0.0,1.0,89,6,386,2880167,1359244,4,3,212208
ring,3,1048576,200000.0,0.4,0.0,1.0,89,6,387,2935834,1359244,4,3,105084
ring,3,1048576,200000.0,0.4,0.0,1.0,89,6,388,2948458,1359244,4,3,90583
ring,3,1048576,200000.0,0.4,0.0,1.0,89,6,389,3050000,1359244,4,3,152000
ring,3,1048576,200000.0,0.4,0.0,1.0,89,6,390,2974625,1359244,4,3,110291
ring,3,1048576,200000.0,0.4,0.0,1.0,89,6,391,2873958,1359244,4,3,226625
ring,3,1048576,200000.0,0.4,0.0,1.0,89,6,392,2975708,1359244,4,3,105083
ring,3,1048576,200000.0,0.4,0.0,1.0,89,6,393,2976333,1359244,4,3,68791
ring,3,1048576,200000.0,0.4,0.0,1.0,89,6,394,2908292,1359244,4,3,119792
ring,3,1048576,200000.0,0.4,0.0,1.0,89,6,395,2856500,1359244,4,3,164792
ring,3,1048576,200000.0,0.4,0.0,1.0,89,6,396,2971125,1359244,4,3,203625
ring,3,1048576,200000.0,0.4,0.0,1.0,89,6,397,2937750,1359244,4,3,123958
ring,3,1048576,200000.0,0.4,0.0,1.0,89,6,398,2926542,1359244,4,3,186083
ring,3,1048576,200000.0,0.4,0.0,1.0,89,6,399,2825792,1359244,4,3,113042
ring,3,1048576,200000.0,0.4,0.0,1.0,89,7,0,2836209,1359244,4,3,142251
ring,3,1048576,200000.0,0.4,0.0,1.0,89,7,1,2598458,1359244,4,3,119916
ring,3,1048576,200000.0,0.4,0.0,1.0,89,7,2,2572667,1359244,4,3,104626
ring,3,1048576,200000.0,0.4,0.0,1.0,89,7,3,2557584,1359244,4,3,129584
ring,3,1048576,200000.0,0.4,0.0,1.0,89,7,4,2613583,1359244,4,3,110208
ring,3,1048576,200000.0,0.4,0.0,1.0,89,7,5,2494125,1359244,4,3,180250
ring,3,1048576,200000.0,0.4,0.0,1.0,89,7,6,2541416,1359244,4,3,99750
ring,3,1048576,200000.0,0.4,0.0,1.0,89,7,7,2691542,1359244,4,3,114001
ring,3,1048576,200000.0,0.4,0.0,1.0,89,7,8,2495625,1359244,4,3,54166
ring,3,1048576,200000.0,0.4,0.0,1.0,89,7,9,2435000,1359244,4,3,156167
ring,3,1048576,200000.0,0.4,0.0,1.0,89,7,10,2472583,1359244,4,3,89333
ring,3,1048576,200000.0,0.4,0.0,1.0,89,7,11,2579333,1359244,4,3,135000
ring,3,1048576,200000.0,0.4,0.0,1.0,89,7,12,2568417,1359244,4,3,75501
ring,3,1048576,200000.0,0.4,0.0,1.0,89,7,13,2507416,1359244,4,3,145082
ring,3,1048576,200000.0,0.4,0.0,1.0,89,7,14,2628000,1359244,4,3,93792
ring,3,1048576,200000.0,0.4,0.0,1.0,89,7,15,2427791,1359244,4,3,140124
ring,3,1048576,200000.0,0.4,0.0,1.0,89,7,16,2480500,1359244,4,3,79250
ring,3,1048576,200000.0,0.4,0.0,1.0,89,7,17,2631917,1359244,4,3,114209
ring,3,1048576,200000.0,0.4,0.0,1.0,89,7,18,2493250,1359244,4,3,156083
ring,3,1048576,200000.0,0.4,0.0,1.0,89,7,19,2521250,1359244,4,3,209833
ring,3,1048576,200000.0,0.4,0.0,1.0,89,7,20,2523792,1359244,4,3,145042
ring,3,1048576,200000.0,0.4,0.0,1.0,89,7,21,2431000,1359244,4,3,74500
ring,3,1048576,200000.0,0.4,0.0,1.0,89,7,22,2627291,1359244,4,3,148457
ring,3,1048576,200000.0,0.4,0.0,1.0,89,7,23,2581500,1359244,4,3,115209
ring,3,1048576,200000.0,0.4,0.0,1.0,89,7,24,2463708,1359244,4,3,127208
ring,3,1048576,200000.0,0.4,0.0,1.0,89,7,25,2548917,1359244,4,3,127459
ring,3,1048576,200000.0,0.4,0.0,1.0,89,7,26,2436750,1359244,4,3,106875
ring,3,1048576,200000.0,0.4,0.0,1.0,89,7,27,2449625,1359244,4,3,140083
ring,3,1048576,200000.0,0.4,0.0,1.0,89,7,28,2498958,1359244,4,3,146625
ring,3,1048576,200000.0,0.4,0.0,1.0,89,7,29,2588625,1359244,4,3,91042
ring,3,1048576,200000.0,0.4,0.0,1.0,89,7,30,2516625,1359244,4,3,187167
ring,3,1048576,200000.0,0.4,0.0,1.0,89,7,31,2768666,1359244,4,3,160958
ring,3,1048576,200000.0,0.4,0.0,1.0,89,7,32,2573541,1359244,4,3,129832
ring,3,1048576,200000.0,0.4,0.0,1.0,89,7,33,2613917,1359244,4,3,139292
ring,3,1048576,200000.0,0.4,0.0,1.0,89,7,34,2568083,1359244,4,3,220416
ring,3,1048576,200000.0,0.4,0.0,1.0,89,7,35,2539375,1359244,4,3,137333
ring,3,1048576,200000.0,0.4,0.0,1.0,89,7,36,2598958,1359244,4,3,73417
ring,3,1048576,200000.0,0.4,0.0,1.0,89,7,37,2637333,1359244,4,3,91250
ring,3,1048576,200000.0,0.4,0.0,1.0,89,7,38,2509958,1359244,4,3,106417
ring,3,1048576,200000.0,0.4,0.0,1.0,89,7,39,2541292,1359244,4,3,127875
ring,3,1048576,200000.0,0.4,0.0,1.0,89,7,40,2484750,1359244,4,3,100250
ring,3,1048576,200000.0,0.4,0.0,1.0,89,7,41,2486500,1359244,4,3,134417
ring,3,1048576,200000.0,0.4,0.0,1.0,89,7,42,2553541,1359244,4,3,89124
ring,3,1048576,200000.0,0.4,0.0,1.0,89,7,43,2549916,1359244,4,3,115791
ring,3,1048576,200000.0,0.4,0.0,1.0,89,7,44,2470208,1359244,4,3,131125
ring,3,1048576,200000.0,0.4,0.0,1.0,89,7,45,2539541,1359244,4,3,108791
ring,3,1048576,200000.0,0.4,0.0,1.0,89,7,46,2474375,1359244,4,3,14042
ring,3,1048576,200000.0,0.4,0.0,1.0,89,7,47,2595125,1359244,4,3,88834
ring,3,1048576,200000.0,0.4,0.0,1.0,89,7,48,2586209,1359244,4,3,85917
ring,3,1048576,200000.0,0.4,0.0,1.0,89,7,49,2562667,1359244,4,3,96750
ring,3,1048576,200000.0,0.4,0.0,1.0,89,7,50,2583000,1359244,4,3,106458
ring,3,1048576,200000.0,0.4,0.0,1.0,89,7,51,2605208,1359244,4,3,68874
ring,3,1048576,200000.0,0.4,0.0,1.0,89,7,52,2610000,1359244,4,3,147500
ring,3,1048576,200000.0,0.4,0.0,1.0,89,7,53,2788791,1359244,4,3,79041
ring,3,1048576,200000.0,0.4,0.0,1.0,89,7,54,2634875,1359244,4,3,89583
ring,3,1048576,200000.0,0.4,0.0,1.0,89,7,55,2609500,1359244,4,3,94542
ring,3,1048576,200000.0,0.4,0.0,1.0,89,7,56,2651250,1359244,4,3,91792
ring,3,1048576,200000.0,0.4,0.0,1.0,89,7,57,2623292,1359244,4,3,133292
ring,3,1048576,200000.0,0.4,0.0,1.0,89,7,58,2612666,1359244,4,3,161708
ring,3,1048576,200000.0,0.4,0.0,1.0,89,7,59,2565625,1359244,4,3,199750
ring,3,1048576,200000.0,0.4,0.0,1.0,89,7,60,2609625,1359244,4,3,124667
ring,3,1048576,200000.0,0.4,0.0,1.0,89,7,61,2641292,1359244,4,3,147417
ring,3,1048576,200000.0,0.4,0.0,1.0,89,7,62,2646541,1359244,4,3,74041
ring,3,1048576,200000.0,0.4,0.0,1.0,89,7,63,2577750,1359244,4,3,142958
ring,3,1048576,200000.0,0.4,0.0,1.0,89,7,64,2638542,1359244,4,3,71542
ring,3,1048576,200000.0,0.4,0.0,1.0,89,7,65,2582917,1359244,4,3,138917
ring,3,1048576,200000.0,0.4,0.0,1.0,89,7,66,2702500,1359244,4,3,160917
ring,3,1048576,200000.0,0.4,0.0,1.0,89,7,67,2676334,1359244,4,3,110543
ring,3,1048576,200000.0,0.4,0.0,1.0,89,7,68,2588000,1359244,4,3,80000
ring,3,1048576,200000.0,0.4,0.0,1.0,89,7,69,2681708,1359244,4,3,180458
ring,3,1048576,200000.0,0.4,0.0,1.0,89,7,70,2628250,1359244,4,3,140958
ring,3,1048576,200000.0,0.4,0.0,1.0,89,7,71,2783375,1359244,4,3,99500
ring,3,1048576,200000.0,0.4,0.0,1.0,89,7,72,2569750,1359244,4,3,97250
ring,3,1048576,200000.0,0.4,0.0,1.0,89,7,73,2609125,1359244,4,3,105750
ring,3,1048576,200000.0,0.4,0.0,1.0,89,7,74,2585166,1359244,4,3,163082
ring,3,1048576,200000.0,0.4,0.0,1.0,89,7,75,2649917,1359244,4,3,107792
ring,3,1048576,200000.0,0.4,0.0,1.0,89,7,76,2561625,1359244,4,3,71750
ring,3,1048576,200000.0,0.4,0.0,1.0,89,7,77,2607625,1359244,4,3,121166
ring,3,1048576,200000.0,0.4,0.0,1.0,89,7,78,2578708,1359244,4,3,127791
ring,3,1048576,200000.0,0.4,0.0,1.0,89,7,79,2660375,1359244,4,3,196833
ring,3,1048576,200000.0,0.4,0.0,1.0,89,7,80,2615292,1359244,4,3,99750
ring,3,1048576,200000.0,0.4,0.0,1.0,89,7,81,2638583,1359244,4,3,60208
ring,3,1048576,200000.0,0.4,0.0,1.0,89,7,82,2712791,1359244,4,3,161541
ring,3,1048576,200000.0,0.4,0.0,1.0,89,7,83,2647542,1359244,4,3,163584
ring,3,1048576,200000.0,0.4,0.0,1.0,89,7,84,2713542,1359244,4,3,138251
ring,3,1048576,200000.0,0.4,0.0,1.0,89,7,85,2556041,1359244,4,3,68500
ring,3,1048576,200000.0,0.4,0.0,1.0,89,7,86,2696708,1359244,4,3,143249
ring,3,1048576,200000.0,0.4,0.0,1.0,89,7,87,2529792,1359244,4,3,150209
ring,3,1048576,200000.0,0.4,0.0,1.0,89,7,88,2652792,1359244,4,3,104292
ring,3,1048576,200000.0,0.4,0.0,1.0,89,7,89,2494959,1359244,4,3,134084
ring,3,1048576,200000.0,0.4,0.0,1.0,89,7,90,2608625,1359244,4,3,108459
ring,3,1048576,200000.0,0.4,0.0,1.0,89,7,91,2583333,1359244,4,3,101792
ring,3,1048576,200000.0,0.4,0.0,1.0,89,7,92,2681916,1359244,4,3,161916
ring,3,1048576,200000.0,0.4,0.0,1.0,89,7,93,2622125,1359244,4,3,140125
ring,3,1048576,200000.0,0.4,0.0,1.0,89,7,94,2619792,1359244,4,3,143125
ring,3,1048576,200000.0,0.4,0.0,1.0,89,7,95,2604417,1359244,4,3,121751
ring,3,1048576,200000.0,0.4,0.0,1.0,89,7,96,2676542,1359244,4,3,90500
ring,3,1048576,200000.0,0.4,0.0,1.0,89,7,97,2634583,1359244,4,3,106958
ring,3,1048576,200000.0,0.4,0.0,1.0,89,7,98,2663709,1359244,4,3,116459
ring,3,1048576,200000.0,0.4,0.0,1.0,89,7,99,2730083,1359244,4,3,110375
ring,3,1048576,200000.0,0.4,0.0,1.0,89,7,100,2626917,1359244,4,3,105542
ring,3,1048576,200000.0,0.4,0.0,1.0,89,7,101,2664917,1359244,4,3,113834
ring,3,1048576,200000.0,0.4,0.0,1.0,89,7,102,2671667,1359244,4,3,193000
ring,3,1048576,200000.0,0.4,0.0,1.0,89,7,103,2667000,1359244,4,3,75583
ring,3,1048576,200000.0,0.4,0.0,1.0,89,7,104,2666375,1359244,4,3,25958
ring,3,1048576,200000.0,0.4,0.0,1.0,89,7,105,2607792,1359244,4,3,54417
ring,3,1048576,200000.0,0.4,0.0,1.0,89,7,106,2581875,1359244,4,3,113458
ring,3,1048576,200000.0,0.4,0.0,1.0,89,7,107,2605750,1359244,4,3,112667
ring,3,1048576,200000.0,0.4,0.0,1.0,89,7,108,2628125,1359244,4,3,73709
ring,3,1048576,200000.0,0.4,0.0,1.0,89,7,109,2649834,1359244,4,3,143376
ring,3,1048576,200000.0,0.4,0.0,1.0,89,7,110,2777542,1359244,4,3,94334
ring,3,1048576,200000.0,0.4,0.0,1.0,89,7,111,2745250,1359244,4,3,185958
ring,3,1048576,200000.0,0.4,0.0,1.0,89,7,112,2847792,1359244,4,3,209334
ring,3,1048576,200000.0,0.4,0.0,1.0,89,7,113,2642750,1359244,4,3,74125
ring,3,1048576,200000.0,0.4,0.0,1.0,89,7,114,2601125,1359244,4,3,74666
ring,3,1048576,200000.0,0.4,0.0,1.0,89,7,115,2766750,1359244,4,3,104042
ring,3,1048576,200000.0,0.4,0.0,1.0,89,7,116,2676542,1359244,4,3,125501
ring,3,1048576,200000.0,0.4,0.0,1.0,89,7,117,2677000,1359244,4,3,75333
ring,3,1048576,200000.0,0.4,0.0,1.0,89,7,118,2659292,1359244,4,3,99292
ring,3,1048576,200000.0,0.4,0.0,1.0,89,7,119,2805042,1359244,4,3,58792
ring,3,1048576,200000.0,0.4,0.0,1.0,89,7,120,2633375,1359244,4,3,96375
ring,3,1048576,200000.0,0.4,0.0,1.0,89,7,121,2701792,1359244,4,3,81167
ring,3,1048576,200000.0,0.4,0.0,1.0,89,7,122,2616917,1359244,4,3,101459
ring,3,1048576,200000.0,0.4,0.0,1.0,89,7,123,2641541,1359244,4,3,138499
ring,3,1048576,200000.0,0.4,0.0,1.0,89,7,124,2704709,1359244,4,3,3542
ring,3,1048576,200000.0,0.4,0.0,1.0,89,7,125,2633666,1359244,4,3,124166
ring,3,1048576,200000.0,0.4,0.0,1.0,89,7,126,2743375,1359244,4,3,109916
ring,3,1048576,200000.0,0.4,0.0,1.0,89,7,127,2696084,1359244,4,3,134084
ring,3,1048576,200000.0,0.4,0.0,1.0,89,7,128,2708541,1359244,4,3,101249
ring,3,1048576,200000.0,0.4,0.0,1.0,89,7,129,2652333,1359244,4,3,103833
ring,3,1048576,200000.0,0.4,0.0,1.0,89,7,130,2576792,1359244,4,3,109542
ring,3,1048576,200000.0,0.4,0.0,1.0,89,7,131,2611000,1359244,4,3,153583
ring,3,1048576,200000.0,0.4,0.0,1.0,89,7,132,2580792,1359244,4,3,135459
ring,3,1048576,200000.0,0.4,0.0,1.0,89,7,133,2582709,1359244,4,3,54459
ring,3,1048576,200000.0,0.4,0.0,1.0,89,7,134,2667875,1359244,4,3,135042
ring,3,1048576,200000.0,0.4,0.0,1.0,89,7,135,2653959,1359244,4,3,67750
ring,3,1048576,200000.0,0.4,0.0,1.0,89,7,136,2656084,1359244,4,3,126667
ring,3,1048576,200000.0,0.4,0.0,1.0,89,7,137,2632292,1359244,4,3,133251
ring,3,1048576,200000.0,0.4,0.0,1.0,89,7,138,2594250,1359244,4,3,124083
ring,3,1048576,200000.0,0.4,0.0,1.0,89,7,139,2655500,1359244,4,3,102208
ring,3,1048576,200000.0,0.4,0.0,1.0,89,7,140,2663208,1359244,4,3,151541
ring,3,1048576,200000.0,0.4,0.0,1.0,89,7,141,2602042,1359244,4,3,122459
ring,3,1048576,200000.0,0.4,0.0,1.0,89,7,142,2626917,1359244,4,3,90625
ring,3,1048576,200000.0,0.4,0.0,1.0,89,7,143,2678791,1359244,4,3,174541
ring,3,1048576,200000.0,0.4,0.0,1.0,89,7,144,2650541,1359244,4,3,31083
ring,3,1048576,200000.0,0.4,0.0,1.0,89,7,145,2574042,1359244,4,3,149334
ring,3,1048576,200000.0,0.4,0.0,1.0,89,7,146,2688375,1359244,4,3,91000
ring,3,1048576,200000.0,0.4,0.0,1.0,89,7,147,2585084,1359244,4,3,85625
ring,3,1048576,200000.0,0.4,0.0,1.0,89,7,148,2705167,1359244,4,3,148626
ring,3,1048576,200000.0,0.4,0.0,1.0,89,7,149,2737667,1359244,4,3,116083
ring,3,1048576,200000.0,0.4,0.0,1.0,89,7,150,2633792,1359244,4,3,220000
ring,3,1048576,200000.0,0.4,0.0,1.0,89,7,151,2626750,1359244,4,3,78500
ring,3,1048576,200000.0,0.4,0.0,1.0,89,7,152,2667459,1359244,4,3,111209
ring,3,1048576,200000.0,0.4,0.0,1.0,89,7,153,2637209,1359244,4,3,111334
ring,3,1048576,200000.0,0.4,0.0,1.0,89,7,154,2687041,1359244,4,3,185000
ring,3,1048576,200000.0,0.4,0.0,1.0,89,7,155,2596584,1359244,4,3,121209
ring,3,1048576,200000.0,0.4,0.0,1.0,89,7,156,2683167,1359244,4,3,115209
ring,3,1048576,200000.0,0.4,0.0,1.0,89,7,157,2665833,1359244,4,3,101917
ring,3,1048576,200000.0,0.4,0.0,1.0,89,7,158,2675709,1359244,4,3,166709
ring,3,1048576,200000.0,0.4,0.0,1.0,89,7,159,2619375,1359244,4,3,129333
ring,3,1048576,200000.0,0.4,0.0,1.0,89,7,160,2609750,1359244,4,3,70000
ring,3,1048576,200000.0,0.4,0.0,1.0,89,7,161,2692791,1359244,4,3,131041
ring,3,1048576,200000.0,0.4,0.0,1.0,89,7,162,2628042,1359244,4,3,174251
ring,3,1048576,200000.0,0.4,0.0,1.0,89,7,163,2787667,1359244,4,3,9001
ring,3,1048576,200000.0,0.4,0.0,1.0,89,7,164,2610042,1359244,4,3,137459
ring,3,1048576,200000.0,0.4,0.0,1.0,89,7,165,2664375,1359244,4,3,109167
ring,3,1048576,200000.0,0.4,0.0,1.0,89,7,166,2682917,1359244,4,3,116667
ring,3,1048576,200000.0,0.4,0.0,1.0,89,7,167,2601750,1359244,4,3,40083
ring,3,1048576,200000.0,0.4,0.0,1.0,89,7,168,2640458,1359244,4,3,70791
ring,3,1048576,200000.0,0.4,0.0,1.0,89,7,169,2559625,1359244,4,3,124459
ring,3,1048576,200000.0,0.4,0.0,1.0,89,7,170,2687500,1359244,4,3,135167
ring,3,1048576,200000.0,0.4,0.0,1.0,89,7,171,2721708,1359244,4,3,140458
ring,3,1048576,200000.0,0.4,0.0,1.0,89,7,172,2640542,1359244,4,3,147292
ring,3,1048576,200000.0,0.4,0.0,1.0,89,7,173,2607125,1359244,4,3,115416
ring,3,1048576,200000.0,0.4,0.0,1.0,89,7,174,2818750,1359244,4,3,144583
ring,3,1048576,200000.0,0.4,0.0,1.0,89,7,175,2758584,1359244,4,3,135792
ring,3,1048576,200000.0,0.4,0.0,1.0,89,7,176,2772000,1359244,4,3,134542
ring,3,1048576,200000.0,0.4,0.0,1.0,89,7,177,2737333,1359244,4,3,110041
ring,3,1048576,200000.0,0.4,0.0,1.0,89,7,178,2612167,1359244,4,3,58542
ring,3,1048576,200000.0,0.4,0.0,1.0,89,7,179,2705291,1359244,4,3,176833
ring,3,1048576,200000.0,0.4,0.0,1.0,89,7,180,2716834,1359244,4,3,114709
ring,3,1048576,200000.0,0.4,0.0,1.0,89,7,181,2639667,1359244,4,3,52292
ring,3,1048576,200000.0,0.4,0.0,1.0,89,7,182,2663167,1359244,4,3,83000
ring,3,1048576,200000.0,0.4,0.0,1.0,89,7,183,2688750,1359244,4,3,92250
ring,3,1048576,200000.0,0.4,0.0,1.0,89,7,184,2652791,1359244,4,3,166625
ring,3,1048576,200000.0,0.4,0.0,1.0,89,7,185,2602625,1359244,4,3,51541
ring,3,1048576,200000.0,0.4,0.0,1.0,89,7,186,2637042,1359244,4,3,140042
ring,3,1048576,200000.0,0.4,0.0,1.0,89,7,187,2680916,1359244,4,3,119291
ring,3,1048576,200000.0,0.4,0.0,1.0,89,7,188,2558541,1359244,4,3,138749
ring,3,1048576,200000.0,0.4,0.0,1.0,89,7,189,2684583,1359244,4,3,90416
ring,3,1048576,200000.0,0.4,0.0,1.0,89,7,190,2749875,1359244,4,3,62584
ring,3,1048576,200000.0,0.4,0.0,1.0,89,7,191,2682250,1359244,4,3,102208
ring,3,1048576,200000.0,0.4,0.0,1.0,89,7,192,2609875,1359244,4,3,217542
ring,3,1048576,200000.0,0.4,0.0,1.0,89,7,193,2674333,1359244,4,3,60042
ring,3,1048576,200000.0,0.4,0.0,1.0,89,7,194,2625125,1359244,4,3,172708
ring,3,1048576,200000.0,0.4,0.0,1.0,89,7,195,2638250,1359244,4,3,142833
ring,3,1048576,200000.0,0.4,0.0,1.0,89,7,196,2541166,1359244,4,3,162041
ring,3,1048576,200000.0,0.4,0.0,1.0,89,7,197,2583250,1359244,4,3,69834
ring,3,1048576,200000.0,0.4,0.0,1.0,89,7,198,2645333,1359244,4,3,75166
ring,3,1048576,200000.0,0.4,0.0,1.0,89,7,199,2610625,1359244,4,3,68375
ring,3,1048576,200000.0,0.4,0.0,1.0,89,7,200,2610292,1359244,4,3,28584
ring,3,1048576,200000.0,0.4,0.0,1.0,89,7,201,2627958,1359244,4,3,101417
ring,3,1048576,200000.0,0.4,0.0,1.0,89,7,202,2765292,1359244,4,3,106834
ring,3,1048576,200000.0,0.4,0.0,1.0,89,7,203,2582583,1359244,4,3,97208
ring,3,1048576,200000.0,0.4,0.0,1.0,89,7,204,2730584,1359244,4,3,107959
ring,3,1048576,200000.0,0.4,0.0,1.0,89,7,205,2702542,1359244,4,3,156625
ring,3,1048576,200000.0,0.4,0.0,1.0,89,7,206,2728500,1359244,4,3,107708
ring,3,1048576,200000.0,0.4,0.0,1.0,89,7,207,2737750,1359244,4,3,110583
ring,3,1048576,200000.0,0.4,0.0,1.0,89,7,208,3185333,1359244,4,3,28167
ring,3,1048576,200000.0,0.4,0.0,1.0,89,7,209,3016125,1359244,4,3,89792
ring,3,1048576,200000.0,0.4,0.0,1.0,89,7,210,2940500,1359244,4,3,62625
ring,3,1048576,200000.0,0.4,0.0,1.0,89,7,211,2629042,1359244,4,3,124042
ring,3,1048576,200000.0,0.4,0.0,1.0,89,7,212,2859417,1359244,4,3,162250
ring,3,1048576,200000.0,0.4,0.0,1.0,89,7,213,2848667,1359244,4,3,97292
ring,3,1048576,200000.0,0.4,0.0,1.0,89,7,214,2851417,1359244,4,3,88417
ring,3,1048576,200000.0,0.4,0.0,1.0,89,7,215,2839042,1359244,4,3,101459
ring,3,1048576,200000.0,0.4,0.0,1.0,89,7,216,2634167,1359244,4,3,108292
ring,3,1048576,200000.0,0.4,0.0,1.0,89,7,217,2743708,1359244,4,3,138125
ring,3,1048576,200000.0,0.4,0.0,1.0,89,7,218,2690959,1359244,4,3,205501
ring,3,1048576,200000.0,0.4,0.0,1.0,89,7,219,2643875,1359244,4,3,140792
ring,3,1048576,200000.0,0.4,0.0,1.0,89,7,220,2828292,1359244,4,3,173459
ring,3,1048576,200000.0,0.4,0.0,1.0,89,7,221,2765209,1359244,4,3,151792
ring,3,1048576,200000.0,0.4,0.0,1.0,89,7,222,2812000,1359244,4,3,91250
ring,3,1048576,200000.0,0.4,0.0,1.0,89,7,223,2875833,1359244,4,3,81208
ring,3,1048576,200000.0,0.4,0.0,1.0,89,7,224,2747583,1359244,4,3,143791
ring,3,1048576,200000.0,0.4,0.0,1.0,89,7,225,2801000,1359244,4,3,155333
ring,3,1048576,200000.0,0.4,0.0,1.0,89,7,226,2703959,1359244,4,3,166876
ring,3,1048576,200000.0,0.4,0.0,1.0,89,7,227,2859750,1359244,4,3,160541
ring,3,1048576,200000.0,0.4,0.0,1.0,89,7,228,2751458,1359244,4,3,121125
ring,3,1048576,200000.0,0.4,0.0,1.0,89,7,229,2797500,1359244,4,3,120291
ring,3,1048576,200000.0,0.4,0.0,1.0,89,7,230,2800334,1359244,4,3,150875
ring,3,1048576,200000.0,0.4,0.0,1.0,89,7,231,2657125,1359244,4,3,127750
ring,3,1048576,200000.0,0.4,0.0,1.0,89,7,232,2696833,1359244,4,3,149916
ring,3,1048576,200000.0,0.4,0.0,1.0,89,7,233,2689458,1359244,4,3,152499
ring,3,1048576,200000.0,0.4,0.0,1.0,89,7,234,2660292,1359244,4,3,37459
ring,3,1048576,200000.0,0.4,0.0,1.0,89,7,235,2771417,1359244,4,3,107959
ring,3,1048576,200000.0,0.4,0.0,1.0,89,7,236,2857000,1359244,4,3,135834
ring,3,1048576,200000.0,0.4,0.0,1.0,89,7,237,2724959,1359244,4,3,112667
ring,3,1048576,200000.0,0.4,0.0,1.0,89,7,238,2701416,1359244,4,3,151291
ring,3,1048576,200000.0,0.4,0.0,1.0,89,7,239,2760625,1359244,4,3,160708
ring,3,1048576,200000.0,0.4,0.0,1.0,89,7,240,2662791,1359244,4,3,94500
ring,3,1048576,200000.0,0.4,0.0,1.0,89,7,241,2736250,1359244,4,3,147000
ring,3,1048576,200000.0,0.4,0.0,1.0,89,7,242,2703208,1359244,4,3,112874
ring,3,1048576,200000.0,0.4,0.0,1.0,89,7,243,2703584,1359244,4,3,117334
ring,3,1048576,200000.0,0.4,0.0,1.0,89,7,244,2744500,1359244,4,3,189250
ring,3,1048576,200000.0,0.4,0.0,1.0,89,7,245,2672000,1359244,4,3,71791
ring,3,1048576,200000.0,0.4,0.0,1.0,89,7,246,2687209,1359244,4,3,151751
ring,3,1048576,200000.0,0.4,0.0,1.0,89,7,247,2718875,1359244,4,3,124083
ring,3,1048576,200000.0,0.4,0.0,1.0,89,7,248,2801291,1359244,4,3,79749
ring,3,1048576,200000.0,0.4,0.0,1.0,89,7,249,2667000,1359244,4,3,101000
ring,3,1048576,200000.0,0.4,0.0,1.0,89,7,250,2713750,1359244,4,3,79000
ring,3,1048576,200000.0,0.4,0.0,1.0,89,7,251,2732959,1359244,4,3,57625
ring,3,1048576,200000.0,0.4,0.0,1.0,89,7,252,2646250,1359244,4,3,9959
ring,3,1048576,200000.0,0.4,0.0,1.0,89,7,253,2651750,1359244,4,3,168292
ring,3,1048576,200000.0,0.4,0.0,1.0,89,7,254,2754667,1359244,4,3,205250
ring,3,1048576,200000.0,0.4,0.0,1.0,89,7,255,2775500,1359244,4,3,124917
ring,3,1048576,200000.0,0.4,0.0,1.0,89,7,256,2736584,1359244,4,3,170126
ring,3,1048576,200000.0,0.4,0.0,1.0,89,7,257,2786583,1359244,4,3,157791
ring,3,1048576,200000.0,0.4,0.0,1.0,89,7,258,2784875,1359244,4,3,162125
ring,3,1048576,200000.0,0.4,0.0,1.0,89,7,259,2728875,1359244,4,3,150750
ring,3,1048576,200000.0,0.4,0.0,1.0,89,7,260,2668250,1359244,4,3,107291
ring,3,1048576,200000.0,0.4,0.0,1.0,89,7,261,2718542,1359244,4,3,90625
ring,3,1048576,200000.0,0.4,0.0,1.0,89,7,262,2734792,1359244,4,3,176709
ring,3,1048576,200000.0,0.4,0.0,1.0,89,7,263,2770375,1359244,4,3,131041
ring,3,1048576,200000.0,0.4,0.0,1.0,89,7,264,2673792,1359244,4,3,129542
ring,3,1048576,200000.0,0.4,0.0,1.0,89,7,265,2745458,1359244,4,3,110916
ring,3,1048576,200000.0,0.4,0.0,1.0,89,7,266,2672625,1359244,4,3,70292
ring,3,1048576,200000.0,0.4,0.0,1.0,89,7,267,2722541,1359244,4,3,136416
ring,3,1048576,200000.0,0.4,0.0,1.0,89,7,268,2841083,1359244,4,3,71000
ring,3,1048576,200000.0,0.4,0.0,1.0,89,7,269,2700959,1359244,4,3,180584
ring,3,1048576,200000.0,0.4,0.0,1.0,89,7,270,2750958,1359244,4,3,151625
ring,3,1048576,200000.0,0.4,0.0,1.0,89,7,271,2737583,1359244,4,3,144499
ring,3,1048576,200000.0,0.4,0.0,1.0,89,7,272,2715333,1359244,4,3,81458
ring,3,1048576,200000.0,0.4,0.0,1.0,89,7,273,2723500,1359244,4,3,175125
ring,3,1048576,200000.0,0.4,0.0,1.0,89,7,274,2700250,1359244,4,3,140708
ring,3,1048576,200000.0,0.4,0.0,1.0,89,7,275,2689208,1359244,4,3,129249
ring,3,1048576,200000.0,0.4,0.0,1.0,89,7,276,2760875,1359244,4,3,116208
ring,3,1048576,200000.0,0.4,0.0,1.0,89,7,277,2709792,1359244,4,3,124625
ring,3,1048576,200000.0,0.4,0.0,1.0,89,7,278,2726416,1359244,4,3,120708
ring,3,1048576,200000.0,0.4,0.0,1.0,89,7,279,2758500,1359244,4,3,93167
ring,3,1048576,200000.0,0.4,0.0,1.0,89,7,280,2688917,1359244,4,3,31501
ring,3,1048576,200000.0,0.4,0.0,1.0,89,7,281,2710333,1359244,4,3,159167
ring,3,1048576,200000.0,0.4,0.0,1.0,89,7,282,2685417,1359244,4,3,83292
ring,3,1048576,200000.0,0.4,0.0,1.0,89,7,283,2865709,1359244,4,3,82959
ring,3,1048576,200000.0,0.4,0.0,1.0,89,7,284,2798833,1359244,4,3,70333
ring,3,1048576,200000.0,0.4,0.0,1.0,89,7,285,2726125,1359244,4,3,125375
ring,3,1048576,200000.0,0.4,0.0,1.0,89,7,286,2733541,1359244,4,3,86208
ring,3,1048576,200000.0,0.4,0.0,1.0,89,7,287,2637292,1359244,4,3,118958
ring,3,1048576,200000.0,0.4,0.0,1.0,89,7,288,2710750,1359244,4,3,81166
ring,3,1048576,200000.0,0.4,0.0,1.0,89,7,289,2640916,1359244,4,3,131458
ring,3,1048576,200000.0,0.4,0.0,1.0,89,7,290,2718334,1359244,4,3,120126
ring,3,1048576,200000.0,0.4,0.0,1.0,89,7,291,2975125,1359244,4,3,21334
ring,3,1048576,200000.0,0.4,0.0,1.0,89,7,292,2651625,1359244,4,3,18875
ring,3,1048576,200000.0,0.4,0.0,1.0,89,7,293,2805334,1359244,4,3,189667
ring,3,1048576,200000.0,0.4,0.0,1.0,89,7,294,2749292,1359244,4,3,124042
ring,3,1048576,200000.0,0.4,0.0,1.0,89,7,295,2729583,1359244,4,3,123750
ring,3,1048576,200000.0,0.4,0.0,1.0,89,7,296,2794500,1359244,4,3,84750
ring,3,1048576,200000.0,0.4,0.0,1.0,89,7,297,2636667,1359244,4,3,133709
ring,3,1048576,200000.0,0.4,0.0,1.0,89,7,298,2733375,1359244,4,3,136916
ring,3,1048576,200000.0,0.4,0.0,1.0,89,7,299,2697209,1359244,4,3,152250
ring,3,1048576,200000.0,0.4,0.0,1.0,89,7,300,2746459,1359244,4,3,129375
ring,3,1048576,200000.0,0.4,0.0,1.0,89,7,301,2824750,1359244,4,3,93209
ring,3,1048576,200000.0,0.4,0.0,1.0,89,7,302,2700541,1359244,4,3,92666
ring,3,1048576,200000.0,0.4,0.0,1.0,89,7,303,2674750,1359244,4,3,101167
ring,3,1048576,200000.0,0.4,0.0,1.0,89,7,304,2623917,1359244,4,3,142625
ring,3,1048576,200000.0,0.4,0.0,1.0,89,7,305,2759583,1359244,4,3,90625
ring,3,1048576,200000.0,0.4,0.0,1.0,89,7,306,2680625,1359244,4,3,43375
ring,3,1048576,200000.0,0.4,0.0,1.0,89,7,307,2765167,1359244,4,3,169250
ring,3,1048576,200000.0,0.4,0.0,1.0,89,7,308,2761375,1359244,4,3,134417
ring,3,1048576,200000.0,0.4,0.0,1.0,89,7,309,2705750,1359244,4,3,87708
ring,3,1048576,200000.0,0.4,0.0,1.0,89,7,310,2684500,1359244,4,3,99833
ring,3,1048576,200000.0,0.4,0.0,1.0,89,7,311,2657709,1359244,4,3,75793
ring,3,1048576,200000.0,0.4,0.0,1.0,89,7,312,2728834,1359244,4,3,80918
ring,3,1048576,200000.0,0.4,0.0,1.0,89,7,313,2601042,1359244,4,3,131875
ring,3,1048576,200000.0,0.4,0.0,1.0,89,7,314,2653000,1359244,4,3,84167
ring,3,1048576,200000.0,0.4,0.0,1.0,89,7,315,2682250,1359244,4,3,34208
ring,3,1048576,200000.0,0.4,0.0,1.0,89,7,316,2834792,1359244,4,3,180584
ring,3,1048576,200000.0,0.4,0.0,1.0,89,7,317,2685166,1359244,4,3,98708
ring,3,1048576,200000.0,0.4,0.0,1.0,89,7,318,2721792,1359244,4,3,105209
ring,3,1048576,200000.0,0.4,0.0,1.0,89,7,319,2720375,1359244,4,3,151416
ring,3,1048576,200000.0,0.4,0.0,1.0,89,7,320,2814625,1359244,4,3,151667
ring,3,1048576,200000.0,0.4,0.0,1.0,89,7,321,2657667,1359244,4,3,117083
ring,3,1048576,200000.0,0.4,0.0,1.0,89,7,322,2674167,1359244,4,3,64584
ring,3,1048576,200000.0,0.4,0.0,1.0,89,7,323,2744167,1359244,4,3,189709
ring,3,1048576,200000.0,0.4,0.0,1.0,89,7,324,2785459,1359244,4,3,120001
ring,3,1048576,200000.0,0.4,0.0,1.0,89,7,325,2736500,1359244,4,3,171875
ring,3,1048576,200000.0,0.4,0.0,1.0,89,7,326,2799958,1359244,4,3,169083
ring,3,1048576,200000.0,0.4,0.0,1.0,89,7,327,2736208,1359244,4,3,107791
ring,3,1048576,200000.0,0.4,0.0,1.0,89,7,328,2694416,1359244,4,3,149833
ring,3,1048576,200000.0,0.4,0.0,1.0,89,7,329,2767083,1359244,4,3,158708
ring,3,1048576,200000.0,0.4,0.0,1.0,89,7,330,2833875,1359244,4,3,152750
ring,3,1048576,200000.0,0.4,0.0,1.0,89,7,331,2688584,1359244,4,3,172875
ring,3,1048576,200000.0,0.4,0.0,1.0,89,7,332,2606417,1359244,4,3,148958
ring,3,1048576,200000.0,0.4,0.0,1.0,89,7,333,2739375,1359244,4,3,163000
ring,3,1048576,200000.0,0.4,0.0,1.0,89,7,334,2698541,1359244,4,3,123666
ring,3,1048576,200000.0,0.4,0.0,1.0,89,7,335,2793000,1359244,4,3,115791
ring,3,1048576,200000.0,0.4,0.0,1.0,89,7,336,2705083,1359244,4,3,169625
ring,3,1048576,200000.0,0.4,0.0,1.0,89,7,337,2669792,1359244,4,3,139625
ring,3,1048576,200000.0,0.4,0.0,1.0,89,7,338,2742625,1359244,4,3,124500
ring,3,1048576,200000.0,0.4,0.0,1.0,89,7,339,2711458,1359244,4,3,164458
ring,3,1048576,200000.0,0.4,0.0,1.0,89,7,340,2761334,1359244,4,3,151918
ring,3,1048576,200000.0,0.4,0.0,1.0,89,7,341,2611250,1359244,4,3,192708
ring,3,1048576,200000.0,0.4,0.0,1.0,89,7,342,2695458,1359244,4,3,171292
ring,3,1048576,200000.0,0.4,0.0,1.0,89,7,343,2803250,1359244,4,3,65541
ring,3,1048576,200000.0,0.4,0.0,1.0,89,7,344,2871584,1359244,4,3,133167
ring,3,1048576,200000.0,0.4,0.0,1.0,89,7,345,2884209,1359244,4,3,135709
ring,3,1048576,200000.0,0.4,0.0,1.0,89,7,346,2777333,1359244,4,3,112666
ring,3,1048576,200000.0,0.4,0.0,1.0,89,7,347,2908666,1359244,4,3,84250
ring,3,1048576,200000.0,0.4,0.0,1.0,89,7,348,2794958,1359244,4,3,128416
ring,3,1048576,200000.0,0.4,0.0,1.0,89,7,349,2847709,1359244,4,3,181709
ring,3,1048576,200000.0,0.4,0.0,1.0,89,7,350,2828084,1359244,4,3,125792
ring,3,1048576,200000.0,0.4,0.0,1.0,89,7,351,2814458,1359244,4,3,123042
ring,3,1048576,200000.0,0.4,0.0,1.0,89,7,352,2957000,1359244,4,3,143125
ring,3,1048576,200000.0,0.4,0.0,1.0,89,7,353,2864125,1359244,4,3,80458
ring,3,1048576,200000.0,0.4,0.0,1.0,89,7,354,2706625,1359244,4,3,65375
ring,3,1048576,200000.0,0.4,0.0,1.0,89,7,355,2717834,1359244,4,3,94501
ring,3,1048576,200000.0,0.4,0.0,1.0,89,7,356,2820584,1359244,4,3,140376
ring,3,1048576,200000.0,0.4,0.0,1.0,89,7,357,2990250,1359244,4,3,120959
ring,3,1048576,200000.0,0.4,0.0,1.0,89,7,358,2790291,1359244,4,3,142541
ring,3,1048576,200000.0,0.4,0.0,1.0,89,7,359,2874334,1359244,4,3,159876
ring,3,1048576,200000.0,0.4,0.0,1.0,89,7,360,2791334,1359244,4,3,121792
ring,3,1048576,200000.0,0.4,0.0,1.0,89,7,361,2819875,1359244,4,3,137209
ring,3,1048576,200000.0,0.4,0.0,1.0,89,7,362,2879042,1359244,4,3,157001
ring,3,1048576,200000.0,0.4,0.0,1.0,89,7,363,2873083,1359244,4,3,142500
ring,3,1048576,200000.0,0.4,0.0,1.0,89,7,364,2718625,1359244,4,3,40417
ring,3,1048576,200000.0,0.4,0.0,1.0,89,7,365,2798792,1359244,4,3,119875
ring,3,1048576,200000.0,0.4,0.0,1.0,89,7,366,2839042,1359244,4,3,148334
ring,3,1048576,200000.0,0.4,0.0,1.0,89,7,367,2768333,1359244,4,3,112999
ring,3,1048576,200000.0,0.4,0.0,1.0,89,7,368,2868375,1359244,4,3,160083
ring,3,1048576,200000.0,0.4,0.0,1.0,89,7,369,2833500,1359244,4,3,123250
ring,3,1048576,200000.0,0.4,0.0,1.0,89,7,370,2903667,1359244,4,3,136417
ring,3,1048576,200000.0,0.4,0.0,1.0,89,7,371,2789834,1359244,4,3,90376
ring,3,1048576,200000.0,0.4,0.0,1.0,89,7,372,2923667,1359244,4,3,240751
ring,3,1048576,200000.0,0.4,0.0,1.0,89,7,373,2843375,1359244,4,3,79542
ring,3,1048576,200000.0,0.4,0.0,1.0,89,7,374,2884833,1359244,4,3,149958
ring,3,1048576,200000.0,0.4,0.0,1.0,89,7,375,2799416,1359244,4,3,29999
ring,3,1048576,200000.0,0.4,0.0,1.0,89,7,376,2771166,1359244,4,3,119707
ring,3,1048576,200000.0,0.4,0.0,1.0,89,7,377,2770166,1359244,4,3,137541
ring,3,1048576,200000.0,0.4,0.0,1.0,89,7,378,2777209,1359244,4,3,145001
ring,3,1048576,200000.0,0.4,0.0,1.0,89,7,379,2824333,1359244,4,3,202375
ring,3,1048576,200000.0,0.4,0.0,1.0,89,7,380,2853917,1359244,4,3,77292
ring,3,1048576,200000.0,0.4,0.0,1.0,89,7,381,2756541,1359244,4,3,120500
ring,3,1048576,200000.0,0.4,0.0,1.0,89,7,382,2777750,1359244,4,3,93541
ring,3,1048576,200000.0,0.4,0.0,1.0,89,7,383,3011583,1359244,4,3,23292
ring,3,1048576,200000.0,0.4,0.0,1.0,89,7,384,2824250,1359244,4,3,181000
ring,3,1048576,200000.0,0.4,0.0,1.0,89,7,385,2859834,1359244,4,3,103959
ring,3,1048576,200000.0,0.4,0.0,1.0,89,7,386,2895834,1359244,4,3,60875
ring,3,1048576,200000.0,0.4,0.0,1.0,89,7,387,2814500,1359244,4,3,123417
ring,3,1048576,200000.0,0.4,0.0,1.0,89,7,388,2929792,1359244,4,3,100834
ring,3,1048576,200000.0,0.4,0.0,1.0,89,7,389,2912584,1359244,4,3,120418
ring,3,1048576,200000.0,0.4,0.0,1.0,89,7,390,2783125,1359244,4,3,138709
ring,3,1048576,200000.0,0.4,0.0,1.0,89,7,391,2983709,1359244,4,3,92376
ring,3,1048576,200000.0,0.4,0.0,1.0,89,7,392,2798875,1359244,4,3,69458
ring,3,1048576,200000.0,0.4,0.0,1.0,89,7,393,2799709,1359244,4,3,95334
ring,3,1048576,200000.0,0.4,0.0,1.0,89,7,394,2805916,1359244,4,3,76624
ring,3,1048576,200000.0,0.4,0.0,1.0,89,7,395,2889541,1359244,4,3,148458
ring,3,1048576,200000.0,0.4,0.0,1.0,89,7,396,2884666,1359244,4,3,163749
ring,3,1048576,200000.0,0.4,0.0,1.0,89,7,397,2800167,1359244,4,3,53084
ring,3,1048576,200000.0,0.4,0.0,1.0,89,7,398,2827375,1359244,4,3,116042
ring,3,1048576,200000.0,0.4,0.0,1.0,89,7,399,2794125,1359244,4,3,177167
ps,3,1048576,200000.0,0.4,0.0,1.0,89,7,0,2870750,619430,1,3,630209
ps,3,1048576,200000.0,0.4,0.0,1.0,89,7,1,2828333,619430,1,3,616374
ps,3,1048576,200000.0,0.4,0.0,1.0,89,7,2,2826709,619430,1,3,633001
ps,3,1048576,200000.0,0.4,0.0,1.0,89,7,3,2811209,619430,1,3,627834
ps,3,1048576,200000.0,0.4,0.0,1.0,89,7,4,2800042,619430,1,3,609917
ps,3,1048576,200000.0,0.4,0.0,1.0,89,7,5,2831958,619430,1,3,603166
ps,3,1048576,200000.0,0.4,0.0,1.0,89,7,6,2826459,619430,1,3,635792
ps,3,1048576,200000.0,0.4,0.0,1.0,89,7,7,2808375,619430,1,3,642375
ps,3,1048576,200000.0,0.4,0.0,1.0,89,7,8,2826500,619430,1,3,616083
ps,3,1048576,200000.0,0.4,0.0,1.0,89,7,9,2782667,619430,1,3,617875
ps,3,1048576,200000.0,0.4,0.0,1.0,89,7,10,2771333,619430,1,3,622750
ps,3,1048576,200000.0,0.4,0.0,1.0,89,7,11,2801417,619430,1,3,629501
ps,3,1048576,200000.0,0.4,0.0,1.0,89,7,12,2774916,619430,1,3,640749
ps,3,1048576,200000.0,0.4,0.0,1.0,89,7,13,2790834,619430,1,3,607709
ps,3,1048576,200000.0,0.4,0.0,1.0,89,7,14,2801458,619430,1,3,604958
ps,3,1048576,200000.0,0.4,0.0,1.0,89,7,15,2794416,619430,1,3,612916
ps,3,1048576,200000.0,0.4,0.0,1.0,89,7,16,2808125,619430,1,3,589542
ps,3,1048576,200000.0,0.4,0.0,1.0,89,7,17,2800583,619430,1,3,620583
ps,3,1048576,200000.0,0.4,0.0,1.0,89,7,18,2776792,619430,1,3,615042
ps,3,1048576,200000.0,0.4,0.0,1.0,89,7,19,2777000,619430,1,3,559084
ps,3,1048576,200000.0,0.4,0.0,1.0,89,7,20,2811208,619430,1,3,644458
ps,3,1048576,200000.0,0.4,0.0,1.0,89,7,21,2837083,619430,1,3,621999
ps,3,1048576,200000.0,0.4,0.0,1.0,89,7,22,2793500,619430,1,3,592542
ps,3,1048576,200000.0,0.4,0.0,1.0,89,7,23,2802458,619430,1,3,645291
ps,3,1048576,200000.0,0.4,0.0,1.0,89,7,24,2837958,619430,1,3,599250
ps,3,1048576,200000.0,0.4,0.0,1.0,89,7,25,2825417,619430,1,3,625000
ps,3,1048576,200000.0,0.4,0.0,1.0,89,7,26,2791167,619430,1,3,616167
ps,3,1048576,200000.0,0.4,0.0,1.0,89,7,27,2783333,619430,1,3,643542
ps,3,1048576,200000.0,0.4,0.0,1.0,89,7,28,2836959,619430,1,3,614625
ps,3,1048576,200000.0,0.4,0.0,1.0,89,7,29,2845209,619430,1,3,634043
ps,3,1048576,200000.0,0.4,0.0,1.0,89,7,30,2891667,619430,1,3,619126
ps,3,1048576,200000.0,0.4,0.0,1.0,89,7,31,2861292,619430,1,3,597959
ps,3,1048576,200000.0,0.4,0.0,1.0,89,7,32,2918000,619430,1,3,622042
ps,3,1048576,200000.0,0.4,0.0,1.0,89,7,33,2861917,619430,1,3,639959
ps,3,1048576,200000.0,0.4,0.0,1.0,89,7,34,2911208,619430,1,3,631791
ps,3,1048576,200000.0,0.4,0.0,1.0,89,7,35,2858208,619430,1,3,607458
ps,3,1048576,200000.0,0.4,0.0,1.0,89,7,36,2912583,619430,1,3,599333
ps,3,1048576,200000.0,0.4,0.0,1.0,89,7,37,2913834,619430,1,3,526209
ps,3,1048576,200000.0,0.4,0.0,1.0,89,7,38,2889375,619430,1,3,645709
ps,3,1048576,200000.0,0.4,0.0,1.0,89,7,39,2824250,619430,1,3,623250
ps,3,1048576,200000.0,0.4,0.0,1.0,89,7,40,2828250,619430,1,3,632500
ps,3,1048576,200000.0,0.4,0.0,1.0,89,7,41,2867625,619430,1,3,653875
ps,3,1048576,200000.0,0.4,0.0,1.0,89,7,42,2850250,619430,1,3,672167
ps,3,1048576,200000.0,0.4,0.0,1.0,89,7,43,2779375,619430,1,3,603125
ps,3,1048576,200000.0,0.4,0.0,1.0,89,7,44,2827500,619430,1,3,615291
ps,3,1048576,200000.0,0.4,0.0,1.0,89,7,45,2863250,619430,1,3,635958
ps,3,1048576,200000.0,0.4,0.0,1.0,89,7,46,3183584,619430,1,3,508376
ps,3,1048576,200000.0,0.4,0.0,1.0,89,7,47,3378333,619430,1,3,612291
ps,3,1048576,200000.0,0.4,0.0,1.0,89,7,48,2988292,619430,1,3,551542
ps,3,1048576,200000.0,0.4,0.0,1.0,89,7,49,3105250,619430,1,3,677000
ps,3,1048576,200000.0,0.4,0.0,1.0,89,7,50,3279667,619430,1,3,901417
ps,3,1048576,200000.0,0.4,0.0,1.0,89,7,51,3342666,619430,1,3,613916
ps,3,1048576,200000.0,0.4,0.0,1.0,89,7,52,3032042,619430,1,3,706042
ps,3,1048576,200000.0,0.4,0.0,1.0,89,7,53,2979042,619430,1,3,537292
ps,3,1048576,200000.0,0.4,0.0,1.0,89,7,54,2971250,619430,1,3,589875
ps,3,1048576,200000.0,0.4,0.0,1.0,89,7,55,3150917,619430,1,3,676834
ps,3,1048576,200000.0,0.4,0.0,1.0,89,7,56,3073916,1238860,2,3,695541
ps,3,1048576,200000.0,0.4,0.0,1.0,89,7,57,2940959,619430,1,3,596084
ps,3,1048576,200000.0,0.4,0.0,1.0,89,7,58,2898042,619430,1,3,656208
ps,3,1048576,200000.0,0.4,0.0,1.0,89,7,59,3038167,619430,1,3,569250
ps,3,1048576,200000.0,0.4,0.0,1.0,89,7,60,3234375,619430,1,3,847291
ps,3,1048576,200000.0,0.4,0.0,1.0,89,7,61,3092833,619430,1,3,638958
ps,3,1048576,200000.0,0.4,0.0,1.0,89,7,62,2961375,619430,1,3,671459
ps,3,1048576,200000.0,0.4,0.0,1.0,89,7,63,2892708,619430,1,3,586791
ps,3,1048576,200000.0,0.4,0.0,1.0,89,7,64,2911167,619430,1,3,644667
ps,3,1048576,200000.0,0.4,0.0,1.0,89,7,65,3153417,619430,1,3,571376
ps,3,1048576,200000.0,0.4,0.0,1.0,89,7,66,3131500,619430,1,3,561917
ps,3,1048576,200000.0,0.4,0.0,1.0,89,7,67,2879583,619430,1,3,617958
ps,3,1048576,200000.0,0.4,0.0,1.0,89,7,68,2973625,619430,1,3,611583
ps,3,1048576,200000.0,0.4,0.0,1.0,89,7,69,2990458,619430,1,3,636042
ps,3,1048576,200000.0,0.4,0.0,1.0,89,7,70,2938875,619430,1,3,604417
ps,3,1048576,200000.0,0.4,0.0,1.0,89,7,71,2914958,619430,1,3,617833
ps,3,1048576,200000.0,0.4,0.0,1.0,89,7,72,2845000,619430,1,3,589500
ps,3,1048576,200000.0,0.4,0.0,1.0,89,7,73,2869209,619430,1,3,633167
ps,3,1048576,200000.0,0.4,0.0,1.0,89,7,74,3023667,619430,1,3,581876
ps,3,1048576,200000.0,0.4,0.0,1.0,89,7,75,3334750,619430,1,3,835458
ps,3,1048576,200000.0,0.4,0.0,1.0,89,7,76,3117209,619430,1,3,589167
ps,3,1048576,200000.0,0.4,0.0,1.0,89,7,77,2806666,619430,1,3,618249
ps,3,1048576,200000.0,0.4,0.0,1.0,89,7,78,2884000,619430,1,3,675083
ps,3,1048576,200000.0,0.4,0.0,1.0,89,7,79,2902292,619430,1,3,662625
ps,3,1048576,200000.0,0.4,0.0,1.0,89,7,80,2911333,619430,1,3,618458
ps,3,1048576,200000.0,0.4,0.0,1.0,89,7,81,3095625,619430,1,3,536209
ps,3,1048576,200000.0,0.4,0.0,1.0,89,7,82,2866125,619430,1,3,586208
ps,3,1048576,200000.0,0.4,0.0,1.0,89,7,83,2880834,619430,1,3,604876
ps,3,1048576,200000.0,0.4,0.0,1.0,89,7,84,2936708,619430,1,3,622833
ps,3,1048576,200000.0,0.4,0.0,1.0,89,7,85,2863333,619430,1,3,582124
ps,3,1048576,200000.0,0.4,0.0,1.0,89,7,86,2949375,619430,1,3,525333
ps,3,1048576,200000.0,0.4,0.0,1.0,89,7,87,2894625,619430,1,3,590750
ps,3,1048576,200000.0,0.4,0.0,1.0,89,7,88,2901667,619430,1,3,674042
ps,3,1048576,200000.0,0.4,0.0,1.0,89,7,89,2855708,619430,1,3,645208
ps,3,1048576,200000.0,0.4,0.0,1.0,89,7,90,2810792,619430,1,3,615084
ps,3,1048576,200000.0,0.4,0.0,1.0,89,7,91,2838958,619430,1,3,643708
ps,3,1048576,200000.0,0.4,0.0,1.0,89,7,92,2875958,619430,1,3,634292
ps,3,1048576,200000.0,0.4,0.0,1.0,89,7,93,2996667,619430,1,3,577167
ps,3,1048576,200000.0,0.4,0.0,1.0,89,7,94,2890750,619430,1,3,599917
ps,3,1048576,200000.0,0.4,0.0,1.0,89,7,95,2805125,619430,1,3,627291
ps,3,1048576,200000.0,0.4,0.0,1.0,89,7,96,2810208,619430,1,3,585958
ps,3,1048576,200000.0,0.4,0.0,1.0,89,7,97,2751958,619430,1,3,616291
ps,3,1048576,200000.0,0.4,0.0,1.0,89,7,98,2809250,619430,1,3,628334
ps,3,1048576,200000.0,0.4,0.0,1.0,89,7,99,2767417,619430,1,3,588042
ps,3,1048576,200000.0,0.4,0.0,1.0,89,7,100,2754708,619430,1,3,614958
ps,3,1048576,200000.0,0.4,0.0,1.0,89,7,101,2879167,619430,1,3,633709
ps,3,1048576,200000.0,0.4,0.0,1.0,89,7,102,2801792,619430,1,3,632084
ps,3,1048576,200000.0,0.4,0.0,1.0,89,7,103,2813000,619430,1,3,635583
ps,3,1048576,200000.0,0.4,0.0,1.0,89,7,104,2770416,619430,1,3,630666
ps,3,1048576,200000.0,0.4,0.0,1.0,89,7,105,2770334,619430,1,3,635334
ps,3,1048576,200000.0,0.4,0.0,1.0,89,7,106,2811375,619430,1,3,611375
ps,3,1048576,200000.0,0.4,0.0,1.0,89,7,107,2890167,619430,1,3,710125
ps,3,1048576,200000.0,0.4,0.0,1.0,89,7,108,3076750,619430,1,3,895333
ps,3,1048576,200000.0,0.4,0.0,1.0,89,7,109,2941875,619430,1,3,598709
ps,3,1048576,200000.0,0.4,0.0,1.0,89,7,110,2870500,619430,1,3,596291
ps,3,1048576,200000.0,0.4,0.0,1.0,89,7,111,3064125,619430,1,3,603500
ps,3,1048576,200000.0,0.4,0.0,1.0,89,7,112,2818291,619430,1,3,596832
ps,3,1048576,200000.0,0.4,0.0,1.0,89,7,113,2792083,619430,1,3,633750
ps,3,1048576,200000.0,0.4,0.0,1.0,89,7,114,2809250,619430,1,3,615000
ps,3,1048576,200000.0,0.4,0.0,1.0,89,7,115,2770500,619430,1,3,625875
ps,3,1048576,200000.0,0.4,0.0,1.0,89,7,116,2724084,619430,1,3,619876
ps,3,1048576,200000.0,0.4,0.0,1.0,89,7,117,2757792,619430,1,3,599584
ps,3,1048576,200000.0,0.4,0.0,1.0,89,7,118,2764625,619430,1,3,574167
ps,3,1048576,200000.0,0.4,0.0,1.0,89,7,119,2732416,619430,1,3,646833
ps,3,1048576,200000.0,0.4,0.0,1.0,89,7,120,2775959,619430,1,3,610667
ps,3,1048576,200000.0,0.4,0.0,1.0,89,7,121,2802334,619430,1,3,584250
ps,3,1048576,200000.0,0.4,0.0,1.0,89,7,122,2765375,619430,1,3,630958
ps,3,1048576,200000.0,0.4,0.0,1.0,89,7,123,2676083,619430,1,3,575458
ps,3,1048576,200000.0,0.4,0.0,1.0,89,7,124,2744584,619430,1,3,589000
ps,3,1048576,200000.0,0.4,0.0,1.0,89,7,125,2845333,619430,1,3,657916
ps,3,1048576,200000.0,0.4,0.0,1.0,89,7,126,2762292,619430,1,3,638667
ps,3,1048576,200000.0,0.4,0.0,1.0,89,7,127,2762959,619430,1,3,638001
ps,3,1048576,200000.0,0.4,0.0,1.0,89,7,128,3326833,619430,1,3,675833
ps,3,1048576,200000.0,0.4,0.0,1.0,89,7,129,2776708,619430,1,3,598541
ps,3,1048576,200000.0,0.4,0.0,1.0,89,7,130,2746042,619430,1,3,561458
ps,3,1048576,200000.0,0.4,0.0,1.0,89,7,131,2786333,619430,1,3,625708
ps,3,1048576,200000.0,0.4,0.0,1.0,89,7,132,3346208,619430,1,3,828958
ps,3,1048576,200000.0,0.4,0.0,1.0,89,7,133,3129125,619430,1,3,631167
ps,3,1048576,200000.0,0.4,0.0,1.0,89,7,134,2953084,619430,1,3,639043
ps,3,1048576,200000.0,0.4,0.0,1.0,89,7,135,2903417,619430,1,3,615458
ps,3,1048576,200000.0,0.4,0.0,1.0,89,7,136,2943959,619430,1,3,617250
ps,3,1048576,200000.0,0.4,0.0,1.0,89,7,137,2955750,619430,1,3,612292
ps,3,1048576,200000.0,0.4,0.0,1.0,89,7,138,2747208,1238860,2,3,542583
ps,3,1048576,200000.0,0.4,0.0,1.0,89,7,139,2686084,619430,1,3,598917
ps,3,1048576,200000.0,0.4,0.0,1.0,89,7,140,2737500,619430,1,3,547709
ps,3,1048576,200000.0,0.4,0.0,1.0,89,7,141,2601167,619430,1,3,595376
ps,3,1048576,200000.0,0.4,0.0,1.0,89,7,142,2783917,619430,1,3,655583
ps,3,1048576,200000.0,0.4,0.0,1.0,89,7,143,2879042,619430,1,3,692126
ps,3,1048576,200000.0,0.4,0.0,1.0,89,7,144,2732542,619430,1,3,598958
ps,3,1048576,200000.0,0.4,0.0,1.0,89,7,145,2746667,619430,1,3,685001
ps,3,1048576,200000.0,0.4,0.0,1.0,89,7,146,2748500,619430,1,3,652083
ps,3,1048576,200000.0,0.4,0.0,1.0,89,7,147,2780250,619430,1,3,630459
ps,3,1048576,200000.0,0.4,0.0,1.0,89,7,148,2715875,619430,1,3,574875
ps,3,1048576,200000.0,0.4,0.0,1.0,89,7,149,2863333,619430,1,3,727625
ps,3,1048576,200000.0,0.4,0.0,1.0,89,7,150,2682125,619430,1,3,574792
ps,3,1048576,200000.0,0.4,0.0,1.0,89,7,151,2739750,1238860,2,3,652708
ps,3,1048576,200000.0,0.4,0.0,1.0,89,7,152,3099417,619430,1,3,667042
ps,3,1048576,200000.0,0.4,0.0,1.0,89,7,153,2705875,619430,1,3,515708
ps,3,1048576,200000.0,0.4,0.0,1.0,89,7,154,2993000,619430,1,3,814625
ps,3,1048576,200000.0,0.4,0.0,1.0,89,7,155,2719042,1238860,2,3,609750
ps,3,1048576,200000.0,0.4,0.0,1.0,89,7,156,2927583,619430,1,3,660666
ps,3,1048576,200000.0,0.4,0.0,1.0,89,7,157,2980292,619430,1,3,628084
ps,3,1048576,200000.0,0.4,0.0,1.0,89,7,158,2828334,619430,1,3,755417
ps,3,1048576,200000.0,0.4,0.0,1.0,89,7,159,2923541,619430,1,3,525166
ps,3,1048576,200000.0,0.4,0.0,1.0,89,7,160,2627542,619430,1,3,599458
ps,3,1048576,200000.0,0.4,0.0,1.0,89,7,161,2830125,1238860,2,3,504917
ps,3,1048576,200000.0,0.4,0.0,1.0,89,7,162,2921458,619430,1,3,609000
ps,3,1048576,200000.0,0.4,0.0,1.0,89,7,163,2739084,619430,1,3,634876
ps,3,1048576,200000.0,0.4,0.0,1.0,89,7,164,3111042,619430,1,3,531959
ps,3,1048576,200000.0,0.4,0.0,1.0,89,7,165,2774375,1238860,2,3,535958
ps,3,1048576,200000.0,0.4,0.0,1.0,89,7,166,2741583,619430,1,3,697708
ps,3,1048576,200000.0,0.4,0.0,1.0,89,7,167,3005208,619430,1,3,715250
ps,3,1048576,200000.0,0.4,0.0,1.0,89,7,168,2708291,619430,1,3,611666
ps,3,1048576,200000.0,0.4,0.0,1.0,89,7,169,2870750,619430,1,3,624792
ps,3,1048576,200000.0,0.4,0.0,1.0,89,7,170,2694250,1238860,2,3,584542
ps,3,1048576,200000.0,0.4,0.0,1.0,89,7,171,2676334,619430,1,3,700250
ps,3,1048576,200000.0,0.4,0.0,1.0,89,7,172,2895750,619430,1,3,474208
ps,3,1048576,200000.0,0.4,0.0,1.0,89,7,173,2693167,619430,1,3,626958
ps,3,1048576,200000.0,0.4,0.0,1.0,89,7,174,2713875,619430,1,3,687708
ps,3,1048576,200000.0,0.4,0.0,1.0,89,7,175,2880625,1238860,2,3,600166
ps,3,1048576,200000.0,0.4,0.0,1.0,89,7,176,2644708,1238860,2,3,582083
ps,3,1048576,200000.0,0.4,0.0,1.0,89,7,177,2972334,619430,1,3,565417
ps,3,1048576,200000.0,0.4,0.0,1.0,89,7,178,2816000,1238860,2,3,679250
ps,3,1048576,200000.0,0.4,0.0,1.0,89,7,179,2675333,619430,1,3,705041
ps,3,1048576,200000.0,0.4,0.0,1.0,89,7,180,3005333,619430,1,3,577458
ps,3,1048576,200000.0,0.4,0.0,1.0,89,7,181,2640208,619430,1,3,590333
ps,3,1048576,200000.0,0.4,0.0,1.0,89,7,182,3170500,619430,1,3,676417
ps,3,1048576,200000.0,0.4,0.0,1.0,89,7,183,3923500,619430,1,3,602375
ps,3,1048576,200000.0,0.4,0.0,1.0,89,7,184,3027417,1238860,2,3,338625
ps,3,1048576,200000.0,0.4,0.0,1.0,89,7,185,2830917,619430,1,3,652584
ps,3,1048576,200000.0,0.4,0.0,1.0,89,7,186,2550291,619430,1,3,584791
ps,3,1048576,200000.0,0.4,0.0,1.0,89,7,187,2816708,619430,1,3,599249
ps,3,1048576,200000.0,0.4,0.0,1.0,89,7,188,2695292,619430,1,3,621625
ps,3,1048576,200000.0,0.4,0.0,1.0,89,7,189,2761042,619430,1,3,669209
ps,3,1048576,200000.0,0.4,0.0,1.0,89,7,190,2816750,619430,1,3,683541
ps,3,1048576,200000.0,0.4,0.0,1.0,89,7,191,2780208,619430,1,3,645416
ps,3,1048576,200000.0,0.4,0.0,1.0,89,7,192,2858875,619430,1,3,643333
ps,3,1048576,200000.0,0.4,0.0,1.0,89,7,193,2755959,619430,1,3,572584
ps,3,1048576,200000.0,0.4,0.0,1.0,89,7,194,2857584,619430,1,3,605750
ps,3,1048576,200000.0,0.4,0.0,1.0,89,7,195,2824000,619430,1,3,575459
ps,3,1048576,200000.0,0.4,0.0,1.0,89,7,196,2722166,619430,1,3,573582
ps,3,1048576,200000.0,0.4,0.0,1.0,89,7,197,2809375,619430,1,3,767833
ps,3,1048576,200000.0,0.4,0.0,1.0,89,7,198,2806417,619430,1,3,639917
ps,3,1048576,200000.0,0.4,0.0,1.0,89,7,199,2755584,619430,1,3,661709
ps,3,1048576,200000.0,0.4,0.0,1.0,89,7,200,2699416,619430,1,3,615124
ps,3,1048576,200000.0,0.4,0.0,1.0,89,7,201,2951250,619430,1,3,759333
ps,3,1048576,200000.0,0.4,0.0,1.0,89,7,202,2835834,619430,1,3,591292
ps,3,1048576,200000.0,0.4,0.0,1.0,89,7,203,3099084,619430,1,3,624500
ps,3,1048576,200000.0,0.4,0.0,1.0,89,7,204,3077917,619430,1,3,644417
ps,3,1048576,200000.0,0.4,0.0,1.0,89,7,205,3168542,619430,1,3,303917
ps,3,1048576,200000.0,0.4,0.0,1.0,89,7,206,2892000,619430,1,3,620791
ps,3,1048576,200000.0,0.4,0.0,1.0,89,7,207,2677708,619430,1,3,624833
ps,3,1048576,200000.0,0.4,0.0,1.0,89,7,208,2755167,1238860,2,3,625833
ps,3,1048576,200000.0,0.4,0.0,1.0,89,7,209,2757958,619430,1,3,713875
ps,3,1048576,200000.0,0.4,0.0,1.0,89,7,210,2760750,619430,1,3,647500
ps,3,1048576,200000.0,0.4,0.0,1.0,89,7,211,2693292,1238860,2,3,621209
ps,3,1048576,200000.0,0.4,0.0,1.0,89,7,212,2577750,619430,1,3,597000
ps,3,1048576,200000.0,0.4,0.0,1.0,89,7,213,2604167,1238860,2,3,613501
ps,3,1048576,200000.0,0.4,0.0,1.0,89,7,214,2659917,619430,1,3,643834
ps,3,1048576,200000.0,0.4,0.0,1.0,89,7,215,2575542,619430,1,3,575709
ps,3,1048576,200000.0,0.4,0.0,1.0,89,7,216,2597250,619430,1,3,587166
ps,3,1048576,200000.0,0.4,0.0,1.0,89,7,217,2567792,619430,1,3,642834
ps,3,1048576,200000.0,0.4,0.0,1.0,89,7,218,2620041,1238860,2,3,611083
ps,3,1048576,200000.0,0.4,0.0,1.0,89,7,219,2685834,1238860,2,3,571084
ps,3,1048576,200000.0,0.4,0.0,1.0,89,7,220,2588042,619430,1,3,580958
ps,3,1048576,200000.0,0.4,0.0,1.0,89,7,221,2486667,619430,1,3,646875
ps,3,1048576,200000.0,0.4,0.0,1.0,89,7,222,2666416,619430,1,3,624083
ps,3,1048576,200000.0,0.4,0.0,1.0,89,7,223,2621542,619430,1,3,695917
ps,3,1048576,200000.0,0.4,0.0,1.0,89,7,224,2476875,619430,1,3,601083
ps,3,1048576,200000.0,0.4,0.0,1.0,89,7,225,2469375,619430,1,3,603333
ps,3,1048576,200000.0,0.4,0.0,1.0,89,7,226,2789625,619430,1,3,633500
ps,3,1048576,200000.0,0.4,0.0,1.0,89,7,227,2769291,619430,1,3,630291
ps,3,1048576,200000.0,0.4,0.0,1.0,89,7,228,2740292,619430,1,3,593625
ps,3,1048576,200000.0,0.4,0.0,1.0,89,7,229,2839292,619430,1,3,587542
ps,3,1048576,200000.0,0.4,0.0,1.0,89,7,230,2750166,619430,1,3,569957
ps,3,1048576,200000.0,0.4,0.0,1.0,89,7,231,2810542,619430,1,3,628584
ps,3,1048576,200000.0,0.4,0.0,1.0,89,7,232,2801917,619430,1,3,614876
ps,3,1048576,200000.0,0.4,0.0,1.0,89,7,233,2761875,619430,1,3,641500
ps,3,1048576,200000.0,0.4,0.0,1.0,89,7,234,2771541,619430,1,3,629750
ps,3,1048576,200000.0,0.4,0.0,1.0,89,7,235,3286875,619430,1,3,604792
ps,3,1048576,200000.0,0.4,0.0,1.0,89,7,236,2763500,619430,1,3,634250
ps,3,1048576,200000.0,0.4,0.0,1.0,89,7,237,2778584,619430,1,3,684334
ps,3,1048576,200000.0,0.4,0.0,1.0,89,7,238,2763250,619430,1,3,637917
ps,3,1048576,200000.0,0.4,0.0,1.0,89,7,239,2777250,619430,1,3,630208
ps,3,1048576,200000.0,0.4,0.0,1.0,89,7,240,2776625,619430,1,3,635417
ps,3,1048576,200000.0,0.4,0.0,1.0,89,7,241,2792250,619430,1,3,645833
ps,3,1048576,200000.0,0.4,0.0,1.0,89,7,242,2730584,619430,1,3,619834
ps,3,1048576,200000.0,0.4,0.0,1.0,89,7,243,2780291,619430,1,3,623707
ps,3,1048576,200000.0,0.4,0.0,1.0,89,7,244,2720708,619430,1,3,610792
ps,3,1048576,200000.0,0.4,0.0,1.0,89,7,245,2814750,619430,1,3,645958
ps,3,1048576,200000.0,0.4,0.0,1.0,89,7,246,2786334,619430,1,3,637292
ps,3,1048576,200000.0,0.4,0.0,1.0,89,7,247,2807000,619430,1,3,609333
ps,3,1048576,200000.0,0.4,0.0,1.0,89,7,248,2768125,619430,1,3,597458
ps,3,1048576,200000.0,0.4,0.0,1.0,89,7,249,2769750,619430,1,3,663334
ps,3,1048576,200000.0,0.4,0.0,1.0,89,7,250,2777708,619430,1,3,641999
ps,3,1048576,200000.0,0.4,0.0,1.0,89,7,251,2787833,619430,1,3,629416
ps,3,1048576,200000.0,0.4,0.0,1.0,89,7,252,2745833,619430,1,3,624124
ps,3,1048576,200000.0,0.4,0.0,1.0,89,7,253,2748125,619430,1,3,589917
ps,3,1048576,200000.0,0.4,0.0,1.0,89,7,254,2701834,619430,1,3,575626
ps,3,1048576,200000.0,0.4,0.0,1.0,89,7,255,2787083,619430,1,3,642624
ps,3,1048576,200000.0,0.4,0.0,1.0,89,7,256,2766667,619430,1,3,631001
ps,3,1048576,200000.0,0.4,0.0,1.0,89,7,257,2750667,619430,1,3,580626
ps,3,1048576,200000.0,0.4,0.0,1.0,89,7,258,2732625,619430,1,3,617625
ps,3,1048576,200000.0,0.4,0.0,1.0,89,7,259,2766125,619430,1,3,634875
ps,3,1048576,200000.0,0.4,0.0,1.0,89,7,260,2749167,619430,1,3,636417
ps,3,1048576,200000.0,0.4,0.0,1.0,89,7,261,2726833,619430,1,3,610958
ps,3,1048576,200000.0,0.4,0.0,1.0,89,7,262,2725666,619430,1,3,623583
ps,3,1048576,200000.0,0.4,0.0,1.0,89,7,263,2753792,619430,1,3,636542
ps,3,1048576,200000.0,0.4,0.0,1.0,89,7,264,2712125,619430,1,3,609292
ps,3,1048576,200000.0,0.4,0.0,1.0,89,7,265,2724583,619430,1,3,587666
ps,3,1048576,200000.0,0.4,0.0,1.0,89,7,266,2777625,619430,1,3,648208
ps,3,1048576,200000.0,0.4,0.0,1.0,89,7,267,2763084,619430,1,3,629709
ps,3,1048576,200000.0,0.4,0.0,1.0,89,7,268,2791666,619430,1,3,625916
ps,3,1048576,200000.0,0.4,0.0,1.0,89,7,269,2750042,619430,1,3,627709
ps,3,1048576,200000.0,0.4,0.0,1.0,89,7,270,2734000,619430,1,3,623125
ps,3,1048576,200000.0,0.4,0.0,1.0,89,7,271,2765208,619430,1,3,638291
ps,3,1048576,200000.0,0.4,0.0,1.0,89,7,272,2771167,619430,1,3,627334
ps,3,1048576,200000.0,0.4,0.0,1.0,89,7,273,2751750,619430,1,3,628209
ps,3,1048576,200000.0,0.4,0.0,1.0,89,7,274,2799791,619430,1,3,618333
ps,3,1048576,200000.0,0.4,0.0,1.0,89,7,275,2790333,619430,1,3,636666
ps,3,1048576,200000.0,0.4,0.0,1.0,89,7,276,2790875,619430,1,3,654917
ps,3,1048576,200000.0,0.4,0.0,1.0,89,7,277,2775959,619430,1,3,637167
ps,3,1048576,200000.0,0.4,0.0,1.0,89,7,278,2738583,619430,1,3,635292
ps,3,1048576,200000.0,0.4,0.0,1.0,89,7,279,2683209,619430,1,3,614500
ps,3,1048576,200000.0,0.4,0.0,1.0,89,7,280,2781458,619430,1,3,638666
ps,3,1048576,200000.0,0.4,0.0,1.0,89,7,281,2761500,619430,1,3,626792
ps,3,1048576,200000.0,0.4,0.0,1.0,89,7,282,2755417,619430,1,3,602500
ps,3,1048576,200000.0,0.4,0.0,1.0,89,7,283,2756916,619430,1,3,628166
ps,3,1048576,200000.0,0.4,0.0,1.0,89,7,284,2771917,619430,1,3,624708
ps,3,1048576,200000.0,0.4,0.0,1.0,89,7,285,2758042,619430,1,3,625167
ps,3,1048576,200000.0,0.4,0.0,1.0,89,7,286,2737250,619430,1,3,622708
ps,3,1048576,200000.0,0.4,0.0,1.0,89,7,287,2755542,619430,1,3,655542
ps,3,1048576,200000.0,0.4,0.0,1.0,89,7,288,2815250,619430,1,3,616667
ps,3,1048576,200000.0,0.4,0.0,1.0,89,7,289,2809833,619430,1,3,633333
ps,3,1048576,200000.0,0.4,0.0,1.0,89,7,290,2716959,619430,1,3,629625
ps,3,1048576,200000.0,0.4,0.0,1.0,89,7,291,2784042,619430,1,3,622000
ps,3,1048576,200000.0,0.4,0.0,1.0,89,7,292,2773209,619430,1,3,653542
ps,3,1048576,200000.0,0.4,0.0,1.0,89,7,293,2729000,619430,1,3,627125
ps,3,1048576,200000.0,0.4,0.0,1.0,89,7,294,2753125,619430,1,3,581917
ps,3,1048576,200000.0,0.4,0.0,1.0,89,7,295,2762583,619430,1,3,631667
ps,3,1048576,200000.0,0.4,0.0,1.0,89,7,296,2739250,619430,1,3,581917
ps,3,1048576,200000.0,0.4,0.0,1.0,89,7,297,2722625,619430,1,3,606750
ps,3,1048576,200000.0,0.4,0.0,1.0,89,7,298,2772291,619430,1,3,610374
ps,3,1048576,200000.0,0.4,0.0,1.0,89,7,299,2784125,619430,1,3,653667
ps,3,1048576,200000.0,0.4,0.0,1.0,89,7,300,2730916,619430,1,3,613666
ps,3,1048576,200000.0,0.4,0.0,1.0,89,7,301,2797250,619430,1,3,626167
ps,3,1048576,200000.0,0.4,0.0,1.0,89,7,302,2715292,619430,1,3,603125
ps,3,1048576,200000.0,0.4,0.0,1.0,89,7,303,2761583,619430,1,3,647083
ps,3,1048576,200000.0,0.4,0.0,1.0,89,7,304,2755500,619430,1,3,620833
ps,3,1048576,200000.0,0.4,0.0,1.0,89,7,305,2741209,619430,1,3,621376
ps,3,1048576,200000.0,0.4,0.0,1.0,89,7,306,2756917,619430,1,3,643750
ps,3,1048576,200000.0,0.4,0.0,1.0,89,7,307,2757417,619430,1,3,638042
ps,3,1048576,200000.0,0.4,0.0,1.0,89,7,308,2792333,619430,1,3,614874
ps,3,1048576,200000.0,0.4,0.0,1.0,89,7,309,2743292,619430,1,3,617792
ps,3,1048576,200000.0,0.4,0.0,1.0,89,7,310,2820958,619430,1,3,651833
ps,3,1048576,200000.0,0.4,0.0,1.0,89,7,311,2754042,619430,1,3,620708
ps,3,1048576,200000.0,0.4,0.0,1.0,89,7,312,2745792,619430,1,3,586208
ps,3,1048576,200000.0,0.4,0.0,1.0,89,7,313,2768250,619430,1,3,607250
ps,3,1048576,200000.0,0.4,0.0,1.0,89,7,314,2710625,619430,1,3,575875
ps,3,1048576,200000.0,0.4,0.0,1.0,89,7,315,2784875,619430,1,3,647792
ps,3,1048576,200000.0,0.4,0.0,1.0,89,7,316,2767166,619430,1,3,620582
ps,3,1048576,200000.0,0.4,0.0,1.0,89,7,317,2770375,619430,1,3,618375
ps,3,1048576,200000.0,0.4,0.0,1.0,89,7,318,2824667,619430,1,3,640584
ps,3,1048576,200000.0,0.4,0.0,1.0,89,7,319,2800458,619430,1,3,587833
ps,3,1048576,200000.0,0.4,0.0,1.0,89,7,320,2738459,619430,1,3,635543
ps,3,1048576,200000.0,0.4,0.0,1.0,89,7,321,2777500,619430,1,3,642333
ps,3,1048576,200000.0,0.4,0.0,1.0,89,7,322,2777167,619430,1,3,609500
ps,3,1048576,200000.0,0.4,0.0,1.0,89,7,323,2746959,619430,1,3,639584
ps,3,1048576,200000.0,0.4,0.0,1.0,89,7,324,2802834,619430,1,3,634626
ps,3,1048576,200000.0,0.4,0.0,1.0,89,7,325,2780292,619430,1,3,643125
ps,3,1048576,200000.0,0.4,0.0,1.0,89,7,326,2741292,619430,1,3,602125
ps,3,1048576,200000.0,0.4,0.0,1.0,89,7,327,2754208,619430,1,3,637874
ps,3,1048576,200000.0,0.4,0.0,1.0,89,7,328,2762208,619430,1,3,605500
ps,3,1048576,200000.0,0.4,0.0,1.0,89,7,329,2772417,619430,1,3,640292
ps,3,1048576,200000.0,0.4,0.0,1.0,89,7,330,2759416,619430,1,3,626083
ps,3,1048576,200000.0,0.4,0.0,1.0,89,7,331,2793250,619430,1,3,650708
ps,3,1048576,200000.0,0.4,0.0,1.0,89,7,332,2775541,619430,1,3,617874
ps,3,1048576,200000.0,0.4,0.0,1.0,89,7,333,2766208,619430,1,3,614958
ps,3,1048576,200000.0,0.4,0.0,1.0,89,7,334,2757416,619430,1,3,616374
ps,3,1048576,200000.0,0.4,0.0,1.0,89,7,335,2761792,619430,1,3,626584
ps,3,1048576,200000.0,0.4,0.0,1.0,89,7,336,2813083,619430,1,3,638208
ps,3,1048576,200000.0,0.4,0.0,1.0,89,7,337,2708750,619430,1,3,562917
ps,3,1048576,200000.0,0.4,0.0,1.0,89,7,338,2754459,619430,1,3,614584
ps,3,1048576,200000.0,0.4,0.0,1.0,89,7,339,2748417,619430,1,3,614875
ps,3,1048576,200000.0,0.4,0.0,1.0,89,7,340,2734041,619430,1,3,613291
ps,3,1048576,200000.0,0.4,0.0,1.0,89,7,341,2719000,619430,1,3,585708
ps,3,1048576,200000.0,0.4,0.0,1.0,89,7,342,2793583,619430,1,3,622166
ps,3,1048576,200000.0,0.4,0.0,1.0,89,7,343,2818125,619430,1,3,619709
ps,3,1048576,200000.0,0.4,0.0,1.0,89,7,344,2760917,619430,1,3,603834
ps,3,1048576,200000.0,0.4,0.0,1.0,89,7,345,2792750,619430,1,3,625416
ps,3,1048576,200000.0,0.4,0.0,1.0,89,7,346,2760292,619430,1,3,638750
ps,3,1048576,200000.0,0.4,0.0,1.0,89,7,347,2808708,619430,1,3,633833
ps,3,1048576,200000.0,0.4,0.0,1.0,89,7,348,2766209,619430,1,3,634917
ps,3,1048576,200000.0,0.4,0.0,1.0,89,7,349,2743500,619430,1,3,614750
ps,3,1048576,200000.0,0.4,0.0,1.0,89,7,350,2728125,619430,1,3,619125
ps,3,1048576,200000.0,0.4,0.0,1.0,89,7,351,2795250,619430,1,3,624292
ps,3,1048576,200000.0,0.4,0.0,1.0,89,7,352,2759833,619430,1,3,623499
ps,3,1048576,200000.0,0.4,0.0,1.0,89,7,353,2841292,619430,1,3,649292
ps,3,1048576,200000.0,0.4,0.0,1.0,89,7,354,2768458,619430,1,3,609333
ps,3,1048576,200000.0,0.4,0.0,1.0,89,7,355,2745625,619430,1,3,602666
ps,3,1048576,200000.0,0.4,0.0,1.0,89,7,356,2735250,619430,1,3,621792
ps,3,1048576,200000.0,0.4,0.0,1.0,89,7,357,2748625,619430,1,3,595666
ps,3,1048576,200000.0,0.4,0.0,1.0,89,7,358,2773792,619430,1,3,638376
ps,3,1048576,200000.0,0.4,0.0,1.0,89,7,359,2719833,619430,1,3,638875
ps,3,1048576,200000.0,0.4,0.0,1.0,89,7,360,2781042,619430,1,3,621542
ps,3,1048576,200000.0,0.4,0.0,1.0,89,7,361,2748500,619430,1,3,614000
ps,3,1048576,200000.0,0.4,0.0,1.0,89,7,362,2769333,619430,1,3,624791
ps,3,1048576,200000.0,0.4,0.0,1.0,89,7,363,2740541,619430,1,3,633249
ps,3,1048576,200000.0,0.4,0.0,1.0,89,7,364,2723875,619430,1,3,575667
ps,3,1048576,200000.0,0.4,0.0,1.0,89,7,365,2766500,619430,1,3,608500
ps,3,1048576,200000.0,0.4,0.0,1.0,89,7,366,2733083,619430,1,3,622125
ps,3,1048576,200000.0,0.4,0.0,1.0,89,7,367,2773083,619430,1,3,636708
ps,3,1048576,200000.0,0.4,0.0,1.0,89,7,368,2785083,619430,1,3,607500
ps,3,1048576,200000.0,0.4,0.0,1.0,89,7,369,2766084,619430,1,3,620209
ps,3,1048576,200000.0,0.4,0.0,1.0,89,7,370,2783042,619430,1,3,624292
ps,3,1048576,200000.0,0.4,0.0,1.0,89,7,371,2762708,619430,1,3,645167
ps,3,1048576,200000.0,0.4,0.0,1.0,89,7,372,2738708,619430,1,3,595041
ps,3,1048576,200000.0,0.4,0.0,1.0,89,7,373,2768416,619430,1,3,649499
ps,3,1048576,200000.0,0.4,0.0,1.0,89,7,374,2780417,619430,1,3,641375
ps,3,1048576,200000.0,0.4,0.0,1.0,89,7,375,2704292,619430,1,3,620834
ps,3,1048576,200000.0,0.4,0.0,1.0,89,7,376,2788750,619430,1,3,602709
ps,3,1048576,200000.0,0.4,0.0,1.0,89,7,377,2776125,619430,1,3,614375
ps,3,1048576,200000.0,0.4,0.0,1.0,89,7,378,2752917,619430,1,3,619626
ps,3,1048576,200000.0,0.4,0.0,1.0,89,7,379,2791125,619430,1,3,619167
ps,3,1048576,200000.0,0.4,0.0,1.0,89,7,380,2789584,619430,1,3,644459
ps,3,1048576,200000.0,0.4,0.0,1.0,89,7,381,2884875,619430,1,3,612083
ps,3,1048576,200000.0,0.4,0.0,1.0,89,7,382,2892459,619430,1,3,555793
ps,3,1048576,200000.0,0.4,0.0,1.0,89,7,383,2814875,619430,1,3,654750
ps,3,1048576,200000.0,0.4,0.0,1.0,89,7,384,2807500,619430,1,3,612917
ps,3,1048576,200000.0,0.4,0.0,1.0,89,7,385,2752291,619430,1,3,560666
ps,3,1048576,200000.0,0.4,0.0,1.0,89,7,386,2772292,619430,1,3,585126
ps,3,1048576,200000.0,0.4,0.0,1.0,89,7,387,2797250,619430,1,3,619292
ps,3,1048576,200000.0,0.4,0.0,1.0,89,7,388,2776625,619430,1,3,619125
ps,3,1048576,200000.0,0.4,0.0,1.0,89,7,389,2789250,619430,1,3,612208
ps,3,1048576,200000.0,0.4,0.0,1.0,89,7,390,2808083,619430,1,3,613333
ps,3,1048576,200000.0,0.4,0.0,1.0,89,7,391,2781875,619430,1,3,606959
ps,3,1048576,200000.0,0.4,0.0,1.0,89,7,392,2823500,619430,1,3,641542
ps,3,1048576,200000.0,0.4,0.0,1.0,89,7,393,2787375,619430,1,3,612833
ps,3,1048576,200000.0,0.4,0.0,1.0,89,7,394,2741541,619430,1,3,633624
ps,3,1048576,200000.0,0.4,0.0,1.0,89,7,395,2800500,619430,1,3,623959
ps,3,1048576,200000.0,0.4,0.0,1.0,89,7,396,2726125,619430,1,3,640667
ps,3,1048576,200000.0,0.4,0.0,1.0,89,7,397,2796208,619430,1,3,646083
ps,3,1048576,200000.0,0.4,0.0,1.0,89,7,398,2786334,619430,1,3,631875
ps,3,1048576,200000.0,0.4,0.0,1.0,89,7,399,2761584,619430,1,3,656542
ring,3,1048576,200000.0,0.4,0.0,1.0,89,8,0,3004542,1359244,4,3,90542
ring,3,1048576,200000.0,0.4,0.0,1.0,89,8,1,3036375,1359244,4,3,170084
ring,3,1048576,200000.0,0.4,0.0,1.0,89,8,2,2911458,1359244,4,3,75749
ring,3,1048576,200000.0,0.4,0.0,1.0,89,8,3,2874416,1359244,4,3,108750
ring,3,1048576,200000.0,0.4,0.0,1.0,89,8,4,3067000,1359244,4,3,162125
ring,3,1048576,200000.0,0.4,0.0,1.0,89,8,5,3053584,1359244,4,3,155418
ring,3,1048576,200000.0,0.4,0.0,1.0,89,8,6,2790500,1359244,4,3,141541
ring,3,1048576,200000.0,0.4,0.0,1.0,89,8,7,2913916,1359244,4,3,68416
ring,3,1048576,200000.0,0.4,0.0,1.0,89,8,8,2900417,1359244,4,3,133376
ring,3,1048576,200000.0,0.4,0.0,1.0,89,8,9,2868125,1359244,4,3,121833
ring,3,1048576,200000.0,0.4,0.0,1.0,89,8,10,2853292,1359244,4,3,132625
ring,3,1048576,200000.0,0.4,0.0,1.0,89,8,11,2904708,1359244,4,3,176374
ring,3,1048576,200000.0,0.4,0.0,1.0,89,8,12,2879916,1359244,4,3,158333
ring,3,1048576,200000.0,0.4,0.0,1.0,89,8,13,2849417,1359244,4,3,172125
ring,3,1048576,200000.0,0.4,0.0,1.0,89,8,14,2933083,1359244,4,3,112333
ring,3,1048576,200000.0,0.4,0.0,1.0,89,8,15,2964792,1359244,4,3,163042
ring,3,1048576,200000.0,0.4,0.0,1.0,89,8,16,2903583,1359244,4,3,193458
ring,3,1048576,200000.0,0.4,0.0,1.0,89,8,17,2847416,1359244,4,3,170666
ring,3,1048576,200000.0,0.4,0.0,1.0,89,8,18,2962041,1359244,4,3,102583
ring,3,1048576,200000.0,0.4,0.0,1.0,89,8,19,2963000,1359244,4,3,169459
ring,3,1048576,200000.0,0.4,0.0,1.0,89,8,20,2854250,1359244,4,3,117042
ring,3,1048576,200000.0,0.4,0.0,1.0,89,8,21,2885833,1359244,4,3,119624
ring,3,1048576,200000.0,0.4,0.0,1.0,89,8,22,2769125,1359244,4,3,117375
ring,3,1048576,200000.0,0.4,0.0,1.0,89,8,23,2941083,1359244,4,3,179749
ring,3,1048576,200000.0,0.4,0.0,1.0,89,8,24,2713791,1359244,4,3,93250
ring,3,1048576,200000.0,0.4,0.0,1.0,89,8,25,2849958,1359244,4,3,138458
ring,3,1048576,200000.0,0.4,0.0,1.0,89,8,26,2847417,1359244,4,3,165917
ring,3,1048576,200000.0,0.4,0.0,1.0,89,8,27,2853583,1359244,4,3,71333
ring,3,1048576,200000.0,0.4,0.0,1.0,89,8,28,3469750,1359244,4,3,140042
ring,3,1048576,200000.0,0.4,0.0,1.0,89,8,29,2837833,1359244,4,3,139042
ring,3,1048576,200000.0,0.4,0.0,1.0,89,8,30,2888459,1359244,4,3,99625
ring,3,1048576,200000.0,0.4,0.0,1.0,89,8,31,2901458,1359244,4,3,68666
ring,3,1048576,200000.0,0.4,0.0,1.0,89,8,32,2786958,1359244,4,3,170374
ring,3,1048576,200000.0,0.4,0.0,1.0,89,8,33,2831833,1359244,4,3,204666
ring,3,1048576,200000.0,0.4,0.0,1.0,89,8,34,2808583,1359244,4,3,146708
ring,3,1048576,200000.0,0.4,0.0,1.0,89,8,35,2894542,1359244,4,3,112750
ring,3,1048576,200000.0,0.4,0.0,1.0,89,8,36,2971834,1359244,4,3,107625
ring,3,1048576,200000.0,0.4,0.0,1.0,89,8,37,2974166,1359244,4,3,292457
ring,3,1048576,200000.0,0.4,0.0,1.0,89,8,38,3009750,1359244,4,3,197625
ring,3,1048576,200000.0,0.4,0.0,1.0,89,8,39,3069958,1359244,4,3,120999
ring,3,1048576,200000.0,0.4,0.0,1.0,89,8,40,2998083,1359244,4,3,134166
ring,3,1048576,200000.0,0.4,0.0,1.0,89,8,41,2995584,1359244,4,3,208084
ring,3,1048576,200000.0,0.4,0.0,1.0,89,8,42,3093500,1359244,4,3,167375
ring,3,1048576,200000.0,0.4,0.0,1.0,89,8,43,3099041,1359244,4,3,241749
ring,3,1048576,200000.0,0.4,0.0,1.0,89,8,44,2932917,1359244,4,3,60834
ring,3,1048576,200000.0,0.4,0.0,1.0,89,8,45,3076916,1359244,4,3,90999
ring,3,1048576,200000.0,0.4,0.0,1.0,89,8,46,2994958,1359244,4,3,163583
ring,3,1048576,200000.0,0.4,0.0,1.0,89,8,47,2925209,1359244,4,3,172542
ring,3,1048576,200000.0,0.4,0.0,1.0,89,8,48,3185458,1359244,4,3,119791
ring,3,1048576,200000.0,0.4,0.0,1.0,89,8,49,2913500,1359244,4,3,190334
ring,3,1048576,200000.0,0.4,0.0,1.0,89,8,50,3178291,1359244,4,3,180999
ring,3,1048576,200000.0,0.4,0.0,1.0,89,8,51,2957083,1359244,4,3,187291
ring,3,1048576,200000.0,0.4,0.0,1.0,89,8,52,2916459,1359244,4,3,118917
ring,3,1048576,200000.0,0.4,0.0,1.0,89,8,53,3056291,1359244,4,3,113833
ring,3,1048576,200000.0,0.4,0.0,1.0,89,8,54,2957666,1359244,4,3,190250
ring,3,1048576,200000.0,0.4,0.0,1.0,89,8,55,2976916,1359244,4,3,197416
ring,3,1048576,200000.0,0.4,0.0,1.0,89,8,56,2880125,1359244,4,3,136666
ring,3,1048576,200000.0,0.4,0.0,1.0,89,8,57,2901083,1359244,4,3,102833
ring,3,1048576,200000.0,0.4,0.0,1.0,89,8,58,3004542,1359244,4,3,248750
ring,3,1048576,200000.0,0.4,0.0,1.0,89,8,59,3929917,1359244,4,3,186417
ring,3,1048576,200000.0,0.4,0.0,1.0,89,8,60,3077958,1359244,4,3,48958
ring,3,1048576,200000.0,0.4,0.0,1.0,89,8,61,3075750,1359244,4,3,152291
ring,3,1048576,200000.0,0.4,0.0,1.0,89,8,62,2912292,1359244,4,3,147500
ring,3,1048576,200000.0,0.4,0.0,1.0,89,8,63,3024709,1359244,4,3,15334
ring,3,1048576,200000.0,0.4,0.0,1.0,89,8,64,2950208,1359244,4,3,88458
ring,3,1048576,200000.0,0.4,0.0,1.0,89,8,65,3003958,1359244,4,3,48333
ring,3,1048576,200000.0,0.4,0.0,1.0,89,8,66,2994458,1359244,4,3,83750
ring,3,1048576,200000.0,0.4,0.0,1.0,89,8,67,3000250,1359244,4,3,145083
ring,3,1048576,200000.0,0.4,0.0,1.0,89,8,68,3043917,1359244,4,3,214042
ring,3,1048576,200000.0,0.4,0.0,1.0,89,8,69,3104625,1359244,4,3,177000
ring,3,1048576,200000.0,0.4,0.0,1.0,89,8,70,3080791,1359244,4,3,148916
ring,3,1048576,200000.0,0.4,0.0,1.0,89,8,71,2914708,1359244,4,3,164500
ring,3,1048576,200000.0,0.4,0.0,1.0,89,8,72,3003583,1359244,4,3,83916
ring,3,1048576,200000.0,0.4,0.0,1.0,89,8,73,3109750,1359244,4,3,161458
ring,3,1048576,200000.0,0.4,0.0,1.0,89,8,74,3034833,1359244,4,3,143541
ring,3,1048576,200000.0,0.4,0.0,1.0,89,8,75,2949750,1359244,4,3,82417
ring,3,1048576,200000.0,0.4,0.0,1.0,89,8,76,3004459,1359244,4,3,104917
ring,3,1048576,200000.0,0.4,0.0,1.0,89,8,77,2970375,1359244,4,3,174459
ring,3,1048576,200000.0,0.4,0.0,1.0,89,8,78,3132625,1359244,4,3,58750
ring,3,1048576,200000.0,0.4,0.0,1.0,89,8,79,2948833,1359244,4,3,16125
ring,3,1048576,200000.0,0.4,0.0,1.0,89,8,80,2932791,1359244,4,3,173874
ring,3,1048576,200000.0,0.4,0.0,1.0,89,8,81,3100041,1359244,4,3,51791
ring,3,1048576,200000.0,0.4,0.0,1.0,89,8,82,2992709,1359244,4,3,103125
ring,3,1048576,200000.0,0.4,0.0,1.0,89,8,83,3038958,1359244,4,3,150917
ring,3,1048576,200000.0,0.4,0.0,1.0,89,8,84,3075375,1359244,4,3,151042
ring,3,1048576,200000.0,0.4,0.0,1.0,89,8,85,3042917,1359244,4,3,65042
ring,3,1048576,200000.0,0.4,0.0,1.0,89,8,86,3015125,1359244,4,3,72583
ring,3,1048576,200000.0,0.4,0.0,1.0,89,8,87,2999000,1359244,4,3,90542
ring,3,1048576,200000.0,0.4,0.0,1.0,89,8,88,2912375,1359244,4,3,144416
ring,3,1048576,200000.0,0.4,0.0,1.0,89,8,89,2957292,1359244,4,3,52667
ring,3,1048576,200000.0,0.4,0.0,1.0,89,8,90,2998458,1359244,4,3,102583
ring,3,1048576,200000.0,0.4,0.0,1.0,89,8,91,2944167,1359244,4,3,39000
ring,3,1048576,200000.0,0.4,0.0,1.0,89,8,92,3112375,1359244,4,3,54292
ring,3,1048576,200000.0,0.4,0.0,1.0,89,8,93,3341875,1359244,4,3,160625
ring,3,1048576,200000.0,0.4,0.0,1.0,89,8,94,3402292,1359244,4,3,160709
ring,3,1048576,200000.0,0.4,0.0,1.0,89,8,95,2987875,1359244,4,3,35000
ring,3,1048576,200000.0,0.4,0.0,1.0,89,8,96,3132875,1359244,4,3,21417
ring,3,1048576,200000.0,0.4,0.0,1.0,89,8,97,3147875,1359244,4,3,199334
ring,3,1048576,200000.0,0.4,0.0,1.0,89,8,98,3277458,1359244,4,3,116083
ring,3,1048576,200000.0,0.4,0.0,1.0,89,8,99,3224334,1359244,4,3,163750
ring,3,1048576,200000.0,0.4,0.0,1.0,89,8,100,3267291,1359244,4,3,229000
ring,3,1048576,200000.0,0.4,0.0,1.0,89,8,101,3545000,1359244,4,3,226291
ring,3,1048576,200000.0,0.4,0.0,1.0,89,8,102,3536833,1359244,4,3,121875
ring,3,1048576,200000.0,0.4,0.0,1.0,89,8,103,3175459,1359244,4,3,176375
ring,3,1048576,200000.0,0.4,0.0,1.0,89,8,104,3147750,1359244,4,3,75958
ring,3,1048576,200000.0,0.4,0.0,1.0,89,8,105,3677791,1359244,4,3,128708
ring,3,1048576,200000.0,0.4,0.0,1.0,89,8,106,3115583,1359244,4,3,69375
ring,3,1048576,200000.0,0.4,0.0,1.0,89,8,107,3150416,1359244,4,3,123541
ring,3,1048576,200000.0,0.4,0.0,1.0,89,8,108,3526791,1359244,4,3,312874
ring,3,1048576,200000.0,0.4,0.0,1.0,89,8,109,3394917,1359244,4,3,104834
ring,3,1048576,200000.0,0.4,0.0,1.0,89,8,110,3185166,1359244,4,3,170416
ring,3,1048576,200000.0,0.4,0.0,1.0,89,8,111,2987125,1359244,4,3,88291
ring,3,1048576,200000.0,0.4,0.0,1.0,89,8,112,3018875,1359244,4,3,118084
ring,3,1048576,200000.0,0.4,0.0,1.0,89,8,113,2968375,1359244,4,3,151417
ring,3,1048576,200000.0,0.4,0.0,1.0,89,8,114,3014125,1359244,4,3,107708
ring,3,1048576,200000.0,0.4,0.0,1.0,89,8,115,2894792,1359244,4,3,176417
ring,3,1048576,200000.0,0.4,0.0,1.0,89,8,116,2869125,1359244,4,3,150500
ring,3,1048576,200000.0,0.4,0.0,1.0,89,8,117,2896417,1359244,4,3,94292
ring,3,1048576,200000.0,0.4,0.0,1.0,89,8,118,2819792,1359244,4,3,155542
ring,3,1048576,200000.0,0.4,0.0,1.0,89,8,119,3102750,1359244,4,3,118000
ring,3,1048576,200000.0,0.4,0.0,1.0,89,8,120,3014375,1359244,4,3,136292
ring,3,1048576,200000.0,0.4,0.0,1.0,89,8,121,2969416,1359244,4,3,60499
ring,3,1048576,200000.0,0.4,0.0,1.0,89,8,122,2976417,1359244,4,3,160376
ring,3,1048576,200000.0,0.4,0.0,1.0,89,8,123,3754000,1359244,4,3,196916
ring,3,1048576,200000.0,0.4,0.0,1.0,89,8,124,3498083,1359244,4,3,68708
ring,3,1048576,200000.0,0.4,0.0,1.0,89,8,125,3175792,1359244,4,3,209000
ring,3,1048576,200000.0,0.4,0.0,1.0,89,8,126,2973000,1359244,4,3,89125
ring,3,1048576,200000.0,0.4,0.0,1.0,89,8,127,2888875,1359244,4,3,22833
ring,3,1048576,200000.0,0.4,0.0,1.0,89,8,128,3056083,1359244,4,3,234749
ring,3,1048576,200000.0,0.4,0.0,1.0,89,8,129,2982708,1359244,4,3,169249
ring,3,1048576,200000.0,0.4,0.0,1.0,89,8,130,2862125,1359244,4,3,109500
ring,3,1048576,200000.0,0.4,0.0,1.0,89,8,131,2967375,1359244,4,3,61042
ring,3,1048576,200000.0,0.4,0.0,1.0,89,8,132,3058333,1359244,4,3,107250
ring,3,1048576,200000.0,0.4,0.0,1.0,89,8,133,3036458,1359244,4,3,116625
ring,3,1048576,200000.0,0.4,0.0,1.0,89,8,134,2869375,1359244,4,3,144792
ring,3,1048576,200000.0,0.4,0.0,1.0,89,8,135,3001625,1359244,4,3,156875
ring,3,1048576,200000.0,0.4,0.0,1.0,89,8,136,3077125,1359244,4,3,24333
ring,3,1048576,200000.0,0.4,0.0,1.0,89,8,137,3018000,1359244,4,3,243167
ring,3,1048576,200000.0,0.4,0.0,1.0,89,8,138,2935792,1359244,4,3,131625
ring,3,1048576,200000.0,0.4,0.0,1.0,89,8,139,2924500,1359244,4,3,82583
ring,3,1048576,200000.0,0.4,0.0,1.0,89,8,140,2895167,1359244,4,3,114167
ring,3,1048576,200000.0,0.4,0.0,1.0,89,8,141,2905916,1359244,4,3,131499
ring,3,1048576,200000.0,0.4,0.0,1.0,89,8,142,2917084,1359244,4,3,70126
ring,3,1048576,200000.0,0.4,0.0,1.0,89,8,143,2981958,1359244,4,3,163958
ring,3,1048576,200000.0,0.4,0.0,1.0,89,8,144,2949583,1359244,4,3,163542
ring,3,1048576,200000.0,0.4,0.0,1.0,89,8,145,2941292,1359244,4,3,173500
ring,3,1048576,200000.0,0.4,0.0,1.0,89,8,146,2914834,1359244,4,3,176167
ring,3,1048576,200000.0,0.4,0.0,1.0,89,8,147,2834875,1359244,4,3,28875
ring,3,1048576,200000.0,0.4,0.0,1.0,89,8,148,2975917,1359244,4,3,182084
ring,3,1048576,200000.0,0.4,0.0,1.0,89,8,149,2944458,1359244,4,3,100083
ring,3,1048576,200000.0,0.4,0.0,1.0,89,8,150,3104959,1359244,4,3,151375
ring,3,1048576,200000.0,0.4,0.0,1.0,89,8,151,3003667,1359244,4,3,92000
ring,3,1048576,200000.0,0.4,0.0,1.0,89,8,152,3011958,1359244,4,3,230500
ring,3,1048576,200000.0,0.4,0.0,1.0,89,8,153,3077959,1359244,4,3,224376
ring,3,1048576,200000.0,0.4,0.0,1.0,89,8,154,2970125,1359244,4,3,169292
ring,3,1048576,200000.0,0.4,0.0,1.0,89,8,155,3014833,1359244,4,3,59874
ring,3,1048576,200000.0,0.4,0.0,1.0,89,8,156,2902458,1359244,4,3,163833
ring,3,1048576,200000.0,0.4,0.0,1.0,89,8,157,2958416,1359244,4,3,191583
ring,3,1048576,200000.0,0.4,0.0,1.0,89,8,158,2992042,1359244,4,3,91292
ring,3,1048576,200000.0,0.4,0.0,1.0,89,8,159,2927000,1359244,4,3,102833
ring,3,1048576,200000.0,0.4,0.0,1.0,89,8,160,2989584,1359244,4,3,152709
ring,3,1048576,200000.0,0.4,0.0,1.0,89,8,161,2901500,1359244,4,3,129083
ring,3,1048576,200000.0,0.4,0.0,1.0,89,8,162,2902542,1359244,4,3,37959
ring,3,1048576,200000.0,0.4,0.0,1.0,89,8,163,2980208,1359244,4,3,75083
ring,3,1048576,200000.0,0.4,0.0,1.0,89,8,164,2988375,1359244,4,3,114166
ring,3,1048576,200000.0,0.4,0.0,1.0,89,8,165,2907709,1359244,4,3,88250
ring,3,1048576,200000.0,0.4,0.0,1.0,89,8,166,2949917,1359244,4,3,166292
ring,3,1048576,200000.0,0.4,0.0,1.0,89,8,167,2919166,1359244,4,3,178958
ring,3,1048576,200000.0,0.4,0.0,1.0,89,8,168,3014250,1359244,4,3,239958
ring,3,1048576,200000.0,0.4,0.0,1.0,89,8,169,2847667,1359244,4,3,118709
ring,3,1048576,200000.0,0.4,0.0,1.0,89,8,170,3039166,1359244,4,3,95957
ring,3,1048576,200000.0,0.4,0.0,1.0,89,8,171,2919000,1359244,4,3,150166
ring,3,1048576,200000.0,0.4,0.0,1.0,89,8,172,3044291,1359244,4,3,162541
ring,3,1048576,200000.0,0.4,0.0,1.0,89,8,173,2938791,1359244,4,3,198457
ring,3,1048576,200000.0,0.4,0.0,1.0,89,8,174,2894959,1359244,4,3,153751
ring,3,1048576,200000.0,0.4,0.0,1.0,89,8,175,2907375,1359244,4,3,124042
ring,3,1048576,200000.0,0.4,0.0,1.0,89,8,176,2978667,1359244,4,3,127584
ring,3,1048576,200000.0,0.4,0.0,1.0,89,8,177,3024416,1359244,4,3,135541
ring,3,1048576,200000.0,0.4,0.0,1.0,89,8,178,3046459,1359244,4,3,126126
ring,3,1048576,200000.0,0.4,0.0,1.0,89,8,179,2990000,1359244,4,3,122833
ring,3,1048576,200000.0,0.4,0.0,1.0,89,8,180,2988166,1359244,4,3,160499
ring,3,1048576,200000.0,0.4,0.0,1.0,89,8,181,3025875,1359244,4,3,139875
ring,3,1048576,200000.0,0.4,0.0,1.0,89,8,182,2974458,1359244,4,3,165249
ring,3,1048576,200000.0,0.4,0.0,1.0,89,8,183,3050458,1359244,4,3,158333
ring,3,1048576,200000.0,0.4,0.0,1.0,89,8,184,3004917,1359244,4,3,141376
ring,3,1048576,200000.0,0.4,0.0,1.0,89,8,185,2932875,1359244,4,3,101625
ring,3,1048576,200000.0,0.4,0.0,1.0,89,8,186,3096542,1359244,4,3,126709
ring,3,1048576,200000.0,0.4,0.0,1.0,89,8,187,2955083,1359244,4,3,155666
ring,3,1048576,200000.0,0.4,0.0,1.0,89,8,188,3041875,1359244,4,3,160833
ring,3,1048576,200000.0,0.4,0.0,1.0,89,8,189,3024167,1359244,4,3,126458
ring,3,1048576,200000.0,0.4,0.0,1.0,89,8,190,2939166,1359244,4,3,68249
ring,3,1048576,200000.0,0.4,0.0,1.0,89,8,191,3165000,1359244,4,3,93750
ring,3,1048576,200000.0,0.4,0.0,1.0,89,8,192,2961750,1359244,4,3,188334
ring,3,1048576,200000.0,0.4,0.0,1.0,89,8,193,2993959,1359244,4,3,149250
ring,3,1048576,200000.0,0.4,0.0,1.0,89,8,194,2900750,1359244,4,3,62250
ring,3,1048576,200000.0,0.4,0.0,1.0,89,8,195,3184000,1359244,4,3,149333
ring,3,1048576,200000.0,0.4,0.0,1.0,89,8,196,3014083,1359244,4,3,213458
ring,3,1048576,200000.0,0.4,0.0,1.0,89,8,197,2990458,1359244,4,3,148417
ring,3,1048576,200000.0,0.4,0.0,1.0,89,8,198,3016333,1359244,4,3,167833
ring,3,1048576,200000.0,0.4,0.0,1.0,89,8,199,3109333,1359244,4,3,156125
ring,3,1048576,200000.0,0.4,0.0,1.0,89,8,200,2928875,1359244,4,3,170500
ring,3,1048576,200000.0,0.4,0.0,1.0,89,8,201,3009708,1359244,4,3,225708
ring,3,1048576,200000.0,0.4,0.0,1.0,89,8,202,3003167,1359244,4,3,126625
ring,3,1048576,200000.0,0.4,0.0,1.0,89,8,203,2992833,1359244,4,3,131708
ring,3,1048576,200000.0,0.4,0.0,1.0,89,8,204,2906958,1359244,4,3,92041
ring,3,1048576,200000.0,0.4,0.0,1.0,89,8,205,3090291,1359244,4,3,157791
ring,3,1048576,200000.0,0.4,0.0,1.0,89,8,206,2869125,1359244,4,3,160916
ring,3,1048576,200000.0,0.4,0.0,1.0,89,8,207,2895459,1359244,4,3,73126
ring,3,1048576,200000.0,0.4,0.0,1.0,89,8,208,2896875,1359244,4,3,148875
ring,3,1048576,200000.0,0.4,0.0,1.0,89,8,209,2992583,1359244,4,3,208041
ring,3,1048576,200000.0,0.4,0.0,1.0,89,8,210,2881042,1359244,4,3,145625
ring,3,1048576,200000.0,0.4,0.0,1.0,89,8,211,2903250,1359244,4,3,157042
ring,3,1048576,200000.0,0.4,0.0,1.0,89,8,212,2995500,1359244,4,3,233916
ring,3,1048576,200000.0,0.4,0.0,1.0,89,8,213,3006666,1359244,4,3,154916
ring,3,1048576,200000.0,0.4,0.0,1.0,89,8,214,2976083,1359244,4,3,183333
ring,3,1048576,200000.0,0.4,0.0,1.0,89,8,215,2980875,1359244,4,3,128208
ring,3,1048576,200000.0,0.4,0.0,1.0,89,8,216,3066833,1359244,4,3,93333
ring,3,1048576,200000.0,0.4,0.0,1.0,89,8,217,3014500,1359244,4,3,173375
ring,3,1048576,200000.0,0.4,0.0,1.0,89,8,218,3437708,1359244,4,3,283000
ring,3,1048576,200000.0,0.4,0.0,1.0,89,8,219,6305584,1359244,4,3,107584
ring,3,1048576,200000.0,0.4,0.0,1.0,89,8,220,3356375,1359244,4,3,269917
ring,3,1048576,200000.0,0.4,0.0,1.0,89,8,221,3084334,1359244,4,3,148667
ring,3,1048576,200000.0,0.4,0.0,1.0,89,8,222,3044208,1359244,4,3,111417
ring,3,1048576,200000.0,0.4,0.0,1.0,89,8,223,3004083,1359244,4,3,60125
ring,3,1048576,200000.0,0.4,0.0,1.0,89,8,224,3014416,1359244,4,3,132291
ring,3,1048576,200000.0,0.4,0.0,1.0,89,8,225,2988583,1359244,4,3,120625
ring,3,1048576,200000.0,0.4,0.0,1.0,89,8,226,2984708,1359244,4,3,76249
ring,3,1048576,200000.0,0.4,0.0,1.0,89,8,227,2959583,1359244,4,3,111458
ring,3,1048576,200000.0,0.4,0.0,1.0,89,8,228,3045958,1359244,4,3,95666
ring,3,1048576,200000.0,0.4,0.0,1.0,89,8,229,3056750,1359244,4,3,147292
ring,3,1048576,200000.0,0.4,0.0,1.0,89,8,230,2946334,1359244,4,3,140376
ring,3,1048576,200000.0,0.4,0.0,1.0,89,8,231,3070750,1359244,4,3,143750
ring,3,1048576,200000.0,0.4,0.0,1.0,89,8,232,3134125,1359244,4,3,143625
ring,3,1048576,200000.0,0.4,0.0,1.0,89,8,233,3074167,1359244,4,3,54001
ring,3,1048576,200000.0,0.4,0.0,1.0,89,8,234,3226459,1359244,4,3,231000
ring,3,1048576,200000.0,0.4,0.0,1.0,89,8,235,3182500,1359244,4,3,139458
ring,3,1048576,200000.0,0.4,0.0,1.0,89,8,236,2985167,1359244,4,3,141375
ring,3,1048576,200000.0,0.4,0.0,1.0,89,8,237,3018083,1359244,4,3,13208
ring,3,1048576,200000.0,0.4,0.0,1.0,89,8,238,3288875,1359244,4,3,110625
ring,3,1048576,200000.0,0.4,0.0,1.0,89,8,239,3661417,1359244,4,3,373875
ring,3,1048576,200000.0,0.4,0.0,1.0,89,8,240,5213000,1359244,4,3,18666
ring,3,1048576,200000.0,0.4,0.0,1.0,89,8,241,3047917,1359244,4,3,38917
ring,3,1048576,200000.0,0.4,0.0,1.0,89,8,242,3127500,1359244,4,3,158416
ring,3,1048576,200000.0,0.4,0.0,1.0,89,8,243,2995167,1359244,4,3,15625
ring,3,1048576,200000.0,0.4,0.0,1.0,89,8,244,3012375,1359244,4,3,93000
ring,3,1048576,200000.0,0.4,0.0,1.0,89,8,245,2993625,1359244,4,3,218792
ring,3,1048576,200000.0,0.4,0.0,1.0,89,8,246,3055958,1359244,4,3,199916
ring,3,1048576,200000.0,0.4,0.0,1.0,89,8,247,3866125,1359244,4,3,114125
ring,3,1048576,200000.0,0.4,0.0,1.0,89,8,248,5754958,1359244,4,3,242041
ring,3,1048576,200000.0,0.4,0.0,1.0,89,8,249,5207541,1359244,4,3,586416
ring,3,1048576,200000.0,0.4,0.0,1.0,89,8,250,3708708,1359244,4,3,278166
ring,3,1048576,200000.0,0.4,0.0,1.0,89,8,251,3165750,1359244,4,3,131750
ring,3,1048576,200000.0,0.4,0.0,1.0,89,8,252,3300083,1359244,4,3,121083
ring,3,1048576,200000.0,0.4,0.0,1.0,89,8,253,3154209,1359244,4,3,167417
ring,3,1048576,200000.0,0.4,0.0,1.0,89,8,254,3094875,1359244,4,3,121792
ring,3,1048576,200000.0,0.4,0.0,1.0,89,8,255,3178916,1359244,4,3,144541
ring,3,1048576,200000.0,0.4,0.0,1.0,89,8,256,3314208,1359244,4,3,220250
ring,3,1048576,200000.0,0.4,0.0,1.0,89,8,257,3565625,1359244,4,3,222583
ring,3,1048576,200000.0,0.4,0.0,1.0,89,8,258,3677708,1359244,4,3,44375
ring,3,1048576,200000.0,0.4,0.0,1.0,89,8,259,5558458,1359244,4,3,183500
ring,3,1048576,200000.0,0.4,0.0,1.0,89,8,260,4035542,1359244,4,3,194625
ring,3,1048576,200000.0,0.4,0.0,1.0,89,8,261,3217791,1359244,4,3,143249
ring,3,1048576,200000.0,0.4,0.0,1.0,89,8,262,3226666,1359244,4,3,200832
ring,3,1048576,200000.0,0.4,0.0,1.0,89,8,263,3463500,1359244,4,3,439625
ring,3,1048576,200000.0,0.4,0.0,1.0,89,8,264,3165041,1359244,4,3,18166
ring,3,1048576,200000.0,0.4,0.0,1.0,89,8,265,3528125,1359244,4,3,86500
ring,3,1048576,200000.0,0.4,0.0,1.0,89,8,266,3437334,1359244,4,3,190209
ring,3,1048576,200000.0,0.4,0.0,1.0,89,8,267,3537583,1359244,4,3,84458
ring,3,1048576,200000.0,0.4,0.0,1.0,89,8,268,3394834,1359244,4,3,252543
ring,3,1048576,200000.0,0.4,0.0,1.0,89,8,269,3340708,1359244,4,3,177833
ring,3,1048576,200000.0,0.4,0.0,1.0,89,8,270,3252000,1359244,4,3,106208
ring,3,1048576,200000.0,0.4,0.0,1.0,89,8,271,3217792,1359244,4,3,197042
ring,3,1048576,200000.0,0.4,0.0,1.0,89,8,272,4038042,1359244,4,3,33167
ring,3,1048576,200000.0,0.4,0.0,1.0,89,8,273,8178250,1359244,4,3,846500
ring,3,1048576,200000.0,0.4,0.0,1.0,89,8,274,4465292,1359244,4,3,244501
ring,3,1048576,200000.0,0.4,0.0,1.0,89,8,275,3564542,1359244,4,3,156667
ring,3,1048576,200000.0,0.4,0.0,1.0,89,8,276,3273000,1359244,4,3,139083
ring,3,1048576,200000.0,0.4,0.0,1.0,89,8,277,3240167,1359244,4,3,64334
ring,3,1048576,200000.0,0.4,0.0,1.0,89,8,278,3328042,1359244,4,3,134334
ring,3,1048576,200000.0,0.4,0.0,1.0,89,8,279,3147208,1359244,4,3,140667
ring,3,1048576,200000.0,0.4,0.0,1.0,89,8,280,3114250,1359244,4,3,37625
ring,3,1048576,200000.0,0.4,0.0,1.0,89,8,281,3369875,1359244,4,3,162667
ring,3,1048576,200000.0,0.4,0.0,1.0,89,8,282,3180458,1359244,4,3,69958
ring,3,1048576,200000.0,0.4,0.0,1.0,89,8,283,3155084,1359244,4,3,48959
ring,3,1048576,200000.0,0.4,0.0,1.0,89,8,284,3261959,1359244,4,3,104876
ring,3,1048576,200000.0,0.4,0.0,1.0,89,8,285,3629875,1359244,4,3,212708
ring,3,1048576,200000.0,0.4,0.0,1.0,89,8,286,3844084,1359244,4,3,189750
ring,3,1048576,200000.0,0.4,0.0,1.0,89,8,287,4030291,1359244,4,3,113916
ring,3,1048576,200000.0,0.4,0.0,1.0,89,8,288,4402958,1359244,4,3,216166
ring,3,1048576,200000.0,0.4,0.0,1.0,89,8,289,3187583,1359244,4,3,89958
ring,3,1048576,200000.0,0.4,0.0,1.0,89,8,290,3135833,1359244,4,3,137125
ring,3,1048576,200000.0,0.4,0.0,1.0,89,8,291,3290375,1359244,4,3,104167
ring,3,1048576,200000.0,0.4,0.0,1.0,89,8,292,3937917,1359244,4,3,80625
ring,3,1048576,200000.0,0.4,0.0,1.0,89,8,293,3673542,1359244,4,3,59542
ring,3,1048576,200000.0,0.4,0.0,1.0,89,8,294,3190500,1359244,4,3,83667
ring,3,1048576,200000.0,0.4,0.0,1.0,89,8,295,3208250,1359244,4,3,142167
ring,3,1048576,200000.0,0.4,0.0,1.0,89,8,296,3188375,1359244,4,3,62667
ring,3,1048576,200000.0,0.4,0.0,1.0,89,8,297,3020042,1359244,4,3,64875
ring,3,1048576,200000.0,0.4,0.0,1.0,89,8,298,3087333,1359244,4,3,164374
ring,3,1048576,200000.0,0.4,0.0,1.0,89,8,299,3269916,1359244,4,3,159624
ring,3,1048576,200000.0,0.4,0.0,1.0,89,8,300,3121958,1359244,4,3,255083
ring,3,1048576,200000.0,0.4,0.0,1.0,89,8,301,3186625,1359244,4,3,117958
ring,3,1048576,200000.0,0.4,0.0,1.0,89,8,302,3126416,1359244,4,3,52374
ring,3,1048576,200000.0,0.4,0.0,1.0,89,8,303,3009250,1359244,4,3,106292
ring,3,1048576,200000.0,0.4,0.0,1.0,89,8,304,3001625,1359244,4,3,110625
ring,3,1048576,200000.0,0.4,0.0,1.0,89,8,305,3074417,1359244,4,3,141667
ring,3,1048576,200000.0,0.4,0.0,1.0,89,8,306,3144375,1359244,4,3,176417
ring,3,1048576,200000.0,0.4,0.0,1.0,89,8,307,3142417,1359244,4,3,124083
ring,3,1048576,200000.0,0.4,0.0,1.0,89,8,308,3012375,1359244,4,3,132083
ring,3,1048576,200000.0,0.4,0.0,1.0,89,8,309,3101125,1359244,4,3,119459
ring,3,1048576,200000.0,0.4,0.0,1.0,89,8,310,3054333,1359244,4,3,146583
ring,3,1048576,200000.0,0.4,0.0,1.0,89,8,311,3091625,1359244,4,3,221959
ring,3,1048576,200000.0,0.4,0.0,1.0,89,8,312,3071042,1359244,4,3,143125
ring,3,1048576,200000.0,0.4,0.0,1.0,89,8,313,3207250,1359244,4,3,134667
ring,3,1048576,200000.0,0.4,0.0,1.0,89,8,314,3057708,1359244,4,3,99416
ring,3,1048576,200000.0,0.4,0.0,1.0,89,8,315,3066291,1359244,4,3,139624
ring,3,1048576,200000.0,0.4,0.0,1.0,89,8,316,2966958,1359244,4,3,238749
ring,3,1048576,200000.0,0.4,0.0,1.0,89,8,317,3189167,1359244,4,3,64875
ring,3,1048576,200000.0,0.4,0.0,1.0,89,8,318,3052584,1359244,4,3,117251
ring,3,1048576,200000.0,0.4,0.0,1.0,89,8,319,3057125,1359244,4,3,238000
ring,3,1048576,200000.0,0.4,0.0,1.0,89,8,320,3089458,1359244,4,3,117541
ring,3,1048576,200000.0,0.4,0.0,1.0,89,8,321,3066666,1359244,4,3,128666
ring,3,1048576,200000.0,0.4,0.0,1.0,89,8,322,2869583,1359244,4,3,97250
ring,3,1048576,200000.0,0.4,0.0,1.0,89,8,323,3113084,1359244,4,3,83543
ring,3,1048576,200000.0,0.4,0.0,1.0,89,8,324,3022791,1359244,4,3,159083
ring,3,1048576,200000.0,0.4,0.0,1.0,89,8,325,2979416,1359244,4,3,82874
ring,3,1048576,200000.0,0.4,0.0,1.0,89,8,326,2986084,1359244,4,3,191543
ring,3,1048576,200000.0,0.4,0.0,1.0,89,8,327,3073750,1359244,4,3,197667
ring,3,1048576,200000.0,0.4,0.0,1.0,89,8,328,3160083,1359244,4,3,162917
ring,3,1048576,200000.0,0.4,0.0,1.0,89,8,329,3153416,1359244,4,3,149416
ring,3,1048576,200000.0,0.4,0.0,1.0,89,8,330,3109625,1359244,4,3,59417
ring,3,1048576,200000.0,0.4,0.0,1.0,89,8,331,3220250,1359244,4,3,143167
ring,3,1048576,200000.0,0.4,0.0,1.0,89,8,332,3088750,1359244,4,3,118125
ring,3,1048576,200000.0,0.4,0.0,1.0,89,8,333,3014959,1359244,4,3,44459
ring,3,1048576,200000.0,0.4,0.0,1.0,89,8,334,3113833,1359244,4,3,145041
ring,3,1048576,200000.0,0.4,0.0,1.0,89,8,335,3216667,1359244,4,3,150917
ring,3,1048576,200000.0,0.4,0.0,1.0,89,8,336,3140291,1359244,4,3,123291
ring,3,1048576,200000.0,0.4,0.0,1.0,89,8,337,3111084,1359244,4,3,115417
ring,3,1048576,200000.0,0.4,0.0,1.0,89,8,338,3168667,1359244,4,3,142376
ring,3,1048576,200000.0,0.4,0.0,1.0,89,8,339,3149875,1359244,4,3,44084
ring,3,1048576,200000.0,0.4,0.0,1.0,89,8,340,3071416,1359244,4,3,149208
ring,3,1048576,200000.0,0.4,0.0,1.0,89,8,341,3121791,1359244,4,3,152416
ring,3,1048576,200000.0,0.4,0.0,1.0,89,8,342,3134875,1359244,4,3,110125
ring,3,1048576,200000.0,0.4,0.0,1.0,89,8,343,3095917,1359244,4,3,122667
ring,3,1048576,200000.0,0.4,0.0,1.0,89,8,344,3088333,1359244,4,3,86458
ring,3,1048576,200000.0,0.4,0.0,1.0,89,8,345,3593792,1359244,4,3,203667
ring,3,1048576,200000.0,0.4,0.0,1.0,89,8,346,5062209,1359244,4,3,203918
ring,3,1048576,200000.0,0.4,0.0,1.0,89,8,347,4009167,1359244,4,3,211125
ring,3,1048576,200000.0,0.4,0.0,1.0,89,8,348,3137458,1359244,4,3,4708
ring,3,1048576,200000.0,0.4,0.0,1.0,89,8,349,3398292,1359244,4,3,191834
ring,3,1048576,200000.0,0.4,0.0,1.0,89,8,350,3302625,1359244,4,3,32500
ring,3,1048576,200000.0,0.4,0.0,1.0,89,8,351,5869417,1359244,4,3,504959
ring,3,1048576,200000.0,0.4,0.0,1.0,89,8,352,5609084,1359244,4,3,307292
ring,3,1048576,200000.0,0.4,0.0,1.0,89,8,353,3970458,1359244,4,3,230500
ring,3,1048576,200000.0,0.4,0.0,1.0,89,8,354,3137000,1359244,4,3,53833
ring,3,1048576,200000.0,0.4,0.0,1.0,89,8,355,3355416,1359244,4,3,217708
ring,3,1048576,200000.0,0.4,0.0,1.0,89,8,356,3141667,1359244,4,3,90958
ring,3,1048576,200000.0,0.4,0.0,1.0,89,8,357,3122000,1359244,4,3,84750
ring,3,1048576,200000.0,0.4,0.0,1.0,89,8,358,3065959,1359244,4,3,79334
ring,3,1048576,200000.0,0.4,0.0,1.0,89,8,359,3120167,1359244,4,3,8584
ring,3,1048576,200000.0,0.4,0.0,1.0,89,8,360,3456917,1359244,4,3,114542
ring,3,1048576,200000.0,0.4,0.0,1.0,89,8,361,3876834,1359244,4,3,183750
ring,3,1048576,200000.0,0.4,0.0,1.0,89,8,362,4973416,1359244,4,3,141874
ring,3,1048576,200000.0,0.4,0.0,1.0,89,8,363,3745375,1359244,4,3,298834
ring,3,1048576,200000.0,0.4,0.0,1.0,89,8,364,3512250,1359244,4,3,240209
ring,3,1048576,200000.0,0.4,0.0,1.0,89,8,365,3244708,1359244,4,3,102167
ring,3,1048576,200000.0,0.4,0.0,1.0,89,8,366,3060250,1359244,4,3,124250
ring,3,1048576,200000.0,0.4,0.0,1.0,89,8,367,3056667,1359244,4,3,92208
ring,3,1048576,200000.0,0.4,0.0,1.0,89,8,368,3932917,1359244,4,3,125917
ring,3,1048576,200000.0,0.4,0.0,1.0,89,8,369,3188625,1359244,4,3,136792
ring,3,1048576,200000.0,0.4,0.0,1.0,89,8,370,3050583,1359244,4,3,123625
ring,3,1048576,200000.0,0.4,0.0,1.0,89,8,371,3002667,1359244,4,3,125126
ring,3,1048576,200000.0,0.4,0.0,1.0,89,8,372,2979125,1359244,4,3,164792
ring,3,1048576,200000.0,0.4,0.0,1.0,89,8,373,3087667,1359244,4,3,102375
ring,3,1048576,200000.0,0.4,0.0,1.0,89,8,374,3090541,1359244,4,3,30166
ring,3,1048576,200000.0,0.4,0.0,1.0,89,8,375,3019500,1359244,4,3,105916
ring,3,1048576,200000.0,0.4,0.0,1.0,89,8,376,3174667,1359244,4,3,136917
ring,3,1048576,200000.0,0.4,0.0,1.0,89,8,377,3186291,1359244,4,3,149041
ring,3,1048576,200000.0,0.4,0.0,1.0,89,8,378,3058458,1359244,4,3,98458
ring,3,1048576,200000.0,0.4,0.0,1.0,89,8,379,2975458,1359244,4,3,74916
ring,3,1048576,200000.0,0.4,0.0,1.0,89,8,380,3149083,1359244,4,3,103541
ring,3,1048576,200000.0,0.4,0.0,1.0,89,8,381,3105125,1359244,4,3,164250
ring,3,1048576,200000.0,0.4,0.0,1.0,89,8,382,3102917,1359244,4,3,226667
ring,3,1048576,200000.0,0.4,0.0,1.0,89,8,383,2934792,1359244,4,3,153042
ring,3,1048576,200000.0,0.4,0.0,1.0,89,8,384,3078042,1359244,4,3,99084
ring,3,1048576,200000.0,0.4,0.0,1.0,89,8,385,3019750,1359244,4,3,144250
ring,3,1048576,200000.0,0.4,0.0,1.0,89,8,386,3080041,1359244,4,3,168166
ring,3,1048576,200000.0,0.4,0.0,1.0,89,8,387,3097542,1359244,4,3,135417
ring,3,1048576,200000.0,0.4,0.0,1.0,89,8,388,3486542,1359244,4,3,391501
ring,3,1048576,200000.0,0.4,0.0,1.0,89,8,389,5174917,1359244,4,3,297500
ring,3,1048576,200000.0,0.4,0.0,1.0,89,8,390,3689792,1359244,4,3,90958
ring,3,1048576,200000.0,0.4,0.0,1.0,89,8,391,3210375,1359244,4,3,143334
ring,3,1048576,200000.0,0.4,0.0,1.0,89,8,392,3147542,1359244,4,3,126417
ring,3,1048576,200000.0,0.4,0.0,1.0,89,8,393,3099041,1359244,4,3,140416
ring,3,1048576,200000.0,0.4,0.0,1.0,89,8,394,3289291,1359244,4,3,236249
ring,3,1048576,200000.0,0.4,0.0,1.0,89,8,395,3195375,1359244,4,3,118042
ring,3,1048576,200000.0,0.4,0.0,1.0,89,8,396,3078083,1359244,4,3,20750
ring,3,1048576,200000.0,0.4,0.0,1.0,89,8,397,3047584,1359244,4,3,135334
ring,3,1048576,200000.0,0.4,0.0,1.0,89,8,398,3069875,1359244,4,3,121250
ring,3,1048576,200000.0,0.4,0.0,1.0,89,8,399,3196167,1359244,4,3,109709
ps,3,1048576,200000.0,0.4,0.0,1.0,89,8,0,3160208,619430,1,3,511958
ps,3,1048576,200000.0,0.4,0.0,1.0,89,8,1,3078042,619430,1,3,538500
ps,3,1048576,200000.0,0.4,0.0,1.0,89,8,2,2899000,619430,1,3,518792
ps,3,1048576,200000.0,0.4,0.0,1.0,89,8,3,3194750,619430,1,3,761334
ps,3,1048576,200000.0,0.4,0.0,1.0,89,8,4,2943084,619430,1,3,507209
ps,3,1048576,200000.0,0.4,0.0,1.0,89,8,5,3013042,619430,1,3,526917
ps,3,1048576,200000.0,0.4,0.0,1.0,89,8,6,3070834,619430,1,3,509501
ps,3,1048576,200000.0,0.4,0.0,1.0,89,8,7,3162750,619430,1,3,636125
ps,3,1048576,200000.0,0.4,0.0,1.0,89,8,8,3187291,619430,1,3,540916
ps,3,1048576,200000.0,0.4,0.0,1.0,89,8,9,3150084,619430,1,3,659584
ps,3,1048576,200000.0,0.4,0.0,1.0,89,8,10,3069833,619430,1,3,563000
ps,3,1048576,200000.0,0.4,0.0,1.0,89,8,11,3150209,619430,1,3,601334
ps,3,1048576,200000.0,0.4,0.0,1.0,89,8,12,3053958,619430,1,3,578083
ps,3,1048576,200000.0,0.4,0.0,1.0,89,8,13,2972084,619430,1,3,501125
ps,3,1048576,200000.0,0.4,0.0,1.0,89,8,14,3099417,619430,1,3,534042
ps,3,1048576,200000.0,0.4,0.0,1.0,89,8,15,3002583,619430,1,3,535291
ps,3,1048576,200000.0,0.4,0.0,1.0,89,8,16,3044375,619430,1,3,475667
ps,3,1048576,200000.0,0.4,0.0,1.0,89,8,17,3156208,619430,1,3,625624
ps,3,1048576,200000.0,0.4,0.0,1.0,89,8,18,3050500,619430,1,3,511833
ps,3,1048576,200000.0,0.4,0.0,1.0,89,8,19,3139000,619430,1,3,486292
ps,3,1048576,200000.0,0.4,0.0,1.0,89,8,20,2891208,619430,1,3,507333
ps,3,1048576,200000.0,0.4,0.0,1.0,89,8,21,3033292,619430,1,3,547417
ps,3,1048576,200000.0,0.4,0.0,1.0,89,8,22,3056000,619430,1,3,461750
ps,3,1048576,200000.0,0.4,0.0,1.0,89,8,23,3074542,619430,1,3,501251
ps,3,1048576,200000.0,0.4,0.0,1.0,89,8,24,3172167,619430,1,3,611667
ps,3,1048576,200000.0,0.4,0.0,1.0,89,8,25,3166334,619430,1,3,533834
ps,3,1048576,200000.0,0.4,0.0,1.0,89,8,26,3060458,619430,1,3,541083
ps,3,1048576,200000.0,0.4,0.0,1.0,89,8,27,3146791,619430,1,3,640291
ps,3,1048576,200000.0,0.4,0.0,1.0,89,8,28,2985292,619430,1,3,600459
ps,3,1048576,200000.0,0.4,0.0,1.0,89,8,29,2989167,619430,1,3,615376
ps,3,1048576,200000.0,0.4,0.0,1.0,89,8,30,2893208,619430,1,3,473166
ps,3,1048576,200000.0,0.4,0.0,1.0,89,8,31,3139833,619430,1,3,625708
ps,3,1048576,200000.0,0.4,0.0,1.0,89,8,32,2916875,619430,1,3,551416
ps,3,1048576,200000.0,0.4,0.0,1.0,89,8,33,3084667,619430,1,3,568584
ps,3,1048576,200000.0,0.4,0.0,1.0,89,8,34,2988083,619430,1,3,542000
ps,3,1048576,200000.0,0.4,0.0,1.0,89,8,35,3089333,619430,1,3,583625
ps,3,1048576,200000.0,0.4,0.0,1.0,89,8,36,3157000,619430,1,3,625417
ps,3,1048576,200000.0,0.4,0.0,1.0,89,8,37,2993042,619430,1,3,528458
ps,3,1048576,200000.0,0.4,0.0,1.0,89,8,38,2954000,619430,1,3,598667
ps,3,1048576,200000.0,0.4,0.0,1.0,89,8,39,3038666,619430,1,3,556083
ps,3,1048576,200000.0,0.4,0.0,1.0,89,8,40,3145792,619430,1,3,571001
ps,3,1048576,200000.0,0.4,0.0,1.0,89,8,41,3180291,619430,1,3,656166
ps,3,1048576,200000.0,0.4,0.0,1.0,89,8,42,3069167,619430,1,3,670376
ps,3,1048576,200000.0,0.4,0.0,1.0,89,8,43,3088750,619430,1,3,666792
ps,3,1048576,200000.0,0.4,0.0,1.0,89,8,44,4656417,619430,1,3,1531876
ps,3,1048576,200000.0,0.4,0.0,1.0,89,8,45,3655959,619430,1,3,608417
ps,3,1048576,200000.0,0.4,0.0,1.0,89,8,46,3337500,619430,1,3,643250
ps,3,1048576,200000.0,0.4,0.0,1.0,89,8,47,3154375,619430,1,3,553000
ps,3,1048576,200000.0,0.4,0.0,1.0,89,8,48,3198041,619430,1,3,676416
ps,3,1048576,200000.0,0.4,0.0,1.0,89,8,49,3023333,619430,1,3,609875
ps,3,1048576,200000.0,0.4,0.0,1.0,89,8,50,2975916,619430,1,3,651624
ps,3,1048576,200000.0,0.4,0.0,1.0,89,8,51,2981666,619430,1,3,595124
ps,3,1048576,200000.0,0.4,0.0,1.0,89,8,52,2998958,619430,1,3,579958
ps,3,1048576,200000.0,0.4,0.0,1.0,89,8,53,3029792,619430,1,3,579459
ps,3,1048576,200000.0,0.4,0.0,1.0,89,8,54,3017625,619430,1,3,670292
ps,3,1048576,200000.0,0.4,0.0,1.0,89,8,55,2912417,619430,1,3,600667
ps,3,1048576,200000.0,0.4,0.0,1.0,89,8,56,2967500,619430,1,3,624583
ps,3,1048576,200000.0,0.4,0.0,1.0,89,8,57,3166041,619430,1,3,520791
ps,3,1048576,200000.0,0.4,0.0,1.0,89,8,58,2929166,619430,1,3,632958
ps,3,1048576,200000.0,0.4,0.0,1.0,89,8,59,2958792,619430,1,3,582792
ps,3,1048576,200000.0,0.4,0.0,1.0,89,8,60,3078792,619430,1,3,639792
ps,3,1048576,200000.0,0.4,0.0,1.0,89,8,61,2990375,619430,1,3,641584
ps,3,1048576,200000.0,0.4,0.0,1.0,89,8,62,3192791,619430,1,3,785416
ps,3,1048576,200000.0,0.4,0.0,1.0,89,8,63,6185375,619430,1,3,3376083
ps,3,1048576,200000.0,0.4,0.0,1.0,89,8,64,3698250,619430,1,3,771750
ps,3,1048576,200000.0,0.4,0.0,1.0,89,8,65,3324625,619430,1,3,709125
ps,3,1048576,200000.0,0.4,0.0,1.0,89,8,66,3101292,619430,1,3,426917
ps,3,1048576,200000.0,0.4,0.0,1.0,89,8,67,3069083,619430,1,3,673125
ps,3,1048576,200000.0,0.4,0.0,1.0,89,8,68,3011917,619430,1,3,593500
ps,3,1048576,200000.0,0.4,0.0,1.0,89,8,69,2977708,619430,1,3,582708
ps,3,1048576,200000.0,0.4,0.0,1.0,89,8,70,3142666,619430,1,3,672958
ps,3,1048576,200000.0,0.4,0.0,1.0,89,8,71,3225375,619430,1,3,626750
ps,3,1048576,200000.0,0.4,0.0,1.0,89,8,72,2950834,619430,1,3,489959
ps,3,1048576,200000.0,0.4,0.0,1.0,89,8,73,2962708,619430,1,3,498917
ps,3,1048576,200000.0,0.4,0.0,1.0,89,8,74,2960500,619430,1,3,639416
ps,3,1048576,200000.0,0.4,0.0,1.0,89,8,75,3087708,619430,1,3,637541
ps,3,1048576,200000.0,0.4,0.0,1.0,89,8,76,2941584,619430,1,3,606334
ps,3,1048576,200000.0,0.4,0.0,1.0,89,8,77,2872458,619430,1,3,571208
ps,3,1048576,200000.0,0.4,0.0,1.0,89,8,78,3050750,619430,1,3,585333
ps,3,1048576,200000.0,0.4,0.0,1.0,89,8,79,3183208,619430,1,3,686792
ps,3,1048576,200000.0,0.4,0.0,1.0,89,8,80,2983417,619430,1,3,620500
ps,3,1048576,200000.0,0.4,0.0,1.0,89,8,81,2937334,619430,1,3,618542
ps,3,1048576,200000.0,0.4,0.0,1.0,89,8,82,2978459,619430,1,3,580292
ps,3,1048576,200000.0,0.4,0.0,1.0,89,8,83,3013500,619430,1,3,601084
ps,3,1048576,200000.0,0.4,0.0,1.0,89,8,84,3059625,619430,1,3,639541
ps,3,1048576,200000.0,0.4,0.0,1.0,89,8,85,3022958,619430,1,3,636375
ps,3,1048576,200000.0,0.4,0.0,1.0,89,8,86,2903958,619430,1,3,579916
ps,3,1048576,200000.0,0.4,0.0,1.0,89,8,87,3025833,619430,1,3,584541
ps,3,1048576,200000.0,0.4,0.0,1.0,89,8,88,3031667,619430,1,3,587083
ps,3,1048576,200000.0,0.4,0.0,1.0,89,8,89,3007333,619430,1,3,676042
ps,3,1048576,200000.0,0.4,0.0,1.0,89,8,90,3143584,619430,1,3,596459
ps,3,1048576,200000.0,0.4,0.0,1.0,89,8,91,3024875,619430,1,3,588666
ps,3,1048576,200000.0,0.4,0.0,1.0,89,8,92,3076542,619430,1,3,447750
ps,3,1048576,200000.0,0.4,0.0,1.0,89,8,93,2945750,619430,1,3,493583
ps,3,1048576,200000.0,0.4,0.0,1.0,89,8,94,3055583,619430,1,3,616833
ps,3,1048576,200000.0,0.4,0.0,1.0,89,8,95,2982625,619430,1,3,594625
ps,3,1048576,200000.0,0.4,0.0,1.0,89,8,96,3193208,619430,1,3,576750
ps,3,1048576,200000.0,0.4,0.0,1.0,89,8,97,2959917,619430,1,3,565167
ps,3,1048576,200000.0,0.4,0.0,1.0,89,8,98,2963625,619430,1,3,620416
ps,3,1048576,200000.0,0.4,0.0,1.0,89,8,99,3045500,619430,1,3,591583
ps,3,1048576,200000.0,0.4,0.0,1.0,89,8,100,3153042,619430,1,3,646042
ps,3,1048576,200000.0,0.4,0.0,1.0,89,8,101,3137667,619430,1,3,532750
ps,3,1048576,200000.0,0.4,0.0,1.0,89,8,102,3195833,619430,1,3,525583
ps,3,1048576,200000.0,0.4,0.0,1.0,89,8,103,2946167,619430,1,3,584542
ps,3,1048576,200000.0,0.4,0.0,1.0,89,8,104,2961750,619430,1,3,586625
ps,3,1048576,200000.0,0.4,0.0,1.0,89,8,105,2965708,619430,1,3,688041
ps,3,1048576,200000.0,0.4,0.0,1.0,89,8,106,3137500,619430,1,3,593458
ps,3,1048576,200000.0,0.4,0.0,1.0,89,8,107,3136500,619430,1,3,522667
ps,3,1048576,200000.0,0.4,0.0,1.0,89,8,108,2993208,619430,1,3,538167
ps,3,1048576,200000.0,0.4,0.0,1.0,89,8,109,2914625,619430,1,3,515917
ps,3,1048576,200000.0,0.4,0.0,1.0,89,8,110,3124667,619430,1,3,497709
ps,3,1048576,200000.0,0.4,0.0,1.0,89,8,111,3056125,619430,1,3,536959
ps,3,1048576,200000.0,0.4,0.0,1.0,89,8,112,3034625,619430,1,3,538875
ps,3,1048576,200000.0,0.4,0.0,1.0,89,8,113,3040584,619430,1,3,513209
ps,3,1048576,200000.0,0.4,0.0,1.0,89,8,114,2986417,619430,1,3,542750
ps,3,1048576,200000.0,0.4,0.0,1.0,89,8,115,2977583,619430,1,3,554333
ps,3,1048576,200000.0,0.4,0.0,1.0,89,8,116,2958167,619430,1,3,505167
ps,3,1048576,200000.0,0.4,0.0,1.0,89,8,117,2942375,619430,1,3,529125
ps,3,1048576,200000.0,0.4,0.0,1.0,89,8,118,2906666,619430,1,3,501957
ps,3,1048576,200000.0,0.4,0.0,1.0,89,8,119,3085542,619430,1,3,629001
ps,3,1048576,200000.0,0.4,0.0,1.0,89,8,120,2979208,619430,1,3,600375
ps,3,1048576,200000.0,0.4,0.0,1.0,89,8,121,3067375,619430,1,3,566917
ps,3,1048576,200000.0,0.4,0.0,1.0,89,8,122,3066375,619430,1,3,500708
ps,3,1048576,200000.0,0.4,0.0,1.0,89,8,123,3070542,619430,1,3,623250
ps,3,1048576,200000.0,0.4,0.0,1.0,89,8,124,3412333,619430,1,3,558292
ps,3,1048576,200000.0,0.4,0.0,1.0,89,8,125,4094167,1238860,2,3,425875
ps,3,1048576,200000.0,0.4,0.0,1.0,89,8,126,3771625,619430,1,3,567416
ps,3,1048576,200000.0,0.4,0.0,1.0,89,8,127,3318583,619430,1,3,640250
ps,3,1048576,200000.0,0.4,0.0,1.0,89,8,128,3032333,619430,1,3,550667
ps,3,1048576,200000.0,0.4,0.0,1.0,89,8,129,2997292,619430,1,3,671042
ps,3,1048576,200000.0,0.4,0.0,1.0,89,8,130,3132208,619430,1,3,702333
ps,3,1048576,200000.0,0.4,0.0,1.0,89,8,131,3108375,619430,1,3,634083
ps,3,1048576,200000.0,0.4,0.0,1.0,89,8,132,3051917,619430,1,3,517959
ps,3,1048576,200000.0,0.4,0.0,1.0,89,8,133,2961041,619430,1,3,481791
ps,3,1048576,200000.0,0.4,0.0,1.0,89,8,134,2958333,619430,1,3,646916
ps,3,1048576,200000.0,0.4,0.0,1.0,89,8,135,3062084,619430,1,3,517126
ps,3,1048576,200000.0,0.4,0.0,1.0,89,8,136,3264625,619430,1,3,464750
ps,3,1048576,200000.0,0.4,0.0,1.0,89,8,137,3619250,619430,1,3,714292
ps,3,1048576,200000.0,0.4,0.0,1.0,89,8,138,4725417,619430,1,3,453292
ps,3,1048576,200000.0,0.4,0.0,1.0,89,8,139,3244500,619430,1,3,595041
ps,3,1048576,200000.0,0.4,0.0,1.0,89,8,140,3010041,619430,1,3,625249
ps,3,1048576,200000.0,0.4,0.0,1.0,89,8,141,3060667,619430,1,3,535792
ps,3,1048576,200000.0,0.4,0.0,1.0,89,8,142,3028416,619430,1,3,602541
ps,3,1048576,200000.0,0.4,0.0,1.0,89,8,143,3268917,619430,1,3,591250
ps,3,1048576,200000.0,0.4,0.0,1.0,89,8,144,3396292,619430,1,3,447417
ps,3,1048576,200000.0,0.4,0.0,1.0,89,8,145,2987208,619430,1,3,602874
ps,3,1048576,200000.0,0.4,0.0,1.0,89,8,146,3032334,619430,1,3,534125
ps,3,1048576,200000.0,0.4,0.0,1.0,89,8,147,3035625,619430,1,3,500833
ps,3,1048576,200000.0,0.4,0.0,1.0,89,8,148,3222125,619430,1,3,627666
ps,3,1048576,200000.0,0.4,0.0,1.0,89,8,149,3073166,619430,1,3,602791
ps,3,1048576,200000.0,0.4,0.0,1.0,89,8,150,3082125,619430,1,3,530625
ps,3,1048576,200000.0,0.4,0.0,1.0,89,8,151,3154542,619430,1,3,624625
ps,3,1048576,200000.0,0.4,0.0,1.0,89,8,152,3068375,619430,1,3,569000
ps,3,1048576,200000.0,0.4,0.0,1.0,89,8,153,2951084,619430,1,3,603626
ps,3,1048576,200000.0,0.4,0.0,1.0,89,8,154,3080125,619430,1,3,500416
ps,3,1048576,200000.0,0.4,0.0,1.0,89,8,155,3023416,619430,1,3,521666
ps,3,1048576,200000.0,0.4,0.0,1.0,89,8,156,2977250,619430,1,3,645041
ps,3,1048576,200000.0,0.4,0.0,1.0,89,8,157,3455875,1238860,2,3,426208
ps,3,1048576,200000.0,0.4,0.0,1.0,89,8,158,4690916,619430,1,3,385874
ps,3,1048576,200000.0,0.4,0.0,1.0,89,8,159,3859250,619430,1,3,713875
ps,3,1048576,200000.0,0.4,0.0,1.0,89,8,160,3197750,619430,1,3,611375
ps,3,1048576,200000.0,0.4,0.0,1.0,89,8,161,3126959,619430,1,3,503668
ps,3,1048576,200000.0,0.4,0.0,1.0,89,8,162,3116042,619430,1,3,563126
ps,3,1048576,200000.0,0.4,0.0,1.0,89,8,163,3036292,619430,1,3,609542
ps,3,1048576,200000.0,0.4,0.0,1.0,89,8,164,3021792,619430,1,3,678876
ps,3,1048576,200000.0,0.4,0.0,1.0,89,8,165,3052709,619430,1,3,510292
ps,3,1048576,200000.0,0.4,0.0,1.0,89,8,166,3001000,619430,1,3,614542
ps,3,1048576,200000.0,0.4,0.0,1.0,89,8,167,2996542,619430,1,3,609209
ps,3,1048576,200000.0,0.4,0.0,1.0,89,8,168,2985208,619430,1,3,653833
ps,3,1048576,200000.0,0.4,0.0,1.0,89,8,169,3005000,619430,1,3,648625
ps,3,1048576,200000.0,0.4,0.0,1.0,89,8,170,2918000,619430,1,3,492208
ps,3,1048576,200000.0,0.4,0.0,1.0,89,8,171,2916084,619430,1,3,591167
ps,3,1048576,200000.0,0.4,0.0,1.0,89,8,172,3576666,619430,1,3,608124
ps,3,1048576,200000.0,0.4,0.0,1.0,89,8,173,6366167,619430,1,3,275292
ps,3,1048576,200000.0,0.4,0.0,1.0,89,8,174,4000041,619430,1,3,726791
ps,3,1048576,200000.0,0.4,0.0,1.0,89,8,175,3037541,619430,1,3,571624
ps,3,1048576,200000.0,0.4,0.0,1.0,89,8,176,3043750,619430,1,3,574500
ps,3,1048576,200000.0,0.4,0.0,1.0,89,8,177,3049042,619430,1,3,584667
ps,3,1048576,200000.0,0.4,0.0,1.0,89,8,178,3049333,619430,1,3,537000
ps,3,1048576,200000.0,0.4,0.0,1.0,89,8,179,3135542,619430,1,3,591251
ps,3,1048576,200000.0,0.4,0.0,1.0,89,8,180,2945250,619430,1,3,606625
ps,3,1048576,200000.0,0.4,0.0,1.0,89,8,181,3101250,619430,1,3,631584
ps,3,1048576,200000.0,0.4,0.0,1.0,89,8,182,3079917,619430,1,3,562667
ps,3,1048576,200000.0,0.4,0.0,1.0,89,8,183,3040208,619430,1,3,504208
ps,3,1048576,200000.0,0.4,0.0,1.0,89,8,184,3074125,619430,1,3,539500
ps,3,1048576,200000.0,0.4,0.0,1.0,89,8,185,3015625,619430,1,3,512542
ps,3,1048576,200000.0,0.4,0.0,1.0,89,8,186,3045834,619430,1,3,599042
ps,3,1048576,200000.0,0.4,0.0,1.0,89,8,187,3184167,619430,1,3,630958
ps,3,1048576,200000.0,0.4,0.0,1.0,89,8,188,3068542,619430,1,3,595500
ps,3,1048576,200000.0,0.4,0.0,1.0,89,8,189,3201083,619430,1,3,590999
ps,3,1048576,200000.0,0.4,0.0,1.0,89,8,190,2964834,619430,1,3,557626
ps,3,1048576,200000.0,0.4,0.0,1.0,89,8,191,2950084,619430,1,3,583917
ps,3,1048576,200000.0,0.4,0.0,1.0,89,8,192,3027291,619430,1,3,590082
ps,3,1048576,200000.0,0.4,0.0,1.0,89,8,193,3043333,619430,1,3,648791
ps,3,1048576,200000.0,0.4,0.0,1.0,89,8,194,3097125,619430,1,3,716542
ps,3,1048576,200000.0,0.4,0.0,1.0,89,8,195,3137209,619430,1,3,583792
ps,3,1048576,200000.0,0.4,0.0,1.0,89,8,196,2944833,619430,1,3,459583
ps,3,1048576,200000.0,0.4,0.0,1.0,89,8,197,3119750,619430,1,3,633125
ps,3,1048576,200000.0,0.4,0.0,1.0,89,8,198,3122708,619430,1,3,613416
ps,3,1048576,200000.0,0.4,0.0,1.0,89,8,199,3085375,619430,1,3,511542
ps,3,1048576,200000.0,0.4,0.0,1.0,89,8,200,3067083,619430,1,3,546792
ps,3,1048576,200000.0,0.4,0.0,1.0,89,8,201,3070542,619430,1,3,636584
ps,3,1048576,200000.0,0.4,0.0,1.0,89,8,202,3098166,619430,1,3,558207
ps,3,1048576,200000.0,0.4,0.0,1.0,89,8,203,3083917,619430,1,3,618084
ps,3,1048576,200000.0,0.4,0.0,1.0,89,8,204,3021458,619430,1,3,667125
ps,3,1048576,200000.0,0.4,0.0,1.0,89,8,205,3053292,619430,1,3,655792
ps,3,1048576,200000.0,0.4,0.0,1.0,89,8,206,3118875,619430,1,3,713375
ps,3,1048576,200000.0,0.4,0.0,1.0,89,8,207,3025667,619430,1,3,644792
ps,3,1048576,200000.0,0.4,0.0,1.0,89,8,208,3087917,619430,1,3,652792
ps,3,1048576,200000.0,0.4,0.0,1.0,89,8,209,3116375,619430,1,3,569834
ps,3,1048576,200000.0,0.4,0.0,1.0,89,8,210,3055333,619430,1,3,555250
ps,3,1048576,200000.0,0.4,0.0,1.0,89,8,211,3288875,619430,1,3,570041
ps,3,1048576,200000.0,0.4,0.0,1.0,89,8,212,3092667,619430,1,3,482876
ps,3,1048576,200000.0,0.4,0.0,1.0,89,8,213,3093083,619430,1,3,590000
ps,3,1048576,200000.0,0.4,0.0,1.0,89,8,214,2999541,619430,1,3,568124
ps,3,1048576,200000.0,0.4,0.0,1.0,89,8,215,3120416,619430,1,3,547958
ps,3,1048576,200000.0,0.4,0.0,1.0,89,8,216,3216083,619430,1,3,541542
ps,3,1048576,200000.0,0.4,0.0,1.0,89,8,217,3093416,619430,1,3,525291
ps,3,1048576,200000.0,0.4,0.0,1.0,89,8,218,3267875,619430,1,3,593042
ps,3,1048576,200000.0,0.4,0.0,1.0,89,8,219,3079709,619430,1,3,572626
ps,3,1048576,200000.0,0.4,0.0,1.0,89,8,220,3348416,619430,1,3,535541
ps,3,1048576,200000.0,0.4,0.0,1.0,89,8,221,3799042,619430,1,3,471292
ps,3,1048576,200000.0,0.4,0.0,1.0,89,8,222,5107667,619430,1,3,297209
ps,3,1048576,200000.0,0.4,0.0,1.0,89,8,223,3817542,619430,1,3,471875
ps,3,1048576,200000.0,0.4,0.0,1.0,89,8,224,3257625,619430,1,3,569750
ps,3,1048576,200000.0,0.4,0.0,1.0,89,8,225,3167500,619430,1,3,621042
ps,3,1048576,200000.0,0.4,0.0,1.0,89,8,226,2958417,619430,1,3,604958
ps,3,1048576,200000.0,0.4,0.0,1.0,89,8,227,3058375,619430,1,3,645292
ps,3,1048576,200000.0,0.4,0.0,1.0,89,8,228,2985791,619430,1,3,616374
ps,3,1048576,200000.0,0.4,0.0,1.0,89,8,229,3075916,619430,1,3,594957
ps,3,1048576,200000.0,0.4,0.0,1.0,89,8,230,3056375,619430,1,3,564750
ps,3,1048576,200000.0,0.4,0.0,1.0,89,8,231,3273625,619430,1,3,636542
ps,3,1048576,200000.0,0.4,0.0,1.0,89,8,232,4402542,619430,1,3,847084
ps,3,1048576,200000.0,0.4,0.0,1.0,89,8,233,4566167,1238860,2,3,708125
ps,3,1048576,200000.0,0.4,0.0,1.0,89,8,234,3579458,619430,1,3,614750
ps,3,1048576,200000.0,0.4,0.0,1.0,89,8,235,2941791,619430,1,3,590750
ps,3,1048576,200000.0,0.4,0.0,1.0,89,8,236,3052000,619430,1,3,548416
ps,3,1048576,200000.0,0.4,0.0,1.0,89,8,237,3014250,619430,1,3,584875
ps,3,1048576,200000.0,0.4,0.0,1.0,89,8,238,3025167,619430,1,3,590833
ps,3,1048576,200000.0,0.4,0.0,1.0,89,8,239,2976084,619430,1,3,602750
ps,3,1048576,200000.0,0.4,0.0,1.0,89,8,240,3040750,619430,1,3,556250
ps,3,1048576,200000.0,0.4,0.0,1.0,89,8,241,3039875,619430,1,3,523084
ps,3,1048576,200000.0,0.4,0.0,1.0,89,8,242,3083791,619430,1,3,578208
ps,3,1048576,200000.0,0.4,0.0,1.0,89,8,243,3242416,619430,1,3,616791
ps,3,1048576,200000.0,0.4,0.0,1.0,89,8,244,3013166,619430,1,3,530124
ps,3,1048576,200000.0,0.4,0.0,1.0,89,8,245,3102208,619430,1,3,512208
ps,3,1048576,200000.0,0.4,0.0,1.0,89,8,246,3184542,619430,1,3,555375
ps,3,1048576,200000.0,0.4,0.0,1.0,89,8,247,3042541,619430,1,3,513166
ps,3,1048576,200000.0,0.4,0.0,1.0,89,8,248,3005167,619430,1,3,514292
ps,3,1048576,200000.0,0.4,0.0,1.0,89,8,249,3012458,619430,1,3,494333
ps,3,1048576,200000.0,0.4,0.0,1.0,89,8,250,2994375,619430,1,3,547208
ps,3,1048576,200000.0,0.4,0.0,1.0,89,8,251,3277208,619430,1,3,641916
ps,3,1048576,200000.0,0.4,0.0,1.0,89,8,252,3058834,619430,1,3,543584
ps,3,1048576,200000.0,0.4,0.0,1.0,89,8,253,3013791,619430,1,3,498374
ps,3,1048576,200000.0,0.4,0.0,1.0,89,8,254,2958500,619430,1,3,623500
ps,3,1048576,200000.0,0.4,0.0,1.0,89,8,255,2984666,619430,1,3,522624
ps,3,1048576,200000.0,0.4,0.0,1.0,89,8,256,3005500,619430,1,3,613666
ps,3,1048576,200000.0,0.4,0.0,1.0,89,8,257,2931291,619430,1,3,533416
ps,3,1048576,200000.0,0.4,0.0,1.0,89,8,258,3040125,619430,1,3,697875
ps,3,1048576,200000.0,0.4,0.0,1.0,89,8,259,3045500,619430,1,3,633833
ps,3,1048576,200000.0,0.4,0.0,1.0,89,8,260,3831417,619430,1,3,679833
ps,3,1048576,200000.0,0.4,0.0,1.0,89,8,261,3118084,619430,1,3,514584
ps,3,1048576,200000.0,0.4,0.0,1.0,89,8,262,2912917,619430,1,3,608708
ps,3,1048576,200000.0,0.4,0.0,1.0,89,8,263,2906333,619430,1,3,605541
ps,3,1048576,200000.0,0.4,0.0,1.0,89,8,264,3015750,619430,1,3,641375
ps,3,1048576,200000.0,0.4,0.0,1.0,89,8,265,2963084,619430,1,3,596500
ps,3,1048576,200000.0,0.4,0.0,1.0,89,8,266,2967209,619430,1,3,628709
ps,3,1048576,200000.0,0.4,0.0,1.0,89,8,267,2982000,619430,1,3,505375
ps,3,1048576,200000.0,0.4,0.0,1.0,89,8,268,3108084,619430,1,3,564876
ps,3,1048576,200000.0,0.4,0.0,1.0,89,8,269,2918334,619430,1,3,618167
ps,3,1048576,200000.0,0.4,0.0,1.0,89,8,270,3198083,619430,1,3,645583
ps,3,1048576,200000.0,0.4,0.0,1.0,89,8,271,3221917,619430,1,3,656334
ps,3,1048576,200000.0,0.4,0.0,1.0,89,8,272,3033708,619430,1,3,633166
ps,3,1048576,200000.0,0.4,0.0,1.0,89,8,273,3080583,619430,1,3,664583
ps,3,1048576,200000.0,0.4,0.0,1.0,89,8,274,2983208,619430,1,3,606208
ps,3,1048576,200000.0,0.4,0.0,1.0,89,8,275,3065333,619430,1,3,650583
ps,3,1048576,200000.0,0.4,0.0,1.0,89,8,276,3057166,619430,1,3,647916
ps,3,1048576,200000.0,0.4,0.0,1.0,89,8,277,2887292,619430,1,3,634584
ps,3,1048576,200000.0,0.4,0.0,1.0,89,8,278,2943875,619430,1,3,660375
ps,3,1048576,200000.0,0.4,0.0,1.0,89,8,279,2966458,619430,1,3,639541
ps,3,1048576,200000.0,0.4,0.0,1.0,89,8,280,3173416,619430,1,3,651082
ps,3,1048576,200000.0,0.4,0.0,1.0,89,8,281,2979833,619430,1,3,480624
ps,3,1048576,200000.0,0.4,0.0,1.0,89,8,282,2943041,619430,1,3,521583
ps,3,1048576,200000.0,0.4,0.0,1.0,89,8,283,3085292,619430,1,3,651375
ps,3,1048576,200000.0,0.4,0.0,1.0,89,8,284,3124083,619430,1,3,567291
ps,3,1048576,200000.0,0.4,0.0,1.0,89,8,285,2976416,619430,1,3,716791
ps,3,1048576,200000.0,0.4,0.0,1.0,89,8,286,2918500,619430,1,3,643708
ps,3,1048576,200000.0,0.4,0.0,1.0,89,8,287,3097875,619430,1,3,675583
ps,3,1048576,200000.0,0.4,0.0,1.0,89,8,288,3338083,619430,1,3,538042
ps,3,1048576,200000.0,0.4,0.0,1.0,89,8,289,2978875,619430,1,3,611250
ps,3,1048576,200000.0,0.4,0.0,1.0,89,8,290,3004250,619430,1,3,621209
ps,3,1048576,200000.0,0.4,0.0,1.0,89,8,291,2920084,619430,1,3,637376
ps,3,1048576,200000.0,0.4,0.0,1.0,89,8,292,2931791,619430,1,3,635749
ps,3,1048576,200000.0,0.4,0.0,1.0,89,8,293,2862625,619430,1,3,597625
ps,3,1048576,200000.0,0.4,0.0,1.0,89,8,294,2892750,619430,1,3,617917
ps,3,1048576,200000.0,0.4,0.0,1.0,89,8,295,2833125,619430,1,3,593625
ps,3,1048576,200000.0,0.4,0.0,1.0,89,8,296,2885875,619430,1,3,625750
ps,3,1048576,200000.0,0.4,0.0,1.0,89,8,297,3091625,619430,1,3,619667
ps,3,1048576,200000.0,0.4,0.0,1.0,89,8,298,3161917,619430,1,3,530792
ps,3,1048576,200000.0,0.4,0.0,1.0,89,8,299,3018834,619430,1,3,538084
ps,3,1048576,200000.0,0.4,0.0,1.0,89,8,300,3129291,619430,1,3,547124
ps,3,1048576,200000.0,0.4,0.0,1.0,89,8,301,3038166,619430,1,3,487875
ps,3,1048576,200000.0,0.4,0.0,1.0,89,8,302,3076667,619430,1,3,492959
ps,3,1048576,200000.0,0.4,0.0,1.0,89,8,303,3025916,619430,1,3,581749
ps,3,1048576,200000.0,0.4,0.0,1.0,89,8,304,2953000,619430,1,3,559250
ps,3,1048576,200000.0,0.4,0.0,1.0,89,8,305,2991292,619430,1,3,627542
ps,3,1048576,200000.0,0.4,0.0,1.0,89,8,306,2921084,619430,1,3,596834
ps,3,1048576,200000.0,0.4,0.0,1.0,89,8,307,2981125,619430,1,3,640917
ps,3,1048576,200000.0,0.4,0.0,1.0,89,8,308,3089333,619430,1,3,509083
ps,3,1048576,200000.0,0.4,0.0,1.0,89,8,309,3108333,619430,1,3,514875
ps,3,1048576,200000.0,0.4,0.0,1.0,89,8,310,3144167,619430,1,3,546667
ps,3,1048576,200000.0,0.4,0.0,1.0,89,8,311,3151500,619430,1,3,526667
ps,3,1048576,200000.0,0.4,0.0,1.0,89,8,312,3111625,619430,1,3,545833
ps,3,1048576,200000.0,0.4,0.0,1.0,89,8,313,3004584,619430,1,3,520584
ps,3,1048576,200000.0,0.4,0.0,1.0,89,8,314,3025292,619430,1,3,505042
ps,3,1048576,200000.0,0.4,0.0,1.0,89,8,315,3036167,619430,1,3,535001
ps,3,1048576,200000.0,0.4,0.0,1.0,89,8,316,3144209,619430,1,3,622500
ps,3,1048576,200000.0,0.4,0.0,1.0,89,8,317,2996084,619430,1,3,618792
ps,3,1048576,200000.0,0.4,0.0,1.0,89,8,318,2913708,619430,1,3,632666
ps,3,1048576,200000.0,0.4,0.0,1.0,89,8,319,4118875,619430,1,3,605625
ps,3,1048576,200000.0,0.4,0.0,1.0,89,8,320,3075250,619430,1,3,555167
ps,3,1048576,200000.0,0.4,0.0,1.0,89,8,321,3080000,619430,1,3,443083
ps,3,1048576,200000.0,0.4,0.0,1.0,89,8,322,3281458,619430,1,3,631000
ps,3,1048576,200000.0,0.4,0.0,1.0,89,8,323,3075584,619430,1,3,487959
ps,3,1048576,200000.0,0.4,0.0,1.0,89,8,324,2932375,619430,1,3,484541
ps,3,1048576,200000.0,0.4,0.0,1.0,89,8,325,2997916,619430,1,3,644499
ps,3,1048576,200000.0,0.4,0.0,1.0,89,8,326,3051375,619430,1,3,472750
ps,3,1048576,200000.0,0.4,0.0,1.0,89,8,327,3096500,619430,1,3,660625
ps,3,1048576,200000.0,0.4,0.0,1.0,89,8,328,3037667,619430,1,3,705292
ps,3,1048576,200000.0,0.4,0.0,1.0,89,8,329,3038500,619430,1,3,540000
ps,3,1048576,200000.0,0.4,0.0,1.0,89,8,330,3135167,619430,1,3,510084
ps,3,1048576,200000.0,0.4,0.0,1.0,89,8,331,3133000,619430,1,3,494458
ps,3,1048576,200000.0,0.4,0.0,1.0,89,8,332,3059500,619430,1,3,530291
ps,3,1048576,200000.0,0.4,0.0,1.0,89,8,333,3041875,619430,1,3,510625
ps,3,1048576,200000.0,0.4,0.0,1.0,89,8,334,3024250,619430,1,3,527291
ps,3,1048576,200000.0,0.4,0.0,1.0,89,8,335,3065125,619430,1,3,490500
ps,3,1048576,200000.0,0.4,0.0,1.0,89,8,336,2929167,619430,1,3,628792
ps,3,1048576,200000.0,0.4,0.0,1.0,89,8,337,2981083,619430,1,3,685041
ps,3,1048576,200000.0,0.4,0.0,1.0,89,8,338,2909167,619430,1,3,576834
ps,3,1048576,200000.0,0.4,0.0,1.0,89,8,339,2933334,619430,1,3,583501
ps,3,1048576,200000.0,0.4,0.0,1.0,89,8,340,2888958,619430,1,3,564833
ps,3,1048576,200000.0,0.4,0.0,1.0,89,8,341,2924583,619430,1,3,609124
ps,3,1048576,200000.0,0.4,0.0,1.0,89,8,342,2997250,619430,1,3,501166
ps,3,1048576,200000.0,0.4,0.0,1.0,89,8,343,2984917,619430,1,3,579667
ps,3,1048576,200000.0,0.4,0.0,1.0,89,8,344,2981333,619430,1,3,539458
ps,3,1048576,200000.0,0.4,0.0,1.0,89,8,345,3060084,619430,1,3,680459
ps,3,1048576,200000.0,0.4,0.0,1.0,89,8,346,3165292,619430,1,3,673708
ps,3,1048576,200000.0,0.4,0.0,1.0,89,8,347,2952292,619430,1,3,515375
ps,3,1048576,200000.0,0.4,0.0,1.0,89,8,348,2926000,619430,1,3,613792
ps,3,1048576,200000.0,0.4,0.0,1.0,89,8,349,2853542,619430,1,3,547417
ps,3,1048576,200000.0,0.4,0.0,1.0,89,8,350,3185291,619430,1,3,552791
ps,3,1048576,200000.0,0.4,0.0,1.0,89,8,351,2958042,619430,1,3,584833
ps,3,1048576,200000.0,0.4,0.0,1.0,89,8,352,3022000,619430,1,3,555959
ps,3,1048576,200000.0,0.4,0.0,1.0,89,8,353,3105709,619430,1,3,498001
ps,3,1048576,200000.0,0.4,0.0,1.0,89,8,354,3006875,619430,1,3,523667
ps,3,1048576,200000.0,0.4,0.0,1.0,89,8,355,3156792,619430,1,3,660876
ps,3,1048576,200000.0,0.4,0.0,1.0,89,8,356,3013792,619430,1,3,583167
ps,3,1048576,200000.0,0.4,0.0,1.0,89,8,357,2912792,619430,1,3,603458
ps,3,1048576,200000.0,0.4,0.0,1.0,89,8,358,2973750,619430,1,3,542291
ps,3,1048576,200000.0,0.4,0.0,1.0,89,8,359,2934417,619430,1,3,598834
ps,3,1048576,200000.0,0.4,0.0,1.0,89,8,360,2893833,619430,1,3,530291
ps,3,1048576,200000.0,0.4,0.0,1.0,89,8,361,2971333,619430,1,3,627083
ps,3,1048576,200000.0,0.4,0.0,1.0,89,8,362,2951125,619430,1,3,612792
ps,3,1048576,200000.0,0.4,0.0,1.0,89,8,363,3016125,619430,1,3,533584
ps,3,1048576,200000.0,0.4,0.0,1.0,89,8,364,2922958,619430,1,3,586875
ps,3,1048576,200000.0,0.4,0.0,1.0,89,8,365,2981917,619430,1,3,532709
ps,3,1048576,200000.0,0.4,0.0,1.0,89,8,366,3012875,619430,1,3,639208
ps,3,1048576,200000.0,0.4,0.0,1.0,89,8,367,2975625,619430,1,3,612958
ps,3,1048576,200000.0,0.4,0.0,1.0,89,8,368,3143084,619430,1,3,523001
ps,3,1048576,200000.0,0.4,0.0,1.0,89,8,369,2880750,619430,1,3,598125
ps,3,1048576,200000.0,0.4,0.0,1.0,89,8,370,2930708,619430,1,3,518458
ps,3,1048576,200000.0,0.4,0.0,1.0,89,8,371,3036292,619430,1,3,624042
ps,3,1048576,200000.0,0.4,0.0,1.0,89,8,372,2945000,619430,1,3,622958
ps,3,1048576,200000.0,0.4,0.0,1.0,89,8,373,3133667,619430,1,3,533584
ps,3,1048576,200000.0,0.4,0.0,1.0,89,8,374,2920667,619430,1,3,591875
ps,3,1048576,200000.0,0.4,0.0,1.0,89,8,375,2918250,619430,1,3,517833
ps,3,1048576,200000.0,0.4,0.0,1.0,89,8,376,3067541,619430,1,3,644416
ps,3,1048576,200000.0,0.4,0.0,1.0,89,8,377,3029583,619430,1,3,551666
ps,3,1048576,200000.0,0.4,0.0,1.0,89,8,378,2988959,619430,1,3,617000
ps,3,1048576,200000.0,0.4,0.0,1.0,89,8,379,2928750,619430,1,3,604500
ps,3,1048576,200000.0,0.4,0.0,1.0,89,8,380,2909458,619430,1,3,486583
ps,3,1048576,200000.0,0.4,0.0,1.0,89,8,381,3058833,619430,1,3,617458
ps,3,1048576,200000.0,0.4,0.0,1.0,89,8,382,2958834,619430,1,3,623751
ps,3,1048576,200000.0,0.4,0.0,1.0,89,8,383,3012334,619430,1,3,524917
ps,3,1048576,200000.0,0.4,0.0,1.0,89,8,384,3015584,619430,1,3,519626
ps,3,1048576,200000.0,0.4,0.0,1.0,89,8,385,2956667,619430,1,3,581792
ps,3,1048576,200000.0,0.4,0.0,1.0,89,8,386,2946333,619430,1,3,613583
ps,3,1048576,200000.0,0.4,0.0,1.0,89,8,387,2962208,619430,1,3,607667
ps,3,1048576,200000.0,0.4,0.0,1.0,89,8,388,3093125,619430,1,3,587209
ps,3,1048576,200000.0,0.4,0.0,1.0,89,8,389,2930042,619430,1,3,624625
ps,3,1048576,200000.0,0.4,0.0,1.0,89,8,390,3020250,619430,1,3,499417
ps,3,1048576,200000.0,0.4,0.0,1.0,89,8,391,3129250,619430,1,3,619542
ps,3,1048576,200000.0,0.4,0.0,1.0,89,8,392,3051417,619430,1,3,545251
ps,3,1048576,200000.0,0.4,0.0,1.0,89,8,393,3097750,619430,1,3,649208
ps,3,1048576,200000.0,0.4,0.0,1.0,89,8,394,2970750,619430,1,3,621542
ps,3,1048576,200000.0,0.4,0.0,1.0,89,8,395,2988584,619430,1,3,630834
ps,3,1048576,200000.0,0.4,0.0,1.0,89,8,396,2941000,619430,1,3,617333
ps,3,1048576,200000.0,0.4,0.0,1.0,89,8,397,2957791,619430,1,3,644249
ps,3,1048576,200000.0,0.4,0.0,1.0,89,8,398,2879083,619430,1,3,616041
ps,3,1048576,200000.0,0.4,0.0,1.0,89,8,399,2962458,619430,1,3,670333
ring,3,1048576,200000.0,0.4,0.0,1.0,89,9,0,3072417,1359244,4,3,155542
ring,3,1048576,200000.0,0.4,0.0,1.0,89,9,1,2871292,1359244,4,3,154292
ring,3,1048576,200000.0,0.4,0.0,1.0,89,9,2,2985041,1359244,4,3,177374
ring,3,1048576,200000.0,0.4,0.0,1.0,89,9,3,3030167,1359244,4,3,145083
ring,3,1048576,200000.0,0.4,0.0,1.0,89,9,4,3086000,1359244,4,3,157792
ring,3,1048576,200000.0,0.4,0.0,1.0,89,9,5,3008458,1359244,4,3,101750
ring,3,1048576,200000.0,0.4,0.0,1.0,89,9,6,2835833,1359244,4,3,44500
ring,3,1048576,200000.0,0.4,0.0,1.0,89,9,7,2966959,1359244,4,3,151584
ring,3,1048576,200000.0,0.4,0.0,1.0,89,9,8,2920458,1359244,4,3,191250
ring,3,1048576,200000.0,0.4,0.0,1.0,89,9,9,2982167,1359244,4,3,187917
ring,3,1048576,200000.0,0.4,0.0,1.0,89,9,10,2813084,1359244,4,3,165334
ring,3,1048576,200000.0,0.4,0.0,1.0,89,9,11,3017125,1359244,4,3,163625
ring,3,1048576,200000.0,0.4,0.0,1.0,89,9,12,2865000,1359244,4,3,121709
ring,3,1048576,200000.0,0.4,0.0,1.0,89,9,13,2914958,1359244,4,3,168541
ring,3,1048576,200000.0,0.4,0.0,1.0,89,9,14,2872625,1359244,4,3,133375
ring,3,1048576,200000.0,0.4,0.0,1.0,89,9,15,3000041,1359244,4,3,47000
ring,3,1048576,200000.0,0.4,0.0,1.0,89,9,16,3007833,1359244,4,3,110875
ring,3,1048576,200000.0,0.4,0.0,1.0,89,9,17,2947167,1359244,4,3,141542
ring,3,1048576,200000.0,0.4,0.0,1.0,89,9,18,2964208,1359244,4,3,118041
ring,3,1048576,200000.0,0.4,0.0,1.0,89,9,19,2980000,1359244,4,3,121292
ring,3,1048576,200000.0,0.4,0.0,1.0,89,9,20,2898959,1359244,4,3,113959
ring,3,1048576,200000.0,0.4,0.0,1.0,89,9,21,2722167,1359244,4,3,113750
ring,3,1048576,200000.0,0.4,0.0,1.0,89,9,22,2895542,1359244,4,3,147417
ring,3,1048576,200000.0,0.4,0.0,1.0,89,9,23,2897959,1359244,4,3,191459
ring,3,1048576,200000.0,0.4,0.0,1.0,89,9,24,2980459,1359244,4,3,104918
ring,3,1048576,200000.0,0.4,0.0,1.0,89,9,25,2840875,1359244,4,3,139750
ring,3,1048576,200000.0,0.4,0.0,1.0,89,9,26,2811500,1359244,4,3,78750
ring,3,1048576,200000.0,0.4,0.0,1.0,89,9,27,2999083,1359244,4,3,203416
ring,3,1048576,200000.0,0.4,0.0,1.0,89,9,28,2841375,1359244,4,3,53209
ring,3,1048576,200000.0,0.4,0.0,1.0,89,9,29,2927417,1359244,4,3,257876
ring,3,1048576,200000.0,0.4,0.0,1.0,89,9,30,3076167,1359244,4,3,37625
ring,3,1048576,200000.0,0.4,0.0,1.0,89,9,31,2865292,1359244,4,3,168667
ring,3,1048576,200000.0,0.4,0.0,1.0,89,9,32,2868625,1359244,4,3,164167
ring,3,1048576,200000.0,0.4,0.0,1.0,89,9,33,2815583,1359244,4,3,188208
ring,3,1048576,200000.0,0.4,0.0,1.0,89,9,34,2900334,1359244,4,3,58709
ring,3,1048576,200000.0,0.4,0.0,1.0,89,9,35,2896167,1359244,4,3,113833
ring,3,1048576,200000.0,0.4,0.0,1.0,89,9,36,2803417,1359244,4,3,140709
ring,3,1048576,200000.0,0.4,0.0,1.0,89,9,37,2813291,1359244,4,3,137625
ring,3,1048576,200000.0,0.4,0.0,1.0,89,9,38,3054833,1359244,4,3,157541
ring,3,1048576,200000.0,0.4,0.0,1.0,89,9,39,2792000,1359244,4,3,86375
ring,3,1048576,200000.0,0.4,0.0,1.0,89,9,40,2843042,1359244,4,3,90876
ring,3,1048576,200000.0,0.4,0.0,1.0,89,9,41,2802042,1359244,4,3,131001
ring,3,1048576,200000.0,0.4,0.0,1.0,89,9,42,2915917,1359244,4,3,122042
ring,3,1048576,200000.0,0.4,0.0,1.0,89,9,43,3032583,1359244,4,3,172416
ring,3,1048576,200000.0,0.4,0.0,1.0,89,9,44,2828750,1359244,4,3,174000
ring,3,1048576,200000.0,0.4,0.0,1.0,89,9,45,3516542,1359244,4,3,180958
ring,3,1048576,200000.0,0.4,0.0,1.0,89,9,46,2816958,1359244,4,3,72749
ring,3,1048576,200000.0,0.4,0.0,1.0,89,9,47,2901583,1359244,4,3,172166
ring,3,1048576,200000.0,0.4,0.0,1.0,89,9,48,2884709,1359244,4,3,144917
ring,3,1048576,200000.0,0.4,0.0,1.0,89,9,49,2744959,1359244,4,3,117292
ring,3,1048576,200000.0,0.4,0.0,1.0,89,9,50,2848334,1359244,4,3,186543
ring,3,1048576,200000.0,0.4,0.0,1.0,89,9,51,2823292,1359244,4,3,114125
ring,3,1048576,200000.0,0.4,0.0,1.0,89,9,52,4147292,1359244,4,3,129417
ring,3,1048576,200000.0,0.4,0.0,1.0,89,9,53,3525042,1359244,4,3,78875
ring,3,1048576,200000.0,0.4,0.0,1.0,89,9,54,3005625,1359244,4,3,162750
ring,3,1048576,200000.0,0.4,0.0,1.0,89,9,55,2940500,1359244,4,3,173750
ring,3,1048576,200000.0,0.4,0.0,1.0,89,9,56,2829542,1359244,4,3,108125
ring,3,1048576,200000.0,0.4,0.0,1.0,89,9,57,2839333,1359244,4,3,167583
ring,3,1048576,200000.0,0.4,0.0,1.0,89,9,58,2889584,1359244,4,3,127917
ring,3,1048576,200000.0,0.4,0.0,1.0,89,9,59,2960334,1359244,4,3,93751
ring,3,1048576,200000.0,0.4,0.0,1.0,89,9,60,2894792,1359244,4,3,237876
ring,3,1048576,200000.0,0.4,0.0,1.0,89,9,61,2932542,1359244,4,3,206709
ring,3,1048576,200000.0,0.4,0.0,1.0,89,9,62,2978916,1359244,4,3,236291
ring,3,1048576,200000.0,0.4,0.0,1.0,89,9,63,2911167,1359244,4,3,173750
ring,3,1048576,200000.0,0.4,0.0,1.0,89,9,64,2908500,1359244,4,3,174584
ring,3,1048576,200000.0,0.4,0.0,1.0,89,9,65,2890459,1359244,4,3,163084
ring,3,1048576,200000.0,0.4,0.0,1.0,89,9,66,2884959,1359244,4,3,106125
ring,3,1048576,200000.0,0.4,0.0,1.0,89,9,67,2914834,1359244,4,3,169209
ring,3,1048576,200000.0,0.4,0.0,1.0,89,9,68,2811500,1359244,4,3,151042
ring,3,1048576,200000.0,0.4,0.0,1.0,89,9,69,2869792,1359244,4,3,164083
ring,3,1048576,200000.0,0.4,0.0,1.0,89,9,70,2924334,1359244,4,3,153084
ring,3,1048576,200000.0,0.4,0.0,1.0,89,9,71,2789458,1359244,4,3,127125
ring,3,1048576,200000.0,0.4,0.0,1.0,89,9,72,2681166,1359244,4,3,46666
ring,3,1048576,200000.0,0.4,0.0,1.0,89,9,73,2918333,1359244,4,3,83000
ring,3,1048576,200000.0,0.4,0.0,1.0,89,9,74,2926000,1359244,4,3,106291
ring,3,1048576,200000.0,0.4,0.0,1.0,89,9,75,2870208,1359244,4,3,125875
ring,3,1048576,200000.0,0.4,0.0,1.0,89,9,76,2856917,1359244,4,3,134458
ring,3,1048576,200000.0,0.4,0.0,1.0,89,9,77,2882167,1359244,4,3,189292
ring,3,1048576,200000.0,0.4,0.0,1.0,89,9,78,2864458,1359244,4,3,100792
ring,3,1048576,200000.0,0.4,0.0,1.0,89,9,79,2820458,1359244,4,3,92708
ring,3,1048576,200000.0,0.4,0.0,1.0,89,9,80,2898875,1359244,4,3,154500
ring,3,1048576,200000.0,0.4,0.0,1.0,89,9,81,2802375,1359244,4,3,172208
ring,3,1048576,200000.0,0.4,0.0,1.0,89,9,82,2838250,1359244,4,3,152417
ring,3,1048576,200000.0,0.4,0.0,1.0,89,9,83,2999542,1359244,4,3,58334
ring,3,1048576,200000.0,0.4,0.0,1.0,89,9,84,2769042,1359244,4,3,152792
ring,3,1048576,200000.0,0.4,0.0,1.0,89,9,85,3020375,1359244,4,3,40417
ring,3,1048576,200000.0,0.4,0.0,1.0,89,9,86,2808792,1359244,4,3,126000
ring,3,1048576,200000.0,0.4,0.0,1.0,89,9,87,2991167,1359244,4,3,121750
ring,3,1048576,200000.0,0.4,0.0,1.0,89,9,88,2832125,1359244,4,3,108917
ring,3,1048576,200000.0,0.4,0.0,1.0,89,9,89,2814333,1359244,4,3,175624
ring,3,1048576,200000.0,0.4,0.0,1.0,89,9,90,2982958,1359244,4,3,36124
ring,3,1048576,200000.0,0.4,0.0,1.0,89,9,91,2828125,1359244,4,3,106792
ring,3,1048576,200000.0,0.4,0.0,1.0,89,9,92,2860084,1359244,4,3,93959
ring,3,1048576,200000.0,0.4,0.0,1.0,89,9,93,2873417,1359244,4,3,128042
ring,3,1048576,200000.0,0.4,0.0,1.0,89,9,94,2948208,1359244,4,3,145208
ring,3,1048576,200000.0,0.4,0.0,1.0,89,9,95,2886750,1359244,4,3,167542
ring,3,1048576,200000.0,0.4,0.0,1.0,89,9,96,2778834,1359244,4,3,138625
ring,3,1048576,200000.0,0.4,0.0,1.0,89,9,97,3006959,1359244,4,3,103168
ring,3,1048576,200000.0,0.4,0.0,1.0,89,9,98,2814250,1359244,4,3,128792
ring,3,1048576,200000.0,0.4,0.0,1.0,89,9,99,2870750,1359244,4,3,148833
ring,3,1048576,200000.0,0.4,0.0,1.0,89,9,100,2699625,1359244,4,3,77625
ring,3,1048576,200000.0,0.4,0.0,1.0,89,9,101,2861084,1359244,4,3,135376
ring,3,1048576,200000.0,0.4,0.0,1.0,89,9,102,2796625,1359244,4,3,161375
ring,3,1048576,200000.0,0.4,0.0,1.0,89,9,103,2865459,1359244,4,3,190459
ring,3,1048576,200000.0,0.4,0.0,1.0,89,9,104,2708583,1359244,4,3,99749
ring,3,1048576,200000.0,0.4,0.0,1.0,89,9,105,2881250,1359244,4,3,123625
ring,3,1048576,200000.0,0.4,0.0,1.0,89,9,106,2905958,1359244,4,3,146916
ring,3,1048576,200000.0,0.4,0.0,1.0,89,9,107,3282333,1359244,4,3,154333
ring,3,1048576,200000.0,0.4,0.0,1.0,89,9,108,4733584,1359244,4,3,215126
ring,3,1048576,200000.0,0.4,0.0,1.0,89,9,109,3279625,1359244,4,3,179291
ring,3,1048576,200000.0,0.4,0.0,1.0,89,9,110,3038333,1359244,4,3,90958
ring,3,1048576,200000.0,0.4,0.0,1.0,89,9,111,2894458,1359244,4,3,21250
ring,3,1048576,200000.0,0.4,0.0,1.0,89,9,112,3126958,1359244,4,3,51999
ring,3,1048576,200000.0,0.4,0.0,1.0,89,9,113,3029792,1359244,4,3,111084
ring,3,1048576,200000.0,0.4,0.0,1.0,89,9,114,2850167,1359244,4,3,185542
ring,3,1048576,200000.0,0.4,0.0,1.0,89,9,115,3029291,1359244,4,3,102291
ring,3,1048576,200000.0,0.4,0.0,1.0,89,9,116,2883500,1359244,4,3,156625
ring,3,1048576,200000.0,0.4,0.0,1.0,89,9,117,3064334,1359244,4,3,95501
ring,3,1048576,200000.0,0.4,0.0,1.0,89,9,118,2890042,1359244,4,3,83584
ring,3,1048576,200000.0,0.4,0.0,1.0,89,9,119,2798791,1359244,4,3,136625
ring,3,1048576,200000.0,0.4,0.0,1.0,89,9,120,2950500,1359244,4,3,151375
ring,3,1048576,200000.0,0.4,0.0,1.0,89,9,121,3030042,1359244,4,3,152583
ring,3,1048576,200000.0,0.4,0.0,1.0,89,9,122,3322959,1359244,4,3,214292
ring,3,1048576,200000.0,0.4,0.0,1.0,89,9,123,3771875,1359244,4,3,46666
ring,3,1048576,200000.0,0.4,0.0,1.0,89,9,124,3843042,1359244,4,3,132584
ring,3,1048576,200000.0,0.4,0.0,1.0,89,9,125,3153959,1359244,4,3,217125
ring,3,1048576,200000.0,0.4,0.0,1.0,89,9,126,3010334,1359244,4,3,126709
ring,3,1048576,200000.0,0.4,0.0,1.0,89,9,127,2867291,1359244,4,3,82332
ring,3,1048576,200000.0,0.4,0.0,1.0,89,9,128,3053542,1359244,4,3,132876
ring,3,1048576,200000.0,0.4,0.0,1.0,89,9,129,2885500,1359244,4,3,112875
ring,3,1048576,200000.0,0.4,0.0,1.0,89,9,130,2967417,1359244,4,3,131625
ring,3,1048576,200000.0,0.4,0.0,1.0,89,9,131,2877625,1359244,4,3,35958
ring,3,1048576,200000.0,0.4,0.0,1.0,89,9,132,2955958,1359244,4,3,109041
ring,3,1048576,200000.0,0.4,0.0,1.0,89,9,133,2963583,1359244,4,3,306833
ring,3,1048576,200000.0,0.4,0.0,1.0,89,9,134,2954375,1359244,4,3,107000
ring,3,1048576,200000.0,0.4,0.0,1.0,89,9,135,2894458,1359244,4,3,51749
ring,3,1048576,200000.0,0.4,0.0,1.0,89,9,136,2908292,1359244,4,3,206584
ring,3,1048576,200000.0,0.4,0.0,1.0,89,9,137,2888708,1359244,4,3,115625
ring,3,1048576,200000.0,0.4,0.0,1.0,89,9,138,2976459,1359244,4,3,145125
ring,3,1048576,200000.0,0.4,0.0,1.0,89,9,139,2926917,1359244,4,3,64334
ring,3,1048576,200000.0,0.4,0.0,1.0,89,9,140,2892959,1359244,4,3,126750
ring,3,1048576,200000.0,0.4,0.0,1.0,89,9,141,2887375,1359244,4,3,153584
ring,3,1048576,200000.0,0.4,0.0,1.0,89,9,142,2912042,1359244,4,3,127500
ring,3,1048576,200000.0,0.4,0.0,1.0,89,9,143,2893500,1359244,4,3,252334
ring,3,1048576,200000.0,0.4,0.0,1.0,89,9,144,3489000,1359244,4,3,41875
ring,3,1048576,200000.0,0.4,0.0,1.0,89,9,145,4160666,1359244,4,3,134874
ring,3,1048576,200000.0,0.4,0.0,1.0,89,9,146,4323417,1359244,4,3,42459
ring,3,1048576,200000.0,0.4,0.0,1.0,89,9,147,3527333,1359244,4,3,94917
ring,3,1048576,200000.0,0.4,0.0,1.0,89,9,148,3119875,1359244,4,3,192042
ring,3,1048576,200000.0,0.4,0.0,1.0,89,9,149,2901084,1359244,4,3,177500
ring,3,1048576,200000.0,0.4,0.0,1.0,89,9,150,2869417,1359244,4,3,93500
ring,3,1048576,200000.0,0.4,0.0,1.0,89,9,151,2850042,1359244,4,3,80792
ring,3,1048576,200000.0,0.4,0.0,1.0,89,9,152,2908667,1359244,4,3,70709
ring,3,1048576,200000.0,0.4,0.0,1.0,89,9,153,3129125,1359244,4,3,244916
ring,3,1048576,200000.0,0.4,0.0,1.0,89,9,154,3172792,1359244,4,3,206167
ring,3,1048576,200000.0,0.4,0.0,1.0,89,9,155,3171834,1359244,4,3,124542
ring,3,1048576,200000.0,0.4,0.0,1.0,89,9,156,3022583,1359244,4,3,111124
ring,3,1048576,200000.0,0.4,0.0,1.0,89,9,157,2956500,1359244,4,3,138750
ring,3,1048576,200000.0,0.4,0.0,1.0,89,9,158,2968500,1359244,4,3,162125
ring,3,1048576,200000.0,0.4,0.0,1.0,89,9,159,3034291,1359244,4,3,40791
ring,3,1048576,200000.0,0.4,0.0,1.0,89,9,160,3654750,1359244,4,3,121791
ring,3,1048576,200000.0,0.4,0.0,1.0,89,9,161,3389584,1359244,4,3,32667
ring,3,1048576,200000.0,0.4,0.0,1.0,89,9,162,5174542,1359244,4,3,70750
ring,3,1048576,200000.0,0.4,0.0,1.0,89,9,163,6699250,1359244,4,3,57416
ring,3,1048576,200000.0,0.4,0.0,1.0,89,9,164,3621250,1359244,4,3,47792
ring,3,1048576,200000.0,0.4,0.0,1.0,89,9,165,3132708,1359244,4,3,47667
ring,3,1048576,200000.0,0.4,0.0,1.0,89,9,166,3364917,1359244,4,3,39417
ring,3,1048576,200000.0,0.4,0.0,1.0,89,9,167,3643959,1359244,4,3,51750
ring,3,1048576,200000.0,0.4,0.0,1.0,89,9,168,5219792,1359244,4,3,329125
ring,3,1048576,200000.0,0.4,0.0,1.0,89,9,169,4273042,1359244,4,3,74292
ring,3,1048576,200000.0,0.4,0.0,1.0,89,9,170,3527334,1359244,4,3,265209
ring,3,1048576,200000.0,0.4,0.0,1.0,89,9,171,3140333,1359244,4,3,201042
ring,3,1048576,200000.0,0.4,0.0,1.0,89,9,172,2988250,1359244,4,3,131167
ring,3,1048576,200000.0,0.4,0.0,1.0,89,9,173,3071625,1359244,4,3,137958
ring,3,1048576,200000.0,0.4,0.0,1.0,89,9,174,3144416,1359244,4,3,190458
ring,3,1048576,200000.0,0.4,0.0,1.0,89,9,175,3174625,1359244,4,3,62959
ring,3,1048576,200000.0,0.4,0.0,1.0,89,9,176,3169916,1359244,4,3,28708
ring,3,1048576,200000.0,0.4,0.0,1.0,89,9,177,3698875,1359244,4,3,214500
ring,3,1048576,200000.0,0.4,0.0,1.0,89,9,178,4172667,1359244,4,3,265751
ring,3,1048576,200000.0,0.4,0.0,1.0,89,9,179,3884750,1359244,4,3,83834
ring,3,1048576,200000.0,0.4,0.0,1.0,89,9,180,3247792,1359244,4,3,67250
ring,3,1048576,200000.0,0.4,0.0,1.0,89,9,181,3095167,1359244,4,3,75667
ring,3,1048576,200000.0,0.4,0.0,1.0,89,9,182,2989125,1359244,4,3,107500
ring,3,1048576,200000.0,0.4,0.0,1.0,89,9,183,3049875,1359244,4,3,138708
ring,3,1048576,200000.0,0.4,0.0,1.0,89,9,184,3028084,1359244,4,3,30459
ring,3,1048576,200000.0,0.4,0.0,1.0,89,9,185,3077000,1359244,4,3,120042
ring,3,1048576,200000.0,0.4,0.0,1.0,89,9,186,3036250,1359244,4,3,131791
ring,3,1048576,200000.0,0.4,0.0,1.0,89,9,187,3029167,1359244,4,3,218584
ring,3,1048576,200000.0,0.4,0.0,1.0,89,9,188,3099209,1359244,4,3,120709
ring,3,1048576,200000.0,0.4,0.0,1.0,89,9,189,3048875,1359244,4,3,171792
ring,3,1048576,200000.0,0.4,0.0,1.0,89,9,190,3131750,1359244,4,3,213792
ring,3,1048576,200000.0,0.4,0.0,1.0,89,9,191,3158916,1359244,4,3,223125
ring,3,1048576,200000.0,0.4,0.0,1.0,89,9,192,3009042,1359244,4,3,104000
ring,3,1048576,200000.0,0.4,0.0,1.0,89,9,193,3213000,1359244,4,3,196625
ring,3,1048576,200000.0,0.4,0.0,1.0,89,9,194,3951625,1359244,4,3,55750
ring,3,1048576,200000.0,0.4,0.0,1.0,89,9,195,3573083,1359244,4,3,92125
ring,3,1048576,200000.0,0.4,0.0,1.0,89,9,196,3205125,1359244,4,3,230250
ring,3,1048576,200000.0,0.4,0.0,1.0,89,9,197,3253166,1359244,4,3,111582
ring,3,1048576,200000.0,0.4,0.0,1.0,89,9,198,3210833,1359244,4,3,139792
ring,3,1048576,200000.0,0.4,0.0,1.0,89,9,199,3047458,1359244,4,3,143458
ring,3,1048576,200000.0,0.4,0.0,1.0,89,9,200,2950750,1359244,4,3,45500
ring,3,1048576,200000.0,0.4,0.0,1.0,89,9,201,2957750,1359244,4,3,118042
ring,3,1048576,200000.0,0.4,0.0,1.0,89,9,202,3017458,1359244,4,3,48500
ring,3,1048576,200000.0,0.4,0.0,1.0,89,9,203,3094833,1359244,4,3,217750
ring,3,1048576,200000.0,0.4,0.0,1.0,89,9,204,3017125,1359244,4,3,99166
ring,3,1048576,200000.0,0.4,0.0,1.0,89,9,205,3029042,1359244,4,3,127959
ring,3,1048576,200000.0,0.4,0.0,1.0,89,9,206,3013666,1359244,4,3,170750
ring,3,1048576,200000.0,0.4,0.0,1.0,89,9,207,3117375,1359244,4,3,142875
ring,3,1048576,200000.0,0.4,0.0,1.0,89,9,208,3085292,1359244,4,3,122000
ring,3,1048576,200000.0,0.4,0.0,1.0,89,9,209,3189666,1359244,4,3,117332
ring,3,1048576,200000.0,0.4,0.0,1.0,89,9,210,3102875,1359244,4,3,146292
ring,3,1048576,200000.0,0.4,0.0,1.0,89,9,211,3050334,1359244,4,3,92584
ring,3,1048576,200000.0,0.4,0.0,1.0,89,9,212,2953208,1359244,4,3,116333
ring,3,1048576,200000.0,0.4,0.0,1.0,89,9,213,3031416,1359244,4,3,192208
ring,3,1048576,200000.0,0.4,0.0,1.0,89,9,214,3191500,1359244,4,3,142500
ring,3,1048576,200000.0,0.4,0.0,1.0,89,9,215,3088125,1359244,4,3,133167
ring,3,1048576,200000.0,0.4,0.0,1.0,89,9,216,2934917,1359244,4,3,90834
ring,3,1048576,200000.0,0.4,0.0,1.0,89,9,217,2904083,1359244,4,3,191375
ring,3,1048576,200000.0,0.4,0.0,1.0,89,9,218,2989667,1359244,4,3,29667
ring,3,1048576,200000.0,0.4,0.0,1.0,89,9,219,2864625,1359244,4,3,39458
ring,3,1048576,200000.0,0.4,0.0,1.0,89,9,220,2950084,1359244,4,3,142584
ring,3,1048576,200000.0,0.4,0.0,1.0,89,9,221,3073209,1359244,4,3,166167
ring,3,1048576,200000.0,0.4,0.0,1.0,89,9,222,3120542,1359244,4,3,135792
ring,3,1048576,200000.0,0.4,0.0,1.0,89,9,223,2971042,1359244,4,3,191667
ring,3,1048576,200000.0,0.4,0.0,1.0,89,9,224,2995959,1359244,4,3,86209
ring,3,1048576,200000.0,0.4,0.0,1.0,89,9,225,3072500,1359244,4,3,177792
ring,3,1048576,200000.0,0.4,0.0,1.0,89,9,226,3112792,1359244,4,3,101208
ring,3,1048576,200000.0,0.4,0.0,1.0,89,9,227,3080583,1359244,4,3,225500
ring,3,1048576,200000.0,0.4,0.0,1.0,89,9,228,3162250,1359244,4,3,70875
ring,3,1048576,200000.0,0.4,0.0,1.0,89,9,229,3129750,1359244,4,3,225708
ring,3,1048576,200000.0,0.4,0.0,1.0,89,9,230,3005916,1359244,4,3,138083
ring,3,1048576,200000.0,0.4,0.0,1.0,89,9,231,2900125,1359244,4,3,64666
ring,3,1048576,200000.0,0.4,0.0,1.0,89,9,232,3105125,1359244,4,3,99958
ring,3,1048576,200000.0,0.4,0.0,1.0,89,9,233,2984916,1359244,4,3,153333
ring,3,1048576,200000.0,0.4,0.0,1.0,89,9,234,2997791,1359244,4,3,159875
ring,3,1048576,200000.0,0.4,0.0,1.0,89,9,235,3127833,1359244,4,3,126917
ring,3,1048576,200000.0,0.4,0.0,1.0,89,9,236,2948167,1359244,4,3,114292
ring,3,1048576,200000.0,0.4,0.0,1.0,89,9,237,3183667,1359244,4,3,82417
ring,3,1048576,200000.0,0.4,0.0,1.0,89,9,238,2935292,1359244,4,3,84542
ring,3,1048576,200000.0,0.4,0.0,1.0,89,9,239,2948250,1359244,4,3,132209
ring,3,1048576,200000.0,0.4,0.0,1.0,89,9,240,2898583,1359244,4,3,200125
ring,3,1048576,200000.0,0.4,0.0,1.0,89,9,241,3041000,1359244,4,3,90542
ring,3,1048576,200000.0,0.4,0.0,1.0,89,9,242,2952625,1359244,4,3,93916
ring,3,1048576,200000.0,0.4,0.0,1.0,89,9,243,2976750,1359244,4,3,212791
ring,3,1048576,200000.0,0.4,0.0,1.0,89,9,244,3039625,1359244,4,3,85291
ring,3,1048576,200000.0,0.4,0.0,1.0,89,9,245,2934791,1359244,4,3,187832
ring,3,1048576,200000.0,0.4,0.0,1.0,89,9,246,3045791,1359244,4,3,84000
ring,3,1048576,200000.0,0.4,0.0,1.0,89,9,247,2870208,1359244,4,3,39041
ring,3,1048576,200000.0,0.4,0.0,1.0,89,9,248,3008958,1359244,4,3,53875
ring,3,1048576,200000.0,0.4,0.0,1.0,89,9,249,3040833,1359244,4,3,238249
ring,3,1048576,200000.0,0.4,0.0,1.0,89,9,250,2984291,1359244,4,3,159207
ring,3,1048576,200000.0,0.4,0.0,1.0,89,9,251,2845083,1359244,4,3,58083
ring,3,1048576,200000.0,0.4,0.0,1.0,89,9,252,3079792,1359244,4,3,266542
ring,3,1048576,200000.0,0.4,0.0,1.0,89,9,253,3466750,1359244,4,3,134125
ring,3,1048576,200000.0,0.4,0.0,1.0,89,9,254,3368834,1359244,4,3,172751
ring,3,1048576,200000.0,0.4,0.0,1.0,89,9,255,3095292,1359244,4,3,194167
ring,3,1048576,200000.0,0.4,0.0,1.0,89,9,256,3344084,1359244,4,3,145000
ring,3,1048576,200000.0,0.4,0.0,1.0,89,9,257,3189250,1359244,4,3,98667
ring,3,1048576,200000.0,0.4,0.0,1.0,89,9,258,3135125,1359244,4,3,173875
ring,3,1048576,200000.0,0.4,0.0,1.0,89,9,259,3063292,1359244,4,3,117167
ring,3,1048576,200000.0,0.4,0.0,1.0,89,9,260,3002875,1359244,4,3,164334
ring,3,1048576,200000.0,0.4,0.0,1.0,89,9,261,2944125,1359244,4,3,205667
ring,3,1048576,200000.0,0.4,0.0,1.0,89,9,262,3047291,1359244,4,3,92375
ring,3,1048576,200000.0,0.4,0.0,1.0,89,9,263,3121875,1359244,4,3,131875
ring,3,1048576,200000.0,0.4,0.0,1.0,89,9,264,3159292,1359244,4,3,177959
ring,3,1048576,200000.0,0.4,0.0,1.0,89,9,265,3033375,1359244,4,3,128000
ring,3,1048576,200000.0,0.4,0.0,1.0,89,9,266,3148042,1359244,4,3,131500
ring,3,1048576,200000.0,0.4,0.0,1.0,89,9,267,3049708,1359244,4,3,139833
ring,3,1048576,200000.0,0.4,0.0,1.0,89,9,268,3058125,1359244,4,3,166875
ring,3,1048576,200000.0,0.4,0.0,1.0,89,9,269,2929875,1359244,4,3,11625
ring,3,1048576,200000.0,0.4,0.0,1.0,89,9,270,3030875,1359244,4,3,20333
ring,3,1048576,200000.0,0.4,0.0,1.0,89,9,271,3133250,1359244,4,3,169709
ring,3,1048576,200000.0,0.4,0.0,1.0,89,9,272,3088583,1359244,4,3,136166
ring,3,1048576,200000.0,0.4,0.0,1.0,89,9,273,3051417,1359244,4,3,152209
ring,3,1048576,200000.0,0.4,0.0,1.0,89,9,274,3122375,1359244,4,3,104833
ring,3,1048576,200000.0,0.4,0.0,1.0,89,9,275,2956709,1359244,4,3,140834
ring,3,1048576,200000.0,0.4,0.0,1.0,89,9,276,2990875,1359244,4,3,100458
ring,3,1048576,200000.0,0.4,0.0,1.0,89,9,277,2966583,1359244,4,3,142791
ring,3,1048576,200000.0,0.4,0.0,1.0,89,9,278,2975958,1359244,4,3,137458
ring,3,1048576,200000.0,0.4,0.0,1.0,89,9,279,3046333,1359244,4,3,167000
ring,3,1048576,200000.0,0.4,0.0,1.0,89,9,280,2935959,1359244,4,3,170417
ring,3,1048576,200000.0,0.4,0.0,1.0,89,9,281,3011833,1359244,4,3,130750
ring,3,1048576,200000.0,0.4,0.0,1.0,89,9,282,3050833,1359244,4,3,37083
ring,3,1048576,200000.0,0.4,0.0,1.0,89,9,283,3089750,1359244,4,3,165375
ring,3,1048576,200000.0,0.4,0.0,1.0,89,9,284,2908625,1359244,4,3,213875
ring,3,1048576,200000.0,0.4,0.0,1.0,89,9,285,2852500,1359244,4,3,108583
ring,3,1048576,200000.0,0.4,0.0,1.0,89,9,286,3295542,1359244,4,3,267959
ring,3,1048576,200000.0,0.4,0.0,1.0,89,9,287,3267416,1359244,4,3,28708
ring,3,1048576,200000.0,0.4,0.0,1.0,89,9,288,4567209,1359244,4,3,102376
ring,3,1048576,200000.0,0.4,0.0,1.0,89,9,289,3452875,1359244,4,3,133208
ring,3,1048576,200000.0,0.4,0.0,1.0,89,9,290,3236708,1359244,4,3,181292
ring,3,1048576,200000.0,0.4,0.0,1.0,89,9,291,3068875,1359244,4,3,186000
ring,3,1048576,200000.0,0.4,0.0,1.0,89,9,292,3031333,1359244,4,3,94458
ring,3,1048576,200000.0,0.4,0.0,1.0,89,9,293,3059125,1359244,4,3,140042
ring,3,1048576,200000.0,0.4,0.0,1.0,89,9,294,3102208,1359244,4,3,141624
ring,3,1048576,200000.0,0.4,0.0,1.0,89,9,295,3158667,1359244,4,3,40042
ring,3,1048576,200000.0,0.4,0.0,1.0,89,9,296,3042458,1359244,4,3,121042
ring,3,1048576,200000.0,0.4,0.0,1.0,89,9,297,3072750,1359244,4,3,142208
ring,3,1048576,200000.0,0.4,0.0,1.0,89,9,298,3489083,1359244,4,3,114083
ring,3,1048576,200000.0,0.4,0.0,1.0,89,9,299,3798208,1359244,4,3,118333
ring,3,1048576,200000.0,0.4,0.0,1.0,89,9,300,3689833,1359244,4,3,58458
ring,3,1048576,200000.0,0.4,0.0,1.0,89,9,301,3147792,1359244,4,3,55584
ring,3,1048576,200000.0,0.4,0.0,1.0,89,9,302,3046709,1359244,4,3,154001
ring,3,1048576,200000.0,0.4,0.0,1.0,89,9,303,3091875,1359244,4,3,185708
ring,3,1048576,200000.0,0.4,0.0,1.0,89,9,304,3020875,1359244,4,3,150916
ring,3,1048576,200000.0,0.4,0.0,1.0,89,9,305,2913000,1359244,4,3,49083
ring,3,1048576,200000.0,0.4,0.0,1.0,89,9,306,2982208,1359244,4,3,210250
ring,3,1048576,200000.0,0.4,0.0,1.0,89,9,307,3135583,1359244,4,3,133249
ring,3,1048576,200000.0,0.4,0.0,1.0,89,9,308,2836625,1359244,4,3,63292
ring,3,1048576,200000.0,0.4,0.0,1.0,89,9,309,3054000,1359244,4,3,155084
ring,3,1048576,200000.0,0.4,0.0,1.0,89,9,310,2997334,1359244,4,3,71001
ring,3,1048576,200000.0,0.4,0.0,1.0,89,9,311,3027958,1359244,4,3,229500
ring,3,1048576,200000.0,0.4,0.0,1.0,89,9,312,3092208,1359244,4,3,149583
ring,3,1048576,200000.0,0.4,0.0,1.0,89,9,313,3076083,1359244,4,3,120624
ring,3,1048576,200000.0,0.4,0.0,1.0,89,9,314,2908833,1359244,4,3,168250
ring,3,1048576,200000.0,0.4,0.0,1.0,89,9,315,2905375,1359244,4,3,164083
ring,3,1048576,200000.0,0.4,0.0,1.0,89,9,316,2910791,1359244,4,3,106999
ring,3,1048576,200000.0,0.4,0.0,1.0,89,9,317,2857916,1359244,4,3,187624
ring,3,1048576,200000.0,0.4,0.0,1.0,89,9,318,3053833,1359244,4,3,134792
ring,3,1048576,200000.0,0.4,0.0,1.0,89,9,319,2959333,1359244,4,3,117167
ring,3,1048576,200000.0,0.4,0.0,1.0,89,9,320,3045625,1359244,4,3,143291
ring,3,1048576,200000.0,0.4,0.0,1.0,89,9,321,3044625,1359244,4,3,183042
ring,3,1048576,200000.0,0.4,0.0,1.0,89,9,322,2999709,1359244,4,3,127417
ring,3,1048576,200000.0,0.4,0.0,1.0,89,9,323,2994542,1359244,4,3,93459
ring,3,1048576,200000.0,0.4,0.0,1.0,89,9,324,2999750,1359244,4,3,73458
ring,3,1048576,200000.0,0.4,0.0,1.0,89,9,325,2908667,1359244,4,3,125084
ring,3,1048576,200000.0,0.4,0.0,1.0,89,9,326,3033625,1359244,4,3,104042
ring,3,1048576,200000.0,0.4,0.0,1.0,89,9,327,3111708,1359244,4,3,108500
ring,3,1048576,200000.0,0.4,0.0,1.0,89,9,328,2860250,1359244,4,3,57334
ring,3,1048576,200000.0,0.4,0.0,1.0,89,9,329,2884916,1359244,4,3,84708
ring,3,1048576,200000.0,0.4,0.0,1.0,89,9,330,2946792,1359244,4,3,149417
ring,3,1048576,200000.0,0.4,0.0,1.0,89,9,331,3147792,1359244,4,3,160417
ring,3,1048576,200000.0,0.4,0.0,1.0,89,9,332,3025166,1359244,4,3,62874
ring,3,1048576,200000.0,0.4,0.0,1.0,89,9,333,2928042,1359244,4,3,89167
ring,3,1048576,200000.0,0.4,0.0,1.0,89,9,334,3016042,1359244,4,3,32792
ring,3,1048576,200000.0,0.4,0.0,1.0,89,9,335,2993542,1359244,4,3,58834
ring,3,1048576,200000.0,0.4,0.0,1.0,89,9,336,3002292,1359244,4,3,188042
ring,3,1048576,200000.0,0.4,0.0,1.0,89,9,337,3052000,1359244,4,3,168209
ring,3,1048576,200000.0,0.4,0.0,1.0,89,9,338,2946541,1359244,4,3,111041
ring,3,1048576,200000.0,0.4,0.0,1.0,89,9,339,3018792,1359244,4,3,193667
ring,3,1048576,200000.0,0.4,0.0,1.0,89,9,340,3056334,1359244,4,3,69626
ring,3,1048576,200000.0,0.4,0.0,1.0,89,9,341,3055958,1359244,4,3,162875
ring,3,1048576,200000.0,0.4,0.0,1.0,89,9,342,3084125,1359244,4,3,190500
ring,3,1048576,200000.0,0.4,0.0,1.0,89,9,343,3069333,1359244,4,3,99417
ring,3,1048576,200000.0,0.4,0.0,1.0,89,9,344,3089167,1359244,4,3,142875
ring,3,1048576,200000.0,0.4,0.0,1.0,89,9,345,2919458,1359244,4,3,167333
ring,3,1048576,200000.0,0.4,0.0,1.0,89,9,346,3089625,1359244,4,3,131584
ring,3,1048576,200000.0,0.4,0.0,1.0,89,9,347,3079958,1359244,4,3,105999
ring,3,1048576,200000.0,0.4,0.0,1.0,89,9,348,3033875,1359244,4,3,180625
ring,3,1048576,200000.0,0.4,0.0,1.0,89,9,349,3206333,1359244,4,3,310999
ring,3,1048576,200000.0,0.4,0.0,1.0,89,9,350,3557333,1359244,4,3,145208
ring,3,1048576,200000.0,0.4,0.0,1.0,89,9,351,3368125,1359244,4,3,244875
ring,3,1048576,200000.0,0.4,0.0,1.0,89,9,352,3179916,1359244,4,3,185999
ring,3,1048576,200000.0,0.4,0.0,1.0,89,9,353,3655875,1359244,4,3,240500
ring,3,1048576,200000.0,0.4,0.0,1.0,89,9,354,4981125,1359244,4,3,78417
ring,3,1048576,200000.0,0.4,0.0,1.0,89,9,355,3818916,1359244,4,3,296124
ring,3,1048576,200000.0,0.4,0.0,1.0,89,9,356,3160834,1359244,4,3,65625
ring,3,1048576,200000.0,0.4,0.0,1.0,89,9,357,3131125,1359244,4,3,167334
ring,3,1048576,200000.0,0.4,0.0,1.0,89,9,358,3251084,1359244,4,3,186084
ring,3,1048576,200000.0,0.4,0.0,1.0,89,9,359,3086792,1359244,4,3,141292
ring,3,1048576,200000.0,0.4,0.0,1.0,89,9,360,3046250,1359244,4,3,95792
ring,3,1048576,200000.0,0.4,0.0,1.0,89,9,361,3028084,1359244,4,3,78876
ring,3,1048576,200000.0,0.4,0.0,1.0,89,9,362,3084625,1359244,4,3,144541
ring,3,1048576,200000.0,0.4,0.0,1.0,89,9,363,3066250,1359244,4,3,172875
ring,3,1048576,200000.0,0.4,0.0,1.0,89,9,364,3056042,1359244,4,3,105792
ring,3,1048576,200000.0,0.4,0.0,1.0,89,9,365,3109000,1359244,4,3,106375
ring,3,1048576,200000.0,0.4,0.0,1.0,89,9,366,3461875,1359244,4,3,367167
ring,3,1048576,200000.0,0.4,0.0,1.0,89,9,367,4480750,1359244,4,3,224417
ring,3,1048576,200000.0,0.4,0.0,1.0,89,9,368,4305833,1359244,4,3,113000
ring,3,1048576,200000.0,0.4,0.0,1.0,89,9,369,3286542,1359244,4,3,147542
ring,3,1048576,200000.0,0.4,0.0,1.0,89,9,370,3109083,1359244,4,3,151083
ring,3,1048576,200000.0,0.4,0.0,1.0,89,9,371,3070500,1359244,4,3,117500
ring,3,1048576,200000.0,0.4,0.0,1.0,89,9,372,2965542,1359244,4,3,137459
ring,3,1048576,200000.0,0.4,0.0,1.0,89,9,373,2983375,1359244,4,3,95667
ring,3,1048576,200000.0,0.4,0.0,1.0,89,9,374,2933834,1359244,4,3,30084
ring,3,1048576,200000.0,0.4,0.0,1.0,89,9,375,3022500,1359244,4,3,70666
ring,3,1048576,200000.0,0.4,0.0,1.0,89,9,376,3022417,1359244,4,3,164292
ring,3,1048576,200000.0,0.4,0.0,1.0,89,9,377,3044250,1359244,4,3,37083
ring,3,1048576,200000.0,0.4,0.0,1.0,89,9,378,3062083,1359244,4,3,140958
ring,3,1048576,200000.0,0.4,0.0,1.0,89,9,379,3070875,1359244,4,3,145500
ring,3,1048576,200000.0,0.4,0.0,1.0,89,9,380,2966041,1359244,4,3,130541
ring,3,1048576,200000.0,0.4,0.0,1.0,89,9,381,3102667,1359244,4,3,100626
ring,3,1048576,200000.0,0.4,0.0,1.0,89,9,382,2992625,1359244,4,3,68125
ring,3,1048576,200000.0,0.4,0.0,1.0,89,9,383,3071208,1359244,4,3,105291
ring,3,1048576,200000.0,0.4,0.0,1.0,89,9,384,2953042,1359244,4,3,57875
ring,3,1048576,200000.0,0.4,0.0,1.0,89,9,385,3009958,1359244,4,3,154749
ring,3,1048576,200000.0,0.4,0.0,1.0,89,9,386,3059958,1359244,4,3,130333
ring,3,1048576,200000.0,0.4,0.0,1.0,89,9,387,3065208,1359244,4,3,106375
ring,3,1048576,200000.0,0.4,0.0,1.0,89,9,388,3034833,1359244,4,3,111542
ring,3,1048576,200000.0,0.4,0.0,1.0,89,9,389,2970292,1359244,4,3,146167
ring,3,1048576,200000.0,0.4,0.0,1.0,89,9,390,3038542,1359244,4,3,208875
ring,3,1048576,200000.0,0.4,0.0,1.0,89,9,391,3032458,1359244,4,3,155958
ring,3,1048576,200000.0,0.4,0.0,1.0,89,9,392,3011667,1359244,4,3,163709
ring,3,1048576,200000.0,0.4,0.0,1.0,89,9,393,2965708,1359244,4,3,226625
ring,3,1048576,200000.0,0.4,0.0,1.0,89,9,394,2988000,1359244,4,3,60250
ring,3,1048576,200000.0,0.4,0.0,1.0,89,9,395,3035959,1359244,4,3,72750
ring,3,1048576,200000.0,0.4,0.0,1.0,89,9,396,2960625,1359244,4,3,88917
ring,3,1048576,200000.0,0.4,0.0,1.0,89,9,397,3000625,1359244,4,3,120042
ring,3,1048576,200000.0,0.4,0.0,1.0,89,9,398,3005417,1359244,4,3,169084
ring,3,1048576,200000.0,0.4,0.0,1.0,89,9,399,3099000,1359244,4,3,165625
ps,3,1048576,200000.0,0.4,0.0,1.0,89,9,0,2943209,619430,1,3,726709
ps,3,1048576,200000.0,0.4,0.0,1.0,89,9,1,2944292,619430,1,3,650959
ps,3,1048576,200000.0,0.4,0.0,1.0,89,9,2,2953042,619430,1,3,621251
ps,3,1048576,200000.0,0.4,0.0,1.0,89,9,3,2838208,619430,1,3,639041
ps,3,1048576,200000.0,0.4,0.0,1.0,89,9,4,2900792,619430,1,3,655917
ps,3,1048576,200000.0,0.4,0.0,1.0,89,9,5,2891833,619430,1,3,627041
ps,3,1048576,200000.0,0.4,0.0,1.0,89,9,6,2941791,619430,1,3,575458
ps,3,1048576,200000.0,0.4,0.0,1.0,89,9,7,3010750,619430,1,3,550958
ps,3,1048576,200000.0,0.4,0.0,1.0,89,9,8,3153375,619430,1,3,604542
ps,3,1048576,200000.0,0.4,0.0,1.0,89,9,9,3239000,619430,1,3,566375
ps,3,1048576,200000.0,0.4,0.0,1.0,89,9,10,3105458,619430,1,3,589417
ps,3,1048576,200000.0,0.4,0.0,1.0,89,9,11,2899291,619430,1,3,497041
ps,3,1048576,200000.0,0.4,0.0,1.0,89,9,12,3018666,619430,1,3,606875
ps,3,1048576,200000.0,0.4,0.0,1.0,89,9,13,2952125,619430,1,3,645292
ps,3,1048576,200000.0,0.4,0.0,1.0,89,9,14,2865750,619430,1,3,603875
ps,3,1048576,200000.0,0.4,0.0,1.0,89,9,15,2974250,619430,1,3,525875
ps,3,1048576,200000.0,0.4,0.0,1.0,89,9,16,2961708,619430,1,3,632458
ps,3,1048576,200000.0,0.4,0.0,1.0,89,9,17,3009125,619430,1,3,646125
ps,3,1048576,200000.0,0.4,0.0,1.0,89,9,18,3019500,619430,1,3,592458
ps,3,1048576,200000.0,0.4,0.0,1.0,89,9,19,2978709,619430,1,3,575834
ps,3,1048576,200000.0,0.4,0.0,1.0,89,9,20,3007959,619430,1,3,530042
ps,3,1048576,200000.0,0.4,0.0,1.0,89,9,21,2998375,619430,1,3,630333
ps,3,1048576,200000.0,0.4,0.0,1.0,89,9,22,2944750,619430,1,3,631000
ps,3,1048576,200000.0,0.4,0.0,1.0,89,9,23,2918375,619430,1,3,641709
ps,3,1048576,200000.0,0.4,0.0,1.0,89,9,24,2867083,619430,1,3,636124
ps,3,1048576,200000.0,0.4,0.0,1.0,89,9,25,3128208,1238860,2,3,580666
ps,3,1048576,200000.0,0.4,0.0,1.0,89,9,26,3115958,619430,1,3,576833
ps,3,1048576,200000.0,0.4,0.0,1.0,89,9,27,3066875,619430,1,3,678583
ps,3,1048576,200000.0,0.4,0.0,1.0,89,9,28,3076375,619430,1,3,501042
ps,3,1048576,200000.0,0.4,0.0,1.0,89,9,29,3054833,619430,1,3,626958
ps,3,1048576,200000.0,0.4,0.0,1.0,89,9,30,2972042,619430,1,3,664792
ps,3,1048576,200000.0,0.4,0.0,1.0,89,9,31,3181292,619430,1,3,666251
ps,3,1048576,200000.0,0.4,0.0,1.0,89,9,32,3416458,619430,1,3,778125
ps,3,1048576,200000.0,0.4,0.0,1.0,89,9,33,3740084,619430,1,3,986834
ps,3,1048576,200000.0,0.4,0.0,1.0,89,9,34,4093709,619430,1,3,313209
ps,3,1048576,200000.0,0.4,0.0,1.0,89,9,35,3746916,619430,1,3,558333
ps,3,1048576,200000.0,0.4,0.0,1.0,89,9,36,3238958,619430,1,3,721208
ps,3,1048576,200000.0,0.4,0.0,1.0,89,9,37,3189125,619430,1,3,544959
ps,3,1048576,200000.0,0.4,0.0,1.0,89,9,38,3024583,619430,1,3,537583
ps,3,1048576,200000.0,0.4,0.0,1.0,89,9,39,3087125,619430,1,3,531875
ps,3,1048576,200000.0,0.4,0.0,1.0,89,9,40,3006584,619430,1,3,526917
ps,3,1048576,200000.0,0.4,0.0,1.0,89,9,41,3017625,619430,1,3,610000
ps,3,1048576,200000.0,0.4,0.0,1.0,89,9,42,3049834,619430,1,3,536459
ps,3,1048576,200000.0,0.4,0.0,1.0,89,9,43,2943500,619430,1,3,490458
ps,3,1048576,200000.0,0.4,0.0,1.0,89,9,44,3157750,619430,1,3,638958
ps,3,1048576,200000.0,0.4,0.0,1.0,89,9,45,3037834,619430,1,3,642459
ps,3,1048576,200000.0,0.4,0.0,1.0,89,9,46,3023917,619430,1,3,620583
ps,3,1048576,200000.0,0.4,0.0,1.0,89,9,47,3030833,619430,1,3,603916
ps,3,1048576,200000.0,0.4,0.0,1.0,89,9,48,3109416,619430,1,3,560291
ps,3,1048576,200000.0,0.4,0.0,1.0,89,9,49,4109958,619430,1,3,1458499
ps,3,1048576,200000.0,0.4,0.0,1.0,89,9,50,3788375,619430,1,3,533292
ps,3,1048576,200000.0,0.4,0.0,1.0,89,9,51,3080583,619430,1,3,558542
ps,3,1048576,200000.0,0.4,0.0,1.0,89,9,52,3084583,619430,1,3,526749
ps,3,1048576,200000.0,0.4,0.0,1.0,89,9,53,3034084,619430,1,3,519251
ps,3,1048576,200000.0,0.4,0.0,1.0,89,9,54,3070625,619430,1,3,493208
ps,3,1048576,200000.0,0.4,0.0,1.0,89,9,55,3035625,619430,1,3,521625
ps,3,1048576,200000.0,0.4,0.0,1.0,89,9,56,3133125,619430,1,3,534583
ps,3,1048576,200000.0,0.4,0.0,1.0,89,9,57,3013875,619430,1,3,563250
ps,3,1048576,200000.0,0.4,0.0,1.0,89,9,58,3005584,619430,1,3,579625
ps,3,1048576,200000.0,0.4,0.0,1.0,89,9,59,3004250,619430,1,3,571166
ps,3,1048576,200000.0,0.4,0.0,1.0,89,9,60,2985667,619430,1,3,599000
ps,3,1048576,200000.0,0.4,0.0,1.0,89,9,61,2971000,619430,1,3,511917
ps,3,1048576,200000.0,0.4,0.0,1.0,89,9,62,3002417,619430,1,3,518709
ps,3,1048576,200000.0,0.4,0.0,1.0,89,9,63,3103500,619430,1,3,533333
ps,3,1048576,200000.0,0.4,0.0,1.0,89,9,64,2985834,619430,1,3,596792
ps,3,1048576,200000.0,0.4,0.0,1.0,89,9,65,2980750,619430,1,3,585917
ps,3,1048576,200000.0,0.4,0.0,1.0,89,9,66,2956792,619430,1,3,581876
ps,3,1048576,200000.0,0.4,0.0,1.0,89,9,67,2947125,619430,1,3,513417
ps,3,1048576,200000.0,0.4,0.0,1.0,89,9,68,3009083,619430,1,3,542958
ps,3,1048576,200000.0,0.4,0.0,1.0,89,9,69,3006792,619430,1,3,516459
ps,3,1048576,200000.0,0.4,0.0,1.0,89,9,70,2903125,619430,1,3,515250
ps,3,1048576,200000.0,0.4,0.0,1.0,89,9,71,3061959,619430,1,3,546959
ps,3,1048576,200000.0,0.4,0.0,1.0,89,9,72,3084583,619430,1,3,546874
ps,3,1048576,200000.0,0.4,0.0,1.0,89,9,73,3351125,619430,1,3,672375
ps,3,1048576,200000.0,0.4,0.0,1.0,89,9,74,3876916,619430,1,3,775958
ps,3,1048576,200000.0,0.4,0.0,1.0,89,9,75,3206041,619430,1,3,659583
ps,3,1048576,200000.0,0.4,0.0,1.0,89,9,76,3011875,619430,1,3,542042
ps,3,1048576,200000.0,0.4,0.0,1.0,89,9,77,3076833,619430,1,3,493749
ps,3,1048576,200000.0,0.4,0.0,1.0,89,9,78,3146583,619430,1,3,603333
ps,3,1048576,200000.0,0.4,0.0,1.0,89,9,79,3098334,619430,1,3,769750
ps,3,1048576,200000.0,0.4,0.0,1.0,89,9,80,3031917,619430,1,3,573334
ps,3,1048576,200000.0,0.4,0.0,1.0,89,9,81,3006458,619430,1,3,401583
ps,3,1048576,200000.0,0.4,0.0,1.0,89,9,82,2943750,619430,1,3,632541
ps,3,1048576,200000.0,0.4,0.0,1.0,89,9,83,2956917,619430,1,3,537459
ps,3,1048576,200000.0,0.4,0.0,1.0,89,9,84,3226000,619430,1,3,565750
ps,3,1048576,200000.0,0.4,0.0,1.0,89,9,85,2962250,619430,1,3,636291
ps,3,1048576,200000.0,0.4,0.0,1.0,89,9,86,3047625,619430,1,3,621125
ps,3,1048576,200000.0,0.4,0.0,1.0,89,9,87,2874166,619430,1,3,555457
ps,3,1048576,200000.0,0.4,0.0,1.0,89,9,88,2943250,619430,1,3,638750
ps,3,1048576,200000.0,0.4,0.0,1.0,89,9,89,3017458,619430,1,3,634874
ps,3,1048576,200000.0,0.4,0.0,1.0,89,9,90,3373875,1238860,2,3,494250
ps,3,1048576,200000.0,0.4,0.0,1.0,89,9,91,3333542,619430,1,3,601750
ps,3,1048576,200000.0,0.4,0.0,1.0,89,9,92,3069500,619430,1,3,589709
ps,3,1048576,200000.0,0.4,0.0,1.0,89,9,93,3227000,619430,1,3,677000
ps,3,1048576,200000.0,0.4,0.0,1.0,89,9,94,3070584,619430,1,3,641959
ps,3,1048576,200000.0,0.4,0.0,1.0,89,9,95,3000417,619430,1,3,615542
ps,3,1048576,200000.0,0.4,0.0,1.0,89,9,96,3272750,619430,1,3,723084
ps,3,1048576,200000.0,0.4,0.0,1.0,89,9,97,3197959,619430,1,3,518001
ps,3,1048576,200000.0,0.4,0.0,1.0,89,9,98,3061667,619430,1,3,588167
ps,3,1048576,200000.0,0.4,0.0,1.0,89,9,99,3070750,619430,1,3,553875
ps,3,1048576,200000.0,0.4,0.0,1.0,89,9,100,3013125,619430,1,3,587708
ps,3,1048576,200000.0,0.4,0.0,1.0,89,9,101,3160500,619430,1,3,646375
ps,3,1048576,200000.0,0.4,0.0,1.0,89,9,102,3054375,619430,1,3,522667
ps,3,1048576,200000.0,0.4,0.0,1.0,89,9,103,3088000,619430,1,3,622875
ps,3,1048576,200000.0,0.4,0.0,1.0,89,9,104,3123292,619430,1,3,541334
ps,3,1048576,200000.0,0.4,0.0,1.0,89,9,105,3040625,619430,1,3,531625
ps,3,1048576,200000.0,0.4,0.0,1.0,89,9,106,3045250,619430,1,3,548625
ps,3,1048576,200000.0,0.4,0.0,1.0,89,9,107,3089000,619430,1,3,522125
ps,3,1048576,200000.0,0.4,0.0,1.0,89,9,108,3063083,619430,1,3,537708
ps,3,1048576,200000.0,0.4,0.0,1.0,89,9,109,3142750,619430,1,3,527709
ps,3,1048576,200000.0,0.4,0.0,1.0,89,9,110,2870916,619430,1,3,533666
ps,3,1048576,200000.0,0.4,0.0,1.0,89,9,111,2971417,619430,1,3,495917
ps,3,1048576,200000.0,0.4,0.0,1.0,89,9,112,2940875,619430,1,3,521500
ps,3,1048576,200000.0,0.4,0.0,1.0,89,9,113,3046833,619430,1,3,595124
ps,3,1048576,200000.0,0.4,0.0,1.0,89,9,114,2958333,619430,1,3,641208
ps,3,1048576,200000.0,0.4,0.0,1.0,89,9,115,3050041,619430,1,3,678208
ps,3,1048576,200000.0,0.4,0.0,1.0,89,9,116,2959500,619430,1,3,510250
ps,3,1048576,200000.0,0.4,0.0,1.0,89,9,117,3152208,619430,1,3,600208
ps,3,1048576,200000.0,0.4,0.0,1.0,89,9,118,3115916,619430,1,3,536958
ps,3,1048576,200000.0,0.4,0.0,1.0,89,9,119,3029750,619430,1,3,540583
ps,3,1048576,200000.0,0.4,0.0,1.0,89,9,120,3029291,619430,1,3,501291
ps,3,1048576,200000.0,0.4,0.0,1.0,89,9,121,2992083,619430,1,3,594750
ps,3,1048576,200000.0,0.4,0.0,1.0,89,9,122,3192375,619430,1,3,648750
ps,3,1048576,200000.0,0.4,0.0,1.0,89,9,123,3204083,619430,1,3,612499
ps,3,1048576,200000.0,0.4,0.0,1.0,89,9,124,3140708,619430,1,3,619791
ps,3,1048576,200000.0,0.4,0.0,1.0,89,9,125,3038667,619430,1,3,607792
ps,3,1048576,200000.0,0.4,0.0,1.0,89,9,126,2991000,619430,1,3,650292
ps,3,1048576,200000.0,0.4,0.0,1.0,89,9,127,2903625,619430,1,3,611709
ps,3,1048576,200000.0,0.4,0.0,1.0,89,9,128,2915500,619430,1,3,652250
ps,3,1048576,200000.0,0.4,0.0,1.0,89,9,129,2904167,619430,1,3,641750
ps,3,1048576,200000.0,0.4,0.0,1.0,89,9,130,2855500,619430,1,3,619625
ps,3,1048576,200000.0,0.4,0.0,1.0,89,9,131,2936375,619430,1,3,616875
ps,3,1048576,200000.0,0.4,0.0,1.0,89,9,132,2916209,619430,1,3,636417
ps,3,1048576,200000.0,0.4,0.0,1.0,89,9,133,2912000,619430,1,3,639917
ps,3,1048576,200000.0,0.4,0.0,1.0,89,9,134,2925500,619430,1,3,631250
ps,3,1048576,200000.0,0.4,0.0,1.0,89,9,135,2907959,619430,1,3,639500
ps,3,1048576,200000.0,0.4,0.0,1.0,89,9,136,2988750,619430,1,3,650208
ps,3,1048576,200000.0,0.4,0.0,1.0,89,9,137,2943459,619430,1,3,583209
ps,3,1048576,200000.0,0.4,0.0,1.0,89,9,138,2937375,619430,1,3,635500
ps,3,1048576,200000.0,0.4,0.0,1.0,89,9,139,3214167,619430,1,3,641292
ps,3,1048576,200000.0,0.4,0.0,1.0,89,9,140,3150500,619430,1,3,560292
ps,3,1048576,200000.0,0.4,0.0,1.0,89,9,141,3209125,619430,1,3,649167
ps,3,1048576,200000.0,0.4,0.0,1.0,89,9,142,3096750,619430,1,3,552958
ps,3,1048576,200000.0,0.4,0.0,1.0,89,9,143,2890750,619430,1,3,548792
ps,3,1048576,200000.0,0.4,0.0,1.0,89,9,144,2998250,619430,1,3,575917
ps,3,1048576,200000.0,0.4,0.0,1.0,89,9,145,2883250,619430,1,3,625041
ps,3,1048576,200000.0,0.4,0.0,1.0,89,9,146,3025292,619430,1,3,682667
ps,3,1048576,200000.0,0.4,0.0,1.0,89,9,147,2863667,619430,1,3,620042
ps,3,1048576,200000.0,0.4,0.0,1.0,89,9,148,2918916,619430,1,3,624541
ps,3,1048576,200000.0,0.4,0.0,1.0,89,9,149,2887916,619430,1,3,638082
ps,3,1048576,200000.0,0.4,0.0,1.0,89,9,150,2870959,619430,1,3,635959
ps,3,1048576,200000.0,0.4,0.0,1.0,89,9,151,2880666,619430,1,3,609207
ps,3,1048576,200000.0,0.4,0.0,1.0,89,9,152,3088333,619430,1,3,640542
ps,3,1048576,200000.0,0.4,0.0,1.0,89,9,153,3058250,619430,1,3,604500
ps,3,1048576,200000.0,0.4,0.0,1.0,89,9,154,2990208,619430,1,3,632041
ps,3,1048576,200000.0,0.4,0.0,1.0,89,9,155,2949083,619430,1,3,584874
ps,3,1048576,200000.0,0.4,0.0,1.0,89,9,156,2942875,619430,1,3,628000
ps,3,1048576,200000.0,0.4,0.0,1.0,89,9,157,2923791,619430,1,3,663625
ps,3,1048576,200000.0,0.4,0.0,1.0,89,9,158,2900792,619430,1,3,655709
ps,3,1048576,200000.0,0.4,0.0,1.0,89,9,159,2949458,619430,1,3,645042
ps,3,1048576,200000.0,0.4,0.0,1.0,89,9,160,2952208,619430,1,3,614874
ps,3,1048576,200000.0,0.4,0.0,1.0,89,9,161,2973458,619430,1,3,594666
ps,3,1048576,200000.0,0.4,0.0,1.0,89,9,162,2953750,619430,1,3,626875
ps,3,1048576,200000.0,0.4,0.0,1.0,89,9,163,2856500,619430,1,3,632875
ps,3,1048576,200000.0,0.4,0.0,1.0,89,9,164,2865125,619430,1,3,621875
ps,3,1048576,200000.0,0.4,0.0,1.0,89,9,165,2898292,619430,1,3,621208
ps,3,1048576,200000.0,0.4,0.0,1.0,89,9,166,2880833,619430,1,3,613583
ps,3,1048576,200000.0,0.4,0.0,1.0,89,9,167,2886625,619430,1,3,625875
ps,3,1048576,200000.0,0.4,0.0,1.0,89,9,168,2882042,619430,1,3,619375
ps,3,1048576,200000.0,0.4,0.0,1.0,89,9,169,2908625,619430,1,3,630417
ps,3,1048576,200000.0,0.4,0.0,1.0,89,9,170,2962916,619430,1,3,634708
ps,3,1048576,200000.0,0.4,0.0,1.0,89,9,171,3058875,619430,1,3,596292
ps,3,1048576,200000.0,0.4,0.0,1.0,89,9,172,3258167,619430,1,3,656917
ps,3,1048576,200000.0,0.4,0.0,1.0,89,9,173,3091375,619430,1,3,515333
ps,3,1048576,200000.0,0.4,0.0,1.0,89,9,174,2973250,619430,1,3,655583
ps,3,1048576,200000.0,0.4,0.0,1.0,89,9,175,3012333,619430,1,3,608999
ps,3,1048576,200000.0,0.4,0.0,1.0,89,9,176,3002542,619430,1,3,542042
ps,3,1048576,200000.0,0.4,0.0,1.0,89,9,177,3186583,619430,1,3,588792
ps,3,1048576,200000.0,0.4,0.0,1.0,89,9,178,3238917,619430,1,3,645625
ps,3,1048576,200000.0,0.4,0.0,1.0,89,9,179,3190833,619430,1,3,627500
ps,3,1048576,200000.0,0.4,0.0,1.0,89,9,180,3206375,619430,1,3,631208
ps,3,1048576,200000.0,0.4,0.0,1.0,89,9,181,3057667,619430,1,3,613334
ps,3,1048576,200000.0,0.4,0.0,1.0,89,9,182,2934459,619430,1,3,573417
ps,3,1048576,200000.0,0.4,0.0,1.0,89,9,183,2960708,619430,1,3,627125
ps,3,1048576,200000.0,0.4,0.0,1.0,89,9,184,2965541,619430,1,3,647166
ps,3,1048576,200000.0,0.4,0.0,1.0,89,9,185,3047500,619430,1,3,631917
ps,3,1048576,200000.0,0.4,0.0,1.0,89,9,186,3069625,619430,1,3,680333
ps,3,1048576,200000.0,0.4,0.0,1.0,89,9,187,3036666,619430,1,3,504291
ps,3,1048576,200000.0,0.4,0.0,1.0,89,9,188,3099667,619430,1,3,640417
ps,3,1048576,200000.0,0.4,0.0,1.0,89,9,189,3075042,619430,1,3,637750
ps,3,1048576,200000.0,0.4,0.0,1.0,89,9,190,2977667,619430,1,3,620459
ps,3,1048576,200000.0,0.4,0.0,1.0,89,9,191,2915917,619430,1,3,663875
ps,3,1048576,200000.0,0.4,0.0,1.0,89,9,192,2908209,619430,1,3,658667
ps,3,1048576,200000.0,0.4,0.0,1.0,89,9,193,2914125,619430,1,3,631583
ps,3,1048576,200000.0,0.4,0.0,1.0,89,9,194,3188750,619430,1,3,624000
ps,3,1048576,200000.0,0.4,0.0,1.0,89,9,195,2895125,619430,1,3,608250
ps,3,1048576,200000.0,0.4,0.0,1.0,89,9,196,2954417,619430,1,3,640959
ps,3,1048576,200000.0,0.4,0.0,1.0,89,9,197,2899125,619430,1,3,612542
ps,3,1048576,200000.0,0.4,0.0,1.0,89,9,198,2912875,619430,1,3,585500
ps,3,1048576,200000.0,0.4,0.0,1.0,89,9,199,2906916,619430,1,3,607957
ps,3,1048576,200000.0,0.4,0.0,1.0,89,9,200,2982750,619430,1,3,610667
ps,3,1048576,200000.0,0.4,0.0,1.0,89,9,201,2955875,619430,1,3,644041
ps,3,1048576,200000.0,0.4,0.0,1.0,89,9,202,3037541,619430,1,3,634666
ps,3,1048576,200000.0,0.4,0.0,1.0,89,9,203,3173541,619430,1,3,564207
ps,3,1048576,200000.0,0.4,0.0,1.0,89,9,204,3094166,619430,1,3,501999
ps,3,1048576,200000.0,0.4,0.0,1.0,89,9,205,3046541,619430,1,3,623833
ps,3,1048576,200000.0,0.4,0.0,1.0,89,9,206,3112250,619430,1,3,649625
ps,3,1048576,200000.0,0.4,0.0,1.0,89,9,207,2998292,619430,1,3,618000
ps,3,1048576,200000.0,0.4,0.0,1.0,89,9,208,2949833,619430,1,3,617875
ps,3,1048576,200000.0,0.4,0.0,1.0,89,9,209,2910250,619430,1,3,641166
ps,3,1048576,200000.0,0.4,0.0,1.0,89,9,210,2991333,619430,1,3,708292
ps,3,1048576,200000.0,0.4,0.0,1.0,89,9,211,3140375,619430,1,3,527791
ps,3,1048576,200000.0,0.4,0.0,1.0,89,9,212,2867958,619430,1,3,551083
ps,3,1048576,200000.0,0.4,0.0,1.0,89,9,213,3215958,619430,1,3,634249
ps,3,1048576,200000.0,0.4,0.0,1.0,89,9,214,3008708,619430,1,3,522041
ps,3,1048576,200000.0,0.4,0.0,1.0,89,9,215,3216459,619430,1,3,644125
ps,3,1048576,200000.0,0.4,0.0,1.0,89,9,216,3249958,619430,1,3,640000
ps,3,1048576,200000.0,0.4,0.0,1.0,89,9,217,3198750,619430,1,3,639500
ps,3,1048576,200000.0,0.4,0.0,1.0,89,9,218,3083958,619430,1,3,529208
ps,3,1048576,200000.0,0.4,0.0,1.0,89,9,219,3036166,619430,1,3,594833
ps,3,1048576,200000.0,0.4,0.0,1.0,89,9,220,2971708,619430,1,3,616208
ps,3,1048576,200000.0,0.4,0.0,1.0,89,9,221,3190167,619430,1,3,629500
ps,3,1048576,200000.0,0.4,0.0,1.0,89,9,222,2993666,619430,1,3,619541
ps,3,1048576,200000.0,0.4,0.0,1.0,89,9,223,3044709,619430,1,3,628251
ps,3,1048576,200000.0,0.4,0.0,1.0,89,9,224,3225875,619430,1,3,623167
ps,3,1048576,200000.0,0.4,0.0,1.0,89,9,225,3039667,619430,1,3,610875
ps,3,1048576,200000.0,0.4,0.0,1.0,89,9,226,3162417,619430,1,3,614584
ps,3,1048576,200000.0,0.4,0.0,1.0,89,9,227,3039583,619430,1,3,641000
ps,3,1048576,200000.0,0.4,0.0,1.0,89,9,228,2982125,619430,1,3,631708
ps,3,1048576,200000.0,0.4,0.0,1.0,89,9,229,2918333,619430,1,3,629458
ps,3,1048576,200000.0,0.4,0.0,1.0,89,9,230,2893500,619430,1,3,631209
ps,3,1048576,200000.0,0.4,0.0,1.0,89,9,231,2894333,619430,1,3,644750
ps,3,1048576,200000.0,0.4,0.0,1.0,89,9,232,2922500,619430,1,3,642792
ps,3,1048576,200000.0,0.4,0.0,1.0,89,9,233,2898833,619430,1,3,636666
ps,3,1048576,200000.0,0.4,0.0,1.0,89,9,234,3097750,619430,1,3,532084
ps,3,1048576,200000.0,0.4,0.0,1.0,89,9,235,3092083,619430,1,3,619583
ps,3,1048576,200000.0,0.4,0.0,1.0,89,9,236,3152083,619430,1,3,618958
ps,3,1048576,200000.0,0.4,0.0,1.0,89,9,237,3081250,619430,1,3,591042
ps,3,1048576,200000.0,0.4,0.0,1.0,89,9,238,3111291,619430,1,3,555833
ps,3,1048576,200000.0,0.4,0.0,1.0,89,9,239,2937750,619430,1,3,609292
ps,3,1048576,200000.0,0.4,0.0,1.0,89,9,240,2900375,619430,1,3,613750
ps,3,1048576,200000.0,0.4,0.0,1.0,89,9,241,3115333,619430,1,3,618708
ps,3,1048576,200000.0,0.4,0.0,1.0,89,9,242,2966791,619430,1,3,640750
ps,3,1048576,200000.0,0.4,0.0,1.0,89,9,243,2937917,619430,1,3,626959
ps,3,1048576,200000.0,0.4,0.0,1.0,89,9,244,2934500,619430,1,3,596458
ps,3,1048576,200000.0,0.4,0.0,1.0,89,9,245,2948708,619430,1,3,623917
ps,3,1048576,200000.0,0.4,0.0,1.0,89,9,246,3212750,619430,1,3,643125
ps,3,1048576,200000.0,0.4,0.0,1.0,89,9,247,3181833,619430,1,3,597791
ps,3,1048576,200000.0,0.4,0.0,1.0,89,9,248,3096417,619430,1,3,642167
ps,3,1048576,200000.0,0.4,0.0,1.0,89,9,249,3174042,619430,1,3,627417
ps,3,1048576,200000.0,0.4,0.0,1.0,89,9,250,3197292,619430,1,3,641584
ps,3,1048576,200000.0,0.4,0.0,1.0,89,9,251,3138625,619430,1,3,583167
ps,3,1048576,200000.0,0.4,0.0,1.0,89,9,252,2962291,619430,1,3,549249
ps,3,1048576,200000.0,0.4,0.0,1.0,89,9,253,2870958,619430,1,3,607916
ps,3,1048576,200000.0,0.4,0.0,1.0,89,9,254,2872167,619430,1,3,646459
ps,3,1048576,200000.0,0.4,0.0,1.0,89,9,255,2834208,619430,1,3,617416
ps,3,1048576,200000.0,0.4,0.0,1.0,89,9,256,2939209,619430,1,3,657584
ps,3,1048576,200000.0,0.4,0.0,1.0,89,9,257,2870541,619430,1,3,658124
ps,3,1048576,200000.0,0.4,0.0,1.0,89,9,258,3655958,619430,1,3,685000
ps,3,1048576,200000.0,0.4,0.0,1.0,89,9,259,3477042,1238860,2,3,710125
ps,3,1048576,200000.0,0.4,0.0,1.0,89,9,260,3757250,619430,1,3,654917
ps,3,1048576,200000.0,0.4,0.0,1.0,89,9,261,3562792,619430,1,3,665959
ps,3,1048576,200000.0,0.4,0.0,1.0,89,9,262,3552291,619430,1,3,666125
ps,3,1048576,200000.0,0.4,0.0,1.0,89,9,263,3398000,619430,1,3,684042
ps,3,1048576,200000.0,0.4,0.0,1.0,89,9,264,3415291,619430,1,3,587041
ps,3,1048576,200000.0,0.4,0.0,1.0,89,9,265,3238041,619430,1,3,599832
ps,3,1048576,200000.0,0.4,0.0,1.0,89,9,266,3046667,619430,1,3,552126
ps,3,1048576,200000.0,0.4,0.0,1.0,89,9,267,3211042,619430,1,3,672542
ps,3,1048576,200000.0,0.4,0.0,1.0,89,9,268,3235250,619430,1,3,673084
ps,3,1048576,200000.0,0.4,0.0,1.0,89,9,269,3042041,619430,1,3,614750
ps,3,1048576,200000.0,0.4,0.0,1.0,89,9,270,2947166,619430,1,3,559999
ps,3,1048576,200000.0,0.4,0.0,1.0,89,9,271,2904875,619430,1,3,625667
ps,3,1048576,200000.0,0.4,0.0,1.0,89,9,272,2894875,619430,1,3,610958
ps,3,1048576,200000.0,0.4,0.0,1.0,89,9,273,2869667,619430,1,3,606417
ps,3,1048576,200000.0,0.4,0.0,1.0,89,9,274,2913583,619430,1,3,589958
ps,3,1048576,200000.0,0.4,0.0,1.0,89,9,275,2950834,619430,1,3,512876
ps,3,1048576,200000.0,0.4,0.0,1.0,89,9,276,3153917,619430,1,3,641334
ps,3,1048576,200000.0,0.4,0.0,1.0,89,9,277,3224917,619430,1,3,646959
ps,3,1048576,200000.0,0.4,0.0,1.0,89,9,278,2993209,619430,1,3,595001
ps,3,1048576,200000.0,0.4,0.0,1.0,89,9,279,3224416,619430,1,3,524749
ps,3,1048576,200000.0,0.4,0.0,1.0,89,9,280,3210583,619430,1,3,578458
ps,3,1048576,200000.0,0.4,0.0,1.0,89,9,281,3159583,619430,1,3,526333
ps,3,1048576,200000.0,0.4,0.0,1.0,89,9,282,3022959,619430,1,3,540250
ps,3,1048576,200000.0,0.4,0.0,1.0,89,9,283,3293625,619430,1,3,619083
ps,3,1048576,200000.0,0.4,0.0,1.0,89,9,284,3203875,619430,1,3,626333
ps,3,1048576,200000.0,0.4,0.0,1.0,89,9,285,3168291,619430,1,3,637041
ps,3,1048576,200000.0,0.4,0.0,1.0,89,9,286,3074625,619430,1,3,636041
ps,3,1048576,200000.0,0.4,0.0,1.0,89,9,287,2903042,619430,1,3,550209
ps,3,1048576,200000.0,0.4,0.0,1.0,89,9,288,2863500,619430,1,3,615917
ps,3,1048576,200000.0,0.4,0.0,1.0,89,9,289,2890375,619430,1,3,644084
ps,3,1048576,200000.0,0.4,0.0,1.0,89,9,290,2924791,619430,1,3,625750
ps,3,1048576,200000.0,0.4,0.0,1.0,89,9,291,2888042,619430,1,3,597959
ps,3,1048576,200000.0,0.4,0.0,1.0,89,9,292,2905708,619430,1,3,647208
ps,3,1048576,200000.0,0.4,0.0,1.0,89,9,293,2911292,619430,1,3,664125
ps,3,1048576,200000.0,0.4,0.0,1.0,89,9,294,2851292,619430,1,3,611375
ps,3,1048576,200000.0,0.4,0.0,1.0,89,9,295,3071917,619430,1,3,595459
ps,3,1048576,200000.0,0.4,0.0,1.0,89,9,296,3166000,619430,1,3,619792
ps,3,1048576,200000.0,0.4,0.0,1.0,89,9,297,3225042,619430,1,3,635584
ps,3,1048576,200000.0,0.4,0.0,1.0,89,9,298,3178167,619430,1,3,670126
ps,3,1048576,200000.0,0.4,0.0,1.0,89,9,299,3092625,619430,1,3,598250
ps,3,1048576,200000.0,0.4,0.0,1.0,89,9,300,3187875,619430,1,3,651167
ps,3,1048576,200000.0,0.4,0.0,1.0,89,9,301,3136083,619430,1,3,576708
ps,3,1048576,200000.0,0.4,0.0,1.0,89,9,302,3016750,619430,1,3,604708
ps,3,1048576,200000.0,0.4,0.0,1.0,89,9,303,2965041,619430,1,3,619583
ps,3,1048576,200000.0,0.4,0.0,1.0,89,9,304,2876625,619430,1,3,627375
ps,3,1048576,200000.0,0.4,0.0,1.0,89,9,305,2895750,619430,1,3,632250
ps,3,1048576,200000.0,0.4,0.0,1.0,89,9,306,2865167,619430,1,3,611042
ps,3,1048576,200000.0,0.4,0.0,1.0,89,9,307,2845875,619430,1,3,616458
ps,3,1048576,200000.0,0.4,0.0,1.0,89,9,308,2881167,619430,1,3,617083
ps,3,1048576,200000.0,0.4,0.0,1.0,89,9,309,2869500,619430,1,3,614334
ps,3,1048576,200000.0,0.4,0.0,1.0,89,9,310,2888125,619430,1,3,632375
ps,3,1048576,200000.0,0.4,0.0,1.0,89,9,311,2839250,619430,1,3,674458
ps,3,1048576,200000.0,0.4,0.0,1.0,89,9,312,2855250,619430,1,3,623792
ps,3,1048576,200000.0,0.4,0.0,1.0,89,9,313,2816708,619430,1,3,618333
ps,3,1048576,200000.0,0.4,0.0,1.0,89,9,314,2852500,619430,1,3,627125
ps,3,1048576,200000.0,0.4,0.0,1.0,89,9,315,2842333,619430,1,3,639416
ps,3,1048576,200000.0,0.4,0.0,1.0,89,9,316,2791500,619430,1,3,641416
ps,3,1048576,200000.0,0.4,0.0,1.0,89,9,317,2788125,619430,1,3,618958
ps,3,1048576,200000.0,0.4,0.0,1.0,89,9,318,2751250,619430,1,3,635750
ps,3,1048576,200000.0,0.4,0.0,1.0,89,9,319,2821167,619430,1,3,640958
ps,3,1048576,200000.0,0.4,0.0,1.0,89,9,320,2802083,619430,1,3,615542
ps,3,1048576,200000.0,0.4,0.0,1.0,89,9,321,2766625,619430,1,3,602250
ps,3,1048576,200000.0,0.4,0.0,1.0,89,9,322,2823833,619430,1,3,606833
ps,3,1048576,200000.0,0.4,0.0,1.0,89,9,323,2809958,619430,1,3,624667
ps,3,1048576,200000.0,0.4,0.0,1.0,89,9,324,2800708,619430,1,3,599291
ps,3,1048576,200000.0,0.4,0.0,1.0,89,9,325,2830834,619430,1,3,611251
ps,3,1048576,200000.0,0.4,0.0,1.0,89,9,326,2764666,619430,1,3,605208
ps,3,1048576,200000.0,0.4,0.0,1.0,89,9,327,2837500,619430,1,3,622000
ps,3,1048576,200000.0,0.4,0.0,1.0,89,9,328,2795500,619430,1,3,628458
ps,3,1048576,200000.0,0.4,0.0,1.0,89,9,329,2852625,619430,1,3,662584
ps,3,1048576,200000.0,0.4,0.0,1.0,89,9,330,2794542,619430,1,3,621334
ps,3,1048576,200000.0,0.4,0.0,1.0,89,9,331,2849708,619430,1,3,617458
ps,3,1048576,200000.0,0.4,0.0,1.0,89,9,332,2841375,619430,1,3,633500
ps,3,1048576,200000.0,0.4,0.0,1.0,89,9,333,2808834,619430,1,3,593959
ps,3,1048576,200000.0,0.4,0.0,1.0,89,9,334,2846000,619430,1,3,644042
ps,3,1048576,200000.0,0.4,0.0,1.0,89,9,335,2857125,619430,1,3,623958
ps,3,1048576,200000.0,0.4,0.0,1.0,89,9,336,2786542,619430,1,3,625958
ps,3,1048576,200000.0,0.4,0.0,1.0,89,9,337,2856917,619430,1,3,617333
ps,3,1048576,200000.0,0.4,0.0,1.0,89,9,338,2905625,619430,1,3,665250
ps,3,1048576,200000.0,0.4,0.0,1.0,89,9,339,2820042,619430,1,3,621000
ps,3,1048576,200000.0,0.4,0.0,1.0,89,9,340,2872708,619430,1,3,627666
ps,3,1048576,200000.0,0.4,0.0,1.0,89,9,341,2840334,619430,1,3,600709
ps,3,1048576,200000.0,0.4,0.0,1.0,89,9,342,2858125,619430,1,3,645375
ps,3,1048576,200000.0,0.4,0.0,1.0,89,9,343,2853875,619430,1,3,629833
ps,3,1048576,200000.0,0.4,0.0,1.0,89,9,344,2868500,619430,1,3,626875
ps,3,1048576,200000.0,0.4,0.0,1.0,89,9,345,2866042,619430,1,3,622250
ps,3,1048576,200000.0,0.4,0.0,1.0,89,9,346,2850041,619430,1,3,633666
ps,3,1048576,200000.0,0.4,0.0,1.0,89,9,347,2830416,619430,1,3,601500
ps,3,1048576,200000.0,0.4,0.0,1.0,89,9,348,2828541,619430,1,3,625125
ps,3,1048576,200000.0,0.4,0.0,1.0,89,9,349,2770292,619430,1,3,622250
ps,3,1048576,200000.0,0.4,0.0,1.0,89,9,350,2895375,619430,1,3,621250
ps,3,1048576,200000.0,0.4,0.0,1.0,89,9,351,2861000,619430,1,3,609167
ps,3,1048576,200000.0,0.4,0.0,1.0,89,9,352,2861042,619430,1,3,624917
ps,3,1048576,200000.0,0.4,0.0,1.0,89,9,353,2833834,619430,1,3,629668
ps,3,1048576,200000.0,0.4,0.0,1.0,89,9,354,2896667,619430,1,3,653334
ps,3,1048576,200000.0,0.4,0.0,1.0,89,9,355,2855542,619430,1,3,633875
ps,3,1048576,200000.0,0.4,0.0,1.0,89,9,356,2945792,619430,1,3,704459
ps,3,1048576,200000.0,0.4,0.0,1.0,89,9,357,2987500,619430,1,3,636459
ps,3,1048576,200000.0,0.4,0.0,1.0,89,9,358,4245125,619430,1,3,692959
ps,3,1048576,200000.0,0.4,0.0,1.0,89,9,359,3511916,1238860,2,3,589916
ps,3,1048576,200000.0,0.4,0.0,1.0,89,9,360,3070417,619430,1,3,631167
ps,3,1048576,200000.0,0.4,0.0,1.0,89,9,361,3057167,619430,1,3,643959
ps,3,1048576,200000.0,0.4,0.0,1.0,89,9,362,3030250,619430,1,3,465208
ps,3,1048576,200000.0,0.4,0.0,1.0,89,9,363,2859417,619430,1,3,631792
ps,3,1048576,200000.0,0.4,0.0,1.0,89,9,364,3071708,619430,1,3,641708
ps,3,1048576,200000.0,0.4,0.0,1.0,89,9,365,2866458,619430,1,3,618958
ps,3,1048576,200000.0,0.4,0.0,1.0,89,9,366,3106542,619430,1,3,640375
ps,3,1048576,200000.0,0.4,0.0,1.0,89,9,367,2912583,619430,1,3,597875
ps,3,1048576,200000.0,0.4,0.0,1.0,89,9,368,2871917,619430,1,3,618542
ps,3,1048576,200000.0,0.4,0.0,1.0,89,9,369,2958959,619430,1,3,599084
ps,3,1048576,200000.0,0.4,0.0,1.0,89,9,370,3649834,619430,1,3,453876
ps,3,1048576,200000.0,0.4,0.0,1.0,89,9,371,3636458,619430,1,3,862000
ps,3,1048576,200000.0,0.4,0.0,1.0,89,9,372,3799083,619430,1,3,669916
ps,3,1048576,200000.0,0.4,0.0,1.0,89,9,373,3072791,619430,1,3,715624
ps,3,1048576,200000.0,0.4,0.0,1.0,89,9,374,3249500,619430,1,3,622417
ps,3,1048576,200000.0,0.4,0.0,1.0,89,9,375,2855833,619430,1,3,592292
ps,3,1048576,200000.0,0.4,0.0,1.0,89,9,376,2887000,619430,1,3,653000
ps,3,1048576,200000.0,0.4,0.0,1.0,89,9,377,2980208,619430,1,3,697125
ps,3,1048576,200000.0,0.4,0.0,1.0,89,9,378,2942625,619430,1,3,626125
ps,3,1048576,200000.0,0.4,0.0,1.0,89,9,379,2853500,619430,1,3,604958
ps,3,1048576,200000.0,0.4,0.0,1.0,89,9,380,2845750,619430,1,3,661000
ps,3,1048576,200000.0,0.4,0.0,1.0,89,9,381,2834750,619430,1,3,648583
ps,3,1048576,200000.0,0.4,0.0,1.0,89,9,382,2837125,619430,1,3,638917
ps,3,1048576,200000.0,0.4,0.0,1.0,89,9,383,2833584,619430,1,3,627251
ps,3,1048576,200000.0,0.4,0.0,1.0,89,9,384,2820833,619430,1,3,627166
ps,3,1048576,200000.0,0.4,0.0,1.0,89,9,385,2882416,619430,1,3,619166
ps,3,1048576,200000.0,0.4,0.0,1.0,89,9,386,2854667,619430,1,3,645917
ps,3,1048576,200000.0,0.4,0.0,1.0,89,9,387,2814917,619430,1,3,619292
ps,3,1048576,200000.0,0.4,0.0,1.0,89,9,388,2874833,619430,1,3,630708
ps,3,1048576,200000.0,0.4,0.0,1.0,89,9,389,2860042,619430,1,3,641709
ps,3,1048576,200000.0,0.4,0.0,1.0,89,9,390,2833084,619430,1,3,661000
ps,3,1048576,200000.0,0.4,0.0,1.0,89,9,391,2786750,619430,1,3,632167
ps,3,1048576,200000.0,0.4,0.0,1.0,89,9,392,2811333,619430,1,3,623000
ps,3,1048576,200000.0,0.4,0.0,1.0,89,9,393,2822208,619430,1,3,645083
ps,3,1048576,200000.0,0.4,0.0,1.0,89,9,394,2864292,619430,1,3,637667
ps,3,1048576,200000.0,0.4,0.0,1.0,89,9,395,2800541,619430,1,3,611582
ps,3,1048576,200000.0,0.4,0.0,1.0,89,9,396,2805792,619430,1,3,611084
ps,3,1048576,200000.0,0.4,0.0,1.0,89,9,397,2799459,619430,1,3,639834
ps,3,1048576,200000.0,0.4,0.0,1.0,89,9,398,2810959,619430,1,3,618501
ps,3,1048576,200000.0,0.4,0.0,1.0,89,9,399,2890250,619430,1,3,697292
