algo,world_size,nbytes,alpha_ns,beta_ns_per_byte,jitter_q,jitter_k,jitter_seed,trial,iter,duration_ns,injected_ns,messages,ranks_observed,spread_ns
recursive,2,44726568,200000.0,0.4,0.0,1.0,47,0,0,34239208,18290626,2,2,458
recursive,2,44726568,200000.0,0.4,0.0,1.0,47,0,1,34882125,18290626,2,2,5542
recursive,2,44726568,200000.0,0.4,0.0,1.0,47,0,2,34649334,18290626,2,2,25959
recursive,2,44726568,200000.0,0.4,0.0,1.0,47,0,3,39853208,18290626,2,2,4916
recursive,2,44726568,200000.0,0.4,0.0,1.0,47,0,4,39312083,18290626,2,2,36167
recursive,2,44726568,200000.0,0.4,0.0,1.0,47,0,5,40985458,18290626,2,2,3833
recursive,2,44726568,200000.0,0.4,0.0,1.0,47,0,6,40808750,18290626,2,2,21750
recursive,2,44726568,200000.0,0.4,0.0,1.0,47,0,7,40441166,18290626,2,2,21624
recursive,2,44726568,200000.0,0.4,0.0,1.0,47,0,8,35137417,18290626,2,2,437208
recursive,2,44726568,200000.0,0.4,0.0,1.0,47,0,9,39352000,18290626,2,2,2166
recursive,2,44726568,200000.0,0.4,0.0,1.0,47,0,10,33147917,18290626,2,2,125
recursive,2,44726568,200000.0,0.4,0.0,1.0,47,0,11,39882792,18290626,2,2,3583
recursive,2,44726568,200000.0,0.4,0.0,1.0,47,0,12,31624250,18290626,2,2,26958
recursive,2,44726568,200000.0,0.4,0.0,1.0,47,0,13,32597042,18290626,2,2,7626
recursive,2,44726568,200000.0,0.4,0.0,1.0,47,0,14,39499416,18290626,2,2,375
recursive,2,44726568,0.0,0.4,0.0,1.0,47,0,0,37486250,17890626,2,2,209
recursive,2,44726568,0.0,0.4,0.0,1.0,47,0,1,38585750,17890626,2,2,3083
recursive,2,44726568,0.0,0.4,0.0,1.0,47,0,2,38989125,17890626,2,2,4834
recursive,2,44726568,0.0,0.4,0.0,1.0,47,0,3,31583750,17890626,2,2,683958
recursive,2,44726568,0.0,0.4,0.0,1.0,47,0,4,38704458,17890626,2,2,15875
recursive,2,44726568,0.0,0.4,0.0,1.0,47,0,5,32916709,17890626,2,2,422250
recursive,2,44726568,0.0,0.4,0.0,1.0,47,0,6,39710083,17890626,2,2,1167
recursive,2,44726568,0.0,0.4,0.0,1.0,47,0,7,37505958,17890626,2,2,274333
recursive,2,44726568,0.0,0.4,0.0,1.0,47,0,8,28939916,17890626,2,2,75666
recursive,2,44726568,0.0,0.4,0.0,1.0,47,0,9,32024125,17890626,2,2,218584
recursive,2,44726568,0.0,0.4,0.0,1.0,47,0,10,33471917,17890626,2,2,104626
recursive,2,44726568,0.0,0.4,0.0,1.0,47,0,11,37045750,17890626,2,2,167
recursive,2,44726568,0.0,0.4,0.0,1.0,47,0,12,38376791,17890626,2,2,41125
recursive,2,44726568,0.0,0.4,0.0,1.0,47,0,13,34340333,17890626,2,2,584916
recursive,2,44726568,0.0,0.4,0.0,1.0,47,0,14,32693125,17890626,2,2,570208
ring,2,44726568,200000.0,0.4,0.0,1.0,47,0,0,39445417,18290626,2,2,542
ring,2,44726568,200000.0,0.4,0.0,1.0,47,0,1,35275958,18290626,2,2,4333
ring,2,44726568,200000.0,0.4,0.0,1.0,47,0,2,34588542,18290626,2,2,417
ring,2,44726568,200000.0,0.4,0.0,1.0,47,0,3,39647125,18290626,2,2,38833
ring,2,44726568,200000.0,0.4,0.0,1.0,47,0,4,38833167,18290626,2,2,4459
ring,2,44726568,200000.0,0.4,0.0,1.0,47,0,5,31202584,18290626,2,2,4584
ring,2,44726568,200000.0,0.4,0.0,1.0,47,0,6,34575583,18290626,2,2,2167
ring,2,44726568,200000.0,0.4,0.0,1.0,47,0,7,37507833,18290626,2,2,7791
ring,2,44726568,200000.0,0.4,0.0,1.0,47,0,8,30604708,18290626,2,2,163375
ring,2,44726568,200000.0,0.4,0.0,1.0,47,0,9,33395084,18290626,2,2,693251
ring,2,44726568,200000.0,0.4,0.0,1.0,47,0,10,32443375,18290626,2,2,14959
ring,2,44726568,200000.0,0.4,0.0,1.0,47,0,11,36724417,18290626,2,2,30875
ring,2,44726568,200000.0,0.4,0.0,1.0,47,0,12,32332292,18290626,2,2,833
ring,2,44726568,200000.0,0.4,0.0,1.0,47,0,13,36321750,18290626,2,2,27459
ring,2,44726568,200000.0,0.4,0.0,1.0,47,0,14,39820959,18290626,2,2,23626
ps,2,44726568,0.0,0.4,0.0,1.0,47,0,0,55698791,17890627,1,2,283166
ps,2,44726568,0.0,0.4,0.0,1.0,47,0,1,55773583,17890627,1,2,459541
ps,2,44726568,0.0,0.4,0.0,1.0,47,0,2,55981917,17890627,1,2,263459
ps,2,44726568,0.0,0.4,0.0,1.0,47,0,3,55260459,17890627,1,2,398459
ps,2,44726568,0.0,0.4,0.0,1.0,47,0,4,56221083,17890627,1,2,300583
ps,2,44726568,0.0,0.4,0.0,1.0,47,0,5,56083917,17890627,1,2,273917
ps,2,44726568,0.0,0.4,0.0,1.0,47,0,6,56435584,17890627,1,2,319875
ps,2,44726568,0.0,0.4,0.0,1.0,47,0,7,56215292,17890627,1,2,404542
ps,2,44726568,0.0,0.4,0.0,1.0,47,0,8,55953667,17890627,1,2,379667
ps,2,44726568,0.0,0.4,0.0,1.0,47,0,9,55739333,17890627,1,2,364541
ps,2,44726568,0.0,0.4,0.0,1.0,47,0,10,56031542,17890627,1,2,280167
ps,2,44726568,0.0,0.4,0.0,1.0,47,0,11,56053917,17890627,1,2,358417
ps,2,44726568,0.0,0.4,0.0,1.0,47,0,12,56053750,17890627,1,2,369417
ps,2,44726568,0.0,0.4,0.0,1.0,47,0,13,55629333,17890627,1,2,327167
ps,2,44726568,0.0,0.4,0.0,1.0,47,0,14,56112625,17890627,1,2,281500
ring,2,44726568,0.0,0.05,0.0,1.0,47,0,0,15333959,2236328,2,2,750751
ring,2,44726568,0.0,0.05,0.0,1.0,47,0,1,9261958,2236328,2,2,331875
ring,2,44726568,0.0,0.05,0.0,1.0,47,0,2,9742625,2236328,2,2,1083
ring,2,44726568,0.0,0.05,0.0,1.0,47,0,3,16184333,2236328,2,2,669499
ring,2,44726568,0.0,0.05,0.0,1.0,47,0,4,9536209,2236328,2,2,1209
ring,2,44726568,0.0,0.05,0.0,1.0,47,0,5,9792208,2236328,2,2,13666
ring,2,44726568,0.0,0.05,0.0,1.0,47,0,6,13625334,2236328,2,2,7543
ring,2,44726568,0.0,0.05,0.0,1.0,47,0,7,15325042,2236328,2,2,1120542
ring,2,44726568,0.0,0.05,0.0,1.0,47,0,8,15461167,2236328,2,2,1075251
ring,2,44726568,0.0,0.05,0.0,1.0,47,0,9,15594084,2236328,2,2,1224584
ring,2,44726568,0.0,0.05,0.0,1.0,47,0,10,14828708,2236328,2,2,830833
ring,2,44726568,0.0,0.05,0.0,1.0,47,0,11,15471750,2236328,2,2,7666
ring,2,44726568,0.0,0.05,0.0,1.0,47,0,12,10567084,2236328,2,2,481251
ring,2,44726568,0.0,0.05,0.0,1.0,47,0,13,10706959,2236328,2,2,678209
ring,2,44726568,0.0,0.05,0.0,1.0,47,0,14,16195000,2236328,2,2,438709
recursive,2,44726568,200000.0,0.05,0.0,1.0,47,0,0,18883417,2636328,2,2,201876
recursive,2,44726568,200000.0,0.05,0.0,1.0,47,0,1,10082375,2636328,2,2,1209
recursive,2,44726568,200000.0,0.05,0.0,1.0,47,0,2,10403166,2636328,2,2,726916
recursive,2,44726568,200000.0,0.05,0.0,1.0,47,0,3,15610416,2636328,2,2,23000
recursive,2,44726568,200000.0,0.05,0.0,1.0,47,0,4,9802958,2636328,2,2,105583
recursive,2,44726568,200000.0,0.05,0.0,1.0,47,0,5,10443542,2636328,2,2,648251
recursive,2,44726568,200000.0,0.05,0.0,1.0,47,0,6,14831917,2636328,2,2,706917
recursive,2,44726568,200000.0,0.05,0.0,1.0,47,0,7,10291084,2636328,2,2,740417
recursive,2,44726568,200000.0,0.05,0.0,1.0,47,0,8,10211042,2636328,2,2,699834
recursive,2,44726568,200000.0,0.05,0.0,1.0,47,0,9,15387583,2636328,2,2,12166
recursive,2,44726568,200000.0,0.05,0.0,1.0,47,0,10,10262208,2636328,2,2,5166
recursive,2,44726568,200000.0,0.05,0.0,1.0,47,0,11,10354875,2636328,2,2,42041
recursive,2,44726568,200000.0,0.05,0.0,1.0,47,0,12,16713250,2636328,2,2,208
recursive,2,44726568,200000.0,0.05,0.0,1.0,47,0,13,10897375,2636328,2,2,725500
recursive,2,44726568,200000.0,0.05,0.0,1.0,47,0,14,16845000,2636328,2,2,5500
ps,2,44726568,0.0,0.05,0.0,1.0,47,0,0,13518500,2236328,1,2,2666
ps,2,44726568,0.0,0.05,0.0,1.0,47,0,1,18354084,2236328,1,2,1417
ps,2,44726568,0.0,0.05,0.0,1.0,47,0,2,12775167,2236328,1,2,18584
ps,2,44726568,0.0,0.05,0.0,1.0,47,0,3,17629916,2236328,1,2,20291
ps,2,44726568,0.0,0.05,0.0,1.0,47,0,4,16196209,2236328,1,2,345250
ps,2,44726568,0.0,0.05,0.0,1.0,47,0,5,13701791,2236328,1,2,5541
ps,2,44726568,0.0,0.05,0.0,1.0,47,0,6,18704125,2236328,1,2,344292
ps,2,44726568,0.0,0.05,0.0,1.0,47,0,7,12582500,2236328,1,2,4834
ps,2,44726568,0.0,0.05,0.0,1.0,47,0,8,15127750,2236328,1,2,291541
ps,2,44726568,0.0,0.05,0.0,1.0,47,0,9,12712583,2236328,1,2,7458
ps,2,44726568,0.0,0.05,0.0,1.0,47,0,10,15975625,2236328,1,2,329500
ps,2,44726568,0.0,0.05,0.0,1.0,47,0,11,18943958,2236328,1,2,11708
ps,2,44726568,0.0,0.05,0.0,1.0,47,0,12,18667959,2236328,1,2,234126
ps,2,44726568,0.0,0.05,0.0,1.0,47,0,13,15630666,2236328,1,2,252749
ps,2,44726568,0.0,0.05,0.0,1.0,47,0,14,12287166,2236328,1,2,2749
ring,2,44726568,0.0,0.4,0.0,1.0,47,0,0,33010459,17890626,2,2,2126
ring,2,44726568,0.0,0.4,0.0,1.0,47,0,1,32452125,17890626,2,2,71000
ring,2,44726568,0.0,0.4,0.0,1.0,47,0,2,39441750,17890626,2,2,6334
ring,2,44726568,0.0,0.4,0.0,1.0,47,0,3,31847750,17890626,2,2,217875
ring,2,44726568,0.0,0.4,0.0,1.0,47,0,4,39816541,17890626,2,2,3791
ring,2,44726568,0.0,0.4,0.0,1.0,47,0,5,31722250,17890626,2,2,775250
ring,2,44726568,0.0,0.4,0.0,1.0,47,0,6,38410375,17890626,2,2,4500
ring,2,44726568,0.0,0.4,0.0,1.0,47,0,7,32437000,17890626,2,2,820250
ring,2,44726568,0.0,0.4,0.0,1.0,47,0,8,33561250,17890626,2,2,6291
ring,2,44726568,0.0,0.4,0.0,1.0,47,0,9,32555417,17890626,2,2,1105875
ring,2,44726568,0.0,0.4,0.0,1.0,47,0,10,38815750,17890626,2,2,319667
ring,2,44726568,0.0,0.4,0.0,1.0,47,0,11,32877500,17890626,2,2,417
ring,2,44726568,0.0,0.4,0.0,1.0,47,0,12,37743334,17890626,2,2,10209
ring,2,44726568,0.0,0.4,0.0,1.0,47,0,13,32539750,17890626,2,2,344208
ring,2,44726568,0.0,0.4,0.0,1.0,47,0,14,33024250,17890626,2,2,798958
ring,2,44726568,200000.0,0.05,0.0,1.0,47,0,0,11081208,2636328,2,2,714250
ring,2,44726568,200000.0,0.05,0.0,1.0,47,0,1,12947875,2636328,2,2,432083
ring,2,44726568,200000.0,0.05,0.0,1.0,47,0,2,11188125,2636328,2,2,746208
ring,2,44726568,200000.0,0.05,0.0,1.0,47,0,3,10465083,2636328,2,2,1166
ring,2,44726568,200000.0,0.05,0.0,1.0,47,0,4,17569542,2636328,2,2,716958
ring,2,44726568,200000.0,0.05,0.0,1.0,47,0,5,10864250,2636328,2,2,9917
ring,2,44726568,200000.0,0.05,0.0,1.0,47,0,6,12407250,2636328,2,2,522208
ring,2,44726568,200000.0,0.05,0.0,1.0,47,0,7,17888417,2636328,2,2,702583
ring,2,44726568,200000.0,0.05,0.0,1.0,47,0,8,10316834,2636328,2,2,5376
ring,2,44726568,200000.0,0.05,0.0,1.0,47,0,9,17672084,2636328,2,2,1126
ring,2,44726568,200000.0,0.05,0.0,1.0,47,0,10,10183875,2636328,2,2,32042
ring,2,44726568,200000.0,0.05,0.0,1.0,47,0,11,10571083,2636328,2,2,52333
ring,2,44726568,200000.0,0.05,0.0,1.0,47,0,12,13279583,2636328,2,2,692541
ring,2,44726568,200000.0,0.05,0.0,1.0,47,0,13,10323792,2636328,2,2,31958
ring,2,44726568,200000.0,0.05,0.0,1.0,47,0,14,10789208,2636328,2,2,429416
recursive,2,44726568,0.0,0.05,0.0,1.0,47,0,0,10783709,2236328,2,2,346834
recursive,2,44726568,0.0,0.05,0.0,1.0,47,0,1,10023667,2236328,2,2,7417
recursive,2,44726568,0.0,0.05,0.0,1.0,47,0,2,15644333,2236328,2,2,761874
recursive,2,44726568,0.0,0.05,0.0,1.0,47,0,3,10079042,2236328,2,2,14251
recursive,2,44726568,0.0,0.05,0.0,1.0,47,0,4,9949417,2236328,2,2,23459
recursive,2,44726568,0.0,0.05,0.0,1.0,47,0,5,14013084,2236328,2,2,835876
recursive,2,44726568,0.0,0.05,0.0,1.0,47,0,6,9915792,2236328,2,2,56708
recursive,2,44726568,0.0,0.05,0.0,1.0,47,0,7,10195833,2236328,2,2,751250
recursive,2,44726568,0.0,0.05,0.0,1.0,47,0,8,16937167,2236328,2,2,14500
recursive,2,44726568,0.0,0.05,0.0,1.0,47,0,9,10530292,2236328,2,2,2208
recursive,2,44726568,0.0,0.05,0.0,1.0,47,0,10,10973125,2236328,2,2,1458
recursive,2,44726568,0.0,0.05,0.0,1.0,47,0,11,18331375,2236328,2,2,5292
recursive,2,44726568,0.0,0.05,0.0,1.0,47,0,12,10642333,2236328,2,2,756000
recursive,2,44726568,0.0,0.05,0.0,1.0,47,0,13,10075791,2236328,2,2,206832
recursive,2,44726568,0.0,0.05,0.0,1.0,47,0,14,10598584,2236328,2,2,753500
ps,2,44726568,200000.0,0.4,0.0,1.0,47,0,0,56538625,18090627,1,2,542542
ps,2,44726568,200000.0,0.4,0.0,1.0,47,0,1,56884584,18090627,1,2,339251
ps,2,44726568,200000.0,0.4,0.0,1.0,47,0,2,56226833,18090627,1,2,524750
ps,2,44726568,200000.0,0.4,0.0,1.0,47,0,3,56943125,18090627,1,2,419792
ps,2,44726568,200000.0,0.4,0.0,1.0,47,0,4,57291833,18090627,1,2,493250
ps,2,44726568,200000.0,0.4,0.0,1.0,47,0,5,57227083,18090627,1,2,567083
ps,2,44726568,200000.0,0.4,0.0,1.0,47,0,6,56777083,18090627,1,2,270291
ps,2,44726568,200000.0,0.4,0.0,1.0,47,0,7,56793500,18090627,1,2,278541
ps,2,44726568,200000.0,0.4,0.0,1.0,47,0,8,57259041,18090627,1,2,494791
ps,2,44726568,200000.0,0.4,0.0,1.0,47,0,9,56706917,18090627,1,2,289459
ps,2,44726568,200000.0,0.4,0.0,1.0,47,0,10,56914167,18090627,1,2,556876
ps,2,44726568,200000.0,0.4,0.0,1.0,47,0,11,56995584,18090627,1,2,554293
ps,2,44726568,200000.0,0.4,0.0,1.0,47,0,12,56207916,18090627,1,2,312624
ps,2,44726568,200000.0,0.4,0.0,1.0,47,0,13,56282292,18090627,1,2,263375
ps,2,44726568,200000.0,0.4,0.0,1.0,47,0,14,56020542,18090627,1,2,342751
ps,2,44726568,200000.0,0.05,0.0,1.0,47,0,0,14350542,2436328,1,2,352792
ps,2,44726568,200000.0,0.05,0.0,1.0,47,0,1,13017417,2436328,1,2,12500
ps,2,44726568,200000.0,0.05,0.0,1.0,47,0,2,18858417,2436328,1,2,284584
ps,2,44726568,200000.0,0.05,0.0,1.0,47,0,3,13955958,2436328,1,2,6333
ps,2,44726568,200000.0,0.05,0.0,1.0,47,0,4,13220000,2436328,1,2,459
ps,2,44726568,200000.0,0.05,0.0,1.0,47,0,5,13039334,2436328,1,2,12459
ps,2,44726568,200000.0,0.05,0.0,1.0,47,0,6,12652542,2436328,1,2,10251
ps,2,44726568,200000.0,0.05,0.0,1.0,47,0,7,22125834,2436328,1,2,337043
ps,2,44726568,200000.0,0.05,0.0,1.0,47,0,8,13085750,2436328,1,2,8042
ps,2,44726568,200000.0,0.05,0.0,1.0,47,0,9,16472833,2436328,1,2,1624
ps,2,44726568,200000.0,0.05,0.0,1.0,47,0,10,17983584,2436328,1,2,125667
ps,2,44726568,200000.0,0.05,0.0,1.0,47,0,11,18435000,2436328,1,2,2208
ps,2,44726568,200000.0,0.05,0.0,1.0,47,0,12,18035500,2436328,1,2,8583
ps,2,44726568,200000.0,0.05,0.0,1.0,47,0,13,16150792,2436328,1,2,4583
ps,2,44726568,200000.0,0.05,0.0,1.0,47,0,14,13875667,2436328,1,2,209125
ring,2,44726568,0.0,0.4,0.0,1.0,47,1,0,39210500,17890626,2,2,28583
ring,2,44726568,0.0,0.4,0.0,1.0,47,1,1,40042625,17890626,2,2,1709
ring,2,44726568,0.0,0.4,0.0,1.0,47,1,2,39890666,17890626,2,2,3583
ring,2,44726568,0.0,0.4,0.0,1.0,47,1,3,39473042,17890626,2,2,13167
ring,2,44726568,0.0,0.4,0.0,1.0,47,1,4,39311666,17890626,2,2,4999
ring,2,44726568,0.0,0.4,0.0,1.0,47,1,5,36791000,17890626,2,2,236667
ring,2,44726568,0.0,0.4,0.0,1.0,47,1,6,38893292,17890626,2,2,5458
ring,2,44726568,0.0,0.4,0.0,1.0,47,1,7,36538750,17890626,2,2,1069333
ring,2,44726568,0.0,0.4,0.0,1.0,47,1,8,33065958,17890626,2,2,1080625
ring,2,44726568,0.0,0.4,0.0,1.0,47,1,9,37583791,17890626,2,2,343999
ring,2,44726568,0.0,0.4,0.0,1.0,47,1,10,26553958,17890626,2,2,793958
ring,2,44726568,0.0,0.4,0.0,1.0,47,1,11,25531792,17890626,2,2,402292
ring,2,44726568,0.0,0.4,0.0,1.0,47,1,12,31156250,17890626,2,2,709
ring,2,44726568,0.0,0.4,0.0,1.0,47,1,13,32878917,17890626,2,2,1792
ring,2,44726568,0.0,0.4,0.0,1.0,47,1,14,32698750,17890626,2,2,30750
ps,2,44726568,0.0,0.05,0.0,1.0,47,1,0,12557792,2236328,1,2,7959
ps,2,44726568,0.0,0.05,0.0,1.0,47,1,1,20905500,2236328,1,2,168375
ps,2,44726568,0.0,0.05,0.0,1.0,47,1,2,12622875,2236328,1,2,10000
ps,2,44726568,0.0,0.05,0.0,1.0,47,1,3,16317042,2236328,1,2,551042
ps,2,44726568,0.0,0.05,0.0,1.0,47,1,4,12619208,2236328,1,2,2416
ps,2,44726568,0.0,0.05,0.0,1.0,47,1,5,16658042,2236328,1,2,51167
ps,2,44726568,0.0,0.05,0.0,1.0,47,1,6,12685875,2236328,1,2,9333
ps,2,44726568,0.0,0.05,0.0,1.0,47,1,7,18410625,2236328,1,2,328792
ps,2,44726568,0.0,0.05,0.0,1.0,47,1,8,12837125,2236328,1,2,14417
ps,2,44726568,0.0,0.05,0.0,1.0,47,1,9,12691125,2236328,1,2,7542
ps,2,44726568,0.0,0.05,0.0,1.0,47,1,10,12904791,2236328,1,2,291
ps,2,44726568,0.0,0.05,0.0,1.0,47,1,11,21003916,2236328,1,2,447874
ps,2,44726568,0.0,0.05,0.0,1.0,47,1,12,12542917,2236328,1,2,5917
ps,2,44726568,0.0,0.05,0.0,1.0,47,1,13,15919333,2236328,1,2,916
ps,2,44726568,0.0,0.05,0.0,1.0,47,1,14,12674125,2236328,1,2,6458
recursive,2,44726568,200000.0,0.4,0.0,1.0,47,1,0,40357708,18290626,2,2,458
recursive,2,44726568,200000.0,0.4,0.0,1.0,47,1,1,34216791,18290626,2,2,128291
recursive,2,44726568,200000.0,0.4,0.0,1.0,47,1,2,32351917,18290626,2,2,2417
recursive,2,44726568,200000.0,0.4,0.0,1.0,47,1,3,39582083,18290626,2,2,292
recursive,2,44726568,200000.0,0.4,0.0,1.0,47,1,4,31499375,18290626,2,2,12500
recursive,2,44726568,200000.0,0.4,0.0,1.0,47,1,5,34096958,18290626,2,2,542
recursive,2,44726568,200000.0,0.4,0.0,1.0,47,1,6,34173292,18290626,2,2,67375
recursive,2,44726568,200000.0,0.4,0.0,1.0,47,1,7,32881250,18290626,2,2,39500
recursive,2,44726568,200000.0,0.4,0.0,1.0,47,1,8,39421416,18290626,2,2,3333
recursive,2,44726568,200000.0,0.4,0.0,1.0,47,1,9,34099334,18290626,2,2,524875
recursive,2,44726568,200000.0,0.4,0.0,1.0,47,1,10,33028959,18290626,2,2,10001
recursive,2,44726568,200000.0,0.4,0.0,1.0,47,1,11,33603542,18290626,2,2,712667
recursive,2,44726568,200000.0,0.4,0.0,1.0,47,1,12,39415333,18290626,2,2,5875
recursive,2,44726568,200000.0,0.4,0.0,1.0,47,1,13,28829125,18290626,2,2,4583
recursive,2,44726568,200000.0,0.4,0.0,1.0,47,1,14,40388583,18290626,2,2,17541
ps,2,44726568,200000.0,0.4,0.0,1.0,47,1,0,56264792,18090627,1,2,216000
ps,2,44726568,200000.0,0.4,0.0,1.0,47,1,1,55125166,18090627,1,2,287791
ps,2,44726568,200000.0,0.4,0.0,1.0,47,1,2,56214042,18090627,1,2,524125
ps,2,44726568,200000.0,0.4,0.0,1.0,47,1,3,56169500,18090627,1,2,240125
ps,2,44726568,200000.0,0.4,0.0,1.0,47,1,4,56321250,18090627,1,2,284084
ps,2,44726568,200000.0,0.4,0.0,1.0,47,1,5,56382750,18090627,1,2,381166
ps,2,44726568,200000.0,0.4,0.0,1.0,47,1,6,56056167,18090627,1,2,252625
ps,2,44726568,200000.0,0.4,0.0,1.0,47,1,7,59866750,18090627,1,2,500666
ps,2,44726568,200000.0,0.4,0.0,1.0,47,1,8,56561042,18090627,1,2,327459
ps,2,44726568,200000.0,0.4,0.0,1.0,47,1,9,57159375,18090627,1,2,476584
ps,2,44726568,200000.0,0.4,0.0,1.0,47,1,10,56669125,18090627,1,2,498666
ps,2,44726568,200000.0,0.4,0.0,1.0,47,1,11,57076667,18090627,1,2,517542
ps,2,44726568,200000.0,0.4,0.0,1.0,47,1,12,56372750,18090627,1,2,463833
ps,2,44726568,200000.0,0.4,0.0,1.0,47,1,13,56369417,18090627,1,2,377667
ps,2,44726568,200000.0,0.4,0.0,1.0,47,1,14,56557458,18090627,1,2,374375
ps,2,44726568,0.0,0.4,0.0,1.0,47,1,0,55979708,17890627,1,2,334625
ps,2,44726568,0.0,0.4,0.0,1.0,47,1,1,55776875,17890627,1,2,224500
ps,2,44726568,0.0,0.4,0.0,1.0,47,1,2,54516334,17890627,1,2,453959
ps,2,44726568,0.0,0.4,0.0,1.0,47,1,3,54407291,17890627,1,2,397000
ps,2,44726568,0.0,0.4,0.0,1.0,47,1,4,54324750,17890627,1,2,304708
ps,2,44726568,0.0,0.4,0.0,1.0,47,1,5,56344875,17890627,1,2,306833
ps,2,44726568,0.0,0.4,0.0,1.0,47,1,6,56308958,17890627,1,2,450625
ps,2,44726568,0.0,0.4,0.0,1.0,47,1,7,56712750,17890627,1,2,475792
ps,2,44726568,0.0,0.4,0.0,1.0,47,1,8,56526917,17890627,1,2,232458
ps,2,44726568,0.0,0.4,0.0,1.0,47,1,9,55864500,17890627,1,2,233750
ps,2,44726568,0.0,0.4,0.0,1.0,47,1,10,56049292,17890627,1,2,376667
ps,2,44726568,0.0,0.4,0.0,1.0,47,1,11,55856833,17890627,1,2,482166
ps,2,44726568,0.0,0.4,0.0,1.0,47,1,12,55114584,17890627,1,2,377834
ps,2,44726568,0.0,0.4,0.0,1.0,47,1,13,55027209,17890627,1,2,475543
ps,2,44726568,0.0,0.4,0.0,1.0,47,1,14,56013666,17890627,1,2,294666
recursive,2,44726568,200000.0,0.05,0.0,1.0,47,1,0,17076875,2636328,2,2,30000
recursive,2,44726568,200000.0,0.05,0.0,1.0,47,1,1,10780625,2636328,2,2,443458
recursive,2,44726568,200000.0,0.05,0.0,1.0,47,1,2,17668125,2636328,2,2,723500
recursive,2,44726568,200000.0,0.05,0.0,1.0,47,1,3,9902875,2636328,2,2,40750
recursive,2,44726568,200000.0,0.05,0.0,1.0,47,1,4,10588667,2636328,2,2,755334
recursive,2,44726568,200000.0,0.05,0.0,1.0,47,1,5,10280125,2636328,2,2,468416
recursive,2,44726568,200000.0,0.05,0.0,1.0,47,1,6,10378041,2636328,2,2,7083
recursive,2,44726568,200000.0,0.05,0.0,1.0,47,1,7,17300459,2636328,2,2,81959
recursive,2,44726568,200000.0,0.05,0.0,1.0,47,1,8,10442792,2636328,2,2,437250
recursive,2,44726568,200000.0,0.05,0.0,1.0,47,1,9,10005958,2636328,2,2,695291
recursive,2,44726568,200000.0,0.05,0.0,1.0,47,1,10,16723375,2636328,2,2,10375
recursive,2,44726568,200000.0,0.05,0.0,1.0,47,1,11,10237334,2636328,2,2,472418
recursive,2,44726568,200000.0,0.05,0.0,1.0,47,1,12,17750083,2636328,2,2,4000
recursive,2,44726568,200000.0,0.05,0.0,1.0,47,1,13,10295583,2636328,2,2,728500
recursive,2,44726568,200000.0,0.05,0.0,1.0,47,1,14,10238625,2636328,2,2,6375
ring,2,44726568,200000.0,0.4,0.0,1.0,47,1,0,32406250,18290626,2,2,4333
ring,2,44726568,200000.0,0.4,0.0,1.0,47,1,1,39530875,18290626,2,2,4833
ring,2,44726568,200000.0,0.4,0.0,1.0,47,1,2,32939167,18290626,2,2,4875
ring,2,44726568,200000.0,0.4,0.0,1.0,47,1,3,39739916,18290626,2,2,2832
ring,2,44726568,200000.0,0.4,0.0,1.0,47,1,4,30370208,18290626,2,2,5458
ring,2,44726568,200000.0,0.4,0.0,1.0,47,1,5,32900750,18290626,2,2,693792
ring,2,44726568,200000.0,0.4,0.0,1.0,47,1,6,38543000,18290626,2,2,3458
ring,2,44726568,200000.0,0.4,0.0,1.0,47,1,7,38570958,18290626,2,2,132208
ring,2,44726568,200000.0,0.4,0.0,1.0,47,1,8,31734750,18290626,2,2,1291
ring,2,44726568,200000.0,0.4,0.0,1.0,47,1,9,32550125,18290626,2,2,661500
ring,2,44726568,200000.0,0.4,0.0,1.0,47,1,10,32336708,18290626,2,2,675542
ring,2,44726568,200000.0,0.4,0.0,1.0,47,1,11,33347875,18290626,2,2,1542
ring,2,44726568,200000.0,0.4,0.0,1.0,47,1,12,33396708,18290626,2,2,678458
ring,2,44726568,200000.0,0.4,0.0,1.0,47,1,13,39783833,18290626,2,2,6833
ring,2,44726568,200000.0,0.4,0.0,1.0,47,1,14,34287833,18290626,2,2,438833
ring,2,44726568,0.0,0.05,0.0,1.0,47,1,0,10004083,2236328,2,2,704749
ring,2,44726568,0.0,0.05,0.0,1.0,47,1,1,14147000,2236328,2,2,5250
ring,2,44726568,0.0,0.05,0.0,1.0,47,1,2,9647875,2236328,2,2,2416
ring,2,44726568,0.0,0.05,0.0,1.0,47,1,3,9869917,2236328,2,2,12250
ring,2,44726568,0.0,0.05,0.0,1.0,47,1,4,16589167,2236328,2,2,30626
ring,2,44726568,0.0,0.05,0.0,1.0,47,1,5,16206916,2236328,2,2,745624
ring,2,44726568,0.0,0.05,0.0,1.0,47,1,6,9856625,2236328,2,2,482709
ring,2,44726568,0.0,0.05,0.0,1.0,47,1,7,10224000,2236328,2,2,744833
ring,2,44726568,0.0,0.05,0.0,1.0,47,1,8,10312209,2236328,2,2,801709
ring,2,44726568,0.0,0.05,0.0,1.0,47,1,9,9942125,2236328,2,2,363875
ring,2,44726568,0.0,0.05,0.0,1.0,47,1,10,12995416,2236328,2,2,5625
ring,2,44726568,0.0,0.05,0.0,1.0,47,1,11,10666584,2236328,2,2,4251
ring,2,44726568,0.0,0.05,0.0,1.0,47,1,12,16157500,2236328,2,2,1089208
ring,2,44726568,0.0,0.05,0.0,1.0,47,1,13,15335042,2236328,2,2,1088751
ring,2,44726568,0.0,0.05,0.0,1.0,47,1,14,14582750,2236328,2,2,15583
ring,2,44726568,200000.0,0.05,0.0,1.0,47,1,0,10547292,2636328,2,2,292
ring,2,44726568,200000.0,0.05,0.0,1.0,47,1,1,11103417,2636328,2,2,388042
ring,2,44726568,200000.0,0.05,0.0,1.0,47,1,2,11266917,2636328,2,2,453542
ring,2,44726568,200000.0,0.05,0.0,1.0,47,1,3,13425958,2636328,2,2,18499
ring,2,44726568,200000.0,0.05,0.0,1.0,47,1,4,10438750,2636328,2,2,11333
ring,2,44726568,200000.0,0.05,0.0,1.0,47,1,5,10484417,2636328,2,2,715792
ring,2,44726568,200000.0,0.05,0.0,1.0,47,1,6,15669125,2636328,2,2,673333
ring,2,44726568,200000.0,0.05,0.0,1.0,47,1,7,10457375,2636328,2,2,685750
ring,2,44726568,200000.0,0.05,0.0,1.0,47,1,8,10518333,2636328,2,2,784833
ring,2,44726568,200000.0,0.05,0.0,1.0,47,1,9,15034000,2636328,2,2,177709
ring,2,44726568,200000.0,0.05,0.0,1.0,47,1,10,11072458,2636328,2,2,8208
ring,2,44726568,200000.0,0.05,0.0,1.0,47,1,11,11924584,2636328,2,2,681959
ring,2,44726568,200000.0,0.05,0.0,1.0,47,1,12,17370708,2636328,2,2,661666
ring,2,44726568,200000.0,0.05,0.0,1.0,47,1,13,10893291,2636328,2,2,26083
ring,2,44726568,200000.0,0.05,0.0,1.0,47,1,14,14903417,2636328,2,2,485334
ps,2,44726568,200000.0,0.05,0.0,1.0,47,1,0,17144500,2436328,1,2,401458
ps,2,44726568,200000.0,0.05,0.0,1.0,47,1,1,13876541,2436328,1,2,2957
ps,2,44726568,200000.0,0.05,0.0,1.0,47,1,2,13773792,2436328,1,2,493083
ps,2,44726568,200000.0,0.05,0.0,1.0,47,1,3,19080500,2436328,1,2,2500
ps,2,44726568,200000.0,0.05,0.0,1.0,47,1,4,19056791,2436328,1,2,330082
ps,2,44726568,200000.0,0.05,0.0,1.0,47,1,5,13773041,2436328,1,2,15332
ps,2,44726568,200000.0,0.05,0.0,1.0,47,1,6,17284875,2436328,1,2,4875
ps,2,44726568,200000.0,0.05,0.0,1.0,47,1,7,13589333,2436328,1,2,276249
ps,2,44726568,200000.0,0.05,0.0,1.0,47,1,8,20949666,2436328,1,2,2333
ps,2,44726568,200000.0,0.05,0.0,1.0,47,1,9,14316875,2436328,1,2,2125
ps,2,44726568,200000.0,0.05,0.0,1.0,47,1,10,14846292,2436328,1,2,256750
ps,2,44726568,200000.0,0.05,0.0,1.0,47,1,11,20468083,2436328,1,2,281708
ps,2,44726568,200000.0,0.05,0.0,1.0,47,1,12,13592292,2436328,1,2,7875
ps,2,44726568,200000.0,0.05,0.0,1.0,47,1,13,13161042,2436328,1,2,2333
ps,2,44726568,200000.0,0.05,0.0,1.0,47,1,14,13922958,2436328,1,2,26541
recursive,2,44726568,0.0,0.05,0.0,1.0,47,1,0,9754625,2236328,2,2,2417
recursive,2,44726568,0.0,0.05,0.0,1.0,47,1,1,13704750,2236328,2,2,209
recursive,2,44726568,0.0,0.05,0.0,1.0,47,1,2,10103291,2236328,2,2,6624
recursive,2,44726568,0.0,0.05,0.0,1.0,47,1,3,10575500,2236328,2,2,14333
recursive,2,44726568,0.0,0.05,0.0,1.0,47,1,4,9846709,2236328,2,2,10376
recursive,2,44726568,0.0,0.05,0.0,1.0,47,1,5,15327417,2236328,2,2,8209
recursive,2,44726568,0.0,0.05,0.0,1.0,47,1,6,9544583,2236328,2,2,448249
recursive,2,44726568,0.0,0.05,0.0,1.0,47,1,7,10530708,2236328,2,2,1875
recursive,2,44726568,0.0,0.05,0.0,1.0,47,1,8,18661416,2236328,2,2,6833
recursive,2,44726568,0.0,0.05,0.0,1.0,47,1,9,10487541,2236328,2,2,709207
recursive,2,44726568,0.0,0.05,0.0,1.0,47,1,10,10311833,2236328,2,2,699542
recursive,2,44726568,0.0,0.05,0.0,1.0,47,1,11,16893500,2236328,2,2,6125
recursive,2,44726568,0.0,0.05,0.0,1.0,47,1,12,10827333,2236328,2,2,653875
recursive,2,44726568,0.0,0.05,0.0,1.0,47,1,13,9912375,2236328,2,2,1292
recursive,2,44726568,0.0,0.05,0.0,1.0,47,1,14,17640416,2236328,2,2,791
recursive,2,44726568,0.0,0.4,0.0,1.0,47,1,0,38842208,17890626,2,2,167
recursive,2,44726568,0.0,0.4,0.0,1.0,47,1,1,33732500,17890626,2,2,196250
recursive,2,44726568,0.0,0.4,0.0,1.0,47,1,2,38947208,17890626,2,2,17250
recursive,2,44726568,0.0,0.4,0.0,1.0,47,1,3,33189250,17890626,2,2,334
recursive,2,44726568,0.0,0.4,0.0,1.0,47,1,4,39641500,17890626,2,2,542
recursive,2,44726568,0.0,0.4,0.0,1.0,47,1,5,33009917,17890626,2,2,3042
recursive,2,44726568,0.0,0.4,0.0,1.0,47,1,6,39798334,17890626,2,2,6876
recursive,2,44726568,0.0,0.4,0.0,1.0,47,1,7,32470791,17890626,2,2,602875
recursive,2,44726568,0.0,0.4,0.0,1.0,47,1,8,32466166,17890626,2,2,5874
recursive,2,44726568,0.0,0.4,0.0,1.0,47,1,9,33448541,17890626,2,2,19333
recursive,2,44726568,0.0,0.4,0.0,1.0,47,1,10,32663083,17890626,2,2,6250
recursive,2,44726568,0.0,0.4,0.0,1.0,47,1,11,39217834,17890626,2,2,6917
recursive,2,44726568,0.0,0.4,0.0,1.0,47,1,12,32321792,17890626,2,2,545417
recursive,2,44726568,0.0,0.4,0.0,1.0,47,1,13,38422084,17890626,2,2,2000
recursive,2,44726568,0.0,0.4,0.0,1.0,47,1,14,39429750,17890626,2,2,42
ps,2,44726568,0.0,0.4,0.0,1.0,47,2,0,55450041,17890627,1,2,309666
ps,2,44726568,0.0,0.4,0.0,1.0,47,2,1,55285917,17890627,1,2,318584
ps,2,44726568,0.0,0.4,0.0,1.0,47,2,2,56204000,17890627,1,2,436083
ps,2,44726568,0.0,0.4,0.0,1.0,47,2,3,54985375,17890627,1,2,527250
ps,2,44726568,0.0,0.4,0.0,1.0,47,2,4,55804292,17890627,1,2,482000
ps,2,44726568,0.0,0.4,0.0,1.0,47,2,5,56347291,17890627,1,2,492916
ps,2,44726568,0.0,0.4,0.0,1.0,47,2,6,55773209,17890627,1,2,353000
ps,2,44726568,0.0,0.4,0.0,1.0,47,2,7,55632875,17890627,1,2,392291
ps,2,44726568,0.0,0.4,0.0,1.0,47,2,8,55994333,17890627,1,2,482249
ps,2,44726568,0.0,0.4,0.0,1.0,47,2,9,55356875,17890627,1,2,408333
ps,2,44726568,0.0,0.4,0.0,1.0,47,2,10,55670000,17890627,1,2,240666
ps,2,44726568,0.0,0.4,0.0,1.0,47,2,11,55395083,17890627,1,2,368291
ps,2,44726568,0.0,0.4,0.0,1.0,47,2,12,56663875,17890627,1,2,416792
ps,2,44726568,0.0,0.4,0.0,1.0,47,2,13,53127208,17890627,1,2,441167
ps,2,44726568,0.0,0.4,0.0,1.0,47,2,14,49841209,17890627,1,2,320084
recursive,2,44726568,200000.0,0.4,0.0,1.0,47,2,0,39417209,18290626,2,2,3834
recursive,2,44726568,200000.0,0.4,0.0,1.0,47,2,1,31912708,18290626,2,2,1875
recursive,2,44726568,200000.0,0.4,0.0,1.0,47,2,2,35876000,18290626,2,2,466166
recursive,2,44726568,200000.0,0.4,0.0,1.0,47,2,3,39207583,18290626,2,2,500
recursive,2,44726568,200000.0,0.4,0.0,1.0,47,2,4,27512209,18290626,2,2,418125
recursive,2,44726568,200000.0,0.4,0.0,1.0,47,2,5,33331875,18290626,2,2,8542
recursive,2,44726568,200000.0,0.4,0.0,1.0,47,2,6,33977875,18290626,2,2,577875
recursive,2,44726568,200000.0,0.4,0.0,1.0,47,2,7,33144542,18290626,2,2,319834
recursive,2,44726568,200000.0,0.4,0.0,1.0,47,2,8,38445583,18290626,2,2,791458
recursive,2,44726568,200000.0,0.4,0.0,1.0,47,2,9,32774625,18290626,2,2,8375
recursive,2,44726568,200000.0,0.4,0.0,1.0,47,2,10,31995250,18290626,2,2,387959
recursive,2,44726568,200000.0,0.4,0.0,1.0,47,2,11,32808500,18290626,2,2,745750
recursive,2,44726568,200000.0,0.4,0.0,1.0,47,2,12,33546042,18290626,2,2,65126
recursive,2,44726568,200000.0,0.4,0.0,1.0,47,2,13,34427916,18290626,2,2,2041
recursive,2,44726568,200000.0,0.4,0.0,1.0,47,2,14,39111292,18290626,2,2,145667
ps,2,44726568,0.0,0.05,0.0,1.0,47,2,0,14907416,2236328,1,2,4833
ps,2,44726568,0.0,0.05,0.0,1.0,47,2,1,18393791,2236328,1,2,1916
ps,2,44726568,0.0,0.05,0.0,1.0,47,2,2,17769208,2236328,1,2,208
ps,2,44726568,0.0,0.05,0.0,1.0,47,2,3,17263792,2236328,1,2,5167
ps,2,44726568,0.0,0.05,0.0,1.0,47,2,4,17191166,2236328,1,2,46582
ps,2,44726568,0.0,0.05,0.0,1.0,47,2,5,12413459,2236328,1,2,1542
ps,2,44726568,0.0,0.05,0.0,1.0,47,2,6,12499625,2236328,1,2,1333
ps,2,44726568,0.0,0.05,0.0,1.0,47,2,7,18119291,2236328,1,2,10500
ps,2,44726568,0.0,0.05,0.0,1.0,47,2,8,13464375,2236328,1,2,416
ps,2,44726568,0.0,0.05,0.0,1.0,47,2,9,18273458,2236328,1,2,10583
ps,2,44726568,0.0,0.05,0.0,1.0,47,2,10,13723959,2236328,1,2,245792
ps,2,44726568,0.0,0.05,0.0,1.0,47,2,11,18051500,2236328,1,2,4083
ps,2,44726568,0.0,0.05,0.0,1.0,47,2,12,18184500,2236328,1,2,412875
ps,2,44726568,0.0,0.05,0.0,1.0,47,2,13,12481084,2236328,1,2,75792
ps,2,44726568,0.0,0.05,0.0,1.0,47,2,14,12230458,2236328,1,2,2458
ps,2,44726568,200000.0,0.05,0.0,1.0,47,2,0,18959625,2436328,1,2,475250
ps,2,44726568,200000.0,0.05,0.0,1.0,47,2,1,12636208,2436328,1,2,1291
ps,2,44726568,200000.0,0.05,0.0,1.0,47,2,2,19651500,2436328,1,2,335000
ps,2,44726568,200000.0,0.05,0.0,1.0,47,2,3,13474334,2436328,1,2,2376
ps,2,44726568,200000.0,0.05,0.0,1.0,47,2,4,17034750,2436328,1,2,2458
ps,2,44726568,200000.0,0.05,0.0,1.0,47,2,5,12936417,2436328,1,2,9959
ps,2,44726568,200000.0,0.05,0.0,1.0,47,2,6,13277000,2436328,1,2,3875
ps,2,44726568,200000.0,0.05,0.0,1.0,47,2,7,19477500,2436328,1,2,277834
ps,2,44726568,200000.0,0.05,0.0,1.0,47,2,8,13004667,2436328,1,2,10750
ps,2,44726568,200000.0,0.05,0.0,1.0,47,2,9,17361667,2436328,1,2,52084
ps,2,44726568,200000.0,0.05,0.0,1.0,47,2,10,15001375,2436328,1,2,295417
ps,2,44726568,200000.0,0.05,0.0,1.0,47,2,11,19568625,2436328,1,2,356917
ps,2,44726568,200000.0,0.05,0.0,1.0,47,2,12,16559583,2436328,1,2,319292
ps,2,44726568,200000.0,0.05,0.0,1.0,47,2,13,15573166,2436328,1,2,120500
ps,2,44726568,200000.0,0.05,0.0,1.0,47,2,14,14777166,2436328,1,2,10249
recursive,2,44726568,200000.0,0.05,0.0,1.0,47,2,0,9903125,2636328,2,2,11167
recursive,2,44726568,200000.0,0.05,0.0,1.0,47,2,1,10064000,2636328,2,2,72375
recursive,2,44726568,200000.0,0.05,0.0,1.0,47,2,2,13474916,2636328,2,2,704291
recursive,2,44726568,200000.0,0.05,0.0,1.0,47,2,3,13733125,2636328,2,2,696917
recursive,2,44726568,200000.0,0.05,0.0,1.0,47,2,4,10723791,2636328,2,2,736291
recursive,2,44726568,200000.0,0.05,0.0,1.0,47,2,5,10501083,2636328,2,2,83041
recursive,2,44726568,200000.0,0.05,0.0,1.0,47,2,6,10967084,2636328,2,2,699709
recursive,2,44726568,200000.0,0.05,0.0,1.0,47,2,7,10643625,2636328,2,2,717042
recursive,2,44726568,200000.0,0.05,0.0,1.0,47,2,8,13360417,2636328,2,2,678500
recursive,2,44726568,200000.0,0.05,0.0,1.0,47,2,9,10169667,2636328,2,2,3500
recursive,2,44726568,200000.0,0.05,0.0,1.0,47,2,10,10085209,2636328,2,2,430417
recursive,2,44726568,200000.0,0.05,0.0,1.0,47,2,11,15096208,2636328,2,2,27667
recursive,2,44726568,200000.0,0.05,0.0,1.0,47,2,12,10647625,2636328,2,2,36500
recursive,2,44726568,200000.0,0.05,0.0,1.0,47,2,13,10314875,2636328,2,2,16875
recursive,2,44726568,200000.0,0.05,0.0,1.0,47,2,14,19067417,2636328,2,2,750
ring,2,44726568,200000.0,0.4,0.0,1.0,47,2,0,32056917,18290626,2,2,827333
ring,2,44726568,200000.0,0.4,0.0,1.0,47,2,1,37938834,18290626,2,2,5709
ring,2,44726568,200000.0,0.4,0.0,1.0,47,2,2,29465667,18290626,2,2,451875
ring,2,44726568,200000.0,0.4,0.0,1.0,47,2,3,36441625,18290626,2,2,6458
ring,2,44726568,200000.0,0.4,0.0,1.0,47,2,4,38112083,18290626,2,2,1042
ring,2,44726568,200000.0,0.4,0.0,1.0,47,2,5,37406458,18290626,2,2,18333
ring,2,44726568,200000.0,0.4,0.0,1.0,47,2,6,37862292,18290626,2,2,465376
ring,2,44726568,200000.0,0.4,0.0,1.0,47,2,7,37641083,18290626,2,2,14666
ring,2,44726568,200000.0,0.4,0.0,1.0,47,2,8,27340708,18290626,2,2,369583
ring,2,44726568,200000.0,0.4,0.0,1.0,47,2,9,33218625,18290626,2,2,8542
ring,2,44726568,200000.0,0.4,0.0,1.0,47,2,10,33928542,18290626,2,2,167
ring,2,44726568,200000.0,0.4,0.0,1.0,47,2,11,39568958,18290626,2,2,3666
ring,2,44726568,200000.0,0.4,0.0,1.0,47,2,12,33280667,18290626,2,2,695750
ring,2,44726568,200000.0,0.4,0.0,1.0,47,2,13,30174333,18290626,2,2,5666
ring,2,44726568,200000.0,0.4,0.0,1.0,47,2,14,39799625,18290626,2,2,6083
ring,2,44726568,200000.0,0.05,0.0,1.0,47,2,0,10570375,2636328,2,2,698750
ring,2,44726568,200000.0,0.05,0.0,1.0,47,2,1,10515375,2636328,2,2,2750
ring,2,44726568,200000.0,0.05,0.0,1.0,47,2,2,10069500,2636328,2,2,30709
ring,2,44726568,200000.0,0.05,0.0,1.0,47,2,3,12091875,2636328,2,2,688500
ring,2,44726568,200000.0,0.05,0.0,1.0,47,2,4,18033041,2636328,2,2,740291
ring,2,44726568,200000.0,0.05,0.0,1.0,47,2,5,10600833,2636328,2,2,708
ring,2,44726568,200000.0,0.05,0.0,1.0,47,2,6,15682916,2636328,2,2,507083
ring,2,44726568,200000.0,0.05,0.0,1.0,47,2,7,10332542,2636328,2,2,25875
ring,2,44726568,200000.0,0.05,0.0,1.0,47,2,8,11448042,2636328,2,2,743292
ring,2,44726568,200000.0,0.05,0.0,1.0,47,2,9,16591750,2636328,2,2,290541
ring,2,44726568,200000.0,0.05,0.0,1.0,47,2,10,10917375,2636328,2,2,744625
ring,2,44726568,200000.0,0.05,0.0,1.0,47,2,11,10793292,2636328,2,2,15917
ring,2,44726568,200000.0,0.05,0.0,1.0,47,2,12,17814291,2636328,2,2,539249
ring,2,44726568,200000.0,0.05,0.0,1.0,47,2,13,10296541,2636328,2,2,17291
ring,2,44726568,200000.0,0.05,0.0,1.0,47,2,14,11042042,2636328,2,2,2917
recursive,2,44726568,0.0,0.4,0.0,1.0,47,2,0,36489667,17890626,2,2,431542
recursive,2,44726568,0.0,0.4,0.0,1.0,47,2,1,30437125,17890626,2,2,41250
recursive,2,44726568,0.0,0.4,0.0,1.0,47,2,2,33561458,17890626,2,2,24500
recursive,2,44726568,0.0,0.4,0.0,1.0,47,2,3,32369250,17890626,2,2,2083
recursive,2,44726568,0.0,0.4,0.0,1.0,47,2,4,32971167,17890626,2,2,2708
recursive,2,44726568,0.0,0.4,0.0,1.0,47,2,5,33293209,17890626,2,2,751459
recursive,2,44726568,0.0,0.4,0.0,1.0,47,2,6,35624958,17890626,2,2,3333
recursive,2,44726568,0.0,0.4,0.0,1.0,47,2,7,33138250,17890626,2,2,379500
recursive,2,44726568,0.0,0.4,0.0,1.0,47,2,8,39246750,17890626,2,2,8041
recursive,2,44726568,0.0,0.4,0.0,1.0,47,2,9,37693792,17890626,2,2,83
recursive,2,44726568,0.0,0.4,0.0,1.0,47,2,10,31073125,17890626,2,2,2917
recursive,2,44726568,0.0,0.4,0.0,1.0,47,2,11,32878459,17890626,2,2,185043
recursive,2,44726568,0.0,0.4,0.0,1.0,47,2,12,37656833,17890626,2,2,6833
recursive,2,44726568,0.0,0.4,0.0,1.0,47,2,13,30982250,17890626,2,2,9000
recursive,2,44726568,0.0,0.4,0.0,1.0,47,2,14,36043541,17890626,2,2,22749
ring,2,44726568,0.0,0.05,0.0,1.0,47,2,0,10318583,2236328,2,2,760083
ring,2,44726568,0.0,0.05,0.0,1.0,47,2,1,10254416,2236328,2,2,732374
ring,2,44726568,0.0,0.05,0.0,1.0,47,2,2,10480875,2236328,2,2,748208
ring,2,44726568,0.0,0.05,0.0,1.0,47,2,3,9638208,2236328,2,2,329208
ring,2,44726568,0.0,0.05,0.0,1.0,47,2,4,10171959,2236328,2,2,353417
ring,2,44726568,0.0,0.05,0.0,1.0,47,2,5,10819041,2236328,2,2,763875
ring,2,44726568,0.0,0.05,0.0,1.0,47,2,6,14614166,2236328,2,2,14750
ring,2,44726568,0.0,0.05,0.0,1.0,47,2,7,10243125,2236328,2,2,257834
ring,2,44726568,0.0,0.05,0.0,1.0,47,2,8,10604292,2236328,2,2,6792
ring,2,44726568,0.0,0.05,0.0,1.0,47,2,9,18325416,2236328,2,2,368999
ring,2,44726568,0.0,0.05,0.0,1.0,47,2,10,10286709,2236328,2,2,1209
ring,2,44726568,0.0,0.05,0.0,1.0,47,2,11,10650417,2236328,2,2,18875
ring,2,44726568,0.0,0.05,0.0,1.0,47,2,12,17001042,2236328,2,2,409750
ring,2,44726568,0.0,0.05,0.0,1.0,47,2,13,10223875,2236328,2,2,977750
ring,2,44726568,0.0,0.05,0.0,1.0,47,2,14,10065375,2236328,2,2,357792
ps,2,44726568,200000.0,0.4,0.0,1.0,47,2,0,56402542,18090627,1,2,308167
ps,2,44726568,200000.0,0.4,0.0,1.0,47,2,1,56079292,18090627,1,2,377584
ps,2,44726568,200000.0,0.4,0.0,1.0,47,2,2,56751625,18090627,1,2,390958
ps,2,44726568,200000.0,0.4,0.0,1.0,47,2,3,56701084,18090627,1,2,279751
ps,2,44726568,200000.0,0.4,0.0,1.0,47,2,4,56299167,18090627,1,2,399626
ps,2,44726568,200000.0,0.4,0.0,1.0,47,2,5,56145792,18090627,1,2,368959
ps,2,44726568,200000.0,0.4,0.0,1.0,47,2,6,56193959,18090627,1,2,239418
ps,2,44726568,200000.0,0.4,0.0,1.0,47,2,7,55785541,18090627,1,2,295416
ps,2,44726568,200000.0,0.4,0.0,1.0,47,2,8,54972958,18090627,1,2,415000
ps,2,44726568,200000.0,0.4,0.0,1.0,47,2,9,55333333,18090627,1,2,273250
ps,2,44726568,200000.0,0.4,0.0,1.0,47,2,10,55695875,18090627,1,2,322875
ps,2,44726568,200000.0,0.4,0.0,1.0,47,2,11,56004500,18090627,1,2,473125
ps,2,44726568,200000.0,0.4,0.0,1.0,47,2,12,56340084,18090627,1,2,465084
ps,2,44726568,200000.0,0.4,0.0,1.0,47,2,13,55662792,18090627,1,2,271625
ps,2,44726568,200000.0,0.4,0.0,1.0,47,2,14,55843333,18090627,1,2,249833
recursive,2,44726568,0.0,0.05,0.0,1.0,47,2,0,23188875,2236328,2,2,4291
recursive,2,44726568,0.0,0.05,0.0,1.0,47,2,1,9609208,2236328,2,2,715083
recursive,2,44726568,0.0,0.05,0.0,1.0,47,2,2,10195916,2236328,2,2,703499
recursive,2,44726568,0.0,0.05,0.0,1.0,47,2,3,10092041,2236328,2,2,4374
recursive,2,44726568,0.0,0.05,0.0,1.0,47,2,4,10301750,2236328,2,2,684166
recursive,2,44726568,0.0,0.05,0.0,1.0,47,2,5,11235375,2236328,2,2,22083
recursive,2,44726568,0.0,0.05,0.0,1.0,47,2,6,16543834,2236328,2,2,41584
recursive,2,44726568,0.0,0.05,0.0,1.0,47,2,7,10131583,2236328,2,2,593583
recursive,2,44726568,0.0,0.05,0.0,1.0,47,2,8,15372125,2236328,2,2,2791
recursive,2,44726568,0.0,0.05,0.0,1.0,47,2,9,10283583,2236328,2,2,694708
recursive,2,44726568,0.0,0.05,0.0,1.0,47,2,10,9166958,2236328,2,2,5667
recursive,2,44726568,0.0,0.05,0.0,1.0,47,2,11,10727875,2236328,2,2,10791
recursive,2,44726568,0.0,0.05,0.0,1.0,47,2,12,16907250,2236328,2,2,683708
recursive,2,44726568,0.0,0.05,0.0,1.0,47,2,13,10041750,2236328,2,2,74834
recursive,2,44726568,0.0,0.05,0.0,1.0,47,2,14,9559000,2236328,2,2,44166
ring,2,44726568,0.0,0.4,0.0,1.0,47,2,0,30460542,17890626,2,2,1375
ring,2,44726568,0.0,0.4,0.0,1.0,47,2,1,32474875,17890626,2,2,1542
ring,2,44726568,0.0,0.4,0.0,1.0,47,2,2,36818750,17890626,2,2,12292
ring,2,44726568,0.0,0.4,0.0,1.0,47,2,3,39285958,17890626,2,2,48542
ring,2,44726568,0.0,0.4,0.0,1.0,47,2,4,38078875,17890626,2,2,1105417
ring,2,44726568,0.0,0.4,0.0,1.0,47,2,5,31296375,17890626,2,2,13875
ring,2,44726568,0.0,0.4,0.0,1.0,47,2,6,32656000,17890626,2,2,840708
ring,2,44726568,0.0,0.4,0.0,1.0,47,2,7,37760750,17890626,2,2,496458
ring,2,44726568,0.0,0.4,0.0,1.0,47,2,8,38463042,17890626,2,2,22958
ring,2,44726568,0.0,0.4,0.0,1.0,47,2,9,39180667,17890626,2,2,1417
ring,2,44726568,0.0,0.4,0.0,1.0,47,2,10,37983458,17890626,2,2,4166
ring,2,44726568,0.0,0.4,0.0,1.0,47,2,11,39540042,17890626,2,2,5459
ring,2,44726568,0.0,0.4,0.0,1.0,47,2,12,32004166,17890626,2,2,558874
ring,2,44726568,0.0,0.4,0.0,1.0,47,2,13,32992708,17890626,2,2,673333
ring,2,44726568,0.0,0.4,0.0,1.0,47,2,14,32579500,17890626,2,2,274250
recursive,4,44726568,200000.0,0.4,0.0,1.0,47,0,0,67155333,27635944,4,4,1873583
recursive,4,44726568,200000.0,0.4,0.0,1.0,47,0,1,60343875,27635944,4,4,1812291
recursive,4,44726568,200000.0,0.4,0.0,1.0,47,0,2,65168959,27635944,4,4,933626
recursive,4,44726568,200000.0,0.4,0.0,1.0,47,0,3,61692833,27635944,4,4,1648500
recursive,4,44726568,200000.0,0.4,0.0,1.0,47,0,4,63486625,27635944,4,4,2366459
recursive,4,44726568,200000.0,0.4,0.0,1.0,47,0,5,66204042,27635944,4,4,114083
recursive,4,44726568,200000.0,0.4,0.0,1.0,47,0,6,62145541,27635944,4,4,419999
recursive,4,44726568,200000.0,0.4,0.0,1.0,47,0,7,64790292,27635944,4,4,2249125
recursive,4,44726568,200000.0,0.4,0.0,1.0,47,0,8,65452541,27635944,4,4,652916
recursive,4,44726568,200000.0,0.4,0.0,1.0,47,0,9,66208459,27635944,4,4,551251
recursive,4,44726568,200000.0,0.4,0.0,1.0,47,0,10,67989750,27635944,4,4,1227500
recursive,4,44726568,200000.0,0.4,0.0,1.0,47,0,11,69423000,27635944,4,4,598083
recursive,4,44726568,200000.0,0.4,0.0,1.0,47,0,12,68735875,27635944,4,4,958833
recursive,4,44726568,200000.0,0.4,0.0,1.0,47,0,13,69529916,27635944,4,4,1400249
recursive,4,44726568,200000.0,0.4,0.0,1.0,47,0,14,69431459,27635944,4,4,91375
recursive,4,44726568,0.0,0.4,0.0,1.0,47,0,0,69688333,26835944,4,4,857999
recursive,4,44726568,0.0,0.4,0.0,1.0,47,0,1,70884750,26835944,4,4,86666
recursive,4,44726568,0.0,0.4,0.0,1.0,47,0,2,72792916,26835944,4,4,3973374
recursive,4,44726568,0.0,0.4,0.0,1.0,47,0,3,71527709,26835944,4,4,2398625
recursive,4,44726568,0.0,0.4,0.0,1.0,47,0,4,72508750,26835944,4,4,1289458
recursive,4,44726568,0.0,0.4,0.0,1.0,47,0,5,74131209,26835944,4,4,1164584
recursive,4,44726568,0.0,0.4,0.0,1.0,47,0,6,65943333,26835944,4,4,849708
recursive,4,44726568,0.0,0.4,0.0,1.0,47,0,7,70837250,26835944,4,4,1467791
recursive,4,44726568,0.0,0.4,0.0,1.0,47,0,8,67917708,26835944,4,4,1524792
recursive,4,44726568,0.0,0.4,0.0,1.0,47,0,9,74549959,26835944,4,4,80042
recursive,4,44726568,0.0,0.4,0.0,1.0,47,0,10,68960166,26835944,4,4,1413083
recursive,4,44726568,0.0,0.4,0.0,1.0,47,0,11,69073167,26835944,4,4,1222125
recursive,4,44726568,0.0,0.4,0.0,1.0,47,0,12,71101333,26835944,4,4,2490000
recursive,4,44726568,0.0,0.4,0.0,1.0,47,0,13,70754375,26835944,4,4,1725541
recursive,4,44726568,0.0,0.4,0.0,1.0,47,0,14,69638625,26835944,4,4,427042
ring,4,44726568,200000.0,0.4,0.0,1.0,47,0,0,69413584,28035942,6,4,2335000
ring,4,44726568,200000.0,0.4,0.0,1.0,47,0,1,61822250,28035942,6,4,3144625
ring,4,44726568,200000.0,0.4,0.0,1.0,47,0,2,63469375,28035942,6,4,1200958
ring,4,44726568,200000.0,0.4,0.0,1.0,47,0,3,57405000,28035942,6,4,1225083
ring,4,44726568,200000.0,0.4,0.0,1.0,47,0,4,60937917,28035942,6,4,1359583
ring,4,44726568,200000.0,0.4,0.0,1.0,47,0,5,59122083,28035942,6,4,1524999
ring,4,44726568,200000.0,0.4,0.0,1.0,47,0,6,60778708,28035942,6,4,1424792
ring,4,44726568,200000.0,0.4,0.0,1.0,47,0,7,67572416,28035942,6,4,2990624
ring,4,44726568,200000.0,0.4,0.0,1.0,47,0,8,72413917,28035942,6,4,2046208
ring,4,44726568,200000.0,0.4,0.0,1.0,47,0,9,66638167,28035942,6,4,1570251
ring,4,44726568,200000.0,0.4,0.0,1.0,47,0,10,64663208,28035942,6,4,1572458
ring,4,44726568,200000.0,0.4,0.0,1.0,47,0,11,62478084,28035942,6,4,1914000
ring,4,44726568,200000.0,0.4,0.0,1.0,47,0,12,71517417,28035942,6,4,1786876
ring,4,44726568,200000.0,0.4,0.0,1.0,47,0,13,71792958,28035942,6,4,2085458
ring,4,44726568,200000.0,0.4,0.0,1.0,47,0,14,68836750,28035942,6,4,313000
ps,4,44726568,0.0,0.4,0.0,1.0,47,0,0,99291958,53671881,3,4,35471792
ps,4,44726568,0.0,0.4,0.0,1.0,47,0,1,96525292,53671881,3,4,37822375
ps,4,44726568,0.0,0.4,0.0,1.0,47,0,2,98654833,53671881,3,4,35968708
ps,4,44726568,0.0,0.4,0.0,1.0,47,0,3,105870375,17890627,1,4,36190291
ps,4,44726568,0.0,0.4,0.0,1.0,47,0,4,97784000,53671881,3,4,30772125
ps,4,44726568,0.0,0.4,0.0,1.0,47,0,5,102238209,17890627,1,4,35944000
ps,4,44726568,0.0,0.4,0.0,1.0,47,0,6,102589791,17890627,1,4,35637708
ps,4,44726568,0.0,0.4,0.0,1.0,47,0,7,102655708,17890627,1,4,36214000
ps,4,44726568,0.0,0.4,0.0,1.0,47,0,8,113239333,17890627,1,4,40403708
ps,4,44726568,0.0,0.4,0.0,1.0,47,0,9,106840167,17890627,1,4,35449958
ps,4,44726568,0.0,0.4,0.0,1.0,47,0,10,103755709,17890627,1,4,33393917
ps,4,44726568,0.0,0.4,0.0,1.0,47,0,11,106829084,17890627,1,4,35362209
ps,4,44726568,0.0,0.4,0.0,1.0,47,0,12,101215375,17890627,1,4,35831833
ps,4,44726568,0.0,0.4,0.0,1.0,47,0,13,103513375,53671881,3,4,36187708
ps,4,44726568,0.0,0.4,0.0,1.0,47,0,14,99619167,17890627,1,4,35651000
ring,4,44726568,0.0,0.05,0.0,1.0,47,0,0,28397833,3354492,6,4,516791
ring,4,44726568,0.0,0.05,0.0,1.0,47,0,1,35127125,3354492,6,4,1439583
ring,4,44726568,0.0,0.05,0.0,1.0,47,0,2,28874208,3354492,6,4,1898749
ring,4,44726568,0.0,0.05,0.0,1.0,47,0,3,28281084,3354492,6,4,1139626
ring,4,44726568,0.0,0.05,0.0,1.0,47,0,4,27997500,3354492,6,4,1228375
ring,4,44726568,0.0,0.05,0.0,1.0,47,0,5,29035792,3354492,6,4,1924751
ring,4,44726568,0.0,0.05,0.0,1.0,47,0,6,35772584,3354492,6,4,1159209
ring,4,44726568,0.0,0.05,0.0,1.0,47,0,7,29010292,3354492,6,4,1931208
ring,4,44726568,0.0,0.05,0.0,1.0,47,0,8,34737750,3354492,6,4,1937417
ring,4,44726568,0.0,0.05,0.0,1.0,47,0,9,28444584,3354492,6,4,1675584
ring,4,44726568,0.0,0.05,0.0,1.0,47,0,10,28967666,3354492,6,4,2061041
ring,4,44726568,0.0,0.05,0.0,1.0,47,0,11,28178834,3354492,6,4,1413209
ring,4,44726568,0.0,0.05,0.0,1.0,47,0,12,37124500,3354492,6,4,1182583
ring,4,44726568,0.0,0.05,0.0,1.0,47,0,13,28519292,3354492,6,4,1399042
ring,4,44726568,0.0,0.05,0.0,1.0,47,0,14,35798166,3354492,6,4,1661916
recursive,4,44726568,200000.0,0.05,0.0,1.0,47,0,0,39539750,4154492,4,4,770208
recursive,4,44726568,200000.0,0.05,0.0,1.0,47,0,1,39532209,4154492,4,4,1912376
recursive,4,44726568,200000.0,0.05,0.0,1.0,47,0,2,40207833,4154492,4,4,971458
recursive,4,44726568,200000.0,0.05,0.0,1.0,47,0,3,38244291,4154492,4,4,1249416
recursive,4,44726568,200000.0,0.05,0.0,1.0,47,0,4,43396708,4154492,4,4,1302208
recursive,4,44726568,200000.0,0.05,0.0,1.0,47,0,5,45408208,4154492,4,4,736250
recursive,4,44726568,200000.0,0.05,0.0,1.0,47,0,6,42121625,4154492,4,4,1833750
recursive,4,44726568,200000.0,0.05,0.0,1.0,47,0,7,45399125,4154492,4,4,992625
recursive,4,44726568,200000.0,0.05,0.0,1.0,47,0,8,38919958,4154492,4,4,1177541
recursive,4,44726568,200000.0,0.05,0.0,1.0,47,0,9,39369375,4154492,4,4,2844625
recursive,4,44726568,200000.0,0.05,0.0,1.0,47,0,10,42768458,4154492,4,4,835625
recursive,4,44726568,200000.0,0.05,0.0,1.0,47,0,11,44183958,4154492,4,4,1146708
recursive,4,44726568,200000.0,0.05,0.0,1.0,47,0,12,42804084,4154492,4,4,1652667
recursive,4,44726568,200000.0,0.05,0.0,1.0,47,0,13,48202625,4154492,4,4,3089083
recursive,4,44726568,200000.0,0.05,0.0,1.0,47,0,14,41716000,4154492,4,4,545541
ps,4,44726568,0.0,0.05,0.0,1.0,47,0,0,52834542,6708984,3,4,15273459
ps,4,44726568,0.0,0.05,0.0,1.0,47,0,1,44289542,6708984,3,4,9997958
ps,4,44726568,0.0,0.05,0.0,1.0,47,0,2,36261083,6708984,3,4,10429500
ps,4,44726568,0.0,0.05,0.0,1.0,47,0,3,37825333,2236328,1,4,4861083
ps,4,44726568,0.0,0.05,0.0,1.0,47,0,4,34967541,6708984,3,4,9831250
ps,4,44726568,0.0,0.05,0.0,1.0,47,0,5,39763917,2236328,1,4,12280208
ps,4,44726568,0.0,0.05,0.0,1.0,47,0,6,34646833,2236328,1,4,9977500
ps,4,44726568,0.0,0.05,0.0,1.0,47,0,7,36079083,2236328,1,4,11237583
ps,4,44726568,0.0,0.05,0.0,1.0,47,0,8,38621250,6708984,3,4,10757042
ps,4,44726568,0.0,0.05,0.0,1.0,47,0,9,35688791,2236328,1,4,11288916
ps,4,44726568,0.0,0.05,0.0,1.0,47,0,10,34370250,6708984,3,4,10045167
ps,4,44726568,0.0,0.05,0.0,1.0,47,0,11,37493291,6708984,3,4,5961041
ps,4,44726568,0.0,0.05,0.0,1.0,47,0,12,33802167,6708984,3,4,9314792
ps,4,44726568,0.0,0.05,0.0,1.0,47,0,13,37062959,2236328,1,4,11259876
ps,4,44726568,0.0,0.05,0.0,1.0,47,0,14,40110917,2236328,1,4,14914667
ring,4,44726568,0.0,0.4,0.0,1.0,47,0,0,55067750,26835942,6,4,2573416
ring,4,44726568,0.0,0.4,0.0,1.0,47,0,1,52379333,26835942,6,4,62500
ring,4,44726568,0.0,0.4,0.0,1.0,47,0,2,60529458,26835942,6,4,2401917
ring,4,44726568,0.0,0.4,0.0,1.0,47,0,3,58708583,26835942,6,4,2099250
ring,4,44726568,0.0,0.4,0.0,1.0,47,0,4,55550208,26835942,6,4,1482708
ring,4,44726568,0.0,0.4,0.0,1.0,47,0,5,62222125,26835942,6,4,2344833
ring,4,44726568,0.0,0.4,0.0,1.0,47,0,6,64691292,26835942,6,4,2107376
ring,4,44726568,0.0,0.4,0.0,1.0,47,0,7,61314458,26835942,6,4,832083
ring,4,44726568,0.0,0.4,0.0,1.0,47,0,8,67125959,26835942,6,4,1249084
ring,4,44726568,0.0,0.4,0.0,1.0,47,0,9,66146875,26835942,6,4,2670583
ring,4,44726568,0.0,0.4,0.0,1.0,47,0,10,63345083,26835942,6,4,1283124
ring,4,44726568,0.0,0.4,0.0,1.0,47,0,11,70288583,26835942,6,4,2343541
ring,4,44726568,0.0,0.4,0.0,1.0,47,0,12,66051250,26835942,6,4,2169750
ring,4,44726568,0.0,0.4,0.0,1.0,47,0,13,59155167,26835942,6,4,2064792
ring,4,44726568,0.0,0.4,0.0,1.0,47,0,14,64429333,26835942,6,4,575333
ring,4,44726568,200000.0,0.05,0.0,1.0,47,0,0,33260167,4554492,6,4,1125417
ring,4,44726568,200000.0,0.05,0.0,1.0,47,0,1,41905417,4554492,6,4,1193750
ring,4,44726568,200000.0,0.05,0.0,1.0,47,0,2,34232125,4554492,6,4,1132500
ring,4,44726568,200000.0,0.05,0.0,1.0,47,0,3,34854167,4554492,6,4,1510084
ring,4,44726568,200000.0,0.05,0.0,1.0,47,0,4,34296792,4554492,6,4,753334
ring,4,44726568,200000.0,0.05,0.0,1.0,47,0,5,34382708,4554492,6,4,1770249
ring,4,44726568,200000.0,0.05,0.0,1.0,47,0,6,33997042,4554492,6,4,919584
ring,4,44726568,200000.0,0.05,0.0,1.0,47,0,7,33203500,4554492,6,4,877792
ring,4,44726568,200000.0,0.05,0.0,1.0,47,0,8,37929125,4554492,6,4,3976542
ring,4,44726568,200000.0,0.05,0.0,1.0,47,0,9,43380875,4554492,6,4,2118916
ring,4,44726568,200000.0,0.05,0.0,1.0,47,0,10,40401958,4554492,6,4,1474375
ring,4,44726568,200000.0,0.05,0.0,1.0,47,0,11,40358833,4554492,6,4,93916
ring,4,44726568,200000.0,0.05,0.0,1.0,47,0,12,41422459,4554492,6,4,3375500
ring,4,44726568,200000.0,0.05,0.0,1.0,47,0,13,42851041,4554492,6,4,2973249
ring,4,44726568,200000.0,0.05,0.0,1.0,47,0,14,43639083,4554492,6,4,1383875
recursive,4,44726568,0.0,0.05,0.0,1.0,47,0,0,46918834,3354492,4,4,1390001
recursive,4,44726568,0.0,0.05,0.0,1.0,47,0,1,48192541,3354492,4,4,550624
recursive,4,44726568,0.0,0.05,0.0,1.0,47,0,2,46582916,3354492,4,4,1622000
recursive,4,44726568,0.0,0.05,0.0,1.0,47,0,3,45253250,3354492,4,4,1195084
recursive,4,44726568,0.0,0.05,0.0,1.0,47,0,4,46378583,3354492,4,4,1200458
recursive,4,44726568,0.0,0.05,0.0,1.0,47,0,5,47707125,3354492,4,4,1218541
recursive,4,44726568,0.0,0.05,0.0,1.0,47,0,6,44891250,3354492,4,4,1094459
recursive,4,44726568,0.0,0.05,0.0,1.0,47,0,7,47439833,3354492,4,4,1292125
recursive,4,44726568,0.0,0.05,0.0,1.0,47,0,8,49149042,3354492,4,4,2238125
recursive,4,44726568,0.0,0.05,0.0,1.0,47,0,9,48975708,3354492,4,4,1683167
recursive,4,44726568,0.0,0.05,0.0,1.0,47,0,10,48372667,3354492,4,4,697500
recursive,4,44726568,0.0,0.05,0.0,1.0,47,0,11,43869208,3354492,4,4,1680833
recursive,4,44726568,0.0,0.05,0.0,1.0,47,0,12,47020750,3354492,4,4,2565041
recursive,4,44726568,0.0,0.05,0.0,1.0,47,0,13,49626667,3354492,4,4,2244292
recursive,4,44726568,0.0,0.05,0.0,1.0,47,0,14,49178750,3354492,4,4,422750
ps,4,44726568,200000.0,0.4,0.0,1.0,47,0,0,94508541,18090627,1,4,36319250
ps,4,44726568,200000.0,0.4,0.0,1.0,47,0,1,98016000,18090627,1,4,34217625
ps,4,44726568,200000.0,0.4,0.0,1.0,47,0,2,108669166,18090627,1,4,38557082
ps,4,44726568,200000.0,0.4,0.0,1.0,47,0,3,100939792,18090627,1,4,30860084
ps,4,44726568,200000.0,0.4,0.0,1.0,47,0,4,112448042,18090627,1,4,36461334
ps,4,44726568,200000.0,0.4,0.0,1.0,47,0,5,113570208,18090627,1,4,36523125
ps,4,44726568,200000.0,0.4,0.0,1.0,47,0,6,107657250,18090627,1,4,35783000
ps,4,44726568,200000.0,0.4,0.0,1.0,47,0,7,101839500,18090627,1,4,35536833
ps,4,44726568,200000.0,0.4,0.0,1.0,47,0,8,101889625,18090627,1,4,36303083
ps,4,44726568,200000.0,0.4,0.0,1.0,47,0,9,97183000,18090627,1,4,34994750
ps,4,44726568,200000.0,0.4,0.0,1.0,47,0,10,108237875,18090627,1,4,36348042
ps,4,44726568,200000.0,0.4,0.0,1.0,47,0,11,102548459,18090627,1,4,36578918
ps,4,44726568,200000.0,0.4,0.0,1.0,47,0,12,101272458,18090627,1,4,38601333
ps,4,44726568,200000.0,0.4,0.0,1.0,47,0,13,101362166,18090627,1,4,32291499
ps,4,44726568,200000.0,0.4,0.0,1.0,47,0,14,107666958,18090627,1,4,36287458
ps,4,44726568,200000.0,0.05,0.0,1.0,47,0,0,34058875,2436328,1,4,9725833
ps,4,44726568,200000.0,0.05,0.0,1.0,47,0,1,31317459,7308984,3,4,8805584
ps,4,44726568,200000.0,0.05,0.0,1.0,47,0,2,32004291,7308984,3,4,8540874
ps,4,44726568,200000.0,0.05,0.0,1.0,47,0,3,34487125,7308984,3,4,8681833
ps,4,44726568,200000.0,0.05,0.0,1.0,47,0,4,34677791,7308984,3,4,11402874
ps,4,44726568,200000.0,0.05,0.0,1.0,47,0,5,32982750,2436328,1,4,9154250
ps,4,44726568,200000.0,0.05,0.0,1.0,47,0,6,32630541,7308984,3,4,5591749
ps,4,44726568,200000.0,0.05,0.0,1.0,47,0,7,32714459,2436328,1,4,9009917
ps,4,44726568,200000.0,0.05,0.0,1.0,47,0,8,32509458,7308984,3,4,8339750
ps,4,44726568,200000.0,0.05,0.0,1.0,47,0,9,31941625,2436328,1,4,8344625
ps,4,44726568,200000.0,0.05,0.0,1.0,47,0,10,31989541,7308984,3,4,8637833
ps,4,44726568,200000.0,0.05,0.0,1.0,47,0,11,32738291,2436328,1,4,9559458
ps,4,44726568,200000.0,0.05,0.0,1.0,47,0,12,32205709,7308984,3,4,8677542
ps,4,44726568,200000.0,0.05,0.0,1.0,47,0,13,32113250,7308984,3,4,8328792
ps,4,44726568,200000.0,0.05,0.0,1.0,47,0,14,33219083,7308984,3,4,9878833
ring,4,44726568,0.0,0.4,0.0,1.0,47,1,0,77430792,26835942,6,4,2733584
ring,4,44726568,0.0,0.4,0.0,1.0,47,1,1,67405833,26835942,6,4,2768416
ring,4,44726568,0.0,0.4,0.0,1.0,47,1,2,67536792,26835942,6,4,1772626
ring,4,44726568,0.0,0.4,0.0,1.0,47,1,3,73000292,26835942,6,4,2602334
ring,4,44726568,0.0,0.4,0.0,1.0,47,1,4,64150750,26835942,6,4,3893083
ring,4,44726568,0.0,0.4,0.0,1.0,47,1,5,70970125,26835942,6,4,2887458
ring,4,44726568,0.0,0.4,0.0,1.0,47,1,6,67755375,26835942,6,4,2638833
ring,4,44726568,0.0,0.4,0.0,1.0,47,1,7,71973500,26835942,6,4,1677917
ring,4,44726568,0.0,0.4,0.0,1.0,47,1,8,67787375,26835942,6,4,1090042
ring,4,44726568,0.0,0.4,0.0,1.0,47,1,9,65110750,26835942,6,4,126250
ring,4,44726568,0.0,0.4,0.0,1.0,47,1,10,69011917,26835942,6,4,73209
ring,4,44726568,0.0,0.4,0.0,1.0,47,1,11,67516750,26835942,6,4,2430125
ring,4,44726568,0.0,0.4,0.0,1.0,47,1,12,66753542,26835942,6,4,1554584
ring,4,44726568,0.0,0.4,0.0,1.0,47,1,13,66664333,26835942,6,4,1617791
ring,4,44726568,0.0,0.4,0.0,1.0,47,1,14,61638625,26835942,6,4,406291
ps,4,44726568,0.0,0.05,0.0,1.0,47,1,0,37960792,6708984,3,4,12914667
ps,4,44726568,0.0,0.05,0.0,1.0,47,1,1,35563750,6708984,3,4,9529958
ps,4,44726568,0.0,0.05,0.0,1.0,47,1,2,35052834,6708984,3,4,9484584
ps,4,44726568,0.0,0.05,0.0,1.0,47,1,3,37765875,6708984,3,4,9607417
ps,4,44726568,0.0,0.05,0.0,1.0,47,1,4,35449917,6708984,3,4,10144209
ps,4,44726568,0.0,0.05,0.0,1.0,47,1,5,37195125,2236328,1,4,11163500
ps,4,44726568,0.0,0.05,0.0,1.0,47,1,6,37008166,6708984,3,4,9959125
ps,4,44726568,0.0,0.05,0.0,1.0,47,1,7,34921334,6708984,3,4,10318459
ps,4,44726568,0.0,0.05,0.0,1.0,47,1,8,35970375,6708984,3,4,10779333
ps,4,44726568,0.0,0.05,0.0,1.0,47,1,9,38983459,6708984,3,4,10693959
ps,4,44726568,0.0,0.05,0.0,1.0,47,1,10,34545916,6708984,3,4,9708083
ps,4,44726568,0.0,0.05,0.0,1.0,47,1,11,37639584,6708984,3,4,10554126
ps,4,44726568,0.0,0.05,0.0,1.0,47,1,12,35650750,6708984,3,4,10142167
ps,4,44726568,0.0,0.05,0.0,1.0,47,1,13,35846042,2236328,1,4,10992000
ps,4,44726568,0.0,0.05,0.0,1.0,47,1,14,40805959,6708984,3,4,14823876
recursive,4,44726568,200000.0,0.4,0.0,1.0,47,1,0,72310833,27635944,4,4,2284583
recursive,4,44726568,200000.0,0.4,0.0,1.0,47,1,1,69248000,27635944,4,4,1379708
recursive,4,44726568,200000.0,0.4,0.0,1.0,47,1,2,69715458,27635944,4,4,1368042
recursive,4,44726568,200000.0,0.4,0.0,1.0,47,1,3,70590916,27635944,4,4,1844624
recursive,4,44726568,200000.0,0.4,0.0,1.0,47,1,4,69776542,27635944,4,4,2384542
recursive,4,44726568,200000.0,0.4,0.0,1.0,47,1,5,68056000,27635944,4,4,2033459
recursive,4,44726568,200000.0,0.4,0.0,1.0,47,1,6,65252167,27635944,4,4,1726876
recursive,4,44726568,200000.0,0.4,0.0,1.0,47,1,7,69102042,27635944,4,4,1715583
recursive,4,44726568,200000.0,0.4,0.0,1.0,47,1,8,72285000,27635944,4,4,844167
recursive,4,44726568,200000.0,0.4,0.0,1.0,47,1,9,70954416,27635944,4,4,1367749
recursive,4,44726568,200000.0,0.4,0.0,1.0,47,1,10,71542250,27635944,4,4,296416
recursive,4,44726568,200000.0,0.4,0.0,1.0,47,1,11,73669167,27635944,4,4,2680583
recursive,4,44726568,200000.0,0.4,0.0,1.0,47,1,12,65225125,27635944,4,4,2548041
recursive,4,44726568,200000.0,0.4,0.0,1.0,47,1,13,72094750,27635944,4,4,1099666
recursive,4,44726568,200000.0,0.4,0.0,1.0,47,1,14,74160500,27635944,4,4,474333
ps,4,44726568,200000.0,0.4,0.0,1.0,47,1,0,93178959,18090627,1,4,36820084
ps,4,44726568,200000.0,0.4,0.0,1.0,47,1,1,106671875,54271881,3,4,35354166
ps,4,44726568,200000.0,0.4,0.0,1.0,47,1,2,104437250,18090627,1,4,36747958
ps,4,44726568,200000.0,0.4,0.0,1.0,47,1,3,107142459,18090627,1,4,36870834
ps,4,44726568,200000.0,0.4,0.0,1.0,47,1,4,109358750,18090627,1,4,36764958
ps,4,44726568,200000.0,0.4,0.0,1.0,47,1,5,97674500,54271881,3,4,30254083
ps,4,44726568,200000.0,0.4,0.0,1.0,47,1,6,108678417,18090627,1,4,36708834
ps,4,44726568,200000.0,0.4,0.0,1.0,47,1,7,109378333,18090627,1,4,36341541
ps,4,44726568,200000.0,0.4,0.0,1.0,47,1,8,103390458,18090627,1,4,35711749
ps,4,44726568,200000.0,0.4,0.0,1.0,47,1,9,108504416,18090627,1,4,41609208
ps,4,44726568,200000.0,0.4,0.0,1.0,47,1,10,107011083,54271881,3,4,33664416
ps,4,44726568,200000.0,0.4,0.0,1.0,47,1,11,98720291,54271881,3,4,32953749
ps,4,44726568,200000.0,0.4,0.0,1.0,47,1,12,98635500,18090627,1,4,36040875
ps,4,44726568,200000.0,0.4,0.0,1.0,47,1,13,91220291,54271881,3,4,30104041
ps,4,44726568,200000.0,0.4,0.0,1.0,47,1,14,107011792,18090627,1,4,35204876
ps,4,44726568,0.0,0.4,0.0,1.0,47,1,0,111159041,17890627,1,4,35613583
ps,4,44726568,0.0,0.4,0.0,1.0,47,1,1,108004292,17890627,1,4,36402042
ps,4,44726568,0.0,0.4,0.0,1.0,47,1,2,101522083,53671881,3,4,30175500
ps,4,44726568,0.0,0.4,0.0,1.0,47,1,3,107205875,17890627,1,4,35713666
ps,4,44726568,0.0,0.4,0.0,1.0,47,1,4,101874292,53671881,3,4,30203042
ps,4,44726568,0.0,0.4,0.0,1.0,47,1,5,102749375,17890627,1,4,31516792
ps,4,44726568,0.0,0.4,0.0,1.0,47,1,6,97649917,17890627,1,4,41398625
ps,4,44726568,0.0,0.4,0.0,1.0,47,1,7,107466333,17890627,1,4,40381458
ps,4,44726568,0.0,0.4,0.0,1.0,47,1,8,107396000,17890627,1,4,36638375
ps,4,44726568,0.0,0.4,0.0,1.0,47,1,9,104434458,17890627,1,4,36324166
ps,4,44726568,0.0,0.4,0.0,1.0,47,1,10,107247541,17890627,1,4,36367833
ps,4,44726568,0.0,0.4,0.0,1.0,47,1,11,95720959,17890627,1,4,35587084
ps,4,44726568,0.0,0.4,0.0,1.0,47,1,12,108567250,17890627,1,4,37185792
ps,4,44726568,0.0,0.4,0.0,1.0,47,1,13,99780708,53671881,3,4,35867083
ps,4,44726568,0.0,0.4,0.0,1.0,47,1,14,101547209,17890627,1,4,35589625
recursive,4,44726568,200000.0,0.05,0.0,1.0,47,1,0,34259958,4154492,4,4,1566792
recursive,4,44726568,200000.0,0.05,0.0,1.0,47,1,1,35172666,4154492,4,4,1003416
recursive,4,44726568,200000.0,0.05,0.0,1.0,47,1,2,38829833,4154492,4,4,1893333
recursive,4,44726568,200000.0,0.05,0.0,1.0,47,1,3,38973417,4154492,4,4,58334
recursive,4,44726568,200000.0,0.05,0.0,1.0,47,1,4,36944459,4154492,4,4,2862584
recursive,4,44726568,200000.0,0.05,0.0,1.0,47,1,5,35974375,4154492,4,4,961583
recursive,4,44726568,200000.0,0.05,0.0,1.0,47,1,6,37850250,4154492,4,4,1977541
recursive,4,44726568,200000.0,0.05,0.0,1.0,47,1,7,40913750,4154492,4,4,628042
recursive,4,44726568,200000.0,0.05,0.0,1.0,47,1,8,34727375,4154492,4,4,1298500
recursive,4,44726568,200000.0,0.05,0.0,1.0,47,1,9,39397333,4154492,4,4,1316250
recursive,4,44726568,200000.0,0.05,0.0,1.0,47,1,10,36281417,4154492,4,4,1342583
recursive,4,44726568,200000.0,0.05,0.0,1.0,47,1,11,37766375,4154492,4,4,1234333
recursive,4,44726568,200000.0,0.05,0.0,1.0,47,1,12,37073709,4154492,4,4,974625
recursive,4,44726568,200000.0,0.05,0.0,1.0,47,1,13,35749917,4154492,4,4,1225709
recursive,4,44726568,200000.0,0.05,0.0,1.0,47,1,14,35705791,4154492,4,4,2097082
ring,4,44726568,200000.0,0.4,0.0,1.0,47,1,0,53456500,28035942,6,4,2477875
ring,4,44726568,200000.0,0.4,0.0,1.0,47,1,1,53629083,28035942,6,4,1181791
ring,4,44726568,200000.0,0.4,0.0,1.0,47,1,2,52345333,28035942,6,4,1229874
ring,4,44726568,200000.0,0.4,0.0,1.0,47,1,3,58928875,28035942,6,4,3091625
ring,4,44726568,200000.0,0.4,0.0,1.0,47,1,4,60444333,28035942,6,4,2644042
ring,4,44726568,200000.0,0.4,0.0,1.0,47,1,5,62754000,28035942,6,4,327458
ring,4,44726568,200000.0,0.4,0.0,1.0,47,1,6,61163959,28035942,6,4,1453042
ring,4,44726568,200000.0,0.4,0.0,1.0,47,1,7,69961000,28035942,6,4,2749375
ring,4,44726568,200000.0,0.4,0.0,1.0,47,1,8,64742334,28035942,6,4,1399751
ring,4,44726568,200000.0,0.4,0.0,1.0,47,1,9,63503708,28035942,6,4,1560041
ring,4,44726568,200000.0,0.4,0.0,1.0,47,1,10,67871375,28035942,6,4,1878209
ring,4,44726568,200000.0,0.4,0.0,1.0,47,1,11,71826792,28035942,6,4,1643292
ring,4,44726568,200000.0,0.4,0.0,1.0,47,1,12,69412208,28035942,6,4,1639417
ring,4,44726568,200000.0,0.4,0.0,1.0,47,1,13,75838500,28035942,6,4,1800500
ring,4,44726568,200000.0,0.4,0.0,1.0,47,1,14,65900500,28035942,6,4,2496875
ring,4,44726568,0.0,0.05,0.0,1.0,47,1,0,32576000,3354492,6,4,1864084
ring,4,44726568,0.0,0.05,0.0,1.0,47,1,1,32561542,3354492,6,4,1507417
ring,4,44726568,0.0,0.05,0.0,1.0,47,1,2,34222375,3354492,6,4,1298208
ring,4,44726568,0.0,0.05,0.0,1.0,47,1,3,33206791,3354492,6,4,2145416
ring,4,44726568,0.0,0.05,0.0,1.0,47,1,4,33047750,3354492,6,4,1103166
ring,4,44726568,0.0,0.05,0.0,1.0,47,1,5,32930834,3354492,6,4,1197584
ring,4,44726568,0.0,0.05,0.0,1.0,47,1,6,33189500,3354492,6,4,1202917
ring,4,44726568,0.0,0.05,0.0,1.0,47,1,7,32234458,3354492,6,4,1576041
ring,4,44726568,0.0,0.05,0.0,1.0,47,1,8,33117209,3354492,6,4,1514043
ring,4,44726568,0.0,0.05,0.0,1.0,47,1,9,33096167,3354492,6,4,80376
ring,4,44726568,0.0,0.05,0.0,1.0,47,1,10,35631916,3354492,6,4,1446499
ring,4,44726568,0.0,0.05,0.0,1.0,47,1,11,38319042,3354492,6,4,1036751
ring,4,44726568,0.0,0.05,0.0,1.0,47,1,12,35170834,3354492,6,4,2122126
ring,4,44726568,0.0,0.05,0.0,1.0,47,1,13,33970500,3354492,6,4,793292
ring,4,44726568,0.0,0.05,0.0,1.0,47,1,14,35805708,3354492,6,4,1630500
ring,4,44726568,200000.0,0.05,0.0,1.0,47,1,0,36716000,4554492,6,4,1365375
ring,4,44726568,200000.0,0.05,0.0,1.0,47,1,1,35831875,4554492,6,4,32084
ring,4,44726568,200000.0,0.05,0.0,1.0,47,1,2,36056333,4554492,6,4,945499
ring,4,44726568,200000.0,0.05,0.0,1.0,47,1,3,37492334,4554492,6,4,1597459
ring,4,44726568,200000.0,0.05,0.0,1.0,47,1,4,37587625,4554492,6,4,1261875
ring,4,44726568,200000.0,0.05,0.0,1.0,47,1,5,36145959,4554492,6,4,1897376
ring,4,44726568,200000.0,0.05,0.0,1.0,47,1,6,36222167,4554492,6,4,1522584
ring,4,44726568,200000.0,0.05,0.0,1.0,47,1,7,37141333,4554492,6,4,737874
ring,4,44726568,200000.0,0.05,0.0,1.0,47,1,8,36932750,4554492,6,4,1324333
ring,4,44726568,200000.0,0.05,0.0,1.0,47,1,9,36022167,4554492,6,4,820626
ring,4,44726568,200000.0,0.05,0.0,1.0,47,1,10,36146292,4554492,6,4,1328250
ring,4,44726568,200000.0,0.05,0.0,1.0,47,1,11,37805542,4554492,6,4,115875
ring,4,44726568,200000.0,0.05,0.0,1.0,47,1,12,36285542,4554492,6,4,1263792
ring,4,44726568,200000.0,0.05,0.0,1.0,47,1,13,39224000,4554492,6,4,1260584
ring,4,44726568,200000.0,0.05,0.0,1.0,47,1,14,34002375,4554492,6,4,540625
ps,4,44726568,200000.0,0.05,0.0,1.0,47,1,0,42275666,7308984,3,4,12771291
ps,4,44726568,200000.0,0.05,0.0,1.0,47,1,1,54391667,7308984,3,4,16121083
ps,4,44726568,200000.0,0.05,0.0,1.0,47,1,2,56714292,7308984,3,4,16856626
ps,4,44726568,200000.0,0.05,0.0,1.0,47,1,3,57824500,2436328,1,4,16070041
ps,4,44726568,200000.0,0.05,0.0,1.0,47,1,4,53718916,2436328,1,4,14692874
ps,4,44726568,200000.0,0.05,0.0,1.0,47,1,5,43507208,2436328,1,4,13132583
ps,4,44726568,200000.0,0.05,0.0,1.0,47,1,6,38788167,7308984,3,4,11025834
ps,4,44726568,200000.0,0.05,0.0,1.0,47,1,7,41633375,2436328,1,4,13199459
ps,4,44726568,200000.0,0.05,0.0,1.0,47,1,8,41243792,7308984,3,4,8935459
ps,4,44726568,200000.0,0.05,0.0,1.0,47,1,9,45136375,2436328,1,4,13736208
ps,4,44726568,200000.0,0.05,0.0,1.0,47,1,10,41766000,2436328,1,4,13041500
ps,4,44726568,200000.0,0.05,0.0,1.0,47,1,11,43257292,7308984,3,4,12928209
ps,4,44726568,200000.0,0.05,0.0,1.0,47,1,12,40076417,7308984,3,4,11882833
ps,4,44726568,200000.0,0.05,0.0,1.0,47,1,13,37291750,2436328,1,4,9923000
ps,4,44726568,200000.0,0.05,0.0,1.0,47,1,14,40926666,7308984,3,4,11422375
recursive,4,44726568,0.0,0.05,0.0,1.0,47,1,0,46989084,3354492,4,4,705042
recursive,4,44726568,0.0,0.05,0.0,1.0,47,1,1,47051667,3354492,4,4,1703000
recursive,4,44726568,0.0,0.05,0.0,1.0,47,1,2,46929667,3354492,4,4,101542
recursive,4,44726568,0.0,0.05,0.0,1.0,47,1,3,47012666,3354492,4,4,848333
recursive,4,44726568,0.0,0.05,0.0,1.0,47,1,4,46222708,3354492,4,4,2815833
recursive,4,44726568,0.0,0.05,0.0,1.0,47,1,5,53296917,3354492,4,4,3523417
recursive,4,44726568,0.0,0.05,0.0,1.0,47,1,6,47759375,3354492,4,4,1833833
recursive,4,44726568,0.0,0.05,0.0,1.0,47,1,7,49256417,3354492,4,4,2108459
recursive,4,44726568,0.0,0.05,0.0,1.0,47,1,8,46468000,3354492,4,4,1653125
recursive,4,44726568,0.0,0.05,0.0,1.0,47,1,9,48884209,3354492,4,4,530126
recursive,4,44726568,0.0,0.05,0.0,1.0,47,1,10,46251625,3354492,4,4,1207917
recursive,4,44726568,0.0,0.05,0.0,1.0,47,1,11,44543333,3354492,4,4,1600708
recursive,4,44726568,0.0,0.05,0.0,1.0,47,1,12,45235208,3354492,4,4,1138250
recursive,4,44726568,0.0,0.05,0.0,1.0,47,1,13,48219583,3354492,4,4,1728541
recursive,4,44726568,0.0,0.05,0.0,1.0,47,1,14,46574958,3354492,4,4,315208
recursive,4,44726568,0.0,0.4,0.0,1.0,47,1,0,67303250,26835944,4,4,885209
recursive,4,44726568,0.0,0.4,0.0,1.0,47,1,1,69518958,26835944,4,4,1446541
recursive,4,44726568,0.0,0.4,0.0,1.0,47,1,2,74067834,26835944,4,4,429292
recursive,4,44726568,0.0,0.4,0.0,1.0,47,1,3,73755959,26835944,4,4,2449668
recursive,4,44726568,0.0,0.4,0.0,1.0,47,1,4,76090958,26835944,4,4,1681583
recursive,4,44726568,0.0,0.4,0.0,1.0,47,1,5,74045375,26835944,4,4,1681625
recursive,4,44726568,0.0,0.4,0.0,1.0,47,1,6,72120333,26835944,4,4,1639667
recursive,4,44726568,0.0,0.4,0.0,1.0,47,1,7,69194750,26835944,4,4,1181125
recursive,4,44726568,0.0,0.4,0.0,1.0,47,1,8,72741416,26835944,4,4,296707
recursive,4,44726568,0.0,0.4,0.0,1.0,47,1,9,75089250,26835944,4,4,3000042
recursive,4,44726568,0.0,0.4,0.0,1.0,47,1,10,72169416,26835944,4,4,2303541
recursive,4,44726568,0.0,0.4,0.0,1.0,47,1,11,73687291,26835944,4,4,1311832
recursive,4,44726568,0.0,0.4,0.0,1.0,47,1,12,73835500,26835944,4,4,1288666
recursive,4,44726568,0.0,0.4,0.0,1.0,47,1,13,69588458,26835944,4,4,1362083
recursive,4,44726568,0.0,0.4,0.0,1.0,47,1,14,73461458,26835944,4,4,357083
ps,4,44726568,0.0,0.4,0.0,1.0,47,2,0,113361333,17890627,1,4,35939000
ps,4,44726568,0.0,0.4,0.0,1.0,47,2,1,108393417,53671881,3,4,35718792
ps,4,44726568,0.0,0.4,0.0,1.0,47,2,2,108329959,17890627,1,4,39280793
ps,4,44726568,0.0,0.4,0.0,1.0,47,2,3,109145541,17890627,1,4,35927291
ps,4,44726568,0.0,0.4,0.0,1.0,47,2,4,108643417,17890627,1,4,36014917
ps,4,44726568,0.0,0.4,0.0,1.0,47,2,5,107938208,53671881,3,4,29759291
ps,4,44726568,0.0,0.4,0.0,1.0,47,2,6,105257167,53671881,3,4,30550042
ps,4,44726568,0.0,0.4,0.0,1.0,47,2,7,107319917,17890627,1,4,34547542
ps,4,44726568,0.0,0.4,0.0,1.0,47,2,8,102172375,17890627,1,4,35748958
ps,4,44726568,0.0,0.4,0.0,1.0,47,2,9,108968917,17890627,1,4,38072292
ps,4,44726568,0.0,0.4,0.0,1.0,47,2,10,106438209,17890627,1,4,42014626
ps,4,44726568,0.0,0.4,0.0,1.0,47,2,11,108649459,17890627,1,4,36563667
ps,4,44726568,0.0,0.4,0.0,1.0,47,2,12,107539458,17890627,1,4,36284124
ps,4,44726568,0.0,0.4,0.0,1.0,47,2,13,101710459,17890627,1,4,35653250
ps,4,44726568,0.0,0.4,0.0,1.0,47,2,14,100936834,53671881,3,4,29737834
recursive,4,44726568,200000.0,0.4,0.0,1.0,47,2,0,66138541,27635944,4,4,1252125
recursive,4,44726568,200000.0,0.4,0.0,1.0,47,2,1,60427209,27635944,4,4,1408876
recursive,4,44726568,200000.0,0.4,0.0,1.0,47,2,2,74054584,27635944,4,4,96959
recursive,4,44726568,200000.0,0.4,0.0,1.0,47,2,3,69259750,27635944,4,4,973792
recursive,4,44726568,200000.0,0.4,0.0,1.0,47,2,4,58742667,27635944,4,4,768251
recursive,4,44726568,200000.0,0.4,0.0,1.0,47,2,5,66063542,27635944,4,4,1492750
recursive,4,44726568,200000.0,0.4,0.0,1.0,47,2,6,63393792,27635944,4,4,83834
recursive,4,44726568,200000.0,0.4,0.0,1.0,47,2,7,69769958,27635944,4,4,544166
recursive,4,44726568,200000.0,0.4,0.0,1.0,47,2,8,64916000,27635944,4,4,69458
recursive,4,44726568,200000.0,0.4,0.0,1.0,47,2,9,65051625,27635944,4,4,1446125
recursive,4,44726568,200000.0,0.4,0.0,1.0,47,2,10,64287167,27635944,4,4,1162042
recursive,4,44726568,200000.0,0.4,0.0,1.0,47,2,11,66783042,27635944,4,4,47459
recursive,4,44726568,200000.0,0.4,0.0,1.0,47,2,12,63884334,27635944,4,4,851668
recursive,4,44726568,200000.0,0.4,0.0,1.0,47,2,13,70099084,27635944,4,4,1229251
recursive,4,44726568,200000.0,0.4,0.0,1.0,47,2,14,72692875,27635944,4,4,120083
ps,4,44726568,0.0,0.05,0.0,1.0,47,2,0,37698291,2236328,1,4,8317083
ps,4,44726568,0.0,0.05,0.0,1.0,47,2,1,35810958,2236328,1,4,9153291
ps,4,44726568,0.0,0.05,0.0,1.0,47,2,2,34642708,2236328,1,4,10997458
ps,4,44726568,0.0,0.05,0.0,1.0,47,2,3,33432125,2236328,1,4,9865375
ps,4,44726568,0.0,0.05,0.0,1.0,47,2,4,33161459,2236328,1,4,9277334
ps,4,44726568,0.0,0.05,0.0,1.0,47,2,5,33655750,6708984,3,4,9051708
ps,4,44726568,0.0,0.05,0.0,1.0,47,2,6,34751667,6708984,3,4,10603417
ps,4,44726568,0.0,0.05,0.0,1.0,47,2,7,33047375,6708984,3,4,9228791
ps,4,44726568,0.0,0.05,0.0,1.0,47,2,8,43445833,6708984,3,4,14387458
ps,4,44726568,0.0,0.05,0.0,1.0,47,2,9,44968000,2236328,1,4,11236292
ps,4,44726568,0.0,0.05,0.0,1.0,47,2,10,35487667,6708984,3,4,9187959
ps,4,44726568,0.0,0.05,0.0,1.0,47,2,11,33541042,2236328,1,4,9277001
ps,4,44726568,0.0,0.05,0.0,1.0,47,2,12,33681625,6708984,3,4,10265083
ps,4,44726568,0.0,0.05,0.0,1.0,47,2,13,33333667,6708984,3,4,8976209
ps,4,44726568,0.0,0.05,0.0,1.0,47,2,14,36136834,2236328,1,4,10438167
ps,4,44726568,200000.0,0.05,0.0,1.0,47,2,0,35955042,2436328,1,4,11374917
ps,4,44726568,200000.0,0.05,0.0,1.0,47,2,1,37598458,7308984,3,4,11224208
ps,4,44726568,200000.0,0.05,0.0,1.0,47,2,2,37262875,7308984,3,4,9391875
ps,4,44726568,200000.0,0.05,0.0,1.0,47,2,3,33525042,7308984,3,4,9026209
ps,4,44726568,200000.0,0.05,0.0,1.0,47,2,4,34159709,7308984,3,4,9183584
ps,4,44726568,200000.0,0.05,0.0,1.0,47,2,5,35917708,2436328,1,4,10917833
ps,4,44726568,200000.0,0.05,0.0,1.0,47,2,6,37062042,2436328,1,4,11495917
ps,4,44726568,200000.0,0.05,0.0,1.0,47,2,7,34771208,7308984,3,4,9400583
ps,4,44726568,200000.0,0.05,0.0,1.0,47,2,8,33710167,7308984,3,4,9818833
ps,4,44726568,200000.0,0.05,0.0,1.0,47,2,9,35180625,2436328,1,4,10365459
ps,4,44726568,200000.0,0.05,0.0,1.0,47,2,10,32253042,7308984,3,4,8757167
ps,4,44726568,200000.0,0.05,0.0,1.0,47,2,11,35483334,7308984,3,4,10178209
ps,4,44726568,200000.0,0.05,0.0,1.0,47,2,12,34434708,7308984,3,4,10564874
ps,4,44726568,200000.0,0.05,0.0,1.0,47,2,13,32840125,2436328,1,4,8870000
ps,4,44726568,200000.0,0.05,0.0,1.0,47,2,14,34133041,7308984,3,4,9817249
recursive,4,44726568,200000.0,0.05,0.0,1.0,47,2,0,45341208,4154492,4,4,1765291
recursive,4,44726568,200000.0,0.05,0.0,1.0,47,2,1,46703417,4154492,4,4,1484667
recursive,4,44726568,200000.0,0.05,0.0,1.0,47,2,2,43500250,4154492,4,4,1260875
recursive,4,44726568,200000.0,0.05,0.0,1.0,47,2,3,45042917,4154492,4,4,1668834
recursive,4,44726568,200000.0,0.05,0.0,1.0,47,2,4,43429625,4154492,4,4,761750
recursive,4,44726568,200000.0,0.05,0.0,1.0,47,2,5,40967833,4154492,4,4,1336250
recursive,4,44726568,200000.0,0.05,0.0,1.0,47,2,6,45038709,4154492,4,4,1264709
recursive,4,44726568,200000.0,0.05,0.0,1.0,47,2,7,42064750,4154492,4,4,1773083
recursive,4,44726568,200000.0,0.05,0.0,1.0,47,2,8,39239750,4154492,4,4,1660417
recursive,4,44726568,200000.0,0.05,0.0,1.0,47,2,9,45564458,4154492,4,4,1169416
recursive,4,44726568,200000.0,0.05,0.0,1.0,47,2,10,45444125,4154492,4,4,31417
recursive,4,44726568,200000.0,0.05,0.0,1.0,47,2,11,48321208,4154492,4,4,34916
recursive,4,44726568,200000.0,0.05,0.0,1.0,47,2,12,46713125,4154492,4,4,2161417
recursive,4,44726568,200000.0,0.05,0.0,1.0,47,2,13,47577708,4154492,4,4,1965791
recursive,4,44726568,200000.0,0.05,0.0,1.0,47,2,14,44759917,4154492,4,4,599001
ring,4,44726568,200000.0,0.4,0.0,1.0,47,2,0,62792167,28035942,6,4,2965458
ring,4,44726568,200000.0,0.4,0.0,1.0,47,2,1,59184375,28035942,6,4,1288125
ring,4,44726568,200000.0,0.4,0.0,1.0,47,2,2,59176250,28035942,6,4,1757708
ring,4,44726568,200000.0,0.4,0.0,1.0,47,2,3,55026083,28035942,6,4,61583
ring,4,44726568,200000.0,0.4,0.0,1.0,47,2,4,57397167,28035942,6,4,1939583
ring,4,44726568,200000.0,0.4,0.0,1.0,47,2,5,72431791,28035942,6,4,1623166
ring,4,44726568,200000.0,0.4,0.0,1.0,47,2,6,71806208,28035942,6,4,1852875
ring,4,44726568,200000.0,0.4,0.0,1.0,47,2,7,68409375,28035942,6,4,1973209
ring,4,44726568,200000.0,0.4,0.0,1.0,47,2,8,67571917,28035942,6,4,1937251
ring,4,44726568,200000.0,0.4,0.0,1.0,47,2,9,72274459,28035942,6,4,2213417
ring,4,44726568,200000.0,0.4,0.0,1.0,47,2,10,70043792,28035942,6,4,1536542
ring,4,44726568,200000.0,0.4,0.0,1.0,47,2,11,62876750,28035942,6,4,1104750
ring,4,44726568,200000.0,0.4,0.0,1.0,47,2,12,68926833,28035942,6,4,662624
ring,4,44726568,200000.0,0.4,0.0,1.0,47,2,13,63362209,28035942,6,4,1259459
ring,4,44726568,200000.0,0.4,0.0,1.0,47,2,14,72773959,28035942,6,4,2238251
ring,4,44726568,200000.0,0.05,0.0,1.0,47,2,0,33926917,4554492,6,4,1358667
ring,4,44726568,200000.0,0.05,0.0,1.0,47,2,1,33218792,4554492,6,4,1849417
ring,4,44726568,200000.0,0.05,0.0,1.0,47,2,2,36187041,4554492,6,4,1927291
ring,4,44726568,200000.0,0.05,0.0,1.0,47,2,3,34057667,4554492,6,4,2004667
ring,4,44726568,200000.0,0.05,0.0,1.0,47,2,4,32984709,4554492,6,4,2197126
ring,4,44726568,200000.0,0.05,0.0,1.0,47,2,5,33918583,4554492,6,4,1410499
ring,4,44726568,200000.0,0.05,0.0,1.0,47,2,6,36059083,4554492,6,4,1140541
ring,4,44726568,200000.0,0.05,0.0,1.0,47,2,7,33593375,4554492,6,4,1099709
ring,4,44726568,200000.0,0.05,0.0,1.0,47,2,8,33276625,4554492,6,4,1521250
ring,4,44726568,200000.0,0.05,0.0,1.0,47,2,9,34333583,4554492,6,4,1761083
ring,4,44726568,200000.0,0.05,0.0,1.0,47,2,10,34207458,4554492,6,4,1420750
ring,4,44726568,200000.0,0.05,0.0,1.0,47,2,11,34641625,4554492,6,4,2252750
ring,4,44726568,200000.0,0.05,0.0,1.0,47,2,12,32920375,4554492,6,4,1200875
ring,4,44726568,200000.0,0.05,0.0,1.0,47,2,13,32934834,4554492,6,4,31084
ring,4,44726568,200000.0,0.05,0.0,1.0,47,2,14,34094166,4554492,6,4,2058208
recursive,4,44726568,0.0,0.4,0.0,1.0,47,2,0,75679791,26835944,4,4,924166
recursive,4,44726568,0.0,0.4,0.0,1.0,47,2,1,71739292,26835944,4,4,1115084
recursive,4,44726568,0.0,0.4,0.0,1.0,47,2,2,73107917,26835944,4,4,2908958
recursive,4,44726568,0.0,0.4,0.0,1.0,47,2,3,73800958,26835944,4,4,1145541
recursive,4,44726568,0.0,0.4,0.0,1.0,47,2,4,74853333,26835944,4,4,1276625
recursive,4,44726568,0.0,0.4,0.0,1.0,47,2,5,71432042,26835944,4,4,1440709
recursive,4,44726568,0.0,0.4,0.0,1.0,47,2,6,72612917,26835944,4,4,526333
recursive,4,44726568,0.0,0.4,0.0,1.0,47,2,7,73288667,26835944,4,4,1270084
recursive,4,44726568,0.0,0.4,0.0,1.0,47,2,8,71880959,26835944,4,4,980418
recursive,4,44726568,0.0,0.4,0.0,1.0,47,2,9,68906375,26835944,4,4,1022458
recursive,4,44726568,0.0,0.4,0.0,1.0,47,2,10,68592834,26835944,4,4,2060793
recursive,4,44726568,0.0,0.4,0.0,1.0,47,2,11,72864959,26835944,4,4,55042
recursive,4,44726568,0.0,0.4,0.0,1.0,47,2,12,72573708,26835944,4,4,564500
recursive,4,44726568,0.0,0.4,0.0,1.0,47,2,13,73349750,26835944,4,4,1085584
recursive,4,44726568,0.0,0.4,0.0,1.0,47,2,14,71136458,26835944,4,4,77499
ring,4,44726568,0.0,0.05,0.0,1.0,47,2,0,41883125,3354492,6,4,1122584
ring,4,44726568,0.0,0.05,0.0,1.0,47,2,1,35743750,3354492,6,4,1243750
ring,4,44726568,0.0,0.05,0.0,1.0,47,2,2,34154458,3354492,6,4,1917375
ring,4,44726568,0.0,0.05,0.0,1.0,47,2,3,32545791,3354492,6,4,1603124
ring,4,44726568,0.0,0.05,0.0,1.0,47,2,4,33391583,3354492,6,4,1243333
ring,4,44726568,0.0,0.05,0.0,1.0,47,2,5,32117458,3354492,6,4,1696291
ring,4,44726568,0.0,0.05,0.0,1.0,47,2,6,31241000,3354492,6,4,1184000
ring,4,44726568,0.0,0.05,0.0,1.0,47,2,7,33157709,3354492,6,4,1462625
ring,4,44726568,0.0,0.05,0.0,1.0,47,2,8,32499208,3354492,6,4,1496416
ring,4,44726568,0.0,0.05,0.0,1.0,47,2,9,33842916,3354492,6,4,2223333
ring,4,44726568,0.0,0.05,0.0,1.0,47,2,10,33266291,3354492,6,4,1709082
ring,4,44726568,0.0,0.05,0.0,1.0,47,2,11,33673750,3354492,6,4,68875
ring,4,44726568,0.0,0.05,0.0,1.0,47,2,12,31815000,3354492,6,4,701167
ring,4,44726568,0.0,0.05,0.0,1.0,47,2,13,33009208,3354492,6,4,1502375
ring,4,44726568,0.0,0.05,0.0,1.0,47,2,14,32383125,3354492,6,4,2037959
ps,4,44726568,200000.0,0.4,0.0,1.0,47,2,0,97129875,18090627,1,4,37953250
ps,4,44726568,200000.0,0.4,0.0,1.0,47,2,1,99765542,18090627,1,4,41803042
ps,4,44726568,200000.0,0.4,0.0,1.0,47,2,2,105268958,18090627,1,4,36695083
ps,4,44726568,200000.0,0.4,0.0,1.0,47,2,3,109622667,18090627,1,4,36964667
ps,4,44726568,200000.0,0.4,0.0,1.0,47,2,4,101437334,54271881,3,4,36508418
ps,4,44726568,200000.0,0.4,0.0,1.0,47,2,5,100473709,18090627,1,4,32531084
ps,4,44726568,200000.0,0.4,0.0,1.0,47,2,6,103746125,18090627,1,4,36654208
ps,4,44726568,200000.0,0.4,0.0,1.0,47,2,7,100262875,18090627,1,4,31782000
ps,4,44726568,200000.0,0.4,0.0,1.0,47,2,8,109387625,18090627,1,4,36432833
ps,4,44726568,200000.0,0.4,0.0,1.0,47,2,9,96835125,18090627,1,4,30568833
ps,4,44726568,200000.0,0.4,0.0,1.0,47,2,10,106096708,18090627,1,4,37514458
ps,4,44726568,200000.0,0.4,0.0,1.0,47,2,11,103315084,54271881,3,4,30259876
ps,4,44726568,200000.0,0.4,0.0,1.0,47,2,12,102716708,18090627,1,4,36475166
ps,4,44726568,200000.0,0.4,0.0,1.0,47,2,13,111139792,18090627,1,4,33679208
ps,4,44726568,200000.0,0.4,0.0,1.0,47,2,14,97066334,18090627,1,4,30446417
recursive,4,44726568,0.0,0.05,0.0,1.0,47,2,0,39760042,3354492,4,4,1409958
recursive,4,44726568,0.0,0.05,0.0,1.0,47,2,1,42512417,3354492,4,4,2924792
recursive,4,44726568,0.0,0.05,0.0,1.0,47,2,2,38487833,3354492,4,4,3352208
recursive,4,44726568,0.0,0.05,0.0,1.0,47,2,3,39163792,3354492,4,4,3171625
recursive,4,44726568,0.0,0.05,0.0,1.0,47,2,4,36096625,3354492,4,4,1973917
recursive,4,44726568,0.0,0.05,0.0,1.0,47,2,5,34641417,3354492,4,4,1901792
recursive,4,44726568,0.0,0.05,0.0,1.0,47,2,6,36119750,3354492,4,4,1592792
recursive,4,44726568,0.0,0.05,0.0,1.0,47,2,7,38584750,3354492,4,4,1762042
recursive,4,44726568,0.0,0.05,0.0,1.0,47,2,8,37205000,3354492,4,4,326750
recursive,4,44726568,0.0,0.05,0.0,1.0,47,2,9,33826708,3354492,4,4,1473458
recursive,4,44726568,0.0,0.05,0.0,1.0,47,2,10,39409208,3354492,4,4,1988875
recursive,4,44726568,0.0,0.05,0.0,1.0,47,2,11,41265833,3354492,4,4,1159958
recursive,4,44726568,0.0,0.05,0.0,1.0,47,2,12,38736583,3354492,4,4,1554124
recursive,4,44726568,0.0,0.05,0.0,1.0,47,2,13,38555458,3354492,4,4,566124
recursive,4,44726568,0.0,0.05,0.0,1.0,47,2,14,40200041,3354492,4,4,2100583
ring,4,44726568,0.0,0.4,0.0,1.0,47,2,0,50289708,26835942,6,4,853458
ring,4,44726568,0.0,0.4,0.0,1.0,47,2,1,52571584,26835942,6,4,1280625
ring,4,44726568,0.0,0.4,0.0,1.0,47,2,2,51561000,26835942,6,4,883125
ring,4,44726568,0.0,0.4,0.0,1.0,47,2,3,59578542,26835942,6,4,1724000
ring,4,44726568,0.0,0.4,0.0,1.0,47,2,4,63713167,26835942,6,4,1864042
ring,4,44726568,0.0,0.4,0.0,1.0,47,2,5,66241000,26835942,6,4,1791583
ring,4,44726568,0.0,0.4,0.0,1.0,47,2,6,64277959,26835942,6,4,2344375
ring,4,44726568,0.0,0.4,0.0,1.0,47,2,7,65838958,26835942,6,4,1702333
ring,4,44726568,0.0,0.4,0.0,1.0,47,2,8,66788583,26835942,6,4,1455833
ring,4,44726568,0.0,0.4,0.0,1.0,47,2,9,62695083,26835942,6,4,2548375
ring,4,44726568,0.0,0.4,0.0,1.0,47,2,10,64513750,26835942,6,4,1768209
ring,4,44726568,0.0,0.4,0.0,1.0,47,2,11,66355709,26835942,6,4,761001
ring,4,44726568,0.0,0.4,0.0,1.0,47,2,12,66229458,26835942,6,4,1699417
ring,4,44726568,0.0,0.4,0.0,1.0,47,2,13,66272000,26835942,6,4,2470291
ring,4,44726568,0.0,0.4,0.0,1.0,47,2,14,63829875,26835942,6,4,1096375
recursive,8,44726568,200000.0,0.4,0.0,1.0,47,0,0,167435333,32508612,6,8,6811374
recursive,8,44726568,200000.0,0.4,0.0,1.0,47,0,1,175968000,32508612,6,8,5255708
recursive,8,44726568,200000.0,0.4,0.0,1.0,47,0,2,162557458,32508612,6,8,4955083
recursive,8,44726568,200000.0,0.4,0.0,1.0,47,0,3,166927375,32508612,6,8,6173292
recursive,8,44726568,200000.0,0.4,0.0,1.0,47,0,4,177522875,32508612,6,8,4123583
recursive,8,44726568,200000.0,0.4,0.0,1.0,47,0,5,157617333,32508612,6,8,6762458
recursive,8,44726568,200000.0,0.4,0.0,1.0,47,0,6,162871416,32508612,6,8,11208083
recursive,8,44726568,200000.0,0.4,0.0,1.0,47,0,7,150338917,32508612,6,8,5628417
recursive,8,44726568,200000.0,0.4,0.0,1.0,47,0,8,150279084,32508612,6,8,7267917
recursive,8,44726568,200000.0,0.4,0.0,1.0,47,0,9,151502417,32508612,6,8,8616625
recursive,8,44726568,200000.0,0.4,0.0,1.0,47,0,10,155736583,32508612,6,8,6498583
recursive,8,44726568,200000.0,0.4,0.0,1.0,47,0,11,139412875,32508612,6,8,5723667
recursive,8,44726568,200000.0,0.4,0.0,1.0,47,0,12,158700833,32508612,6,8,6494541
recursive,8,44726568,200000.0,0.4,0.0,1.0,47,0,13,157070250,32508612,6,8,5903333
recursive,8,44726568,200000.0,0.4,0.0,1.0,47,0,14,150076667,32508612,6,8,6247209
recursive,8,44726568,0.0,0.4,0.0,1.0,47,0,0,148524125,31308612,6,8,3978292
recursive,8,44726568,0.0,0.4,0.0,1.0,47,0,1,157146208,31308612,6,8,6559250
recursive,8,44726568,0.0,0.4,0.0,1.0,47,0,2,161538917,31308612,6,8,10389417
recursive,8,44726568,0.0,0.4,0.0,1.0,47,0,3,134947583,31308612,6,8,5192124
recursive,8,44726568,0.0,0.4,0.0,1.0,47,0,4,155146875,31308612,6,8,8206833
recursive,8,44726568,0.0,0.4,0.0,1.0,47,0,5,150946500,31308612,6,8,5914875
recursive,8,44726568,0.0,0.4,0.0,1.0,47,0,6,150724708,31308612,6,8,7148792
recursive,8,44726568,0.0,0.4,0.0,1.0,47,0,7,166001958,31308612,6,8,7105750
recursive,8,44726568,0.0,0.4,0.0,1.0,47,0,8,151394708,31308612,6,8,5324875
recursive,8,44726568,0.0,0.4,0.0,1.0,47,0,9,149575750,31308612,6,8,8379083
recursive,8,44726568,0.0,0.4,0.0,1.0,47,0,10,163710042,31308612,6,8,4962251
recursive,8,44726568,0.0,0.4,0.0,1.0,47,0,11,154421834,31308612,6,8,10346792
recursive,8,44726568,0.0,0.4,0.0,1.0,47,0,12,170699750,31308612,6,8,12379917
recursive,8,44726568,0.0,0.4,0.0,1.0,47,0,13,165697625,31308612,6,8,6915709
recursive,8,44726568,0.0,0.4,0.0,1.0,47,0,14,152018708,31308612,6,8,8602625
ring,8,44726568,200000.0,0.4,0.0,1.0,47,0,0,114237167,34108606,14,8,5712834
ring,8,44726568,200000.0,0.4,0.0,1.0,47,0,1,87032125,34108606,14,8,7828292
ring,8,44726568,200000.0,0.4,0.0,1.0,47,0,2,113539166,34108606,14,8,6910457
ring,8,44726568,200000.0,0.4,0.0,1.0,47,0,3,108996000,34108606,14,8,6428833
ring,8,44726568,200000.0,0.4,0.0,1.0,47,0,4,99961000,34108606,14,8,6954125
ring,8,44726568,200000.0,0.4,0.0,1.0,47,0,5,125627542,34108606,14,8,8300501
ring,8,44726568,200000.0,0.4,0.0,1.0,47,0,6,117929666,34108606,14,8,10383541
ring,8,44726568,200000.0,0.4,0.0,1.0,47,0,7,115595542,34108606,14,8,5614334
ring,8,44726568,200000.0,0.4,0.0,1.0,47,0,8,118352417,34108606,14,8,7262709
ring,8,44726568,200000.0,0.4,0.0,1.0,47,0,9,116905500,34108606,14,8,5995208
ring,8,44726568,200000.0,0.4,0.0,1.0,47,0,10,121392958,34108606,14,8,9063499
ring,8,44726568,200000.0,0.4,0.0,1.0,47,0,11,95899917,34108606,14,8,6605417
ring,8,44726568,200000.0,0.4,0.0,1.0,47,0,12,111644416,34108606,14,8,7370957
ring,8,44726568,200000.0,0.4,0.0,1.0,47,0,13,112222083,34108606,14,8,7983833
ring,8,44726568,200000.0,0.4,0.0,1.0,47,0,14,113334708,34108606,14,8,7040042
ps,8,44726568,0.0,0.4,0.0,1.0,47,0,0,195642750,17890627,1,8,107136458
ps,8,44726568,0.0,0.4,0.0,1.0,47,0,1,196323250,17890627,1,8,109029791
ps,8,44726568,0.0,0.4,0.0,1.0,47,0,2,205548000,17890627,1,8,112162125
ps,8,44726568,0.0,0.4,0.0,1.0,47,0,3,200205458,17890627,1,8,107971083
ps,8,44726568,0.0,0.4,0.0,1.0,47,0,4,197109417,17890627,1,8,107058875
ps,8,44726568,0.0,0.4,0.0,1.0,47,0,5,202289750,17890627,1,8,110748375
ps,8,44726568,0.0,0.4,0.0,1.0,47,0,6,198174959,17890627,1,8,110323042
ps,8,44726568,0.0,0.4,0.0,1.0,47,0,7,196799542,125234389,7,8,101118250
ps,8,44726568,0.0,0.4,0.0,1.0,47,0,8,201028292,17890627,1,8,107253251
ps,8,44726568,0.0,0.4,0.0,1.0,47,0,9,206083000,17890627,1,8,113683792
ps,8,44726568,0.0,0.4,0.0,1.0,47,0,10,192926834,17890627,1,8,106470251
ps,8,44726568,0.0,0.4,0.0,1.0,47,0,11,196039417,17890627,1,8,110098751
ps,8,44726568,0.0,0.4,0.0,1.0,47,0,12,196409708,17890627,1,8,110600375
ps,8,44726568,0.0,0.4,0.0,1.0,47,0,13,202491000,17890627,1,8,107688334
ps,8,44726568,0.0,0.4,0.0,1.0,47,0,14,196492958,17890627,1,8,109914791
ring,8,44726568,0.0,0.05,0.0,1.0,47,0,0,75528541,3913574,14,8,5601041
ring,8,44726568,0.0,0.05,0.0,1.0,47,0,1,73198667,3913574,14,8,5375708
ring,8,44726568,0.0,0.05,0.0,1.0,47,0,2,74628083,3913574,14,8,2857750
ring,8,44726568,0.0,0.05,0.0,1.0,47,0,3,74110625,3913574,14,8,6416167
ring,8,44726568,0.0,0.05,0.0,1.0,47,0,4,81787417,3913574,14,8,4170917
ring,8,44726568,0.0,0.05,0.0,1.0,47,0,5,80187542,3913574,14,8,2863917
ring,8,44726568,0.0,0.05,0.0,1.0,47,0,6,79141167,3913574,14,8,4815125
ring,8,44726568,0.0,0.05,0.0,1.0,47,0,7,82188375,3913574,14,8,6154333
ring,8,44726568,0.0,0.05,0.0,1.0,47,0,8,82270625,3913574,14,8,3515417
ring,8,44726568,0.0,0.05,0.0,1.0,47,0,9,82174166,3913574,14,8,5660333
ring,8,44726568,0.0,0.05,0.0,1.0,47,0,10,85126667,3913574,14,8,3880959
ring,8,44726568,0.0,0.05,0.0,1.0,47,0,11,85459584,3913574,14,8,5519251
ring,8,44726568,0.0,0.05,0.0,1.0,47,0,12,87809166,3913574,14,8,2247374
ring,8,44726568,0.0,0.05,0.0,1.0,47,0,13,89245917,3913574,14,8,5664042
ring,8,44726568,0.0,0.05,0.0,1.0,47,0,14,86996791,3913574,14,8,3416666
recursive,8,44726568,200000.0,0.05,0.0,1.0,47,0,0,131299083,5113574,6,8,7905333
recursive,8,44726568,200000.0,0.05,0.0,1.0,47,0,1,138338625,5113574,6,8,7594625
recursive,8,44726568,200000.0,0.05,0.0,1.0,47,0,2,132686375,5113574,6,8,5961209
recursive,8,44726568,200000.0,0.05,0.0,1.0,47,0,3,124199458,5113574,6,8,14804125
recursive,8,44726568,200000.0,0.05,0.0,1.0,47,0,4,133320791,5113574,6,8,7592874
recursive,8,44726568,200000.0,0.05,0.0,1.0,47,0,5,128165208,5113574,6,8,6996917
recursive,8,44726568,200000.0,0.05,0.0,1.0,47,0,6,128941333,5113574,6,8,4847249
recursive,8,44726568,200000.0,0.05,0.0,1.0,47,0,7,127200583,5113574,6,8,12512583
recursive,8,44726568,200000.0,0.05,0.0,1.0,47,0,8,126716791,5113574,6,8,5412666
recursive,8,44726568,200000.0,0.05,0.0,1.0,47,0,9,131423459,5113574,6,8,5928542
recursive,8,44726568,200000.0,0.05,0.0,1.0,47,0,10,134664375,5113574,6,8,5867208
recursive,8,44726568,200000.0,0.05,0.0,1.0,47,0,11,123387125,5113574,6,8,7230416
recursive,8,44726568,200000.0,0.05,0.0,1.0,47,0,12,126164167,5113574,6,8,5083917
recursive,8,44726568,200000.0,0.05,0.0,1.0,47,0,13,115790417,5113574,6,8,6762917
recursive,8,44726568,200000.0,0.05,0.0,1.0,47,0,14,125021209,5113574,6,8,6190042
ps,8,44726568,0.0,0.05,0.0,1.0,47,0,0,76524291,2236328,1,8,30188833
ps,8,44726568,0.0,0.05,0.0,1.0,47,0,1,81989500,2236328,1,8,32329291
ps,8,44726568,0.0,0.05,0.0,1.0,47,0,2,78779208,2236328,1,8,31342125
ps,8,44726568,0.0,0.05,0.0,1.0,47,0,3,110531625,2236328,1,8,43331208
ps,8,44726568,0.0,0.05,0.0,1.0,47,0,4,82664333,2236328,1,8,33148000
ps,8,44726568,0.0,0.05,0.0,1.0,47,0,5,82680500,2236328,1,8,31373667
ps,8,44726568,0.0,0.05,0.0,1.0,47,0,6,80610916,15654296,7,8,31746666
ps,8,44726568,0.0,0.05,0.0,1.0,47,0,7,79099792,15654296,7,8,30774292
ps,8,44726568,0.0,0.05,0.0,1.0,47,0,8,82043208,15654296,7,8,32146916
ps,8,44726568,0.0,0.05,0.0,1.0,47,0,9,77847125,2236328,1,8,31967042
ps,8,44726568,0.0,0.05,0.0,1.0,47,0,10,73908167,2236328,1,8,29191375
ps,8,44726568,0.0,0.05,0.0,1.0,47,0,11,76016750,2236328,1,8,30267333
ps,8,44726568,0.0,0.05,0.0,1.0,47,0,12,74647000,2236328,1,8,30357125
ps,8,44726568,0.0,0.05,0.0,1.0,47,0,13,76429292,15654296,7,8,29130001
ps,8,44726568,0.0,0.05,0.0,1.0,47,0,14,82148542,2236328,1,8,35324750
ring,8,44726568,0.0,0.4,0.0,1.0,47,0,0,105292625,31308606,14,8,7578500
ring,8,44726568,0.0,0.4,0.0,1.0,47,0,1,90927667,31308606,14,8,6613167
ring,8,44726568,0.0,0.4,0.0,1.0,47,0,2,89678375,31308606,14,8,5776917
ring,8,44726568,0.0,0.4,0.0,1.0,47,0,3,96400042,31308606,14,8,5898708
ring,8,44726568,0.0,0.4,0.0,1.0,47,0,4,100359708,31308606,14,8,6933916
ring,8,44726568,0.0,0.4,0.0,1.0,47,0,5,115387000,31308606,14,8,6708166
ring,8,44726568,0.0,0.4,0.0,1.0,47,0,6,105611125,31308606,14,8,5874083
ring,8,44726568,0.0,0.4,0.0,1.0,47,0,7,129190458,31308606,14,8,9599833
ring,8,44726568,0.0,0.4,0.0,1.0,47,0,8,106192667,31308606,14,8,6658667
ring,8,44726568,0.0,0.4,0.0,1.0,47,0,9,103900333,31308606,14,8,6424749
ring,8,44726568,0.0,0.4,0.0,1.0,47,0,10,103412500,31308606,14,8,6953500
ring,8,44726568,0.0,0.4,0.0,1.0,47,0,11,122785375,31308606,14,8,6324458
ring,8,44726568,0.0,0.4,0.0,1.0,47,0,12,92786250,31308606,14,8,7144625
ring,8,44726568,0.0,0.4,0.0,1.0,47,0,13,123582291,31308606,14,8,5658958
ring,8,44726568,0.0,0.4,0.0,1.0,47,0,14,114860542,31308606,14,8,8900833
ring,8,44726568,200000.0,0.05,0.0,1.0,47,0,0,111393667,6713574,14,8,5052501
ring,8,44726568,200000.0,0.05,0.0,1.0,47,0,1,121818667,6713574,14,8,4806875
ring,8,44726568,200000.0,0.05,0.0,1.0,47,0,2,117474042,6713574,14,8,6586709
ring,8,44726568,200000.0,0.05,0.0,1.0,47,0,3,119548250,6713574,14,8,8405833
ring,8,44726568,200000.0,0.05,0.0,1.0,47,0,4,101345000,6713574,14,8,6331708
ring,8,44726568,200000.0,0.05,0.0,1.0,47,0,5,95831125,6713574,14,8,5767250
ring,8,44726568,200000.0,0.05,0.0,1.0,47,0,6,94353667,6713574,14,8,5638417
ring,8,44726568,200000.0,0.05,0.0,1.0,47,0,7,101717958,6713574,14,8,3626750
ring,8,44726568,200000.0,0.05,0.0,1.0,47,0,8,95671375,6713574,14,8,5065541
ring,8,44726568,200000.0,0.05,0.0,1.0,47,0,9,96764375,6713574,14,8,4743250
ring,8,44726568,200000.0,0.05,0.0,1.0,47,0,10,97752750,6713574,14,8,6223167
ring,8,44726568,200000.0,0.05,0.0,1.0,47,0,11,101030417,6713574,14,8,5867709
ring,8,44726568,200000.0,0.05,0.0,1.0,47,0,12,101307000,6713574,14,8,6865208
ring,8,44726568,200000.0,0.05,0.0,1.0,47,0,13,105664250,6713574,14,8,6497000
ring,8,44726568,200000.0,0.05,0.0,1.0,47,0,14,96046125,6713574,14,8,7602166
recursive,8,44726568,0.0,0.05,0.0,1.0,47,0,0,150201375,3913574,6,8,4295500
recursive,8,44726568,0.0,0.05,0.0,1.0,47,0,1,134013167,3913574,6,8,8071833
recursive,8,44726568,0.0,0.05,0.0,1.0,47,0,2,128497208,3913574,6,8,11546750
recursive,8,44726568,0.0,0.05,0.0,1.0,47,0,3,125175875,3913574,6,8,4396625
recursive,8,44726568,0.0,0.05,0.0,1.0,47,0,4,139033708,3913574,6,8,6760416
recursive,8,44726568,0.0,0.05,0.0,1.0,47,0,5,125120500,3913574,6,8,5733666
recursive,8,44726568,0.0,0.05,0.0,1.0,47,0,6,129463000,3913574,6,8,6752417
recursive,8,44726568,0.0,0.05,0.0,1.0,47,0,7,132367917,3913574,6,8,8527958
recursive,8,44726568,0.0,0.05,0.0,1.0,47,0,8,130725000,3913574,6,8,5402708
recursive,8,44726568,0.0,0.05,0.0,1.0,47,0,9,126387792,3913574,6,8,5539209
recursive,8,44726568,0.0,0.05,0.0,1.0,47,0,10,116164584,3913574,6,8,6458417
recursive,8,44726568,0.0,0.05,0.0,1.0,47,0,11,117846791,3913574,6,8,4687875
recursive,8,44726568,0.0,0.05,0.0,1.0,47,0,12,119821417,3913574,6,8,7066292
recursive,8,44726568,0.0,0.05,0.0,1.0,47,0,13,121631500,3913574,6,8,6764500
recursive,8,44726568,0.0,0.05,0.0,1.0,47,0,14,123967667,3913574,6,8,7411125
ps,8,44726568,200000.0,0.4,0.0,1.0,47,0,0,194010333,18090627,1,8,112855583
ps,8,44726568,200000.0,0.4,0.0,1.0,47,0,1,198157542,18090627,1,8,107489625
ps,8,44726568,200000.0,0.4,0.0,1.0,47,0,2,201898250,18090627,1,8,114479125
ps,8,44726568,200000.0,0.4,0.0,1.0,47,0,3,211362000,18090627,1,8,110302709
ps,8,44726568,200000.0,0.4,0.0,1.0,47,0,4,204175208,18090627,1,8,108635916
ps,8,44726568,200000.0,0.4,0.0,1.0,47,0,5,196088542,18090627,1,8,108559625
ps,8,44726568,200000.0,0.4,0.0,1.0,47,0,6,195255542,126634389,7,8,106864375
ps,8,44726568,200000.0,0.4,0.0,1.0,47,0,7,195264958,18090627,1,8,107400166
ps,8,44726568,200000.0,0.4,0.0,1.0,47,0,8,200025542,18090627,1,8,111210001
ps,8,44726568,200000.0,0.4,0.0,1.0,47,0,9,194560625,18090627,1,8,108541791
ps,8,44726568,200000.0,0.4,0.0,1.0,47,0,10,199825291,18090627,1,8,109060041
ps,8,44726568,200000.0,0.4,0.0,1.0,47,0,11,195043333,18090627,1,8,107907458
ps,8,44726568,200000.0,0.4,0.0,1.0,47,0,12,192182125,126634389,7,8,105055708
ps,8,44726568,200000.0,0.4,0.0,1.0,47,0,13,201874291,18090627,1,8,114815125
ps,8,44726568,200000.0,0.4,0.0,1.0,47,0,14,204286875,18090627,1,8,114351417
ps,8,44726568,200000.0,0.05,0.0,1.0,47,0,0,71316959,2436328,1,8,28038251
ps,8,44726568,200000.0,0.05,0.0,1.0,47,0,1,72234333,17054296,7,8,27456250
ps,8,44726568,200000.0,0.05,0.0,1.0,47,0,2,76494750,2436328,1,8,29441125
ps,8,44726568,200000.0,0.05,0.0,1.0,47,0,3,72544042,17054296,7,8,29065917
ps,8,44726568,200000.0,0.05,0.0,1.0,47,0,4,72396541,17054296,7,8,27919333
ps,8,44726568,200000.0,0.05,0.0,1.0,47,0,5,71397583,2436328,1,8,27915042
ps,8,44726568,200000.0,0.05,0.0,1.0,47,0,6,70750125,17054296,7,8,25901709
ps,8,44726568,200000.0,0.05,0.0,1.0,47,0,7,93099875,17054296,7,8,29998375
ps,8,44726568,200000.0,0.05,0.0,1.0,47,0,8,73293375,17054296,7,8,26766917
ps,8,44726568,200000.0,0.05,0.0,1.0,47,0,9,73209292,2436328,1,8,29713709
ps,8,44726568,200000.0,0.05,0.0,1.0,47,0,10,71539875,2436328,1,8,27124333
ps,8,44726568,200000.0,0.05,0.0,1.0,47,0,11,75692708,2436328,1,8,29397958
ps,8,44726568,200000.0,0.05,0.0,1.0,47,0,12,73595167,2436328,1,8,26845834
ps,8,44726568,200000.0,0.05,0.0,1.0,47,0,13,71337458,17054296,7,8,28071958
ps,8,44726568,200000.0,0.05,0.0,1.0,47,0,14,73239958,2436328,1,8,29341666
ring,8,44726568,0.0,0.4,0.0,1.0,47,1,0,97706209,31308606,14,8,5833834
ring,8,44726568,0.0,0.4,0.0,1.0,47,1,1,83898625,31308606,14,8,7312083
ring,8,44726568,0.0,0.4,0.0,1.0,47,1,2,95664667,31308606,14,8,5781209
ring,8,44726568,0.0,0.4,0.0,1.0,47,1,3,112182500,31308606,14,8,5663125
ring,8,44726568,0.0,0.4,0.0,1.0,47,1,4,90040833,31308606,14,8,5246333
ring,8,44726568,0.0,0.4,0.0,1.0,47,1,5,119629000,31308606,14,8,8234208
ring,8,44726568,0.0,0.4,0.0,1.0,47,1,6,108690375,31308606,14,8,7621959
ring,8,44726568,0.0,0.4,0.0,1.0,47,1,7,106663875,31308606,14,8,7658875
ring,8,44726568,0.0,0.4,0.0,1.0,47,1,8,124907875,31308606,14,8,8196625
ring,8,44726568,0.0,0.4,0.0,1.0,47,1,9,107785916,31308606,14,8,6204458
ring,8,44726568,0.0,0.4,0.0,1.0,47,1,10,107042958,31308606,14,8,6005916
ring,8,44726568,0.0,0.4,0.0,1.0,47,1,11,122442084,31308606,14,8,9484167
ring,8,44726568,0.0,0.4,0.0,1.0,47,1,12,124903875,31308606,14,8,7022875
ring,8,44726568,0.0,0.4,0.0,1.0,47,1,13,104743459,31308606,14,8,6686418
ring,8,44726568,0.0,0.4,0.0,1.0,47,1,14,101766750,31308606,14,8,8432083
ps,8,44726568,0.0,0.05,0.0,1.0,47,1,0,116017875,15654296,7,8,50300792
ps,8,44726568,0.0,0.05,0.0,1.0,47,1,1,101664792,2236328,1,8,39475375
ps,8,44726568,0.0,0.05,0.0,1.0,47,1,2,91075333,15654296,7,8,37900500
ps,8,44726568,0.0,0.05,0.0,1.0,47,1,3,94403791,15654296,7,8,26741666
ps,8,44726568,0.0,0.05,0.0,1.0,47,1,4,91370000,2236328,1,8,33968250
ps,8,44726568,0.0,0.05,0.0,1.0,47,1,5,92735750,2236328,1,8,31215375
ps,8,44726568,0.0,0.05,0.0,1.0,47,1,6,83819834,15654296,7,8,32363542
ps,8,44726568,0.0,0.05,0.0,1.0,47,1,7,85181958,15654296,7,8,32411083
ps,8,44726568,0.0,0.05,0.0,1.0,47,1,8,83711792,15654296,7,8,32801667
ps,8,44726568,0.0,0.05,0.0,1.0,47,1,9,83043500,2236328,1,8,32974959
ps,8,44726568,0.0,0.05,0.0,1.0,47,1,10,94871000,2236328,1,8,45268000
ps,8,44726568,0.0,0.05,0.0,1.0,47,1,11,90172458,15654296,7,8,34527333
ps,8,44726568,0.0,0.05,0.0,1.0,47,1,12,76278584,2236328,1,8,29084001
ps,8,44726568,0.0,0.05,0.0,1.0,47,1,13,78286250,2236328,1,8,31641250
ps,8,44726568,0.0,0.05,0.0,1.0,47,1,14,93000709,2236328,1,8,43605334
recursive,8,44726568,200000.0,0.4,0.0,1.0,47,1,0,143407084,32508612,6,8,5040418
recursive,8,44726568,200000.0,0.4,0.0,1.0,47,1,1,122646083,32508612,6,8,5810458
recursive,8,44726568,200000.0,0.4,0.0,1.0,47,1,2,158081250,32508612,6,8,4251500
recursive,8,44726568,200000.0,0.4,0.0,1.0,47,1,3,155108250,32508612,6,8,7436833
recursive,8,44726568,200000.0,0.4,0.0,1.0,47,1,4,161121750,32508612,6,8,6459625
recursive,8,44726568,200000.0,0.4,0.0,1.0,47,1,5,147870750,32508612,6,8,7269750
recursive,8,44726568,200000.0,0.4,0.0,1.0,47,1,6,145476500,32508612,6,8,4914708
recursive,8,44726568,200000.0,0.4,0.0,1.0,47,1,7,161141958,32508612,6,8,7548917
recursive,8,44726568,200000.0,0.4,0.0,1.0,47,1,8,166445375,32508612,6,8,5652292
recursive,8,44726568,200000.0,0.4,0.0,1.0,47,1,9,144751500,32508612,6,8,12256000
recursive,8,44726568,200000.0,0.4,0.0,1.0,47,1,10,144884834,32508612,6,8,7138709
recursive,8,44726568,200000.0,0.4,0.0,1.0,47,1,11,168347125,32508612,6,8,5756625
recursive,8,44726568,200000.0,0.4,0.0,1.0,47,1,12,136711625,32508612,6,8,7453000
recursive,8,44726568,200000.0,0.4,0.0,1.0,47,1,13,149088500,32508612,6,8,7745125
recursive,8,44726568,200000.0,0.4,0.0,1.0,47,1,14,156887375,32508612,6,8,6442083
ps,8,44726568,200000.0,0.4,0.0,1.0,47,1,0,197335750,18090627,1,8,112921167
ps,8,44726568,200000.0,0.4,0.0,1.0,47,1,1,199766417,18090627,1,8,110104167
ps,8,44726568,200000.0,0.4,0.0,1.0,47,1,2,206326500,18090627,1,8,111809458
ps,8,44726568,200000.0,0.4,0.0,1.0,47,1,3,198780250,18090627,1,8,105722500
ps,8,44726568,200000.0,0.4,0.0,1.0,47,1,4,192400125,126634389,7,8,108945334
ps,8,44726568,200000.0,0.4,0.0,1.0,47,1,5,188264750,126634389,7,8,109790417
ps,8,44726568,200000.0,0.4,0.0,1.0,47,1,6,196523333,18090627,1,8,113709833
ps,8,44726568,200000.0,0.4,0.0,1.0,47,1,7,193868166,126634389,7,8,105204582
ps,8,44726568,200000.0,0.4,0.0,1.0,47,1,8,196935500,18090627,1,8,108120833
ps,8,44726568,200000.0,0.4,0.0,1.0,47,1,9,198054125,18090627,1,8,108232792
ps,8,44726568,200000.0,0.4,0.0,1.0,47,1,10,203557459,18090627,1,8,114710043
ps,8,44726568,200000.0,0.4,0.0,1.0,47,1,11,193683708,18090627,1,8,107268250
ps,8,44726568,200000.0,0.4,0.0,1.0,47,1,12,194525917,18090627,1,8,108760583
ps,8,44726568,200000.0,0.4,0.0,1.0,47,1,13,195079417,18090627,1,8,108702042
ps,8,44726568,200000.0,0.4,0.0,1.0,47,1,14,200264458,18090627,1,8,108824625
ps,8,44726568,0.0,0.4,0.0,1.0,47,1,0,187699083,17890627,1,8,102838791
ps,8,44726568,0.0,0.4,0.0,1.0,47,1,1,205046458,17890627,1,8,112512041
ps,8,44726568,0.0,0.4,0.0,1.0,47,1,2,196152208,17890627,1,8,107059833
ps,8,44726568,0.0,0.4,0.0,1.0,47,1,3,195406083,17890627,1,8,107524333
ps,8,44726568,0.0,0.4,0.0,1.0,47,1,4,196366084,17890627,1,8,107331125
ps,8,44726568,0.0,0.4,0.0,1.0,47,1,5,198253042,17890627,1,8,106904959
ps,8,44726568,0.0,0.4,0.0,1.0,47,1,6,189282750,17890627,1,8,104986750
ps,8,44726568,0.0,0.4,0.0,1.0,47,1,7,196519875,17890627,1,8,107965000
ps,8,44726568,0.0,0.4,0.0,1.0,47,1,8,199158417,125234389,7,8,101450292
ps,8,44726568,0.0,0.4,0.0,1.0,47,1,9,198072208,17890627,1,8,110608541
ps,8,44726568,0.0,0.4,0.0,1.0,47,1,10,196819042,17890627,1,8,107160334
ps,8,44726568,0.0,0.4,0.0,1.0,47,1,11,191778208,17890627,1,8,105844875
ps,8,44726568,0.0,0.4,0.0,1.0,47,1,12,190724583,125234389,7,8,107742583
ps,8,44726568,0.0,0.4,0.0,1.0,47,1,13,190707417,125234389,7,8,101468125
ps,8,44726568,0.0,0.4,0.0,1.0,47,1,14,198930667,125234389,7,8,108095042
recursive,8,44726568,200000.0,0.05,0.0,1.0,47,1,0,113853500,5113574,6,8,4557917
recursive,8,44726568,200000.0,0.05,0.0,1.0,47,1,1,104472292,5113574,6,8,7587917
recursive,8,44726568,200000.0,0.05,0.0,1.0,47,1,2,122765042,5113574,6,8,7498834
recursive,8,44726568,200000.0,0.05,0.0,1.0,47,1,3,109302208,5113574,6,8,4258250
recursive,8,44726568,200000.0,0.05,0.0,1.0,47,1,4,102621208,5113574,6,8,5698833
recursive,8,44726568,200000.0,0.05,0.0,1.0,47,1,5,114990125,5113574,6,8,4125292
recursive,8,44726568,200000.0,0.05,0.0,1.0,47,1,6,108816708,5113574,6,8,6185583
recursive,8,44726568,200000.0,0.05,0.0,1.0,47,1,7,122138542,5113574,6,8,4898542
recursive,8,44726568,200000.0,0.05,0.0,1.0,47,1,8,106594625,5113574,6,8,7119750
recursive,8,44726568,200000.0,0.05,0.0,1.0,47,1,9,118597625,5113574,6,8,4808667
recursive,8,44726568,200000.0,0.05,0.0,1.0,47,1,10,122410708,5113574,6,8,8065541
recursive,8,44726568,200000.0,0.05,0.0,1.0,47,1,11,119971208,5113574,6,8,6436250
recursive,8,44726568,200000.0,0.05,0.0,1.0,47,1,12,117207334,5113574,6,8,10638043
recursive,8,44726568,200000.0,0.05,0.0,1.0,47,1,13,125370166,5113574,6,8,5330332
recursive,8,44726568,200000.0,0.05,0.0,1.0,47,1,14,127057250,5113574,6,8,7846125
ring,8,44726568,200000.0,0.4,0.0,1.0,47,1,0,96320875,34108606,14,8,6076209
ring,8,44726568,200000.0,0.4,0.0,1.0,47,1,1,109473000,34108606,14,8,7588167
ring,8,44726568,200000.0,0.4,0.0,1.0,47,1,2,102567125,34108606,14,8,7496166
ring,8,44726568,200000.0,0.4,0.0,1.0,47,1,3,103150667,34108606,14,8,7759625
ring,8,44726568,200000.0,0.4,0.0,1.0,47,1,4,101577375,34108606,14,8,7358250
ring,8,44726568,200000.0,0.4,0.0,1.0,47,1,5,112315583,34108606,14,8,8276416
ring,8,44726568,200000.0,0.4,0.0,1.0,47,1,6,94899333,34108606,14,8,6806667
ring,8,44726568,200000.0,0.4,0.0,1.0,47,1,7,112483125,34108606,14,8,6374875
ring,8,44726568,200000.0,0.4,0.0,1.0,47,1,8,111727083,34108606,14,8,6428958
ring,8,44726568,200000.0,0.4,0.0,1.0,47,1,9,102733041,34108606,14,8,6945666
ring,8,44726568,200000.0,0.4,0.0,1.0,47,1,10,110947500,34108606,14,8,7843500
ring,8,44726568,200000.0,0.4,0.0,1.0,47,1,11,115679916,34108606,14,8,6774749
ring,8,44726568,200000.0,0.4,0.0,1.0,47,1,12,114203917,34108606,14,8,6810792
ring,8,44726568,200000.0,0.4,0.0,1.0,47,1,13,122034041,34108606,14,8,6829166
ring,8,44726568,200000.0,0.4,0.0,1.0,47,1,14,113789708,34108606,14,8,7538875
ring,8,44726568,0.0,0.05,0.0,1.0,47,1,0,105816166,3913574,14,8,10110249
ring,8,44726568,0.0,0.05,0.0,1.0,47,1,1,101884583,3913574,14,8,7397749
ring,8,44726568,0.0,0.05,0.0,1.0,47,1,2,107087667,3913574,14,8,6971292
ring,8,44726568,0.0,0.05,0.0,1.0,47,1,3,109225958,3913574,14,8,6675542
ring,8,44726568,0.0,0.05,0.0,1.0,47,1,4,106187917,3913574,14,8,5283126
ring,8,44726568,0.0,0.05,0.0,1.0,47,1,5,109734583,3913574,14,8,4035750
ring,8,44726568,0.0,0.05,0.0,1.0,47,1,6,116496208,3913574,14,8,5331958
ring,8,44726568,0.0,0.05,0.0,1.0,47,1,7,109983083,3913574,14,8,5711499
ring,8,44726568,0.0,0.05,0.0,1.0,47,1,8,106217750,3913574,14,8,7014959
ring,8,44726568,0.0,0.05,0.0,1.0,47,1,9,102965000,3913574,14,8,4362833
ring,8,44726568,0.0,0.05,0.0,1.0,47,1,10,99001208,3913574,14,8,4404249
ring,8,44726568,0.0,0.05,0.0,1.0,47,1,11,98378667,3913574,14,8,7234792
ring,8,44726568,0.0,0.05,0.0,1.0,47,1,12,100932333,3913574,14,8,5833749
ring,8,44726568,0.0,0.05,0.0,1.0,47,1,13,101836708,3913574,14,8,7399041
ring,8,44726568,0.0,0.05,0.0,1.0,47,1,14,94546625,3913574,14,8,2785458
ring,8,44726568,200000.0,0.05,0.0,1.0,47,1,0,96548084,6713574,14,8,5099126
ring,8,44726568,200000.0,0.05,0.0,1.0,47,1,1,92642917,6713574,14,8,3302917
ring,8,44726568,200000.0,0.05,0.0,1.0,47,1,2,96442250,6713574,14,8,5722333
ring,8,44726568,200000.0,0.05,0.0,1.0,47,1,3,98613250,6713574,14,8,6605459
ring,8,44726568,200000.0,0.05,0.0,1.0,47,1,4,94526291,6713574,14,8,4338083
ring,8,44726568,200000.0,0.05,0.0,1.0,47,1,5,95439125,6713574,14,8,6403708
ring,8,44726568,200000.0,0.05,0.0,1.0,47,1,6,96087084,6713574,14,8,5714043
ring,8,44726568,200000.0,0.05,0.0,1.0,47,1,7,102897542,6713574,14,8,6789792
ring,8,44726568,200000.0,0.05,0.0,1.0,47,1,8,98803208,6713574,14,8,7544749
ring,8,44726568,200000.0,0.05,0.0,1.0,47,1,9,98867959,6713574,14,8,7087918
ring,8,44726568,200000.0,0.05,0.0,1.0,47,1,10,99318250,6713574,14,8,4990042
ring,8,44726568,200000.0,0.05,0.0,1.0,47,1,11,95039291,6713574,14,8,5787208
ring,8,44726568,200000.0,0.05,0.0,1.0,47,1,12,100281208,6713574,14,8,6405958
ring,8,44726568,200000.0,0.05,0.0,1.0,47,1,13,98335542,6713574,14,8,6737667
ring,8,44726568,200000.0,0.05,0.0,1.0,47,1,14,99435625,6713574,14,8,5414958
ps,8,44726568,200000.0,0.05,0.0,1.0,47,1,0,90472708,2436328,1,8,34740208
ps,8,44726568,200000.0,0.05,0.0,1.0,47,1,1,91150834,2436328,1,8,30011459
ps,8,44726568,200000.0,0.05,0.0,1.0,47,1,2,106613292,17054296,7,8,47029500
ps,8,44726568,200000.0,0.05,0.0,1.0,47,1,3,88504417,2436328,1,8,35568000
ps,8,44726568,200000.0,0.05,0.0,1.0,47,1,4,86785625,2436328,1,8,33908375
ps,8,44726568,200000.0,0.05,0.0,1.0,47,1,5,88025292,2436328,1,8,32030833
ps,8,44726568,200000.0,0.05,0.0,1.0,47,1,6,87004875,17054296,7,8,35142458
ps,8,44726568,200000.0,0.05,0.0,1.0,47,1,7,85721333,2436328,1,8,34379625
ps,8,44726568,200000.0,0.05,0.0,1.0,47,1,8,82799042,2436328,1,8,31572375
ps,8,44726568,200000.0,0.05,0.0,1.0,47,1,9,81221375,17054296,7,8,28075750
ps,8,44726568,200000.0,0.05,0.0,1.0,47,1,10,80874167,17054296,7,8,32671834
ps,8,44726568,200000.0,0.05,0.0,1.0,47,1,11,79258083,17054296,7,8,32079333
ps,8,44726568,200000.0,0.05,0.0,1.0,47,1,12,81298542,2436328,1,8,30536625
ps,8,44726568,200000.0,0.05,0.0,1.0,47,1,13,80314916,2436328,1,8,31720958
ps,8,44726568,200000.0,0.05,0.0,1.0,47,1,14,88469542,2436328,1,8,37784334
recursive,8,44726568,0.0,0.05,0.0,1.0,47,1,0,119976625,3913574,6,8,4073167
recursive,8,44726568,0.0,0.05,0.0,1.0,47,1,1,123695334,3913574,6,8,10364668
recursive,8,44726568,0.0,0.05,0.0,1.0,47,1,2,124923166,3913574,6,8,4436791
recursive,8,44726568,0.0,0.05,0.0,1.0,47,1,3,127302792,3913574,6,8,8076792
recursive,8,44726568,0.0,0.05,0.0,1.0,47,1,4,130885292,3913574,6,8,7043542
recursive,8,44726568,0.0,0.05,0.0,1.0,47,1,5,132637291,3913574,6,8,6674708
recursive,8,44726568,0.0,0.05,0.0,1.0,47,1,6,129867459,3913574,6,8,7854459
recursive,8,44726568,0.0,0.05,0.0,1.0,47,1,7,125063209,3913574,6,8,6783293
recursive,8,44726568,0.0,0.05,0.0,1.0,47,1,8,121708417,3913574,6,8,4956292
recursive,8,44726568,0.0,0.05,0.0,1.0,47,1,9,124422541,3913574,6,8,4575541
recursive,8,44726568,0.0,0.05,0.0,1.0,47,1,10,117329541,3913574,6,8,6508416
recursive,8,44726568,0.0,0.05,0.0,1.0,47,1,11,122081167,3913574,6,8,7247084
recursive,8,44726568,0.0,0.05,0.0,1.0,47,1,12,129763458,3913574,6,8,10591708
recursive,8,44726568,0.0,0.05,0.0,1.0,47,1,13,138328208,3913574,6,8,5677958
recursive,8,44726568,0.0,0.05,0.0,1.0,47,1,14,137623083,3913574,6,8,8150292
recursive,8,44726568,0.0,0.4,0.0,1.0,47,1,0,153152583,31308612,6,8,7814708
recursive,8,44726568,0.0,0.4,0.0,1.0,47,1,1,133803625,31308612,6,8,6905500
recursive,8,44726568,0.0,0.4,0.0,1.0,47,1,2,159335000,31308612,6,8,7145500
recursive,8,44726568,0.0,0.4,0.0,1.0,47,1,3,148308209,31308612,6,8,7236376
recursive,8,44726568,0.0,0.4,0.0,1.0,47,1,4,165941875,31308612,6,8,5058750
recursive,8,44726568,0.0,0.4,0.0,1.0,47,1,5,161338084,31308612,6,8,4531376
recursive,8,44726568,0.0,0.4,0.0,1.0,47,1,6,153737709,31308612,6,8,6601167
recursive,8,44726568,0.0,0.4,0.0,1.0,47,1,7,151441542,31308612,6,8,5771542
recursive,8,44726568,0.0,0.4,0.0,1.0,47,1,8,147289125,31308612,6,8,6420708
recursive,8,44726568,0.0,0.4,0.0,1.0,47,1,9,155340875,31308612,6,8,6991625
recursive,8,44726568,0.0,0.4,0.0,1.0,47,1,10,159334667,31308612,6,8,7968667
recursive,8,44726568,0.0,0.4,0.0,1.0,47,1,11,155791041,31308612,6,8,10652333
recursive,8,44726568,0.0,0.4,0.0,1.0,47,1,12,158508209,31308612,6,8,7086501
recursive,8,44726568,0.0,0.4,0.0,1.0,47,1,13,149519833,31308612,6,8,5148083
recursive,8,44726568,0.0,0.4,0.0,1.0,47,1,14,162715917,31308612,6,8,2988250
ps,8,44726568,0.0,0.4,0.0,1.0,47,2,0,202315750,17890627,1,8,107573959
ps,8,44726568,0.0,0.4,0.0,1.0,47,2,1,201740375,17890627,1,8,109825375
ps,8,44726568,0.0,0.4,0.0,1.0,47,2,2,196696792,125234389,7,8,107573792
ps,8,44726568,0.0,0.4,0.0,1.0,47,2,3,196261667,17890627,1,8,113370583
ps,8,44726568,0.0,0.4,0.0,1.0,47,2,4,194983334,17890627,1,8,110538209
ps,8,44726568,0.0,0.4,0.0,1.0,47,2,5,201107167,125234389,7,8,107387667
ps,8,44726568,0.0,0.4,0.0,1.0,47,2,6,202718417,125234389,7,8,111340292
ps,8,44726568,0.0,0.4,0.0,1.0,47,2,7,206198292,17890627,1,8,113515250
ps,8,44726568,0.0,0.4,0.0,1.0,47,2,8,194439625,17890627,1,8,107563500
ps,8,44726568,0.0,0.4,0.0,1.0,47,2,9,194892500,17890627,1,8,106644334
ps,8,44726568,0.0,0.4,0.0,1.0,47,2,10,193414041,125234389,7,8,110400125
ps,8,44726568,0.0,0.4,0.0,1.0,47,2,11,189736333,17890627,1,8,105958708
ps,8,44726568,0.0,0.4,0.0,1.0,47,2,12,191522500,125234389,7,8,105294958
ps,8,44726568,0.0,0.4,0.0,1.0,47,2,13,207007959,17890627,1,8,113166792
ps,8,44726568,0.0,0.4,0.0,1.0,47,2,14,190248625,125234389,7,8,102146125
recursive,8,44726568,200000.0,0.4,0.0,1.0,47,2,0,126457042,32508612,6,8,8205167
recursive,8,44726568,200000.0,0.4,0.0,1.0,47,2,1,130276750,32508612,6,8,5377542
recursive,8,44726568,200000.0,0.4,0.0,1.0,47,2,2,133087542,32508612,6,8,7272000
recursive,8,44726568,200000.0,0.4,0.0,1.0,47,2,3,135039833,32508612,6,8,6581666
recursive,8,44726568,200000.0,0.4,0.0,1.0,47,2,4,143404334,32508612,6,8,7773543
recursive,8,44726568,200000.0,0.4,0.0,1.0,47,2,5,150876708,32508612,6,8,6928833
recursive,8,44726568,200000.0,0.4,0.0,1.0,47,2,6,168525959,32508612,6,8,8144875
recursive,8,44726568,200000.0,0.4,0.0,1.0,47,2,7,146385750,32508612,6,8,10365250
recursive,8,44726568,200000.0,0.4,0.0,1.0,47,2,8,148503333,32508612,6,8,11100875
recursive,8,44726568,200000.0,0.4,0.0,1.0,47,2,9,153560709,32508612,6,8,7321917
recursive,8,44726568,200000.0,0.4,0.0,1.0,47,2,10,138832500,32508612,6,8,8365541
recursive,8,44726568,200000.0,0.4,0.0,1.0,47,2,11,154541167,32508612,6,8,8734875
recursive,8,44726568,200000.0,0.4,0.0,1.0,47,2,12,154556625,32508612,6,8,5828375
recursive,8,44726568,200000.0,0.4,0.0,1.0,47,2,13,161780542,32508612,6,8,6666375
recursive,8,44726568,200000.0,0.4,0.0,1.0,47,2,14,155373417,32508612,6,8,7590084
ps,8,44726568,0.0,0.05,0.0,1.0,47,2,0,83961958,15654296,7,8,31839042
ps,8,44726568,0.0,0.05,0.0,1.0,47,2,1,85160625,15654296,7,8,29071958
ps,8,44726568,0.0,0.05,0.0,1.0,47,2,2,83509291,2236328,1,8,32978541
ps,8,44726568,0.0,0.05,0.0,1.0,47,2,3,87090792,2236328,1,8,36319751
ps,8,44726568,0.0,0.05,0.0,1.0,47,2,4,85218792,15654296,7,8,34385001
ps,8,44726568,0.0,0.05,0.0,1.0,47,2,5,86557042,2236328,1,8,35941417
ps,8,44726568,0.0,0.05,0.0,1.0,47,2,6,85249417,2236328,1,8,32804626
ps,8,44726568,0.0,0.05,0.0,1.0,47,2,7,74893750,15654296,7,8,29182458
ps,8,44726568,0.0,0.05,0.0,1.0,47,2,8,81509916,15654296,7,8,32179958
ps,8,44726568,0.0,0.05,0.0,1.0,47,2,9,84471291,15654296,7,8,31606583
ps,8,44726568,0.0,0.05,0.0,1.0,47,2,10,79113125,15654296,7,8,30835291
ps,8,44726568,0.0,0.05,0.0,1.0,47,2,11,79487291,15654296,7,8,33743041
ps,8,44726568,0.0,0.05,0.0,1.0,47,2,12,82770000,2236328,1,8,32786042
ps,8,44726568,0.0,0.05,0.0,1.0,47,2,13,78633750,2236328,1,8,30476416
ps,8,44726568,0.0,0.05,0.0,1.0,47,2,14,81477917,2236328,1,8,28067042
ps,8,44726568,200000.0,0.05,0.0,1.0,47,2,0,75755500,17054296,7,8,27686500
ps,8,44726568,200000.0,0.05,0.0,1.0,47,2,1,74017334,17054296,7,8,29260084
ps,8,44726568,200000.0,0.05,0.0,1.0,47,2,2,82309083,17054296,7,8,34258333
ps,8,44726568,200000.0,0.05,0.0,1.0,47,2,3,75072625,2436328,1,8,27536750
ps,8,44726568,200000.0,0.05,0.0,1.0,47,2,4,75303792,17054296,7,8,29911542
ps,8,44726568,200000.0,0.05,0.0,1.0,47,2,5,102670875,2436328,1,8,39000250
ps,8,44726568,200000.0,0.05,0.0,1.0,47,2,6,78629000,17054296,7,8,30791791
ps,8,44726568,200000.0,0.05,0.0,1.0,47,2,7,75709458,17054296,7,8,29018041
ps,8,44726568,200000.0,0.05,0.0,1.0,47,2,8,76070208,2436328,1,8,31632708
ps,8,44726568,200000.0,0.05,0.0,1.0,47,2,9,77540000,2436328,1,8,32877292
ps,8,44726568,200000.0,0.05,0.0,1.0,47,2,10,76857416,2436328,1,8,29957583
ps,8,44726568,200000.0,0.05,0.0,1.0,47,2,11,75056709,2436328,1,8,28735000
ps,8,44726568,200000.0,0.05,0.0,1.0,47,2,12,76111750,17054296,7,8,29066333
ps,8,44726568,200000.0,0.05,0.0,1.0,47,2,13,100879958,17054296,7,8,43425750
ps,8,44726568,200000.0,0.05,0.0,1.0,47,2,14,87363666,2436328,1,8,38094999
recursive,8,44726568,200000.0,0.05,0.0,1.0,47,2,0,130216875,5113574,6,8,6337542
recursive,8,44726568,200000.0,0.05,0.0,1.0,47,2,1,124773084,5113574,6,8,5666001
recursive,8,44726568,200000.0,0.05,0.0,1.0,47,2,2,123435583,5113574,6,8,3991958
recursive,8,44726568,200000.0,0.05,0.0,1.0,47,2,3,126257333,5113574,6,8,5293583
recursive,8,44726568,200000.0,0.05,0.0,1.0,47,2,4,127754416,5113574,6,8,7031833
recursive,8,44726568,200000.0,0.05,0.0,1.0,47,2,5,117106791,5113574,6,8,8067999
recursive,8,44726568,200000.0,0.05,0.0,1.0,47,2,6,123275833,5113574,6,8,5853917
recursive,8,44726568,200000.0,0.05,0.0,1.0,47,2,7,130896000,5113574,6,8,8281916
recursive,8,44726568,200000.0,0.05,0.0,1.0,47,2,8,112393167,5113574,6,8,7753583
recursive,8,44726568,200000.0,0.05,0.0,1.0,47,2,9,124467708,5113574,6,8,7332291
recursive,8,44726568,200000.0,0.05,0.0,1.0,47,2,10,131263875,5113574,6,8,6720916
recursive,8,44726568,200000.0,0.05,0.0,1.0,47,2,11,136341208,5113574,6,8,4679500
recursive,8,44726568,200000.0,0.05,0.0,1.0,47,2,12,142642541,5113574,6,8,7261416
recursive,8,44726568,200000.0,0.05,0.0,1.0,47,2,13,135005291,5113574,6,8,7211249
recursive,8,44726568,200000.0,0.05,0.0,1.0,47,2,14,135050625,5113574,6,8,11121083
ring,8,44726568,200000.0,0.4,0.0,1.0,47,2,0,96693250,34108606,14,8,7817625
ring,8,44726568,200000.0,0.4,0.0,1.0,47,2,1,105123709,34108606,14,8,8398584
ring,8,44726568,200000.0,0.4,0.0,1.0,47,2,2,87090292,34108606,14,8,5712084
ring,8,44726568,200000.0,0.4,0.0,1.0,47,2,3,97899166,34108606,14,8,10334333
ring,8,44726568,200000.0,0.4,0.0,1.0,47,2,4,112969375,34108606,14,8,5396291
ring,8,44726568,200000.0,0.4,0.0,1.0,47,2,5,107179292,34108606,14,8,5541251
ring,8,44726568,200000.0,0.4,0.0,1.0,47,2,6,110835875,34108606,14,8,7060000
ring,8,44726568,200000.0,0.4,0.0,1.0,47,2,7,98936416,34108606,14,8,6824791
ring,8,44726568,200000.0,0.4,0.0,1.0,47,2,8,108550125,34108606,14,8,8059959
ring,8,44726568,200000.0,0.4,0.0,1.0,47,2,9,116937166,34108606,14,8,5795374
ring,8,44726568,200000.0,0.4,0.0,1.0,47,2,10,109099125,34108606,14,8,8120250
ring,8,44726568,200000.0,0.4,0.0,1.0,47,2,11,102394208,34108606,14,8,8246416
ring,8,44726568,200000.0,0.4,0.0,1.0,47,2,12,116084875,34108606,14,8,5662541
ring,8,44726568,200000.0,0.4,0.0,1.0,47,2,13,108541792,34108606,14,8,7168042
ring,8,44726568,200000.0,0.4,0.0,1.0,47,2,14,117036000,34108606,14,8,7755333
ring,8,44726568,200000.0,0.05,0.0,1.0,47,2,0,108270792,6713574,14,8,6550750
ring,8,44726568,200000.0,0.05,0.0,1.0,47,2,1,104870834,6713574,14,8,5471668
ring,8,44726568,200000.0,0.05,0.0,1.0,47,2,2,106988375,6713574,14,8,6732292
ring,8,44726568,200000.0,0.05,0.0,1.0,47,2,3,109017583,6713574,14,8,3453333
ring,8,44726568,200000.0,0.05,0.0,1.0,47,2,4,105422084,6713574,14,8,6155084
ring,8,44726568,200000.0,0.05,0.0,1.0,47,2,5,113711625,6713574,14,8,5626708
ring,8,44726568,200000.0,0.05,0.0,1.0,47,2,6,107839125,6713574,14,8,5082292
ring,8,44726568,200000.0,0.05,0.0,1.0,47,2,7,114729541,6713574,14,8,4121041
ring,8,44726568,200000.0,0.05,0.0,1.0,47,2,8,112841916,6713574,14,8,6039791
ring,8,44726568,200000.0,0.05,0.0,1.0,47,2,9,114509583,6713574,14,8,6199500
ring,8,44726568,200000.0,0.05,0.0,1.0,47,2,10,112361958,6713574,14,8,5483541
ring,8,44726568,200000.0,0.05,0.0,1.0,47,2,11,101543625,6713574,14,8,7238584
ring,8,44726568,200000.0,0.05,0.0,1.0,47,2,12,98755667,6713574,14,8,6166917
ring,8,44726568,200000.0,0.05,0.0,1.0,47,2,13,97888000,6713574,14,8,6045167
ring,8,44726568,200000.0,0.05,0.0,1.0,47,2,14,107848500,6713574,14,8,5166834
recursive,8,44726568,0.0,0.4,0.0,1.0,47,2,0,144143417,31308612,6,8,5790292
recursive,8,44726568,0.0,0.4,0.0,1.0,47,2,1,159284792,31308612,6,8,9571917
recursive,8,44726568,0.0,0.4,0.0,1.0,47,2,2,157018125,31308612,6,8,6556417
recursive,8,44726568,0.0,0.4,0.0,1.0,47,2,3,178294000,31308612,6,8,6763583
recursive,8,44726568,0.0,0.4,0.0,1.0,47,2,4,139418958,31308612,6,8,4359374
recursive,8,44726568,0.0,0.4,0.0,1.0,47,2,5,164059750,31308612,6,8,4436500
recursive,8,44726568,0.0,0.4,0.0,1.0,47,2,6,159311083,31308612,6,8,6767833
recursive,8,44726568,0.0,0.4,0.0,1.0,47,2,7,152862958,31308612,6,8,8006791
recursive,8,44726568,0.0,0.4,0.0,1.0,47,2,8,144306208,31308612,6,8,6667000
recursive,8,44726568,0.0,0.4,0.0,1.0,47,2,9,167103458,31308612,6,8,5810791
recursive,8,44726568,0.0,0.4,0.0,1.0,47,2,10,149305583,31308612,6,8,7952208
recursive,8,44726568,0.0,0.4,0.0,1.0,47,2,11,169781750,31308612,6,8,6185625
recursive,8,44726568,0.0,0.4,0.0,1.0,47,2,12,160108375,31308612,6,8,6755208
recursive,8,44726568,0.0,0.4,0.0,1.0,47,2,13,160400417,31308612,6,8,10540459
recursive,8,44726568,0.0,0.4,0.0,1.0,47,2,14,146223542,31308612,6,8,5130792
ring,8,44726568,0.0,0.05,0.0,1.0,47,2,0,101271292,3913574,14,8,4297125
ring,8,44726568,0.0,0.05,0.0,1.0,47,2,1,103275708,3913574,14,8,10005791
ring,8,44726568,0.0,0.05,0.0,1.0,47,2,2,102490833,3913574,14,8,6032000
ring,8,44726568,0.0,0.05,0.0,1.0,47,2,3,94703125,3913574,14,8,4798833
ring,8,44726568,0.0,0.05,0.0,1.0,47,2,4,106774583,3913574,14,8,2657208
ring,8,44726568,0.0,0.05,0.0,1.0,47,2,5,99829958,3913574,14,8,3577124
ring,8,44726568,0.0,0.05,0.0,1.0,47,2,6,98947458,3913574,14,8,5766874
ring,8,44726568,0.0,0.05,0.0,1.0,47,2,7,95611500,3913574,14,8,5546709
ring,8,44726568,0.0,0.05,0.0,1.0,47,2,8,95101041,3913574,14,8,5588375
ring,8,44726568,0.0,0.05,0.0,1.0,47,2,9,99970625,3913574,14,8,6107208
ring,8,44726568,0.0,0.05,0.0,1.0,47,2,10,98832208,3913574,14,8,4552166
ring,8,44726568,0.0,0.05,0.0,1.0,47,2,11,104839000,3913574,14,8,6873417
ring,8,44726568,0.0,0.05,0.0,1.0,47,2,12,101448000,3913574,14,8,3806458
ring,8,44726568,0.0,0.05,0.0,1.0,47,2,13,98529583,3913574,14,8,5776208
ring,8,44726568,0.0,0.05,0.0,1.0,47,2,14,101019958,3913574,14,8,3968958
ps,8,44726568,200000.0,0.4,0.0,1.0,47,2,0,191621708,126634389,7,8,109030416
ps,8,44726568,200000.0,0.4,0.0,1.0,47,2,1,192185334,126634389,7,8,103725293
ps,8,44726568,200000.0,0.4,0.0,1.0,47,2,2,200687125,18090627,1,8,109087875
ps,8,44726568,200000.0,0.4,0.0,1.0,47,2,3,194529375,126634389,7,8,106480625
ps,8,44726568,200000.0,0.4,0.0,1.0,47,2,4,186123458,18090627,1,8,109067958
ps,8,44726568,200000.0,0.4,0.0,1.0,47,2,5,198342041,18090627,1,8,108623583
ps,8,44726568,200000.0,0.4,0.0,1.0,47,2,6,205195542,18090627,1,8,114517375
ps,8,44726568,200000.0,0.4,0.0,1.0,47,2,7,199902208,18090627,1,8,111435791
ps,8,44726568,200000.0,0.4,0.0,1.0,47,2,8,200293500,18090627,1,8,110915417
ps,8,44726568,200000.0,0.4,0.0,1.0,47,2,9,204935917,18090627,1,8,108869375
ps,8,44726568,200000.0,0.4,0.0,1.0,47,2,10,201732917,18090627,1,8,115054792
ps,8,44726568,200000.0,0.4,0.0,1.0,47,2,11,196309334,18090627,1,8,109127959
ps,8,44726568,200000.0,0.4,0.0,1.0,47,2,12,198291459,18090627,1,8,107396000
ps,8,44726568,200000.0,0.4,0.0,1.0,47,2,13,196310625,18090627,1,8,109767625
ps,8,44726568,200000.0,0.4,0.0,1.0,47,2,14,191207459,18090627,1,8,104223001
recursive,8,44726568,0.0,0.05,0.0,1.0,47,2,0,105325292,3913574,6,8,5447917
recursive,8,44726568,0.0,0.05,0.0,1.0,47,2,1,111786417,3913574,6,8,5177667
recursive,8,44726568,0.0,0.05,0.0,1.0,47,2,2,107008500,3913574,6,8,4585042
recursive,8,44726568,0.0,0.05,0.0,1.0,47,2,3,111289625,3913574,6,8,10352083
recursive,8,44726568,0.0,0.05,0.0,1.0,47,2,4,124997458,3913574,6,8,11266750
recursive,8,44726568,0.0,0.05,0.0,1.0,47,2,5,117604417,3913574,6,8,6584042
recursive,8,44726568,0.0,0.05,0.0,1.0,47,2,6,104729375,3913574,6,8,10273625
recursive,8,44726568,0.0,0.05,0.0,1.0,47,2,7,113758625,3913574,6,8,6282667
recursive,8,44726568,0.0,0.05,0.0,1.0,47,2,8,117511042,3913574,6,8,5872250
recursive,8,44726568,0.0,0.05,0.0,1.0,47,2,9,114288959,3913574,6,8,4466126
recursive,8,44726568,0.0,0.05,0.0,1.0,47,2,10,116771291,3913574,6,8,6454875
recursive,8,44726568,0.0,0.05,0.0,1.0,47,2,11,116985291,3913574,6,8,7732833
recursive,8,44726568,0.0,0.05,0.0,1.0,47,2,12,121040667,3913574,6,8,4866375
recursive,8,44726568,0.0,0.05,0.0,1.0,47,2,13,132580750,3913574,6,8,6264625
recursive,8,44726568,0.0,0.05,0.0,1.0,47,2,14,134440334,3913574,6,8,4664959
ring,8,44726568,0.0,0.4,0.0,1.0,47,2,0,101104375,31308606,14,8,6414958
ring,8,44726568,0.0,0.4,0.0,1.0,47,2,1,90373166,31308606,14,8,7029416
ring,8,44726568,0.0,0.4,0.0,1.0,47,2,2,90330583,31308606,14,8,6053374
ring,8,44726568,0.0,0.4,0.0,1.0,47,2,3,96810292,31308606,14,8,7542709
ring,8,44726568,0.0,0.4,0.0,1.0,47,2,4,107162333,31308606,14,8,9583708
ring,8,44726568,0.0,0.4,0.0,1.0,47,2,5,99147417,31308606,14,8,7108458
ring,8,44726568,0.0,0.4,0.0,1.0,47,2,6,98339875,31308606,14,8,6471625
ring,8,44726568,0.0,0.4,0.0,1.0,47,2,7,111994417,31308606,14,8,6428751
ring,8,44726568,0.0,0.4,0.0,1.0,47,2,8,100679000,31308606,14,8,4415542
ring,8,44726568,0.0,0.4,0.0,1.0,47,2,9,106479417,31308606,14,8,7076333
ring,8,44726568,0.0,0.4,0.0,1.0,47,2,10,117275084,31308606,14,8,8244917
ring,8,44726568,0.0,0.4,0.0,1.0,47,2,11,111220292,31308606,14,8,6711209
ring,8,44726568,0.0,0.4,0.0,1.0,47,2,12,129415792,31308606,14,8,9553709
ring,8,44726568,0.0,0.4,0.0,1.0,47,2,13,118978083,31308606,14,8,6600750
ring,8,44726568,0.0,0.4,0.0,1.0,47,2,14,97198666,31308606,14,8,5140791
